triplet,ft,q,d,seed,ap50,lat_p50_ms,src,planes_s1,planes_s2,planes_s3,total_prune_pct,build_success
T1_base,8,fp32,D1_default_4gb,-1,0.5492312672336339,11.264051904751176,e2e_bench_v1,64,128,256,0.0,True
T1_base,8,fp16,D1_default_4gb,-1,0.5489090812813427,7.040176173368563,e2e_bench_v1,64,128,256,0.0,True
T1_base,8,int8_mm,D1_default_4gb,-1,0.5457861851266881,8.120389648776907,e2e_bench_v1,64,128,256,0.0,True
T1_base,8,int8_ent,D1_default_4gb,-1,0.2391120990628151,7.894217485691731,e2e_bench_v1,64,128,256,0.0,True
T2_p25,8,fp32,D1_default_4gb,-1,0.5577750975483565,11.745167450852346,e2e_bench_v1,48,96,192,0.25,True
T2_p25,8,fp16,D1_default_4gb,-1,0.5583755325371498,10.2854521536194,e2e_bench_v1,48,96,192,0.25,True
T2_p25,8,int8_mm,D1_default_4gb,-1,0.5536765547054631,9.667075583963868,e2e_bench_v1,48,96,192,0.25,True
T2_p25,8,int8_ent,D1_default_4gb,-1,0.4611413295263176,9.600024576062916,e2e_bench_v1,48,96,192,0.25,True
T3_p37,8,fp32,D1_default_4gb,-1,0.5359171320548086,12.345724737252112,e2e_bench_v1,40,80,160,0.375,True
T3_p37,8,fp16,D1_default_4gb,-1,0.5361940921572105,9.971332419294528,e2e_bench_v1,40,80,160,0.375,True
T3_p37,8,int8_mm,D1_default_4gb,-1,0.5296359311408936,9.88037826040132,e2e_bench_v1,40,80,160,0.375,True
T3_p37,8,int8_ent,D1_default_4gb,-1,0.1414251102239214,7.698336081639314,e2e_bench_v1,40,80,160,0.375,True
T4_p50,8,fp32,D1_default_4gb,-1,0.5675808257328142,10.196642245708489,e2e_bench_v1,32,64,128,0.5,True
T4_p50,8,fp16,D1_default_4gb,-1,0.5675947438954067,8.358834745001207,e2e_bench_v1,32,64,128,0.5,True
T4_p50,8,int8_mm,D1_default_4gb,-1,0.5543529529755181,7.8153635980683545,e2e_bench_v1,32,64,128,0.5,True
T4_p50,8,int8_ent,D1_default_4gb,-1,0.2663258641382376,7.85251716363939,e2e_bench_v1,32,64,128,0.5,True
T5_p62,8,fp32,D1_default_4gb,-1,0.5440968430414329,10.631071005986355,e2e_bench_v1,24,56,128,0.5357142857142857,True
T5_p62,8,fp16,D1_default_4gb,-1,0.5445084005480897,8.778883624485008,e2e_bench_v1,24,56,128,0.5357142857142857,True
T5_p62,8,int8_mm,D1_default_4gb,-1,0.5330507756153846,8.934123348080593,e2e_bench_v1,24,56,128,0.5357142857142857,True
T5_p62,8,int8_ent,D1_default_4gb,-1,0.5336840632145856,8.664760419374405,e2e_bench_v1,24,56,128,0.5357142857142857,True
T6_p75,8,fp32,D1_default_4gb,-1,0.5406137925459135,9.793762940009284,e2e_bench_v1,16,32,64,0.75,True
T6_p75,8,fp16,D1_default_4gb,-1,0.5416659965450401,8.097002084978037,e2e_bench_v1,16,32,64,0.75,True
T6_p75,8,int8_mm,D1_default_4gb,-1,0.5401847208096268,7.68461716389982,e2e_bench_v1,16,32,64,0.75,True
T6_p75,8,int8_ent,D1_default_4gb,-1,0.455116580713024,7.791736240378179,e2e_bench_v1,16,32,64,0.75,True
T7_wide_shallow,8,fp32,D1_default_4gb,-1,0.5290685506014853,10.889889064700098,e2e_bench_v1,48,64,128,0.4642857142857143,True
T7_wide_shallow,8,fp16,D1_default_4gb,-1,0.5296669815617807,8.923623597987188,e2e_bench_v1,48,64,128,0.4642857142857143,True
T7_wide_shallow,8,int8_mm,D1_default_4gb,-1,0.5279191093525223,8.816033190601756,e2e_bench_v1,48,64,128,0.4642857142857143,True
T7_wide_shallow,8,int8_ent,D1_default_4gb,-1,0.4739395120558148,8.341549759846783,e2e_bench_v1,48,64,128,0.4642857142857143,True
T8_narrow_deep,8,fp32,D1_default_4gb,-1,0.5432097147992858,10.414876609749367,e2e_bench_v1,24,48,192,0.4107142857142857,True
T8_narrow_deep,8,fp16,D1_default_4gb,-1,0.5438153899369492,8.675231433486566,e2e_bench_v1,24,48,192,0.4107142857142857,True
T8_narrow_deep,8,int8_mm,D1_default_4gb,-1,0.5371899314656721,8.97946575770528,e2e_bench_v1,24,48,192,0.4107142857142857,True
T8_narrow_deep,8,int8_ent,D1_default_4gb,-1,0.2013437649179316,8.802475960438152,e2e_bench_v1,24,48,192,0.4107142857142857,True
T1_base,8,mix_s0,D1_default_4gb,-1,0.5474187724282752,8.584022558811284,e2e_bench_v1,64,128,256,0.0,True
T1_base,8,mix_s2,D1_default_4gb,-1,0.5492454152404784,8.483577490693516,e2e_bench_v1,64,128,256,0.0,True
T2_p25,8,mix_s0,D1_default_4gb,-1,0.5511764801753452,11.151578952063822,e2e_bench_v1,48,96,192,0.25,True
T2_p25,8,mix_s2,D1_default_4gb,-1,0.5575456059891,11.6615899878253,e2e_bench_v1,48,96,192,0.25,True
T3_p37,8,mix_s0,D1_default_4gb,-1,0.5294654942023987,10.078288142289303,e2e_bench_v1,40,80,160,0.375,True
T3_p37,8,mix_s2,D1_default_4gb,-1,0.5359431348605856,10.571841477351414,e2e_bench_v1,40,80,160,0.375,True
T4_p50,8,mix_s0,D1_default_4gb,-1,0.5679267914008888,7.54258733373309,e2e_bench_v1,32,64,128,0.5,True
T4_p50,8,mix_s2,D1_default_4gb,-1,0.5670943725074309,8.44934281011623,e2e_bench_v1,32,64,128,0.5,True
T5_p62,8,mix_s0,D1_default_4gb,-1,0.5352044240361392,8.541868824228839,e2e_bench_v1,24,56,128,0.5357142857142857,True
T5_p62,8,mix_s2,D1_default_4gb,-1,0.5431937433092768,8.57778593620529,e2e_bench_v1,24,56,128,0.5357142857142857,True
T6_p75,8,mix_s0,D1_default_4gb,-1,0.5427297000425811,6.424934915409307,e2e_bench_v1,16,32,64,0.75,True
T6_p75,8,mix_s2,D1_default_4gb,-1,0.5410461853268135,8.370897736927796,e2e_bench_v1,16,32,64,0.75,True
T7_wide_shallow,8,mix_s0,D1_default_4gb,-1,0.5284690674474677,8.309830363122968,e2e_bench_v1,48,64,128,0.4642857142857143,True
T7_wide_shallow,8,mix_s2,D1_default_4gb,-1,0.5293986757321205,9.803614004266532,e2e_bench_v1,48,64,128,0.4642857142857143,True
T8_narrow_deep,8,mix_s0,D1_default_4gb,-1,0.5366115352622377,9.735884914051608,e2e_bench_v1,24,48,192,0.4107142857142857,True
T8_narrow_deep,8,mix_s2,D1_default_4gb,-1,0.5433459868070168,10.61496752881433,e2e_bench_v1,24,48,192,0.4107142857142857,True
T1_base,8,int8_pc_wo,D1_default_4gb,-1,0.5449619110523779,7.510941564123536,e2e_bench_v1,64,128,256,0.0,True
T2_p25,8,int8_pc_wo,D1_default_4gb,-1,0.5547045362850451,10.049988643512833,e2e_bench_v1,48,96,192,0.25,True
T3_p37,8,int8_pc_wo,D1_default_4gb,-1,0.5287093011531845,9.314039610747656,e2e_bench_v1,40,80,160,0.375,True
T4_p50,8,int8_pc_wo,D1_default_4gb,-1,0.5556769834119208,7.711104993634483,e2e_bench_v1,32,64,128,0.5,True
T5_p62,8,int8_pc_wo,D1_default_4gb,-1,0.5385085333497419,7.6285855305566805,e2e_bench_v1,24,56,128,0.5357142857142857,True
T6_p75,8,int8_pc_wo,D1_default_4gb,-1,0.5401019385613368,6.577052138923126,e2e_bench_v1,16,32,64,0.75,True
T7_wide_shallow,8,int8_pc_wo,D1_default_4gb,-1,0.5279677695490502,8.318851599174437,e2e_bench_v1,48,64,128,0.4642857142857143,True
T8_narrow_deep,8,int8_pc_wo,D1_default_4gb,-1,0.5364402176715186,9.47597839476926,e2e_bench_v1,24,48,192,0.4107142857142857,True
T10_p11,8,fp16,D10_cublas_lt_8gb,-1,0.5409700302254652,7.308296085384284,e2e_bench_v1,16,128,256,0.1071428571428571,True
T10_p11,8,fp16,D11_all_enabled_4gb,-1,0.5409700302254652,7.4830639555027085,e2e_bench_v1,16,128,256,0.1071428571428571,True
T10_p11,8,fp16,D12_edge_only_4gb,-1,0.5409700302254652,7.5015321879493895,e2e_bench_v1,16,128,256,0.1071428571428571,True
T10_p11,8,fp16,D13_with_cudnn_1gb,-1,0.5409700302254652,8.579456491431268,e2e_bench_v1,16,128,256,0.1071428571428571,True
T10_p11,8,fp16,D14_with_cudnn_16gb,-1,0.5409700302254652,8.425991149338897,e2e_bench_v1,16,128,256,0.1071428571428571,True
T10_p11,8,fp16,D15_cublas_lt_1gb,-1,0.5409700302254652,8.955293384366565,e2e_bench_v1,16,128,256,0.1071428571428571,True
T10_p11,8,fp16,D16_all_enabled_8gb,-1,0.5409700302254652,7.107669103886403,e2e_bench_v1,16,128,256,0.1071428571428571,True
T10_p11,8,fp16,D17_all_enabled_16gb,-1,0.5409700302254652,7.642840874524425,e2e_bench_v1,16,128,256,0.1071428571428571,True
T10_p11,8,fp16,D18_edge_only_1gb,-1,0.5409700302254652,10.561647279002813,e2e_bench_v1,16,128,256,0.1071428571428571,True
T10_p11,8,fp16,D19_edge_only_8gb,-1,0.5409700302254652,8.620444418391546,e2e_bench_v1,16,128,256,0.1071428571428571,True
T10_p11,8,fp16,D1_default_4gb,-1,0.5409700302254652,8.38050158978115,e2e_bench_v1,16,128,256,0.1071428571428571,True
T10_p11,8,fp16,D20_edge_only_16gb,-1,0.5409700302254652,8.073188295814536,e2e_bench_v1,16,128,256,0.1071428571428571,True
T10_p11,8,fp16,D21_default_4gb_BL0,-1,0.5409700302254652,9.78635410356507,e2e_bench_v1,16,128,256,0.1071428571428571,True
T10_p11,8,fp16,D22_cublas_lt_8gb_BL0,-1,0.5409700302254652,9.281741700266572,e2e_bench_v1,16,128,256,0.1071428571428571,True
T10_p11,8,fp16,D23_all_enabled_4gb_BL0,-1,0.5409700302254652,11.308417873180618,e2e_bench_v1,16,128,256,0.1071428571428571,True
T10_p11,8,fp16,D24_edge_only_4gb_BL0,-1,0.5409700302254652,10.264685171841094,e2e_bench_v1,16,128,256,0.1071428571428571,True
T10_p11,8,fp16,D25_default_4gb_BL3,-1,0.5409700302254652,8.493867427717188,e2e_bench_v1,16,128,256,0.1071428571428571,True
T10_p11,8,fp16,D26_cublas_lt_8gb_BL3,-1,0.5409700302254652,8.855733024445366,e2e_bench_v1,16,128,256,0.1071428571428571,True
T10_p11,8,fp16,D27_all_enabled_4gb_BL3,-1,0.5409700302254652,8.744079165395132,e2e_bench_v1,16,128,256,0.1071428571428571,True
T10_p11,8,fp16,D28_edge_only_4gb_BL3,-1,0.5409700302254652,10.607524765918447,e2e_bench_v1,16,128,256,0.1071428571428571,True
T10_p11,8,fp16,D29_default_4gb_BL5,-1,0.5409700302254652,8.177517550997043,e2e_bench_v1,16,128,256,0.1071428571428571,True
T10_p11,8,fp16,D2_with_cudnn_8gb,-1,0.5409700302254652,7.940049450627979,e2e_bench_v1,16,128,256,0.1071428571428571,True
T10_p11,8,fp16,D30_cublas_lt_8gb_BL5,-1,0.5409700302254652,8.511072905850511,e2e_bench_v1,16,128,256,0.1071428571428571,True
T10_p11,8,fp16,D31_all_enabled_4gb_BL5,-1,0.5409700302254652,8.635310128527955,e2e_bench_v1,16,128,256,0.1071428571428571,True
T10_p11,8,fp16,D32_edge_only_4gb_BL5,-1,0.5409700302254652,8.758837667206212,e2e_bench_v1,16,128,256,0.1071428571428571,True
T10_p11,8,fp16,D3_cublas_lt_16gb,-1,0.5409700302254652,7.685184117798503,e2e_bench_v1,16,128,256,0.1071428571428571,True
T10_p11,8,fp16,D4_all_enabled_1gb,-1,0.5409700302254652,6.412229403919155,e2e_bench_v1,16,128,256,0.1071428571428571,True
T10_p11,8,fp16,D5_default_1gb,-1,0.5409700302254652,7.7511568601613785,e2e_bench_v1,16,128,256,0.1071428571428571,True
T10_p11,8,fp16,D6_default_8gb,-1,0.5409700302254652,7.445456447430238,e2e_bench_v1,16,128,256,0.1071428571428571,True
T10_p11,8,fp16,D7_default_16gb,-1,0.5409700302254652,7.137641566198413,e2e_bench_v1,16,128,256,0.1071428571428571,True
T10_p11,8,fp16,D8_with_cudnn_4gb,-1,0.5409700302254652,8.364414102067599,e2e_bench_v1,16,128,256,0.1071428571428571,True
T10_p11,8,fp16,D9_cublas_lt_4gb,-1,0.5409700302254652,7.399936212549847,e2e_bench_v1,16,128,256,0.1071428571428571,True
T10_p11,8,fp32,D10_cublas_lt_8gb,-1,0.5407427926627923,9.57456383074469,e2e_bench_v1,16,128,256,0.1071428571428571,True
T10_p11,8,fp32,D11_all_enabled_4gb,-1,0.5407427926627923,9.683007387166334,e2e_bench_v1,16,128,256,0.1071428571428571,True
T10_p11,8,fp32,D12_edge_only_4gb,-1,0.5407427926627923,9.636882275846117,e2e_bench_v1,16,128,256,0.1071428571428571,True
T10_p11,8,fp32,D13_with_cudnn_1gb,-1,0.5407427926627923,10.799392642157803,e2e_bench_v1,16,128,256,0.1071428571428571,True
T10_p11,8,fp32,D14_with_cudnn_16gb,-1,0.5407427926627923,10.54308484336666,e2e_bench_v1,16,128,256,0.1071428571428571,True
T10_p11,8,fp32,D15_cublas_lt_1gb,-1,0.5407427926627923,11.325502880641658,e2e_bench_v1,16,128,256,0.1071428571428571,True
T10_p11,8,fp32,D16_all_enabled_8gb,-1,0.5407427926627923,10.368668372658236,e2e_bench_v1,16,128,256,0.1071428571428571,True
T10_p11,8,fp32,D17_all_enabled_16gb,-1,0.5407427926627923,11.211428481737144,e2e_bench_v1,16,128,256,0.1071428571428571,True
T10_p11,8,fp32,D18_edge_only_1gb,-1,0.5407427926627923,10.52878728375187,e2e_bench_v1,16,128,256,0.1071428571428571,True
T10_p11,8,fp32,D19_edge_only_8gb,-1,0.5407427926627923,13.454314529583348,e2e_bench_v1,16,128,256,0.1071428571428571,True
T10_p11,8,fp32,D1_default_4gb,-1,0.5407427926627923,10.115682950218702,e2e_bench_v1,16,128,256,0.1071428571428571,True
T10_p11,8,fp32,D20_edge_only_16gb,-1,0.5407427926627923,11.077767032343758,e2e_bench_v1,16,128,256,0.1071428571428571,True
T10_p11,8,fp32,D21_default_4gb_BL0,-1,0.5407427926627923,15.063371604339455,e2e_bench_v1,16,128,256,0.1071428571428571,True
T10_p11,8,fp32,D22_cublas_lt_8gb_BL0,-1,0.5407427926627923,16.19438443525323,e2e_bench_v1,16,128,256,0.1071428571428571,True
T10_p11,8,fp32,D23_all_enabled_4gb_BL0,-1,0.5407427926627923,14.493005675461022,e2e_bench_v1,16,128,256,0.1071428571428571,True
T10_p11,8,fp32,D24_edge_only_4gb_BL0,-1,0.5407427926627923,20.215415467218683,e2e_bench_v1,16,128,256,0.1071428571428571,True
T10_p11,8,fp32,D25_default_4gb_BL3,-1,0.5407427926627923,27.368317341113233,e2e_bench_v1,16,128,256,0.1071428571428571,True
T10_p11,8,fp32,D26_cublas_lt_8gb_BL3,-1,0.5407427926627923,39.61698300827599,e2e_bench_v1,16,128,256,0.1071428571428571,True
T10_p11,8,fp32,D27_all_enabled_4gb_BL3,-1,0.5407427926627923,27.21317988728301,e2e_bench_v1,16,128,256,0.1071428571428571,True
T10_p11,8,fp32,D28_edge_only_4gb_BL3,-1,0.5407427926627923,17.09609200432873,e2e_bench_v1,16,128,256,0.1071428571428571,True
T10_p11,8,fp32,D29_default_4gb_BL5,-1,0.5407427926627923,11.010463243220032,e2e_bench_v1,16,128,256,0.1071428571428571,True
T10_p11,8,fp32,D2_with_cudnn_8gb,-1,0.5407427926627923,9.122739157168374,e2e_bench_v1,16,128,256,0.1071428571428571,True
T10_p11,8,fp32,D30_cublas_lt_8gb_BL5,-1,0.5407427926627923,14.561445660325159,e2e_bench_v1,16,128,256,0.1071428571428571,True
T10_p11,8,fp32,D31_all_enabled_4gb_BL5,-1,0.5407427926627923,10.656436487638533,e2e_bench_v1,16,128,256,0.1071428571428571,True
T10_p11,8,fp32,D32_edge_only_4gb_BL5,-1,0.5407427926627923,10.778603179256795,e2e_bench_v1,16,128,256,0.1071428571428571,True
T10_p11,8,fp32,D3_cublas_lt_16gb,-1,0.5407427926627923,9.292229466031326,e2e_bench_v1,16,128,256,0.1071428571428571,True
T10_p11,8,fp32,D4_all_enabled_1gb,-1,0.5407427926627923,9.452778644282487,e2e_bench_v1,16,128,256,0.1071428571428571,True
T10_p11,8,fp32,D5_default_1gb,-1,0.5407427926627923,9.461865842096598,e2e_bench_v1,16,128,256,0.1071428571428571,True
T10_p11,8,fp32,D6_default_8gb,-1,0.5407427926627923,9.37033240317167,e2e_bench_v1,16,128,256,0.1071428571428571,True
T10_p11,8,fp32,D7_default_16gb,-1,0.5407427926627923,10.543818528230547,e2e_bench_v1,16,128,256,0.1071428571428571,True
T10_p11,8,fp32,D8_with_cudnn_4gb,-1,0.5407427926627923,9.614284519367496,e2e_bench_v1,16,128,256,0.1071428571428571,True
T10_p11,8,fp32,D9_cublas_lt_4gb,-1,0.5407427926627923,10.210176482900506,e2e_bench_v1,16,128,256,0.1071428571428571,True
T10_p11,8,int8_ent,D10_cublas_lt_8gb,-1,0.0126906749779438,4.981332456618821,e2e_bench_v1,16,128,256,0.1071428571428571,True
T10_p11,8,int8_ent,D11_all_enabled_4gb,-1,0.0126906749779438,4.493782178289011,e2e_bench_v1,16,128,256,0.1071428571428571,True
T10_p11,8,int8_ent,D12_edge_only_4gb,-1,0.0126906749779438,4.244712785754065,e2e_bench_v1,16,128,256,0.1071428571428571,True
T10_p11,8,int8_ent,D13_with_cudnn_1gb,-1,0.0126906749779438,3.445043460945781,e2e_bench_v1,16,128,256,0.1071428571428571,True
T10_p11,8,int8_ent,D14_with_cudnn_16gb,-1,0.0126906749779438,3.6171336386194124,e2e_bench_v1,16,128,256,0.1071428571428571,True
T10_p11,8,int8_ent,D15_cublas_lt_1gb,-1,0.0126906749779438,4.042074764640092,e2e_bench_v1,16,128,256,0.1071428571428571,True
T10_p11,8,int8_ent,D16_all_enabled_8gb,-1,0.0126906749779438,3.8216088285278516,e2e_bench_v1,16,128,256,0.1071428571428571,True
T10_p11,8,int8_ent,D17_all_enabled_16gb,-1,0.0126906749779438,3.8269118390492727,e2e_bench_v1,16,128,256,0.1071428571428571,True
T10_p11,8,int8_ent,D18_edge_only_1gb,-1,0.0126906749779438,3.7570736303775933,e2e_bench_v1,16,128,256,0.1071428571428571,True
T10_p11,8,int8_ent,D19_edge_only_8gb,-1,0.0126906749779438,4.086623337561626,e2e_bench_v1,16,128,256,0.1071428571428571,True
T10_p11,8,int8_ent,D1_default_4gb,-1,0.0126906749779438,3.0680803972059607,e2e_bench_v1,16,128,256,0.1071428571428571,True
T10_p11,8,int8_ent,D20_edge_only_16gb,-1,0.0126906749779438,3.850390756905964,e2e_bench_v1,16,128,256,0.1071428571428571,True
T10_p11,8,int8_ent,D21_default_4gb_BL0,-1,0.0126906749779438,11.231424627594038,e2e_bench_v1,16,128,256,0.1071428571428571,True
T10_p11,8,int8_ent,D22_cublas_lt_8gb_BL0,-1,0.0126906749779438,5.172890947699487,e2e_bench_v1,16,128,256,0.1071428571428571,True
T10_p11,8,int8_ent,D23_all_enabled_4gb_BL0,-1,0.0126906749779438,8.449235724382552,e2e_bench_v1,16,128,256,0.1071428571428571,True
T10_p11,8,int8_ent,D24_edge_only_4gb_BL0,-1,0.0126906749779438,22.234920832564377,e2e_bench_v1,16,128,256,0.1071428571428571,True
T10_p11,8,int8_ent,D25_default_4gb_BL3,-1,0.0126906749779438,3.9483149776170023,e2e_bench_v1,16,128,256,0.1071428571428571,True
T10_p11,8,int8_ent,D26_cublas_lt_8gb_BL3,-1,0.0126906749779438,4.981908200370355,e2e_bench_v1,16,128,256,0.1071428571428571,True
T10_p11,8,int8_ent,D27_all_enabled_4gb_BL3,-1,0.0126906749779438,14.059081885716536,e2e_bench_v1,16,128,256,0.1071428571428571,True
T10_p11,8,int8_ent,D28_edge_only_4gb_BL3,-1,0.0126906749779438,5.838863710411045,e2e_bench_v1,16,128,256,0.1071428571428571,True
T10_p11,8,int8_ent,D29_default_4gb_BL5,-1,0.0126906749779438,3.3855635507519675,e2e_bench_v1,16,128,256,0.1071428571428571,True
T10_p11,8,int8_ent,D2_with_cudnn_8gb,-1,0.0126906749779438,3.741384993379619,e2e_bench_v1,16,128,256,0.1071428571428571,True
T10_p11,8,int8_ent,D30_cublas_lt_8gb_BL5,-1,0.0126906749779438,3.721207159602575,e2e_bench_v1,16,128,256,0.1071428571428571,True
T10_p11,8,int8_ent,D31_all_enabled_4gb_BL5,-1,0.0126906749779438,3.8466095214356164,e2e_bench_v1,16,128,256,0.1071428571428571,True
T10_p11,8,int8_ent,D32_edge_only_4gb_BL5,-1,0.0126906749779438,3.6804053745695766,e2e_bench_v1,16,128,256,0.1071428571428571,True
T10_p11,8,int8_ent,D3_cublas_lt_16gb,-1,0.0126906749779438,3.646742929785976,e2e_bench_v1,16,128,256,0.1071428571428571,True
T10_p11,8,int8_ent,D4_all_enabled_1gb,-1,0.0126906749779438,3.667617068503018,e2e_bench_v1,16,128,256,0.1071428571428571,True
T10_p11,8,int8_ent,D5_default_1gb,-1,0.0126906749779438,3.6599657573603737,e2e_bench_v1,16,128,256,0.1071428571428571,True
T10_p11,8,int8_ent,D6_default_8gb,-1,0.0126906749779438,3.868268439261996,e2e_bench_v1,16,128,256,0.1071428571428571,True
T10_p11,8,int8_ent,D7_default_16gb,-1,0.0126906749779438,3.508394008084041,e2e_bench_v1,16,128,256,0.1071428571428571,True
T10_p11,8,int8_ent,D8_with_cudnn_4gb,-1,0.0126906749779438,3.6189348461446036,e2e_bench_v1,16,128,256,0.1071428571428571,True
T10_p11,8,int8_ent,D9_cublas_lt_4gb,-1,0.0126906749779438,3.7077575185906966,e2e_bench_v1,16,128,256,0.1071428571428571,True
T10_p11,8,int8_mm,D10_cublas_lt_8gb,-1,0.5359424174128213,8.036117526611603,e2e_bench_v1,16,128,256,0.1071428571428571,True
T10_p11,8,int8_mm,D11_all_enabled_4gb,-1,0.5359424174128213,7.388514701666553,e2e_bench_v1,16,128,256,0.1071428571428571,True
T10_p11,8,int8_mm,D12_edge_only_4gb,-1,0.5359424174128213,7.956417925173072,e2e_bench_v1,16,128,256,0.1071428571428571,True
T10_p11,8,int8_mm,D13_with_cudnn_1gb,-1,0.5359424174128213,7.816725917449121,e2e_bench_v1,16,128,256,0.1071428571428571,True
T10_p11,8,int8_mm,D14_with_cudnn_16gb,-1,0.5359424174128213,8.126322051018676,e2e_bench_v1,16,128,256,0.1071428571428571,True
T10_p11,8,int8_mm,D15_cublas_lt_1gb,-1,0.5359424174128213,8.021137301015637,e2e_bench_v1,16,128,256,0.1071428571428571,True
T10_p11,8,int8_mm,D16_all_enabled_8gb,-1,0.5359424174128213,7.873290413402859,e2e_bench_v1,16,128,256,0.1071428571428571,True
T10_p11,8,int8_mm,D17_all_enabled_16gb,-1,0.5359424174128213,7.776321877515155,e2e_bench_v1,16,128,256,0.1071428571428571,True
T10_p11,8,int8_mm,D18_edge_only_1gb,-1,0.5359424174128213,7.933529714638869,e2e_bench_v1,16,128,256,0.1071428571428571,True
T10_p11,8,int8_mm,D19_edge_only_8gb,-1,0.5359424174128213,8.128693475097748,e2e_bench_v1,16,128,256,0.1071428571428571,True
T10_p11,8,int8_mm,D1_default_4gb,-1,0.5359424174128213,6.880830213450234,e2e_bench_v1,16,128,256,0.1071428571428571,True
T10_p11,8,int8_mm,D20_edge_only_16gb,-1,0.5359424174128213,7.9607249673013225,e2e_bench_v1,16,128,256,0.1071428571428571,True
T10_p11,8,int8_mm,D21_default_4gb_BL0,-1,0.5359424174128213,9.42873198640754,e2e_bench_v1,16,128,256,0.1071428571428571,True
T10_p11,8,int8_mm,D22_cublas_lt_8gb_BL0,-1,0.5359424174128213,12.93848526565298,e2e_bench_v1,16,128,256,0.1071428571428571,True
T10_p11,8,int8_mm,D23_all_enabled_4gb_BL0,-1,0.5359424174128213,8.458977343475082,e2e_bench_v1,16,128,256,0.1071428571428571,True
T10_p11,8,int8_mm,D24_edge_only_4gb_BL0,-1,0.5359424174128213,9.050142313487878,e2e_bench_v1,16,128,256,0.1071428571428571,True
T10_p11,8,int8_mm,D25_default_4gb_BL3,-1,0.5359424174128213,8.076578890407285,e2e_bench_v1,16,128,256,0.1071428571428571,True
T10_p11,8,int8_mm,D26_cublas_lt_8gb_BL3,-1,0.5359424174128213,10.996176629385962,e2e_bench_v1,16,128,256,0.1071428571428571,True
T10_p11,8,int8_mm,D27_all_enabled_4gb_BL3,-1,0.5359424174128213,8.726696447972744,e2e_bench_v1,16,128,256,0.1071428571428571,True
T10_p11,8,int8_mm,D28_edge_only_4gb_BL3,-1,0.5359424174128213,8.253528589810358,e2e_bench_v1,16,128,256,0.1071428571428571,True
T10_p11,8,int8_mm,D29_default_4gb_BL5,-1,0.5359424174128213,8.107268896219662,e2e_bench_v1,16,128,256,0.1071428571428571,True
T10_p11,8,int8_mm,D2_with_cudnn_8gb,-1,0.5359424174128213,7.602440991753633,e2e_bench_v1,16,128,256,0.1071428571428571,True
T10_p11,8,int8_mm,D30_cublas_lt_8gb_BL5,-1,0.5359424174128213,7.767690137519185,e2e_bench_v1,16,128,256,0.1071428571428571,True
T10_p11,8,int8_mm,D31_all_enabled_4gb_BL5,-1,0.5359424174128213,7.700369386719481,e2e_bench_v1,16,128,256,0.1071428571428571,True
T10_p11,8,int8_mm,D32_edge_only_4gb_BL5,-1,0.5359424174128213,8.21432825277131,e2e_bench_v1,16,128,256,0.1071428571428571,True
T10_p11,8,int8_mm,D3_cublas_lt_16gb,-1,0.5359424174128213,7.434004623950877,e2e_bench_v1,16,128,256,0.1071428571428571,True
T10_p11,8,int8_mm,D4_all_enabled_1gb,-1,0.5359424174128213,7.528136409831745,e2e_bench_v1,16,128,256,0.1071428571428571,True
T10_p11,8,int8_mm,D5_default_1gb,-1,0.5359424174128213,6.845123602396888,e2e_bench_v1,16,128,256,0.1071428571428571,True
T10_p11,8,int8_mm,D6_default_8gb,-1,0.5359424174128213,7.327789616229002,e2e_bench_v1,16,128,256,0.1071428571428571,True
T10_p11,8,int8_mm,D7_default_16gb,-1,0.5359424174128213,7.269375429801822,e2e_bench_v1,16,128,256,0.1071428571428571,True
T10_p11,8,int8_mm,D8_with_cudnn_4gb,-1,0.5359424174128213,7.180173530433883,e2e_bench_v1,16,128,256,0.1071428571428571,True
T10_p11,8,int8_mm,D9_cublas_lt_4gb,-1,0.5359424174128213,7.552653322638776,e2e_bench_v1,16,128,256,0.1071428571428571,True
T10_p11,8,int8_pc_wo,D10_cublas_lt_8gb,-1,0.5406028739673489,6.929214608170238,e2e_bench_v1,16,128,256,0.1071428571428571,True
T10_p11,8,int8_pc_wo,D11_all_enabled_4gb,-1,0.5406028739673489,7.481821045315146,e2e_bench_v1,16,128,256,0.1071428571428571,True
T10_p11,8,int8_pc_wo,D12_edge_only_4gb,-1,0.5406028739673489,10.328711235055646,e2e_bench_v1,16,128,256,0.1071428571428571,True
T10_p11,8,int8_pc_wo,D13_with_cudnn_1gb,-1,0.5406028739673489,8.03085131842486,e2e_bench_v1,16,128,256,0.1071428571428571,True
T10_p11,8,int8_pc_wo,D14_with_cudnn_16gb,-1,0.5406028739673489,7.81785645321052,e2e_bench_v1,16,128,256,0.1071428571428571,True
T10_p11,8,int8_pc_wo,D15_cublas_lt_1gb,-1,0.5406028739673489,8.049928878878355,e2e_bench_v1,16,128,256,0.1071428571428571,True
T10_p11,8,int8_pc_wo,D16_all_enabled_8gb,-1,0.5406028739673489,7.7298987847053136,e2e_bench_v1,16,128,256,0.1071428571428571,True
T10_p11,8,int8_pc_wo,D17_all_enabled_16gb,-1,0.5406028739673489,8.069507509887163,e2e_bench_v1,16,128,256,0.1071428571428571,True
T10_p11,8,int8_pc_wo,D18_edge_only_1gb,-1,0.5406028739673489,8.199483596523091,e2e_bench_v1,16,128,256,0.1071428571428571,True
T10_p11,8,int8_pc_wo,D19_edge_only_8gb,-1,0.5406028739673489,7.942048460791298,e2e_bench_v1,16,128,256,0.1071428571428571,True
T10_p11,8,int8_pc_wo,D1_default_4gb,-1,0.5406028739673489,6.830269843470705,e2e_bench_v1,16,128,256,0.1071428571428571,True
T10_p11,8,int8_pc_wo,D20_edge_only_16gb,-1,0.5406028739673489,8.252615872916317,e2e_bench_v1,16,128,256,0.1071428571428571,True
T10_p11,8,int8_pc_wo,D21_default_4gb_BL0,-1,0.5406028739673489,8.994860336803551,e2e_bench_v1,16,128,256,0.1071428571428571,True
T10_p11,8,int8_pc_wo,D22_cublas_lt_8gb_BL0,-1,0.5406028739673489,12.856957349615385,e2e_bench_v1,16,128,256,0.1071428571428571,True
T10_p11,8,int8_pc_wo,D23_all_enabled_4gb_BL0,-1,0.5406028739673489,10.328945941395627,e2e_bench_v1,16,128,256,0.1071428571428571,True
T10_p11,8,int8_pc_wo,D24_edge_only_4gb_BL0,-1,0.5406028739673489,10.294314450129193,e2e_bench_v1,16,128,256,0.1071428571428571,True
T10_p11,8,int8_pc_wo,D25_default_4gb_BL3,-1,0.5406028739673489,10.34112261158847,e2e_bench_v1,16,128,256,0.1071428571428571,True
T10_p11,8,int8_pc_wo,D26_cublas_lt_8gb_BL3,-1,,,e2e_bench_v1,16,128,256,0.1071428571428571,False
T10_p11,8,int8_pc_wo,D27_all_enabled_4gb_BL3,-1,0.5406028739673489,11.058277120424638,e2e_bench_v1,16,128,256,0.1071428571428571,True
T10_p11,8,int8_pc_wo,D28_edge_only_4gb_BL3,-1,0.5406028739673489,14.262588517189984,e2e_bench_v1,16,128,256,0.1071428571428571,True
T10_p11,8,int8_pc_wo,D29_default_4gb_BL5,-1,0.5406028739673489,8.32887044691886,e2e_bench_v1,16,128,256,0.1071428571428571,True
T10_p11,8,int8_pc_wo,D2_with_cudnn_8gb,-1,0.5406028739673489,7.851962244624743,e2e_bench_v1,16,128,256,0.1071428571428571,True
T10_p11,8,int8_pc_wo,D30_cublas_lt_8gb_BL5,-1,0.5406028739673489,6.919859720603744,e2e_bench_v1,16,128,256,0.1071428571428571,True
T10_p11,8,int8_pc_wo,D31_all_enabled_4gb_BL5,-1,0.5406028739673489,8.51097149335208,e2e_bench_v1,16,128,256,0.1071428571428571,True
T10_p11,8,int8_pc_wo,D32_edge_only_4gb_BL5,-1,0.5406028739673489,8.222095236529125,e2e_bench_v1,16,128,256,0.1071428571428571,True
T10_p11,8,int8_pc_wo,D3_cublas_lt_16gb,-1,0.5406028739673489,7.940541227290051,e2e_bench_v1,16,128,256,0.1071428571428571,True
T10_p11,8,int8_pc_wo,D4_all_enabled_1gb,-1,0.5406028739673489,7.882972542818337,e2e_bench_v1,16,128,256,0.1071428571428571,True
T10_p11,8,int8_pc_wo,D5_default_1gb,-1,0.5406028739673489,7.374680215429159,e2e_bench_v1,16,128,256,0.1071428571428571,True
T10_p11,8,int8_pc_wo,D6_default_8gb,-1,0.5406028739673489,7.791639103743337,e2e_bench_v1,16,128,256,0.1071428571428571,True
T10_p11,8,int8_pc_wo,D7_default_16gb,-1,0.5406028739673489,7.467412213102023,e2e_bench_v1,16,128,256,0.1071428571428571,True
T10_p11,8,int8_pc_wo,D8_with_cudnn_4gb,-1,0.5406028739673489,9.468809268828018,e2e_bench_v1,16,128,256,0.1071428571428571,True
T10_p11,8,int8_pc_wo,D9_cublas_lt_4gb,-1,0.5406028739673489,7.212556194828453,e2e_bench_v1,16,128,256,0.1071428571428571,True
T10_p11,8,mix_s0,D10_cublas_lt_8gb,-1,0.5371980450377911,8.009515304181367,e2e_bench_v1,16,128,256,0.1071428571428571,True
T10_p11,8,mix_s0,D11_all_enabled_4gb,-1,0.5371980450377911,7.891544919857416,e2e_bench_v1,16,128,256,0.1071428571428571,True
T10_p11,8,mix_s0,D12_edge_only_4gb,-1,0.5371980450377911,8.117825364470065,e2e_bench_v1,16,128,256,0.1071428571428571,True
T10_p11,8,mix_s0,D13_with_cudnn_1gb,-1,0.5371980450377911,8.149686929776593,e2e_bench_v1,16,128,256,0.1071428571428571,True
T10_p11,8,mix_s0,D14_with_cudnn_16gb,-1,0.5371980450377911,7.590029130531803,e2e_bench_v1,16,128,256,0.1071428571428571,True
T10_p11,8,mix_s0,D15_cublas_lt_1gb,-1,0.5371980450377911,7.985938359736177,e2e_bench_v1,16,128,256,0.1071428571428571,True
T10_p11,8,mix_s0,D16_all_enabled_8gb,-1,0.5371980450377911,8.274227766322568,e2e_bench_v1,16,128,256,0.1071428571428571,True
T10_p11,8,mix_s0,D17_all_enabled_16gb,-1,0.5371980450377911,7.933831842434099,e2e_bench_v1,16,128,256,0.1071428571428571,True
T10_p11,8,mix_s0,D18_edge_only_1gb,-1,0.5371980450377911,5.90107322818801,e2e_bench_v1,16,128,256,0.1071428571428571,True
T10_p11,8,mix_s0,D19_edge_only_8gb,-1,0.5371980450377911,8.342934660638617,e2e_bench_v1,16,128,256,0.1071428571428571,True
T10_p11,8,mix_s0,D1_default_4gb,-1,0.5371980450377911,7.447236330597716,e2e_bench_v1,16,128,256,0.1071428571428571,True
T10_p11,8,mix_s0,D20_edge_only_16gb,-1,0.5371980450377911,8.02873645351442,e2e_bench_v1,16,128,256,0.1071428571428571,True
T10_p11,8,mix_s0,D21_default_4gb_BL0,-1,0.5371980450377911,10.712315413415032,e2e_bench_v1,16,128,256,0.1071428571428571,True
T10_p11,8,mix_s0,D22_cublas_lt_8gb_BL0,-1,0.5371980450377911,13.487304400367934,e2e_bench_v1,16,128,256,0.1071428571428571,True
T10_p11,8,mix_s0,D23_all_enabled_4gb_BL0,-1,0.5371980450377911,12.515158986322184,e2e_bench_v1,16,128,256,0.1071428571428571,True
T10_p11,8,mix_s0,D24_edge_only_4gb_BL0,-1,0.5371980450377911,9.02319412048671,e2e_bench_v1,16,128,256,0.1071428571428571,True
T10_p11,8,mix_s0,D25_default_4gb_BL3,-1,0.5371980450377911,35.12814748201439,e2e_bench_v1,16,128,256,0.1071428571428571,True
T10_p11,8,mix_s0,D26_cublas_lt_8gb_BL3,-1,0.5371980450377911,21.671008091954423,e2e_bench_v1,16,128,256,0.1071428571428571,True
T10_p11,8,mix_s0,D27_all_enabled_4gb_BL3,-1,0.5371980450377911,17.217749433536042,e2e_bench_v1,16,128,256,0.1071428571428571,True
T10_p11,8,mix_s0,D28_edge_only_4gb_BL3,-1,0.5371980450377911,10.81936103017628,e2e_bench_v1,16,128,256,0.1071428571428571,True
T10_p11,8,mix_s0,D29_default_4gb_BL5,-1,0.5371980450377911,8.020854220974535,e2e_bench_v1,16,128,256,0.1071428571428571,True
T10_p11,8,mix_s0,D2_with_cudnn_8gb,-1,0.5371980450377911,7.706083799037665,e2e_bench_v1,16,128,256,0.1071428571428571,True
T10_p11,8,mix_s0,D30_cublas_lt_8gb_BL5,-1,0.5371980450377911,8.463416037834854,e2e_bench_v1,16,128,256,0.1071428571428571,True
T10_p11,8,mix_s0,D31_all_enabled_4gb_BL5,-1,0.5371980450377911,8.193544633924716,e2e_bench_v1,16,128,256,0.1071428571428571,True
T10_p11,8,mix_s0,D32_edge_only_4gb_BL5,-1,0.5371980450377911,8.383775717232012,e2e_bench_v1,16,128,256,0.1071428571428571,True
T10_p11,8,mix_s0,D3_cublas_lt_16gb,-1,0.5371980450377911,7.854669758264683,e2e_bench_v1,16,128,256,0.1071428571428571,True
T10_p11,8,mix_s0,D4_all_enabled_1gb,-1,0.5371980450377911,8.034877797543576,e2e_bench_v1,16,128,256,0.1071428571428571,True
T10_p11,8,mix_s0,D5_default_1gb,-1,0.5371980450377911,7.6533755595574195,e2e_bench_v1,16,128,256,0.1071428571428571,True
T10_p11,8,mix_s0,D6_default_8gb,-1,0.5371980450377911,7.859009371868676,e2e_bench_v1,16,128,256,0.1071428571428571,True
T10_p11,8,mix_s0,D7_default_16gb,-1,0.5371980450377911,7.599991184010226,e2e_bench_v1,16,128,256,0.1071428571428571,True
T10_p11,8,mix_s0,D8_with_cudnn_4gb,-1,0.5371980450377911,7.159646513932315,e2e_bench_v1,16,128,256,0.1071428571428571,True
T10_p11,8,mix_s0,D9_cublas_lt_4gb,-1,0.5371980450377911,7.207586417159244,e2e_bench_v1,16,128,256,0.1071428571428571,True
T10_p11,8,mix_s2,D10_cublas_lt_8gb,-1,0.540872842027096,7.6225612568078995,e2e_bench_v1,16,128,256,0.1071428571428571,True
T10_p11,8,mix_s2,D11_all_enabled_4gb,-1,0.540872842027096,7.9136713420636955,e2e_bench_v1,16,128,256,0.1071428571428571,True
T10_p11,8,mix_s2,D12_edge_only_4gb,-1,0.540872842027096,8.00307318010116,e2e_bench_v1,16,128,256,0.1071428571428571,True
T10_p11,8,mix_s2,D13_with_cudnn_1gb,-1,0.540872842027096,8.352990704791944,e2e_bench_v1,16,128,256,0.1071428571428571,True
T10_p11,8,mix_s2,D14_with_cudnn_16gb,-1,0.540872842027096,8.478147151808855,e2e_bench_v1,16,128,256,0.1071428571428571,True
T10_p11,8,mix_s2,D15_cublas_lt_1gb,-1,0.540872842027096,7.449855025821198,e2e_bench_v1,16,128,256,0.1071428571428571,True
T10_p11,8,mix_s2,D16_all_enabled_8gb,-1,0.540872842027096,8.408745768298692,e2e_bench_v1,16,128,256,0.1071428571428571,True
T10_p11,8,mix_s2,D17_all_enabled_16gb,-1,0.540872842027096,8.887419502197858,e2e_bench_v1,16,128,256,0.1071428571428571,True
T10_p11,8,mix_s2,D18_edge_only_1gb,-1,0.540872842027096,8.003944343772611,e2e_bench_v1,16,128,256,0.1071428571428571,True
T10_p11,8,mix_s2,D19_edge_only_8gb,-1,0.540872842027096,7.872912300480721,e2e_bench_v1,16,128,256,0.1071428571428571,True
T10_p11,8,mix_s2,D1_default_4gb,-1,0.540872842027096,7.7378299410686875,e2e_bench_v1,16,128,256,0.1071428571428571,True
T10_p11,8,mix_s2,D20_edge_only_16gb,-1,0.540872842027096,7.857058113158922,e2e_bench_v1,16,128,256,0.1071428571428571,True
T10_p11,8,mix_s2,D21_default_4gb_BL0,-1,0.540872842027096,9.781759171132855,e2e_bench_v1,16,128,256,0.1071428571428571,True
T10_p11,8,mix_s2,D22_cublas_lt_8gb_BL0,-1,0.540872842027096,10.507667444934569,e2e_bench_v1,16,128,256,0.1071428571428571,True
T10_p11,8,mix_s2,D23_all_enabled_4gb_BL0,-1,0.540872842027096,10.264158380069468,e2e_bench_v1,16,128,256,0.1071428571428571,True
T10_p11,8,mix_s2,D24_edge_only_4gb_BL0,-1,0.540872842027096,13.793464932184431,e2e_bench_v1,16,128,256,0.1071428571428571,True
T10_p11,8,mix_s2,D25_default_4gb_BL3,-1,0.540872842027096,46.79369595328117,e2e_bench_v1,16,128,256,0.1071428571428571,True
T10_p11,8,mix_s2,D26_cublas_lt_8gb_BL3,-1,0.540872842027096,33.54950397058379,e2e_bench_v1,16,128,256,0.1071428571428571,True
T10_p11,8,mix_s2,D27_all_enabled_4gb_BL3,-1,0.540872842027096,11.041854148148557,e2e_bench_v1,16,128,256,0.1071428571428571,True
T10_p11,8,mix_s2,D28_edge_only_4gb_BL3,-1,0.540872842027096,47.4158368895211,e2e_bench_v1,16,128,256,0.1071428571428571,True
T10_p11,8,mix_s2,D29_default_4gb_BL5,-1,0.540872842027096,8.833493072333058,e2e_bench_v1,16,128,256,0.1071428571428571,True
T10_p11,8,mix_s2,D2_with_cudnn_8gb,-1,0.540872842027096,7.952393789816641,e2e_bench_v1,16,128,256,0.1071428571428571,True
T10_p11,8,mix_s2,D30_cublas_lt_8gb_BL5,-1,0.540872842027096,7.932598298774969,e2e_bench_v1,16,128,256,0.1071428571428571,True
T10_p11,8,mix_s2,D31_all_enabled_4gb_BL5,-1,0.540872842027096,8.30315827231204,e2e_bench_v1,16,128,256,0.1071428571428571,True
T10_p11,8,mix_s2,D32_edge_only_4gb_BL5,-1,0.540872842027096,7.471914939720326,e2e_bench_v1,16,128,256,0.1071428571428571,True
T10_p11,8,mix_s2,D3_cublas_lt_16gb,-1,0.540872842027096,7.74172970370078,e2e_bench_v1,16,128,256,0.1071428571428571,True
T10_p11,8,mix_s2,D4_all_enabled_1gb,-1,0.540872842027096,7.638853347001789,e2e_bench_v1,16,128,256,0.1071428571428571,True
T10_p11,8,mix_s2,D5_default_1gb,-1,0.540872842027096,8.299698803930406,e2e_bench_v1,16,128,256,0.1071428571428571,True
T10_p11,8,mix_s2,D6_default_8gb,-1,0.540872842027096,7.7288234102969575,e2e_bench_v1,16,128,256,0.1071428571428571,True
T10_p11,8,mix_s2,D7_default_16gb,-1,0.540872842027096,8.30935392280444,e2e_bench_v1,16,128,256,0.1071428571428571,True
T10_p11,8,mix_s2,D8_with_cudnn_4gb,-1,0.540872842027096,8.11835259141874,e2e_bench_v1,16,128,256,0.1071428571428571,True
T10_p11,8,mix_s2,D9_cublas_lt_4gb,-1,0.540872842027096,7.829320806420044,e2e_bench_v1,16,128,256,0.1071428571428571,True
T11_p14,8,fp16,D10_cublas_lt_8gb,-1,0.5253153610125597,7.587806092097755,e2e_bench_v1,64,64,256,0.1428571428571429,True
T11_p14,8,fp16,D11_all_enabled_4gb,-1,0.5253153610125597,8.21503680336488,e2e_bench_v1,64,64,256,0.1428571428571429,True
T11_p14,8,fp16,D12_edge_only_4gb,-1,0.5253153610125597,7.446459952938373,e2e_bench_v1,64,64,256,0.1428571428571429,True
T11_p14,8,fp16,D13_with_cudnn_1gb,-1,0.5253153610125597,8.167292281255412,e2e_bench_v1,64,64,256,0.1428571428571429,True
T11_p14,8,fp16,D14_with_cudnn_16gb,-1,0.5253153610125597,8.143508158166473,e2e_bench_v1,64,64,256,0.1428571428571429,True
T11_p14,8,fp16,D15_cublas_lt_1gb,-1,0.5253153610125597,7.571329495174035,e2e_bench_v1,64,64,256,0.1428571428571429,True
T11_p14,8,fp16,D16_all_enabled_8gb,-1,0.5253153610125597,8.376191513242759,e2e_bench_v1,64,64,256,0.1428571428571429,True
T11_p14,8,fp16,D17_all_enabled_16gb,-1,0.5253153610125597,8.537988927935958,e2e_bench_v1,64,64,256,0.1428571428571429,True
T11_p14,8,fp16,D18_edge_only_1gb,-1,0.5253153610125597,8.387291575804342,e2e_bench_v1,64,64,256,0.1428571428571429,True
T11_p14,8,fp16,D19_edge_only_8gb,-1,0.5253153610125597,8.150344515062653,e2e_bench_v1,64,64,256,0.1428571428571429,True
T11_p14,8,fp16,D1_default_4gb,-1,0.5253153610125597,7.207279929310998,e2e_bench_v1,64,64,256,0.1428571428571429,True
T11_p14,8,fp16,D20_edge_only_16gb,-1,0.5253153610125597,8.894288710390397,e2e_bench_v1,64,64,256,0.1428571428571429,True
T11_p14,8,fp16,D21_default_4gb_BL0,-1,0.5253153610125597,11.768513342552003,e2e_bench_v1,64,64,256,0.1428571428571429,True
T11_p14,8,fp16,D22_cublas_lt_8gb_BL0,-1,0.5253153610125597,9.1581549248436,e2e_bench_v1,64,64,256,0.1428571428571429,True
T11_p14,8,fp16,D23_all_enabled_4gb_BL0,-1,0.5253153610125597,9.93223237848162,e2e_bench_v1,64,64,256,0.1428571428571429,True
T11_p14,8,fp16,D24_edge_only_4gb_BL0,-1,0.5253153610125597,13.921527135840694,e2e_bench_v1,64,64,256,0.1428571428571429,True
T11_p14,8,fp16,D25_default_4gb_BL3,-1,0.5253153610125597,55.89964895020459,e2e_bench_v1,64,64,256,0.1428571428571429,True
T11_p14,8,fp16,D26_cublas_lt_8gb_BL3,-1,0.5253153610125597,56.78881941723313,e2e_bench_v1,64,64,256,0.1428571428571429,True
T11_p14,8,fp16,D27_all_enabled_4gb_BL3,-1,0.5253153610125597,31.338138514572233,e2e_bench_v1,64,64,256,0.1428571428571429,True
T11_p14,8,fp16,D28_edge_only_4gb_BL3,-1,0.5253153610125597,9.926139595271584,e2e_bench_v1,64,64,256,0.1428571428571429,True
T11_p14,8,fp16,D29_default_4gb_BL5,-1,0.5253153610125597,8.406752303450132,e2e_bench_v1,64,64,256,0.1428571428571429,True
T11_p14,8,fp16,D2_with_cudnn_8gb,-1,0.5253153610125597,7.307222678111726,e2e_bench_v1,64,64,256,0.1428571428571429,True
T11_p14,8,fp16,D30_cublas_lt_8gb_BL5,-1,0.5253153610125597,8.568091911635554,e2e_bench_v1,64,64,256,0.1428571428571429,True
T11_p14,8,fp16,D31_all_enabled_4gb_BL5,-1,0.5253153610125597,8.953128581251432,e2e_bench_v1,64,64,256,0.1428571428571429,True
T11_p14,8,fp16,D32_edge_only_4gb_BL5,-1,0.5253153610125597,17.56009503523433,e2e_bench_v1,64,64,256,0.1428571428571429,True
T11_p14,8,fp16,D3_cublas_lt_16gb,-1,0.5253153610125597,8.115150742982626,e2e_bench_v1,64,64,256,0.1428571428571429,True
T11_p14,8,fp16,D4_all_enabled_1gb,-1,0.5253153610125597,8.360330233044206,e2e_bench_v1,64,64,256,0.1428571428571429,True
T11_p14,8,fp16,D5_default_1gb,-1,0.5253153610125597,8.338086042377489,e2e_bench_v1,64,64,256,0.1428571428571429,True
T11_p14,8,fp16,D6_default_8gb,-1,0.5253153610125597,8.018635308456853,e2e_bench_v1,64,64,256,0.1428571428571429,True
T11_p14,8,fp16,D7_default_16gb,-1,0.5253153610125597,8.054019922423679,e2e_bench_v1,64,64,256,0.1428571428571429,True
T11_p14,8,fp16,D8_with_cudnn_4gb,-1,0.5253153610125597,8.281511773411212,e2e_bench_v1,64,64,256,0.1428571428571429,True
T11_p14,8,fp16,D9_cublas_lt_4gb,-1,0.5253153610125597,7.991516206395291,e2e_bench_v1,64,64,256,0.1428571428571429,True
T11_p14,8,fp32,D10_cublas_lt_8gb,-1,0.5252765240712736,10.118282725055904,e2e_bench_v1,64,64,256,0.1428571428571429,True
T11_p14,8,fp32,D11_all_enabled_4gb,-1,0.5252765240712736,9.659763799455575,e2e_bench_v1,64,64,256,0.1428571428571429,True
T11_p14,8,fp32,D12_edge_only_4gb,-1,0.5252765240712736,10.311989234283239,e2e_bench_v1,64,64,256,0.1428571428571429,True
T11_p14,8,fp32,D13_with_cudnn_1gb,-1,0.5252765240712736,10.705732598634592,e2e_bench_v1,64,64,256,0.1428571428571429,True
T11_p14,8,fp32,D14_with_cudnn_16gb,-1,0.5252765240712736,10.615497139654297,e2e_bench_v1,64,64,256,0.1428571428571429,True
T11_p14,8,fp32,D15_cublas_lt_1gb,-1,0.5252765240712736,10.766070513455436,e2e_bench_v1,64,64,256,0.1428571428571429,True
T11_p14,8,fp32,D16_all_enabled_8gb,-1,0.5252765240712736,10.925272230470803,e2e_bench_v1,64,64,256,0.1428571428571429,True
T11_p14,8,fp32,D17_all_enabled_16gb,-1,0.5252765240712736,10.993480865846553,e2e_bench_v1,64,64,256,0.1428571428571429,True
T11_p14,8,fp32,D18_edge_only_1gb,-1,0.5252765240712736,10.855500264874205,e2e_bench_v1,64,64,256,0.1428571428571429,True
T11_p14,8,fp32,D19_edge_only_8gb,-1,0.5252765240712736,10.603745454969605,e2e_bench_v1,64,64,256,0.1428571428571429,True
T11_p14,8,fp32,D1_default_4gb,-1,0.5252765240712736,9.767103418974552,e2e_bench_v1,64,64,256,0.1428571428571429,True
T11_p14,8,fp32,D20_edge_only_16gb,-1,0.5252765240712736,10.520900294479999,e2e_bench_v1,64,64,256,0.1428571428571429,True
T11_p14,8,fp32,D21_default_4gb_BL0,-1,0.5252765240712736,14.81619765992974,e2e_bench_v1,64,64,256,0.1428571428571429,True
T11_p14,8,fp32,D22_cublas_lt_8gb_BL0,-1,0.5252765240712736,17.889663710101576,e2e_bench_v1,64,64,256,0.1428571428571429,True
T11_p14,8,fp32,D23_all_enabled_4gb_BL0,-1,0.5252765240712736,19.4761310276191,e2e_bench_v1,64,64,256,0.1428571428571429,True
T11_p14,8,fp32,D24_edge_only_4gb_BL0,-1,0.5252765240712736,14.47205229620818,e2e_bench_v1,64,64,256,0.1428571428571429,True
T11_p14,8,fp32,D25_default_4gb_BL3,-1,,,e2e_bench_v1,64,64,256,0.1428571428571429,False
T11_p14,8,fp32,D26_cublas_lt_8gb_BL3,-1,,,e2e_bench_v1,64,64,256,0.1428571428571429,False
T11_p14,8,fp32,D27_all_enabled_4gb_BL3,-1,0.5252765240712736,18.801091967421467,e2e_bench_v1,64,64,256,0.1428571428571429,True
T11_p14,8,fp32,D28_edge_only_4gb_BL3,-1,,,e2e_bench_v1,64,64,256,0.1428571428571429,False
T11_p14,8,fp32,D29_default_4gb_BL5,-1,0.5252765240712736,10.76554895148936,e2e_bench_v1,64,64,256,0.1428571428571429,True
T11_p14,8,fp32,D2_with_cudnn_8gb,-1,0.5252765240712736,10.902842589119835,e2e_bench_v1,64,64,256,0.1428571428571429,True
T11_p14,8,fp32,D30_cublas_lt_8gb_BL5,-1,0.5252765240712736,11.210611516436998,e2e_bench_v1,64,64,256,0.1428571428571429,True
T11_p14,8,fp32,D31_all_enabled_4gb_BL5,-1,0.5252765240712736,10.905922242955594,e2e_bench_v1,64,64,256,0.1428571428571429,True
T11_p14,8,fp32,D32_edge_only_4gb_BL5,-1,0.5252765240712736,11.334347379612229,e2e_bench_v1,64,64,256,0.1428571428571429,True
T11_p14,8,fp32,D3_cublas_lt_16gb,-1,0.5252765240712736,10.595476367319735,e2e_bench_v1,64,64,256,0.1428571428571429,True
T11_p14,8,fp32,D4_all_enabled_1gb,-1,0.5252765240712736,10.84909344975134,e2e_bench_v1,64,64,256,0.1428571428571429,True
T11_p14,8,fp32,D5_default_1gb,-1,0.5252765240712736,10.637980996310748,e2e_bench_v1,64,64,256,0.1428571428571429,True
T11_p14,8,fp32,D6_default_8gb,-1,0.5252765240712736,10.3991938544924,e2e_bench_v1,64,64,256,0.1428571428571429,True
T11_p14,8,fp32,D7_default_16gb,-1,0.5252765240712736,9.720147240790403,e2e_bench_v1,64,64,256,0.1428571428571429,True
T11_p14,8,fp32,D8_with_cudnn_4gb,-1,0.5252765240712736,11.045842455358228,e2e_bench_v1,64,64,256,0.1428571428571429,True
T11_p14,8,fp32,D9_cublas_lt_4gb,-1,0.5252765240712736,10.257399174894811,e2e_bench_v1,64,64,256,0.1428571428571429,True
T11_p14,8,int8_ent,D10_cublas_lt_8gb,-1,0.4294462111047673,10.05351485959764,e2e_bench_v1,64,64,256,0.1428571428571429,True
T11_p14,8,int8_ent,D11_all_enabled_4gb,-1,0.4294462111047673,10.375822673040188,e2e_bench_v1,64,64,256,0.1428571428571429,True
T11_p14,8,int8_ent,D12_edge_only_4gb,-1,0.4294462111047673,10.94167322255254,e2e_bench_v1,64,64,256,0.1428571428571429,True
T11_p14,8,int8_ent,D13_with_cudnn_1gb,-1,0.4294462111047673,7.511691948517869,e2e_bench_v1,64,64,256,0.1428571428571429,True
T11_p14,8,int8_ent,D14_with_cudnn_16gb,-1,0.4294462111047673,7.753903508873956,e2e_bench_v1,64,64,256,0.1428571428571429,True
T11_p14,8,int8_ent,D15_cublas_lt_1gb,-1,0.4294462111047673,6.689594135634198,e2e_bench_v1,64,64,256,0.1428571428571429,True
T11_p14,8,int8_ent,D16_all_enabled_8gb,-1,0.4294462111047673,8.394881808459019,e2e_bench_v1,64,64,256,0.1428571428571429,True
T11_p14,8,int8_ent,D17_all_enabled_16gb,-1,0.4294462111047673,7.648973316556585,e2e_bench_v1,64,64,256,0.1428571428571429,True
T11_p14,8,int8_ent,D18_edge_only_1gb,-1,0.4294462111047673,8.025553361904302,e2e_bench_v1,64,64,256,0.1428571428571429,True
T11_p14,8,int8_ent,D19_edge_only_8gb,-1,0.4294462111047673,7.306432510117582,e2e_bench_v1,64,64,256,0.1428571428571429,True
T11_p14,8,int8_ent,D1_default_4gb,-1,0.4294462111047673,6.917901800383943,e2e_bench_v1,64,64,256,0.1428571428571429,True
T11_p14,8,int8_ent,D20_edge_only_16gb,-1,0.4294462111047673,7.7803210782902585,e2e_bench_v1,64,64,256,0.1428571428571429,True
T11_p14,8,int8_ent,D21_default_4gb_BL0,-1,0.4294462111047673,8.989111489253068,e2e_bench_v1,64,64,256,0.1428571428571429,True
T11_p14,8,int8_ent,D22_cublas_lt_8gb_BL0,-1,0.4294462111047673,12.946039612292005,e2e_bench_v1,64,64,256,0.1428571428571429,True
T11_p14,8,int8_ent,D23_all_enabled_4gb_BL0,-1,0.4294462111047673,9.162106991420602,e2e_bench_v1,64,64,256,0.1428571428571429,True
T11_p14,8,int8_ent,D24_edge_only_4gb_BL0,-1,0.4294462111047673,9.033725607811643,e2e_bench_v1,64,64,256,0.1428571428571429,True
T11_p14,8,int8_ent,D25_default_4gb_BL3,-1,0.4294462111047673,14.552630315166315,e2e_bench_v1,64,64,256,0.1428571428571429,True
T11_p14,8,int8_ent,D26_cublas_lt_8gb_BL3,-1,0.4294462111047673,11.585096005690598,e2e_bench_v1,64,64,256,0.1428571428571429,True
T11_p14,8,int8_ent,D27_all_enabled_4gb_BL3,-1,0.4294462111047673,48.96991777950805,e2e_bench_v1,64,64,256,0.1428571428571429,True
T11_p14,8,int8_ent,D28_edge_only_4gb_BL3,-1,,,e2e_bench_v1,64,64,256,0.1428571428571429,False
T11_p14,8,int8_ent,D29_default_4gb_BL5,-1,0.4294462111047673,7.7051397134458535,e2e_bench_v1,64,64,256,0.1428571428571429,True
T11_p14,8,int8_ent,D2_with_cudnn_8gb,-1,0.4294462111047673,8.058900894860356,e2e_bench_v1,64,64,256,0.1428571428571429,True
T11_p14,8,int8_ent,D30_cublas_lt_8gb_BL5,-1,0.4294462111047673,7.537044574081611,e2e_bench_v1,64,64,256,0.1428571428571429,True
T11_p14,8,int8_ent,D31_all_enabled_4gb_BL5,-1,0.4294462111047673,7.207009826037196,e2e_bench_v1,64,64,256,0.1428571428571429,True
T11_p14,8,int8_ent,D32_edge_only_4gb_BL5,-1,0.4294462111047673,7.727903605221591,e2e_bench_v1,64,64,256,0.1428571428571429,True
T11_p14,8,int8_ent,D3_cublas_lt_16gb,-1,0.4294462111047673,7.664150781436814,e2e_bench_v1,64,64,256,0.1428571428571429,True
T11_p14,8,int8_ent,D4_all_enabled_1gb,-1,0.4294462111047673,7.735334000119123,e2e_bench_v1,64,64,256,0.1428571428571429,True
T11_p14,8,int8_ent,D5_default_1gb,-1,0.4294462111047673,7.523894006390796,e2e_bench_v1,64,64,256,0.1428571428571429,True
T11_p14,8,int8_ent,D6_default_8gb,-1,0.4294462111047673,7.637377324626723,e2e_bench_v1,64,64,256,0.1428571428571429,True
T11_p14,8,int8_ent,D7_default_16gb,-1,0.4294462111047673,7.7752940033044995,e2e_bench_v1,64,64,256,0.1428571428571429,True
T11_p14,8,int8_ent,D8_with_cudnn_4gb,-1,0.4294462111047673,7.6738609112709835,e2e_bench_v1,64,64,256,0.1428571428571429,True
T11_p14,8,int8_ent,D9_cublas_lt_4gb,-1,0.4294462111047673,8.035090848754681,e2e_bench_v1,64,64,256,0.1428571428571429,True
T11_p14,8,int8_mm,D10_cublas_lt_8gb,-1,0.5229136521958484,6.222051323212544,e2e_bench_v1,64,64,256,0.1428571428571429,True
T11_p14,8,int8_mm,D11_all_enabled_4gb,-1,0.5229136521958484,7.725348413213436,e2e_bench_v1,64,64,256,0.1428571428571429,True
T11_p14,8,int8_mm,D12_edge_only_4gb,-1,0.5229136521958484,8.025411663491278,e2e_bench_v1,64,64,256,0.1428571428571429,True
T11_p14,8,int8_mm,D13_with_cudnn_1gb,-1,0.5229136521958484,6.997577438690725,e2e_bench_v1,64,64,256,0.1428571428571429,True
T11_p14,8,int8_mm,D14_with_cudnn_16gb,-1,0.5229136521958484,7.4729200061277945,e2e_bench_v1,64,64,256,0.1428571428571429,True
T11_p14,8,int8_mm,D15_cublas_lt_1gb,-1,0.5229136521958484,7.7360401221984905,e2e_bench_v1,64,64,256,0.1428571428571429,True
T11_p14,8,int8_mm,D16_all_enabled_8gb,-1,0.5229136521958484,7.970655235684305,e2e_bench_v1,64,64,256,0.1428571428571429,True
T11_p14,8,int8_mm,D17_all_enabled_16gb,-1,0.5229136521958484,8.016346934669178,e2e_bench_v1,64,64,256,0.1428571428571429,True
T11_p14,8,int8_mm,D18_edge_only_1gb,-1,0.5229136521958484,7.921927816978117,e2e_bench_v1,64,64,256,0.1428571428571429,True
T11_p14,8,int8_mm,D19_edge_only_8gb,-1,0.5229136521958484,8.227730413476364,e2e_bench_v1,64,64,256,0.1428571428571429,True
T11_p14,8,int8_mm,D1_default_4gb,-1,0.5229136521958484,7.112456471766393,e2e_bench_v1,64,64,256,0.1428571428571429,True
T11_p14,8,int8_mm,D20_edge_only_16gb,-1,0.5229136521958484,7.855280594550478,e2e_bench_v1,64,64,256,0.1428571428571429,True
T11_p14,8,int8_mm,D21_default_4gb_BL0,-1,0.5229136521958484,9.29936708507619,e2e_bench_v1,64,64,256,0.1428571428571429,True
T11_p14,8,int8_mm,D22_cublas_lt_8gb_BL0,-1,0.5229136521958484,8.661435736910622,e2e_bench_v1,64,64,256,0.1428571428571429,True
T11_p14,8,int8_mm,D23_all_enabled_4gb_BL0,-1,0.5229136521958484,11.643558085053863,e2e_bench_v1,64,64,256,0.1428571428571429,True
T11_p14,8,int8_mm,D24_edge_only_4gb_BL0,-1,0.5229136521958484,7.866032035202067,e2e_bench_v1,64,64,256,0.1428571428571429,True
T11_p14,8,int8_mm,D25_default_4gb_BL3,-1,0.5229136521958484,51.12474437627812,e2e_bench_v1,64,64,256,0.1428571428571429,True
T11_p14,8,int8_mm,D26_cublas_lt_8gb_BL3,-1,,,e2e_bench_v1,64,64,256,0.1428571428571429,False
T11_p14,8,int8_mm,D27_all_enabled_4gb_BL3,-1,,,e2e_bench_v1,64,64,256,0.1428571428571429,False
T11_p14,8,int8_mm,D28_edge_only_4gb_BL3,-1,0.5229136521958484,10.63503947726654,e2e_bench_v1,64,64,256,0.1428571428571429,True
T11_p14,8,int8_mm,D29_default_4gb_BL5,-1,0.5229136521958484,8.573726330085034,e2e_bench_v1,64,64,256,0.1428571428571429,True
T11_p14,8,int8_mm,D2_with_cudnn_8gb,-1,0.5229136521958484,8.241495600689648,e2e_bench_v1,64,64,256,0.1428571428571429,True
T11_p14,8,int8_mm,D30_cublas_lt_8gb_BL5,-1,0.5229136521958484,7.890442780087047,e2e_bench_v1,64,64,256,0.1428571428571429,True
T11_p14,8,int8_mm,D31_all_enabled_4gb_BL5,-1,0.5229136521958484,8.05474650101812,e2e_bench_v1,64,64,256,0.1428571428571429,True
T11_p14,8,int8_mm,D32_edge_only_4gb_BL5,-1,0.5229136521958484,8.168413073381757,e2e_bench_v1,64,64,256,0.1428571428571429,True
T11_p14,8,int8_mm,D3_cublas_lt_16gb,-1,0.5229136521958484,7.985294282050177,e2e_bench_v1,64,64,256,0.1428571428571429,True
T11_p14,8,int8_mm,D4_all_enabled_1gb,-1,0.5229136521958484,6.865378172491254,e2e_bench_v1,64,64,256,0.1428571428571429,True
T11_p14,8,int8_mm,D5_default_1gb,-1,0.5229136521958484,7.42192138700867,e2e_bench_v1,64,64,256,0.1428571428571429,True
T11_p14,8,int8_mm,D6_default_8gb,-1,0.5229136521958484,7.711640181038464,e2e_bench_v1,64,64,256,0.1428571428571429,True
T11_p14,8,int8_mm,D7_default_16gb,-1,0.5229136521958484,7.88284204834074,e2e_bench_v1,64,64,256,0.1428571428571429,True
T11_p14,8,int8_mm,D8_with_cudnn_4gb,-1,0.5229136521958484,8.000064000512005,e2e_bench_v1,64,64,256,0.1428571428571429,True
T11_p14,8,int8_mm,D9_cublas_lt_4gb,-1,0.5229136521958484,7.718646087727044,e2e_bench_v1,64,64,256,0.1428571428571429,True
T11_p14,8,int8_pc_wo,D10_cublas_lt_8gb,-1,0.5229293301525549,9.721337850514988,e2e_bench_v1,64,64,256,0.1428571428571429,True
T11_p14,8,int8_pc_wo,D11_all_enabled_4gb,-1,0.5229293301525549,10.065283428316057,e2e_bench_v1,64,64,256,0.1428571428571429,True
T11_p14,8,int8_pc_wo,D12_edge_only_4gb,-1,0.5229293301525549,8.37180877114405,e2e_bench_v1,64,64,256,0.1428571428571429,True
T11_p14,8,int8_pc_wo,D13_with_cudnn_1gb,-1,0.5229293301525549,7.467172443146816,e2e_bench_v1,64,64,256,0.1428571428571429,True
T11_p14,8,int8_pc_wo,D14_with_cudnn_16gb,-1,0.5229293301525549,7.525156598508816,e2e_bench_v1,64,64,256,0.1428571428571429,True
T11_p14,8,int8_pc_wo,D15_cublas_lt_1gb,-1,0.5229293301525549,7.252183813850946,e2e_bench_v1,64,64,256,0.1428571428571429,True
T11_p14,8,int8_pc_wo,D16_all_enabled_8gb,-1,0.5229293301525549,8.275515068057837,e2e_bench_v1,64,64,256,0.1428571428571429,True
T11_p14,8,int8_pc_wo,D17_all_enabled_16gb,-1,0.5229293301525549,7.86413913234953,e2e_bench_v1,64,64,256,0.1428571428571429,True
T11_p14,8,int8_pc_wo,D18_edge_only_1gb,-1,0.5229293301525549,7.9116490329195805,e2e_bench_v1,64,64,256,0.1428571428571429,True
T11_p14,8,int8_pc_wo,D19_edge_only_8gb,-1,0.5229293301525549,7.289633921874078,e2e_bench_v1,64,64,256,0.1428571428571429,True
T11_p14,8,int8_pc_wo,D1_default_4gb,-1,0.5229293301525549,7.896623719562464,e2e_bench_v1,64,64,256,0.1428571428571429,True
T11_p14,8,int8_pc_wo,D20_edge_only_16gb,-1,0.5229293301525549,7.785342535608211,e2e_bench_v1,64,64,256,0.1428571428571429,True
T11_p14,8,int8_pc_wo,D21_default_4gb_BL0,-1,0.5229293301525549,10.07169029149486,e2e_bench_v1,64,64,256,0.1428571428571429,True
T11_p14,8,int8_pc_wo,D22_cublas_lt_8gb_BL0,-1,0.5229293301525549,13.690790752692294,e2e_bench_v1,64,64,256,0.1428571428571429,True
T11_p14,8,int8_pc_wo,D23_all_enabled_4gb_BL0,-1,0.5229293301525549,9.710161392592507,e2e_bench_v1,64,64,256,0.1428571428571429,True
T11_p14,8,int8_pc_wo,D24_edge_only_4gb_BL0,-1,0.5229293301525549,10.006253908692933,e2e_bench_v1,64,64,256,0.1428571428571429,True
T11_p14,8,int8_pc_wo,D25_default_4gb_BL3,-1,,,e2e_bench_v1,64,64,256,0.1428571428571429,False
T11_p14,8,int8_pc_wo,D26_cublas_lt_8gb_BL3,-1,,,e2e_bench_v1,64,64,256,0.1428571428571429,False
T11_p14,8,int8_pc_wo,D27_all_enabled_4gb_BL3,-1,,,e2e_bench_v1,64,64,256,0.1428571428571429,False
T11_p14,8,int8_pc_wo,D28_edge_only_4gb_BL3,-1,0.5229293301525549,10.28455301275696,e2e_bench_v1,64,64,256,0.1428571428571429,True
T11_p14,8,int8_pc_wo,D29_default_4gb_BL5,-1,0.5229293301525549,8.078164317940391,e2e_bench_v1,64,64,256,0.1428571428571429,True
T11_p14,8,int8_pc_wo,D2_with_cudnn_8gb,-1,0.5229293301525549,8.396770937768173,e2e_bench_v1,64,64,256,0.1428571428571429,True
T11_p14,8,int8_pc_wo,D30_cublas_lt_8gb_BL5,-1,0.5229293301525549,7.388072547917192,e2e_bench_v1,64,64,256,0.1428571428571429,True
T11_p14,8,int8_pc_wo,D31_all_enabled_4gb_BL5,-1,0.5229293301525549,7.788422821013476,e2e_bench_v1,64,64,256,0.1428571428571429,True
T11_p14,8,int8_pc_wo,D32_edge_only_4gb_BL5,-1,0.5229293301525549,7.870477131935169,e2e_bench_v1,64,64,256,0.1428571428571429,True
T11_p14,8,int8_pc_wo,D3_cublas_lt_16gb,-1,0.5229293301525549,7.7653980077094875,e2e_bench_v1,64,64,256,0.1428571428571429,True
T11_p14,8,int8_pc_wo,D4_all_enabled_1gb,-1,0.5229293301525549,7.829872529675217,e2e_bench_v1,64,64,256,0.1428571428571429,True
T11_p14,8,int8_pc_wo,D5_default_1gb,-1,0.5229293301525549,7.421981980912146,e2e_bench_v1,64,64,256,0.1428571428571429,True
T11_p14,8,int8_pc_wo,D6_default_8gb,-1,0.5229293301525549,6.675108453824603,e2e_bench_v1,64,64,256,0.1428571428571429,True
T11_p14,8,int8_pc_wo,D7_default_16gb,-1,0.5229293301525549,8.25872947705725,e2e_bench_v1,64,64,256,0.1428571428571429,True
T11_p14,8,int8_pc_wo,D8_with_cudnn_4gb,-1,0.5229293301525549,8.66922986896459,e2e_bench_v1,64,64,256,0.1428571428571429,True
T11_p14,8,int8_pc_wo,D9_cublas_lt_4gb,-1,0.5229293301525549,7.737129478540684,e2e_bench_v1,64,64,256,0.1428571428571429,True
T11_p14,8,mix_s0,D10_cublas_lt_8gb,-1,0.5238402096280241,7.430270625316716,e2e_bench_v1,64,64,256,0.1428571428571429,True
T11_p14,8,mix_s0,D11_all_enabled_4gb,-1,0.5238402096280241,8.23531930803553,e2e_bench_v1,64,64,256,0.1428571428571429,True
T11_p14,8,mix_s0,D12_edge_only_4gb,-1,0.5238402096280241,6.725460643613133,e2e_bench_v1,64,64,256,0.1428571428571429,True
T11_p14,8,mix_s0,D13_with_cudnn_1gb,-1,0.5238402096280241,7.835805399340069,e2e_bench_v1,64,64,256,0.1428571428571429,True
T11_p14,8,mix_s0,D14_with_cudnn_16gb,-1,0.5238402096280241,8.141161222672157,e2e_bench_v1,64,64,256,0.1428571428571429,True
T11_p14,8,mix_s0,D15_cublas_lt_1gb,-1,0.5238402096280241,8.445760481611046,e2e_bench_v1,64,64,256,0.1428571428571429,True
T11_p14,8,mix_s0,D16_all_enabled_8gb,-1,0.5238402096280241,8.39283855871462,e2e_bench_v1,64,64,256,0.1428571428571429,True
T11_p14,8,mix_s0,D17_all_enabled_16gb,-1,0.5238402096280241,7.816469300816821,e2e_bench_v1,64,64,256,0.1428571428571429,True
T11_p14,8,mix_s0,D18_edge_only_1gb,-1,0.5238402096280241,7.890162624141846,e2e_bench_v1,64,64,256,0.1428571428571429,True
T11_p14,8,mix_s0,D19_edge_only_8gb,-1,0.5238402096280241,7.974106481433489,e2e_bench_v1,64,64,256,0.1428571428571429,True
T11_p14,8,mix_s0,D1_default_4gb,-1,0.5238402096280241,7.249486736339067,e2e_bench_v1,64,64,256,0.1428571428571429,True
T11_p14,8,mix_s0,D20_edge_only_16gb,-1,0.5238402096280241,8.207350503110586,e2e_bench_v1,64,64,256,0.1428571428571429,True
T11_p14,8,mix_s0,D21_default_4gb_BL0,-1,0.5238402096280241,12.478754919749127,e2e_bench_v1,64,64,256,0.1428571428571429,True
T11_p14,8,mix_s0,D22_cublas_lt_8gb_BL0,-1,0.5238402096280241,9.926228271486314,e2e_bench_v1,64,64,256,0.1428571428571429,True
T11_p14,8,mix_s0,D23_all_enabled_4gb_BL0,-1,0.5238402096280241,9.496089984948698,e2e_bench_v1,64,64,256,0.1428571428571429,True
T11_p14,8,mix_s0,D24_edge_only_4gb_BL0,-1,0.5238402096280241,13.562485081266411,e2e_bench_v1,64,64,256,0.1428571428571429,True
T11_p14,8,mix_s0,D25_default_4gb_BL3,-1,,,e2e_bench_v1,64,64,256,0.1428571428571429,False
T11_p14,8,mix_s0,D26_cublas_lt_8gb_BL3,-1,,,e2e_bench_v1,64,64,256,0.1428571428571429,False
T11_p14,8,mix_s0,D27_all_enabled_4gb_BL3,-1,,,e2e_bench_v1,64,64,256,0.1428571428571429,False
T11_p14,8,mix_s0,D28_edge_only_4gb_BL3,-1,,,e2e_bench_v1,64,64,256,0.1428571428571429,False
T11_p14,8,mix_s0,D29_default_4gb_BL5,-1,0.5238402096280241,8.144171379427172,e2e_bench_v1,64,64,256,0.1428571428571429,True
T11_p14,8,mix_s0,D2_with_cudnn_8gb,-1,0.5238402096280241,7.830737052463589,e2e_bench_v1,64,64,256,0.1428571428571429,True
T11_p14,8,mix_s0,D30_cublas_lt_8gb_BL5,-1,0.5238402096280241,8.052651456281753,e2e_bench_v1,64,64,256,0.1428571428571429,True
T11_p14,8,mix_s0,D31_all_enabled_4gb_BL5,-1,0.5238402096280241,8.367976757107758,e2e_bench_v1,64,64,256,0.1428571428571429,True
T11_p14,8,mix_s0,D32_edge_only_4gb_BL5,-1,0.5238402096280241,7.991893023716742,e2e_bench_v1,64,64,256,0.1428571428571429,True
T11_p14,8,mix_s0,D3_cublas_lt_16gb,-1,0.5238402096280241,7.586591458256677,e2e_bench_v1,64,64,256,0.1428571428571429,True
T11_p14,8,mix_s0,D4_all_enabled_1gb,-1,0.5238402096280241,7.638281539419261,e2e_bench_v1,64,64,256,0.1428571428571429,True
T11_p14,8,mix_s0,D5_default_1gb,-1,0.5238402096280241,8.317578453479367,e2e_bench_v1,64,64,256,0.1428571428571429,True
T11_p14,8,mix_s0,D6_default_8gb,-1,0.5238402096280241,7.830123896050408,e2e_bench_v1,64,64,256,0.1428571428571429,True
T11_p14,8,mix_s0,D7_default_16gb,-1,0.5238402096280241,7.379191565288873,e2e_bench_v1,64,64,256,0.1428571428571429,True
T11_p14,8,mix_s0,D8_with_cudnn_4gb,-1,0.5238402096280241,7.789375292101574,e2e_bench_v1,64,64,256,0.1428571428571429,True
T11_p14,8,mix_s0,D9_cublas_lt_4gb,-1,0.5238402096280241,8.440093482475412,e2e_bench_v1,64,64,256,0.1428571428571429,True
T11_p14,8,mix_s2,D10_cublas_lt_8gb,-1,0.5251145456182452,8.21268218808849,e2e_bench_v1,64,64,256,0.1428571428571429,True
T11_p14,8,mix_s2,D11_all_enabled_4gb,-1,0.5251145456182452,8.156819753859807,e2e_bench_v1,64,64,256,0.1428571428571429,True
T11_p14,8,mix_s2,D12_edge_only_4gb,-1,0.5251145456182452,8.115960848604866,e2e_bench_v1,64,64,256,0.1428571428571429,True
T11_p14,8,mix_s2,D13_with_cudnn_1gb,-1,0.5251145456182452,8.10290035215205,e2e_bench_v1,64,64,256,0.1428571428571429,True
T11_p14,8,mix_s2,D14_with_cudnn_16gb,-1,0.5251145456182452,8.358715967487939,e2e_bench_v1,64,64,256,0.1428571428571429,True
T11_p14,8,mix_s2,D15_cublas_lt_1gb,-1,0.5251145456182452,8.749036512354078,e2e_bench_v1,64,64,256,0.1428571428571429,True
T11_p14,8,mix_s2,D16_all_enabled_8gb,-1,0.5251145456182452,7.838077852492077,e2e_bench_v1,64,64,256,0.1428571428571429,True
T11_p14,8,mix_s2,D17_all_enabled_16gb,-1,0.5251145456182452,8.217689892323609,e2e_bench_v1,64,64,256,0.1428571428571429,True
T11_p14,8,mix_s2,D18_edge_only_1gb,-1,0.5251145456182452,7.985874585033992,e2e_bench_v1,64,64,256,0.1428571428571429,True
T11_p14,8,mix_s2,D19_edge_only_8gb,-1,0.5251145456182452,8.41098070352807,e2e_bench_v1,64,64,256,0.1428571428571429,True
T11_p14,8,mix_s2,D1_default_4gb,-1,0.5251145456182452,7.412574246196793,e2e_bench_v1,64,64,256,0.1428571428571429,True
T11_p14,8,mix_s2,D20_edge_only_16gb,-1,0.5251145456182452,8.47021913303919,e2e_bench_v1,64,64,256,0.1428571428571429,True
T11_p14,8,mix_s2,D21_default_4gb_BL0,-1,0.5251145456182452,9.54518164003402,e2e_bench_v1,64,64,256,0.1428571428571429,True
T11_p14,8,mix_s2,D22_cublas_lt_8gb_BL0,-1,0.5251145456182452,10.356040678527785,e2e_bench_v1,64,64,256,0.1428571428571429,True
T11_p14,8,mix_s2,D23_all_enabled_4gb_BL0,-1,0.5251145456182452,12.537298462927208,e2e_bench_v1,64,64,256,0.1428571428571429,True
T11_p14,8,mix_s2,D24_edge_only_4gb_BL0,-1,0.5251145456182452,10.372292701951132,e2e_bench_v1,64,64,256,0.1428571428571429,True
T11_p14,8,mix_s2,D25_default_4gb_BL3,-1,,,e2e_bench_v1,64,64,256,0.1428571428571429,False
T11_p14,8,mix_s2,D26_cublas_lt_8gb_BL3,-1,,,e2e_bench_v1,64,64,256,0.1428571428571429,False
T11_p14,8,mix_s2,D27_all_enabled_4gb_BL3,-1,,,e2e_bench_v1,64,64,256,0.1428571428571429,False
T11_p14,8,mix_s2,D28_edge_only_4gb_BL3,-1,,,e2e_bench_v1,64,64,256,0.1428571428571429,False
T11_p14,8,mix_s2,D29_default_4gb_BL5,-1,0.5251145456182452,8.309070846461665,e2e_bench_v1,64,64,256,0.1428571428571429,True
T11_p14,8,mix_s2,D2_with_cudnn_8gb,-1,0.5251145456182452,6.946291965154621,e2e_bench_v1,64,64,256,0.1428571428571429,True
T11_p14,8,mix_s2,D30_cublas_lt_8gb_BL5,-1,0.5251145456182452,17.52648690333266,e2e_bench_v1,64,64,256,0.1428571428571429,True
T11_p14,8,mix_s2,D31_all_enabled_4gb_BL5,-1,0.5251145456182452,8.371023868300355,e2e_bench_v1,64,64,256,0.1428571428571429,True
T11_p14,8,mix_s2,D32_edge_only_4gb_BL5,-1,0.5251145456182452,7.045786337938459,e2e_bench_v1,64,64,256,0.1428571428571429,True
T11_p14,8,mix_s2,D3_cublas_lt_16gb,-1,0.5251145456182452,8.024233184216333,e2e_bench_v1,64,64,256,0.1428571428571429,True
T11_p14,8,mix_s2,D4_all_enabled_1gb,-1,0.5251145456182452,8.41636781547282,e2e_bench_v1,64,64,256,0.1428571428571429,True
T11_p14,8,mix_s2,D5_default_1gb,-1,0.5251145456182452,8.3520000534528,e2e_bench_v1,64,64,256,0.1428571428571429,True
T11_p14,8,mix_s2,D6_default_8gb,-1,0.5251145456182452,7.97337530518094,e2e_bench_v1,64,64,256,0.1428571428571429,True
T11_p14,8,mix_s2,D7_default_16gb,-1,0.5251145456182452,8.519179228196439,e2e_bench_v1,64,64,256,0.1428571428571429,True
T11_p14,8,mix_s2,D8_with_cudnn_4gb,-1,0.5251145456182452,8.224096768012211,e2e_bench_v1,64,64,256,0.1428571428571429,True
T11_p14,8,mix_s2,D9_cublas_lt_4gb,-1,0.5251145456182452,8.713063147053852,e2e_bench_v1,64,64,256,0.1428571428571429,True
T12_p21,8,fp16,D10_cublas_lt_8gb,-1,0.5323840543841387,8.30543399630076,e2e_bench_v1,32,64,256,0.2142857142857143,True
T12_p21,8,fp16,D11_all_enabled_4gb,-1,0.5323840543841387,8.689796007038735,e2e_bench_v1,32,64,256,0.2142857142857143,True
T12_p21,8,fp16,D12_edge_only_4gb,-1,0.5323840543841387,8.213828966724957,e2e_bench_v1,32,64,256,0.2142857142857143,True
T12_p21,8,fp16,D13_with_cudnn_1gb,-1,0.5323840543841387,7.80791285119992,e2e_bench_v1,32,64,256,0.2142857142857143,True
T12_p21,8,fp16,D14_with_cudnn_16gb,-1,0.5323840543841387,8.151188239465608,e2e_bench_v1,32,64,256,0.2142857142857143,True
T12_p21,8,fp16,D15_cublas_lt_1gb,-1,0.5323840543841387,8.240762105679533,e2e_bench_v1,32,64,256,0.2142857142857143,True
T12_p21,8,fp16,D16_all_enabled_8gb,-1,0.5323840543841387,8.432769743222162,e2e_bench_v1,32,64,256,0.2142857142857143,True
T12_p21,8,fp16,D17_all_enabled_16gb,-1,0.5323840543841387,8.371058905467306,e2e_bench_v1,32,64,256,0.2142857142857143,True
T12_p21,8,fp16,D18_edge_only_1gb,-1,0.5323840543841387,8.434291806254196,e2e_bench_v1,32,64,256,0.2142857142857143,True
T12_p21,8,fp16,D19_edge_only_8gb,-1,0.5323840543841387,8.487861933042653,e2e_bench_v1,32,64,256,0.2142857142857143,True
T12_p21,8,fp16,D1_default_4gb,-1,0.5323840543841387,7.195823544015053,e2e_bench_v1,32,64,256,0.2142857142857143,True
T12_p21,8,fp16,D20_edge_only_16gb,-1,0.5323840543841387,8.579890795149959,e2e_bench_v1,32,64,256,0.2142857142857143,True
T12_p21,8,fp16,D21_default_4gb_BL0,-1,0.5323840543841387,11.981615409315944,e2e_bench_v1,32,64,256,0.2142857142857143,True
T12_p21,8,fp16,D22_cublas_lt_8gb_BL0,-1,0.5323840543841387,9.642792398393896,e2e_bench_v1,32,64,256,0.2142857142857143,True
T12_p21,8,fp16,D23_all_enabled_4gb_BL0,-1,0.5323840543841387,9.736662233239796,e2e_bench_v1,32,64,256,0.2142857142857143,True
T12_p21,8,fp16,D24_edge_only_4gb_BL0,-1,0.5323840543841387,9.11225662301592,e2e_bench_v1,32,64,256,0.2142857142857143,True
T12_p21,8,fp16,D25_default_4gb_BL3,-1,0.5323840543841387,53.910680784076945,e2e_bench_v1,32,64,256,0.2142857142857143,True
T12_p21,8,fp16,D26_cublas_lt_8gb_BL3,-1,0.5323840543841387,30.035802676790738,e2e_bench_v1,32,64,256,0.2142857142857143,True
T12_p21,8,fp16,D27_all_enabled_4gb_BL3,-1,0.5323840543841387,12.728848790186566,e2e_bench_v1,32,64,256,0.2142857142857143,True
T12_p21,8,fp16,D28_edge_only_4gb_BL3,-1,0.5323840543841387,8.890184880284771,e2e_bench_v1,32,64,256,0.2142857142857143,True
T12_p21,8,fp16,D29_default_4gb_BL5,-1,0.5323840543841387,8.571609799750052,e2e_bench_v1,32,64,256,0.2142857142857143,True
T12_p21,8,fp16,D2_with_cudnn_8gb,-1,0.5323840543841387,8.512782794644439,e2e_bench_v1,32,64,256,0.2142857142857143,True
T12_p21,8,fp16,D30_cublas_lt_8gb_BL5,-1,0.5323840543841387,8.453521272018254,e2e_bench_v1,32,64,256,0.2142857142857143,True
T12_p21,8,fp16,D31_all_enabled_4gb_BL5,-1,0.5323840543841387,8.643385994603069,e2e_bench_v1,32,64,256,0.2142857142857143,True
T12_p21,8,fp16,D32_edge_only_4gb_BL5,-1,0.5323840543841387,8.447601219157807,e2e_bench_v1,32,64,256,0.2142857142857143,True
T12_p21,8,fp16,D3_cublas_lt_16gb,-1,0.5323840543841387,8.142719065606702,e2e_bench_v1,32,64,256,0.2142857142857143,True
T12_p21,8,fp16,D4_all_enabled_1gb,-1,0.5323840543841387,8.424394012277713,e2e_bench_v1,32,64,256,0.2142857142857143,True
T12_p21,8,fp16,D5_default_1gb,-1,0.5323840543841387,7.859410858562042,e2e_bench_v1,32,64,256,0.2142857142857143,True
T12_p21,8,fp16,D6_default_8gb,-1,0.5323840543841387,8.321163631522232,e2e_bench_v1,32,64,256,0.2142857142857143,True
T12_p21,8,fp16,D7_default_16gb,-1,0.5323840543841387,8.832346171442905,e2e_bench_v1,32,64,256,0.2142857142857143,True
T12_p21,8,fp16,D8_with_cudnn_4gb,-1,0.5323840543841387,7.797909380495089,e2e_bench_v1,32,64,256,0.2142857142857143,True
T12_p21,8,fp16,D9_cublas_lt_4gb,-1,0.5323840543841387,8.5084442054517,e2e_bench_v1,32,64,256,0.2142857142857143,True
T12_p21,8,fp32,D10_cublas_lt_8gb,-1,0.5321092578757537,10.897804746211923,e2e_bench_v1,32,64,256,0.2142857142857143,True
T12_p21,8,fp32,D11_all_enabled_4gb,-1,0.5321092578757537,11.020692452148154,e2e_bench_v1,32,64,256,0.2142857142857143,True
T12_p21,8,fp32,D12_edge_only_4gb,-1,0.5321092578757537,10.295395487322251,e2e_bench_v1,32,64,256,0.2142857142857143,True
T12_p21,8,fp32,D13_with_cudnn_1gb,-1,0.5321092578757537,10.65279246975406,e2e_bench_v1,32,64,256,0.2142857142857143,True
T12_p21,8,fp32,D14_with_cudnn_16gb,-1,0.5321092578757537,10.87290981899867,e2e_bench_v1,32,64,256,0.2142857142857143,True
T12_p21,8,fp32,D15_cublas_lt_1gb,-1,0.5321092578757537,10.526770102709696,e2e_bench_v1,32,64,256,0.2142857142857143,True
T12_p21,8,fp32,D16_all_enabled_8gb,-1,0.5321092578757537,10.44132341686044,e2e_bench_v1,32,64,256,0.2142857142857143,True
T12_p21,8,fp32,D17_all_enabled_16gb,-1,0.5321092578757537,9.856003784705454,e2e_bench_v1,32,64,256,0.2142857142857143,True
T12_p21,8,fp32,D18_edge_only_1gb,-1,0.5321092578757537,10.585864060568081,e2e_bench_v1,32,64,256,0.2142857142857143,True
T12_p21,8,fp32,D19_edge_only_8gb,-1,0.5321092578757537,10.44741034815995,e2e_bench_v1,32,64,256,0.2142857142857143,True
T12_p21,8,fp32,D1_default_4gb,-1,0.5321092578757537,9.032036633940587,e2e_bench_v1,32,64,256,0.2142857142857143,True
T12_p21,8,fp32,D20_edge_only_16gb,-1,0.5321092578757537,10.24105392734177,e2e_bench_v1,32,64,256,0.2142857142857143,True
T12_p21,8,fp32,D21_default_4gb_BL0,-1,0.5321092578757537,14.25888720792452,e2e_bench_v1,32,64,256,0.2142857142857143,True
T12_p21,8,fp32,D22_cublas_lt_8gb_BL0,-1,0.5321092578757537,20.678460281847414,e2e_bench_v1,32,64,256,0.2142857142857143,True
T12_p21,8,fp32,D23_all_enabled_4gb_BL0,-1,0.5321092578757537,13.73701851750096,e2e_bench_v1,32,64,256,0.2142857142857143,True
T12_p21,8,fp32,D24_edge_only_4gb_BL0,-1,0.5321092578757537,13.923833844105971,e2e_bench_v1,32,64,256,0.2142857142857143,True
T12_p21,8,fp32,D25_default_4gb_BL3,-1,,,e2e_bench_v1,32,64,256,0.2142857142857143,False
T12_p21,8,fp32,D26_cublas_lt_8gb_BL3,-1,,,e2e_bench_v1,32,64,256,0.2142857142857143,False
T12_p21,8,fp32,D27_all_enabled_4gb_BL3,-1,,,e2e_bench_v1,32,64,256,0.2142857142857143,False
T12_p21,8,fp32,D28_edge_only_4gb_BL3,-1,,,e2e_bench_v1,32,64,256,0.2142857142857143,False
T12_p21,8,fp32,D29_default_4gb_BL5,-1,0.5321092578757537,10.725769949395817,e2e_bench_v1,32,64,256,0.2142857142857143,True
T12_p21,8,fp32,D2_with_cudnn_8gb,-1,0.5321092578757537,10.27283625818103,e2e_bench_v1,32,64,256,0.2142857142857143,True
T12_p21,8,fp32,D30_cublas_lt_8gb_BL5,-1,0.5321092578757537,10.116071807924122,e2e_bench_v1,32,64,256,0.2142857142857143,True
T12_p21,8,fp32,D31_all_enabled_4gb_BL5,-1,0.5321092578757537,10.5542456564002,e2e_bench_v1,32,64,256,0.2142857142857143,True
T12_p21,8,fp32,D32_edge_only_4gb_BL5,-1,0.5321092578757537,19.691357660036584,e2e_bench_v1,32,64,256,0.2142857142857143,True
T12_p21,8,fp32,D3_cublas_lt_16gb,-1,0.5321092578757537,10.952854532948377,e2e_bench_v1,32,64,256,0.2142857142857143,True
T12_p21,8,fp32,D4_all_enabled_1gb,-1,0.5321092578757537,10.612185123202163,e2e_bench_v1,32,64,256,0.2142857142857143,True
T12_p21,8,fp32,D5_default_1gb,-1,0.5321092578757537,10.605870985942978,e2e_bench_v1,32,64,256,0.2142857142857143,True
T12_p21,8,fp32,D6_default_8gb,-1,0.5321092578757537,9.662405223882761,e2e_bench_v1,32,64,256,0.2142857142857143,True
T12_p21,8,fp32,D7_default_16gb,-1,0.5321092578757537,10.727461335547481,e2e_bench_v1,32,64,256,0.2142857142857143,True
T12_p21,8,fp32,D8_with_cudnn_4gb,-1,0.5321092578757537,10.40865417142429,e2e_bench_v1,32,64,256,0.2142857142857143,True
T12_p21,8,fp32,D9_cublas_lt_4gb,-1,0.5321092578757537,10.845081267616479,e2e_bench_v1,32,64,256,0.2142857142857143,True
T12_p21,8,int8_ent,D10_cublas_lt_8gb,-1,0.499636783268094,11.668366358699583,e2e_bench_v1,32,64,256,0.2142857142857143,True
T12_p21,8,int8_ent,D11_all_enabled_4gb,-1,0.499636783268094,10.082698291385947,e2e_bench_v1,32,64,256,0.2142857142857143,True
T12_p21,8,int8_ent,D12_edge_only_4gb,-1,0.499636783268094,9.446751026153331,e2e_bench_v1,32,64,256,0.2142857142857143,True
T12_p21,8,int8_ent,D13_with_cudnn_1gb,-1,0.499636783268094,7.281046198966238,e2e_bench_v1,32,64,256,0.2142857142857143,True
T12_p21,8,int8_ent,D14_with_cudnn_16gb,-1,0.499636783268094,7.676635545586165,e2e_bench_v1,32,64,256,0.2142857142857143,True
T12_p21,8,int8_ent,D15_cublas_lt_1gb,-1,0.499636783268094,7.835866799667445,e2e_bench_v1,32,64,256,0.2142857142857143,True
T12_p21,8,int8_ent,D16_all_enabled_8gb,-1,0.499636783268094,7.558179083495205,e2e_bench_v1,32,64,256,0.2142857142857143,True
T12_p21,8,int8_ent,D17_all_enabled_16gb,-1,0.499636783268094,7.80202212809516,e2e_bench_v1,32,64,256,0.2142857142857143,True
T12_p21,8,int8_ent,D18_edge_only_1gb,-1,0.499636783268094,7.808016490530829,e2e_bench_v1,32,64,256,0.2142857142857143,True
T12_p21,8,int8_ent,D19_edge_only_8gb,-1,0.499636783268094,7.254682897810536,e2e_bench_v1,32,64,256,0.2142857142857143,True
T12_p21,8,int8_ent,D1_default_4gb,-1,0.499636783268094,6.930434378835562,e2e_bench_v1,32,64,256,0.2142857142857143,True
T12_p21,8,int8_ent,D20_edge_only_16gb,-1,0.499636783268094,8.081134591296617,e2e_bench_v1,32,64,256,0.2142857142857143,True
T12_p21,8,int8_ent,D21_default_4gb_BL0,-1,0.499636783268094,9.299721659330736,e2e_bench_v1,32,64,256,0.2142857142857143,True
T12_p21,8,int8_ent,D22_cublas_lt_8gb_BL0,-1,0.499636783268094,8.333041676874643,e2e_bench_v1,32,64,256,0.2142857142857143,True
T12_p21,8,int8_ent,D23_all_enabled_4gb_BL0,-1,0.499636783268094,9.37198339284543,e2e_bench_v1,32,64,256,0.2142857142857143,True
T12_p21,8,int8_ent,D24_edge_only_4gb_BL0,-1,0.499636783268094,11.662718836340565,e2e_bench_v1,32,64,256,0.2142857142857143,True
T12_p21,8,int8_ent,D25_default_4gb_BL3,-1,0.499636783268094,39.480125704720244,e2e_bench_v1,32,64,256,0.2142857142857143,True
T12_p21,8,int8_ent,D26_cublas_lt_8gb_BL3,-1,,,e2e_bench_v1,32,64,256,0.2142857142857143,False
T12_p21,8,int8_ent,D27_all_enabled_4gb_BL3,-1,,,e2e_bench_v1,32,64,256,0.2142857142857143,False
T12_p21,8,int8_ent,D28_edge_only_4gb_BL3,-1,0.499636783268094,27.448547697341333,e2e_bench_v1,32,64,256,0.2142857142857143,True
T12_p21,8,int8_ent,D29_default_4gb_BL5,-1,0.499636783268094,8.12482328509355,e2e_bench_v1,32,64,256,0.2142857142857143,True
T12_p21,8,int8_ent,D2_with_cudnn_8gb,-1,0.499636783268094,7.835946621531614,e2e_bench_v1,32,64,256,0.2142857142857143,True
T12_p21,8,int8_ent,D30_cublas_lt_8gb_BL5,-1,0.499636783268094,8.208010690113122,e2e_bench_v1,32,64,256,0.2142857142857143,True
T12_p21,8,int8_ent,D31_all_enabled_4gb_BL5,-1,0.499636783268094,7.558738960461748,e2e_bench_v1,32,64,256,0.2142857142857143,True
T12_p21,8,int8_ent,D32_edge_only_4gb_BL5,-1,0.499636783268094,8.88500318083114,e2e_bench_v1,32,64,256,0.2142857142857143,True
T12_p21,8,int8_ent,D3_cublas_lt_16gb,-1,0.499636783268094,8.155329671046623,e2e_bench_v1,32,64,256,0.2142857142857143,True
T12_p21,8,int8_ent,D4_all_enabled_1gb,-1,0.499636783268094,7.023413955102124,e2e_bench_v1,32,64,256,0.2142857142857143,True
T12_p21,8,int8_ent,D5_default_1gb,-1,0.499636783268094,7.885539812513405,e2e_bench_v1,32,64,256,0.2142857142857143,True
T12_p21,8,int8_ent,D6_default_8gb,-1,0.499636783268094,7.673578258604192,e2e_bench_v1,32,64,256,0.2142857142857143,True
T12_p21,8,int8_ent,D7_default_16gb,-1,0.499636783268094,7.711259595698659,e2e_bench_v1,32,64,256,0.2142857142857143,True
T12_p21,8,int8_ent,D8_with_cudnn_4gb,-1,0.499636783268094,8.086466974060231,e2e_bench_v1,32,64,256,0.2142857142857143,True
T12_p21,8,int8_ent,D9_cublas_lt_4gb,-1,0.499636783268094,9.66832800769599,e2e_bench_v1,32,64,256,0.2142857142857143,True
T12_p21,8,int8_mm,D10_cublas_lt_8gb,-1,0.5240733356742635,8.050810273800007,e2e_bench_v1,32,64,256,0.2142857142857143,True
T12_p21,8,int8_mm,D11_all_enabled_4gb,-1,0.5240733356742635,7.933718541814266,e2e_bench_v1,32,64,256,0.2142857142857143,True
T12_p21,8,int8_mm,D12_edge_only_4gb,-1,0.5240733356742635,7.880773356050977,e2e_bench_v1,32,64,256,0.2142857142857143,True
T12_p21,8,int8_mm,D13_with_cudnn_1gb,-1,0.5240733356742635,8.18433077136499,e2e_bench_v1,32,64,256,0.2142857142857143,True
T12_p21,8,int8_mm,D14_with_cudnn_16gb,-1,0.5240733356742635,8.296765340096856,e2e_bench_v1,32,64,256,0.2142857142857143,True
T12_p21,8,int8_mm,D15_cublas_lt_1gb,-1,0.5240733356742635,8.030038769027177,e2e_bench_v1,32,64,256,0.2142857142857143,True
T12_p21,8,int8_mm,D16_all_enabled_8gb,-1,0.5240733356742635,7.879401039450585,e2e_bench_v1,32,64,256,0.2142857142857143,True
T12_p21,8,int8_mm,D17_all_enabled_16gb,-1,0.5240733356742635,8.277741401703063,e2e_bench_v1,32,64,256,0.2142857142857143,True
T12_p21,8,int8_mm,D18_edge_only_1gb,-1,0.5240733356742635,8.437245037001539,e2e_bench_v1,32,64,256,0.2142857142857143,True
T12_p21,8,int8_mm,D19_edge_only_8gb,-1,0.5240733356742635,7.74109445141573,e2e_bench_v1,32,64,256,0.2142857142857143,True
T12_p21,8,int8_mm,D1_default_4gb,-1,0.5240733356742635,7.727658758953458,e2e_bench_v1,32,64,256,0.2142857142857143,True
T12_p21,8,int8_mm,D20_edge_only_16gb,-1,0.5240733356742635,8.395107331447232,e2e_bench_v1,32,64,256,0.2142857142857143,True
T12_p21,8,int8_mm,D21_default_4gb_BL0,-1,0.5240733356742635,8.390486530751973,e2e_bench_v1,32,64,256,0.2142857142857143,True
T12_p21,8,int8_mm,D22_cublas_lt_8gb_BL0,-1,0.5240733356742635,11.26977705000062,e2e_bench_v1,32,64,256,0.2142857142857143,True
T12_p21,8,int8_mm,D23_all_enabled_4gb_BL0,-1,0.5240733356742635,12.934569188304044,e2e_bench_v1,32,64,256,0.2142857142857143,True
T12_p21,8,int8_mm,D24_edge_only_4gb_BL0,-1,0.5240733356742635,8.540672390055924,e2e_bench_v1,32,64,256,0.2142857142857143,True
T12_p21,8,int8_mm,D25_default_4gb_BL3,-1,0.5240733356742635,10.700234014117889,e2e_bench_v1,32,64,256,0.2142857142857143,True
T12_p21,8,int8_mm,D26_cublas_lt_8gb_BL3,-1,0.5240733356742635,11.937633029998079,e2e_bench_v1,32,64,256,0.2142857142857143,True
T12_p21,8,int8_mm,D27_all_enabled_4gb_BL3,-1,,,e2e_bench_v1,32,64,256,0.2142857142857143,False
T12_p21,8,int8_mm,D28_edge_only_4gb_BL3,-1,0.5240733356742635,33.31334532613765,e2e_bench_v1,32,64,256,0.2142857142857143,True
T12_p21,8,int8_mm,D29_default_4gb_BL5,-1,0.5240733356742635,8.005456519163461,e2e_bench_v1,32,64,256,0.2142857142857143,True
T12_p21,8,int8_mm,D2_with_cudnn_8gb,-1,0.5240733356742635,7.928202200868931,e2e_bench_v1,32,64,256,0.2142857142857143,True
T12_p21,8,int8_mm,D30_cublas_lt_8gb_BL5,-1,0.5240733356742635,16.397555452433153,e2e_bench_v1,32,64,256,0.2142857142857143,True
T12_p21,8,int8_mm,D31_all_enabled_4gb_BL5,-1,0.5240733356742635,7.8286098111269595,e2e_bench_v1,32,64,256,0.2142857142857143,True
T12_p21,8,int8_mm,D32_edge_only_4gb_BL5,-1,0.5240733356742635,8.368859140384265,e2e_bench_v1,32,64,256,0.2142857142857143,True
T12_p21,8,int8_mm,D3_cublas_lt_16gb,-1,0.5240733356742635,7.436016793500326,e2e_bench_v1,32,64,256,0.2142857142857143,True
T12_p21,8,int8_mm,D4_all_enabled_1gb,-1,0.5240733356742635,7.5423142686255575,e2e_bench_v1,32,64,256,0.2142857142857143,True
T12_p21,8,int8_mm,D5_default_1gb,-1,0.5240733356742635,7.222448525609358,e2e_bench_v1,32,64,256,0.2142857142857143,True
T12_p21,8,int8_mm,D6_default_8gb,-1,0.5240733356742635,7.064726316034879,e2e_bench_v1,32,64,256,0.2142857142857143,True
T12_p21,8,int8_mm,D7_default_16gb,-1,0.5240733356742635,8.088946050774315,e2e_bench_v1,32,64,256,0.2142857142857143,True
T12_p21,8,int8_mm,D8_with_cudnn_4gb,-1,0.5240733356742635,8.124301817812531,e2e_bench_v1,32,64,256,0.2142857142857143,True
T12_p21,8,int8_mm,D9_cublas_lt_4gb,-1,0.5240733356742635,7.960509504450323,e2e_bench_v1,32,64,256,0.2142857142857143,True
T12_p21,8,int8_pc_wo,D10_cublas_lt_8gb,-1,0.5237971979755263,9.916444042497913,e2e_bench_v1,32,64,256,0.2142857142857143,True
T12_p21,8,int8_pc_wo,D11_all_enabled_4gb,-1,0.5237971979755263,8.88129439537036,e2e_bench_v1,32,64,256,0.2142857142857143,True
T12_p21,8,int8_pc_wo,D12_edge_only_4gb,-1,0.5237971979755263,6.937352928117924,e2e_bench_v1,32,64,256,0.2142857142857143,True
T12_p21,8,int8_pc_wo,D13_with_cudnn_1gb,-1,0.5237971979755263,8.370568411818573,e2e_bench_v1,32,64,256,0.2142857142857143,True
T12_p21,8,int8_pc_wo,D14_with_cudnn_16gb,-1,0.5237971979755263,7.949106639650303,e2e_bench_v1,32,64,256,0.2142857142857143,True
T12_p21,8,int8_pc_wo,D15_cublas_lt_1gb,-1,0.5237971979755263,7.73157816200285,e2e_bench_v1,32,64,256,0.2142857142857143,True
T12_p21,8,int8_pc_wo,D16_all_enabled_8gb,-1,0.5237971979755263,7.800835313445364,e2e_bench_v1,32,64,256,0.2142857142857143,True
T12_p21,8,int8_pc_wo,D17_all_enabled_16gb,-1,0.5237971979755263,8.759942534776972,e2e_bench_v1,32,64,256,0.2142857142857143,True
T12_p21,8,int8_pc_wo,D18_edge_only_1gb,-1,0.5237971979755263,6.846520187649426,e2e_bench_v1,32,64,256,0.2142857142857143,True
T12_p21,8,int8_pc_wo,D19_edge_only_8gb,-1,0.5237971979755263,7.895090043501946,e2e_bench_v1,32,64,256,0.2142857142857143,True
T12_p21,8,int8_pc_wo,D1_default_4gb,-1,0.5237971979755263,5.979849104487697,e2e_bench_v1,32,64,256,0.2142857142857143,True
T12_p21,8,int8_pc_wo,D20_edge_only_16gb,-1,0.5237971979755263,8.583595204517032,e2e_bench_v1,32,64,256,0.2142857142857143,True
T12_p21,8,int8_pc_wo,D21_default_4gb_BL0,-1,0.5237971979755263,13.635012530576516,e2e_bench_v1,32,64,256,0.2142857142857143,True
T12_p21,8,int8_pc_wo,D22_cublas_lt_8gb_BL0,-1,0.5237971979755263,10.439971728556559,e2e_bench_v1,32,64,256,0.2142857142857143,True
T12_p21,8,int8_pc_wo,D23_all_enabled_4gb_BL0,-1,0.5237971979755263,9.798926037706266,e2e_bench_v1,32,64,256,0.2142857142857143,True
T12_p21,8,int8_pc_wo,D24_edge_only_4gb_BL0,-1,0.5237971979755263,9.836333251036011,e2e_bench_v1,32,64,256,0.2142857142857143,True
T12_p21,8,int8_pc_wo,D25_default_4gb_BL3,-1,0.5237971979755263,42.709490048688814,e2e_bench_v1,32,64,256,0.2142857142857143,True
T12_p21,8,int8_pc_wo,D26_cublas_lt_8gb_BL3,-1,0.5237971979755263,46.5876850113441,e2e_bench_v1,32,64,256,0.2142857142857143,True
T12_p21,8,int8_pc_wo,D27_all_enabled_4gb_BL3,-1,0.5237971979755263,11.32999400643317,e2e_bench_v1,32,64,256,0.2142857142857143,True
T12_p21,8,int8_pc_wo,D28_edge_only_4gb_BL3,-1,0.5237971979755263,43.00298440711785,e2e_bench_v1,32,64,256,0.2142857142857143,True
T12_p21,8,int8_pc_wo,D29_default_4gb_BL5,-1,0.5237971979755263,8.580398765452225,e2e_bench_v1,32,64,256,0.2142857142857143,True
T12_p21,8,int8_pc_wo,D2_with_cudnn_8gb,-1,0.5237971979755263,8.102079722844056,e2e_bench_v1,32,64,256,0.2142857142857143,True
T12_p21,8,int8_pc_wo,D30_cublas_lt_8gb_BL5,-1,0.5237971979755263,8.77681096329011,e2e_bench_v1,32,64,256,0.2142857142857143,True
T12_p21,8,int8_pc_wo,D31_all_enabled_4gb_BL5,-1,0.5237971979755263,8.020436071109186,e2e_bench_v1,32,64,256,0.2142857142857143,True
T12_p21,8,int8_pc_wo,D32_edge_only_4gb_BL5,-1,0.5237971979755263,8.944063824839454,e2e_bench_v1,32,64,256,0.2142857142857143,True
T12_p21,8,int8_pc_wo,D3_cublas_lt_16gb,-1,0.5237971979755263,7.721834800610642,e2e_bench_v1,32,64,256,0.2142857142857143,True
T12_p21,8,int8_pc_wo,D4_all_enabled_1gb,-1,0.5237971979755263,7.965379275516893,e2e_bench_v1,32,64,256,0.2142857142857143,True
T12_p21,8,int8_pc_wo,D5_default_1gb,-1,0.5237971979755263,8.022366357404444,e2e_bench_v1,32,64,256,0.2142857142857143,True
T12_p21,8,int8_pc_wo,D6_default_8gb,-1,0.5237971979755263,8.331236638779242,e2e_bench_v1,32,64,256,0.2142857142857143,True
T12_p21,8,int8_pc_wo,D7_default_16gb,-1,0.5237971979755263,6.966446805605482,e2e_bench_v1,32,64,256,0.2142857142857143,True
T12_p21,8,int8_pc_wo,D8_with_cudnn_4gb,-1,0.5237971979755263,9.194827357921527,e2e_bench_v1,32,64,256,0.2142857142857143,True
T12_p21,8,int8_pc_wo,D9_cublas_lt_4gb,-1,0.5237971979755263,8.479369270596175,e2e_bench_v1,32,64,256,0.2142857142857143,True
T12_p21,8,mix_s0,D10_cublas_lt_8gb,-1,0.5241600640644325,8.29834887752384,e2e_bench_v1,32,64,256,0.2142857142857143,True
T12_p21,8,mix_s0,D11_all_enabled_4gb,-1,0.5241600640644325,8.026087996423575,e2e_bench_v1,32,64,256,0.2142857142857143,True
T12_p21,8,mix_s0,D12_edge_only_4gb,-1,0.5241600640644325,8.419287239980838,e2e_bench_v1,32,64,256,0.2142857142857143,True
T12_p21,8,mix_s0,D13_with_cudnn_1gb,-1,0.5241600640644325,8.342343063842282,e2e_bench_v1,32,64,256,0.2142857142857143,True
T12_p21,8,mix_s0,D14_with_cudnn_16gb,-1,0.5241600640644325,7.935594713306802,e2e_bench_v1,32,64,256,0.2142857142857143,True
T12_p21,8,mix_s0,D15_cublas_lt_1gb,-1,0.5241600640644325,8.444284190695582,e2e_bench_v1,32,64,256,0.2142857142857143,True
T12_p21,8,mix_s0,D16_all_enabled_8gb,-1,0.5241600640644325,8.708950362466513,e2e_bench_v1,32,64,256,0.2142857142857143,True
T12_p21,8,mix_s0,D17_all_enabled_16gb,-1,0.5241600640644325,8.100675191277192,e2e_bench_v1,32,64,256,0.2142857142857143,True
T12_p21,8,mix_s0,D18_edge_only_1gb,-1,0.5241600640644325,7.933655598423742,e2e_bench_v1,32,64,256,0.2142857142857143,True
T12_p21,8,mix_s0,D19_edge_only_8gb,-1,0.5241600640644325,6.531384281178706,e2e_bench_v1,32,64,256,0.2142857142857143,True
T12_p21,8,mix_s0,D1_default_4gb,-1,0.5241600640644325,7.914479302449452,e2e_bench_v1,32,64,256,0.2142857142857143,True
T12_p21,8,mix_s0,D20_edge_only_16gb,-1,0.5241600640644325,6.342167549919201,e2e_bench_v1,32,64,256,0.2142857142857143,True
T12_p21,8,mix_s0,D21_default_4gb_BL0,-1,0.5241600640644325,10.070858560834028,e2e_bench_v1,32,64,256,0.2142857142857143,True
T12_p21,8,mix_s0,D22_cublas_lt_8gb_BL0,-1,0.5241600640644325,14.540780345518023,e2e_bench_v1,32,64,256,0.2142857142857143,True
T12_p21,8,mix_s0,D23_all_enabled_4gb_BL0,-1,0.5241600640644325,10.777069844034246,e2e_bench_v1,32,64,256,0.2142857142857143,True
T12_p21,8,mix_s0,D24_edge_only_4gb_BL0,-1,0.5241600640644325,10.626190797506245,e2e_bench_v1,32,64,256,0.2142857142857143,True
T12_p21,8,mix_s0,D25_default_4gb_BL3,-1,0.5241600640644325,32.57742840295673,e2e_bench_v1,32,64,256,0.2142857142857143,True
T12_p21,8,mix_s0,D26_cublas_lt_8gb_BL3,-1,0.5241600640644325,42.635923323555495,e2e_bench_v1,32,64,256,0.2142857142857143,True
T12_p21,8,mix_s0,D27_all_enabled_4gb_BL3,-1,0.5241600640644325,10.890814142811246,e2e_bench_v1,32,64,256,0.2142857142857143,True
T12_p21,8,mix_s0,D28_edge_only_4gb_BL3,-1,0.5241600640644325,42.226163330799764,e2e_bench_v1,32,64,256,0.2142857142857143,True
T12_p21,8,mix_s0,D29_default_4gb_BL5,-1,0.5241600640644325,7.4834167484853555,e2e_bench_v1,32,64,256,0.2142857142857143,True
T12_p21,8,mix_s0,D2_with_cudnn_8gb,-1,0.5241600640644325,8.35100266313475,e2e_bench_v1,32,64,256,0.2142857142857143,True
T12_p21,8,mix_s0,D30_cublas_lt_8gb_BL5,-1,0.5241600640644325,8.514689115928343,e2e_bench_v1,32,64,256,0.2142857142857143,True
T12_p21,8,mix_s0,D31_all_enabled_4gb_BL5,-1,0.5241600640644325,8.232024551190023,e2e_bench_v1,32,64,256,0.2142857142857143,True
T12_p21,8,mix_s0,D32_edge_only_4gb_BL5,-1,0.5241600640644325,8.198777726216576,e2e_bench_v1,32,64,256,0.2142857142857143,True
T12_p21,8,mix_s0,D3_cublas_lt_16gb,-1,0.5241600640644325,8.365505673904224,e2e_bench_v1,32,64,256,0.2142857142857143,True
T12_p21,8,mix_s0,D4_all_enabled_1gb,-1,0.5241600640644325,8.181973639317329,e2e_bench_v1,32,64,256,0.2142857142857143,True
T12_p21,8,mix_s0,D5_default_1gb,-1,0.5241600640644325,8.578941272857517,e2e_bench_v1,32,64,256,0.2142857142857143,True
T12_p21,8,mix_s0,D6_default_8gb,-1,0.5241600640644325,7.817501979782377,e2e_bench_v1,32,64,256,0.2142857142857143,True
T12_p21,8,mix_s0,D7_default_16gb,-1,0.5241600640644325,7.656451938919889,e2e_bench_v1,32,64,256,0.2142857142857143,True
T12_p21,8,mix_s0,D8_with_cudnn_4gb,-1,0.5241600640644325,8.300635745691762,e2e_bench_v1,32,64,256,0.2142857142857143,True
T12_p21,8,mix_s0,D9_cublas_lt_4gb,-1,0.5241600640644325,7.667735549002198,e2e_bench_v1,32,64,256,0.2142857142857143,True
T12_p21,8,mix_s2,D10_cublas_lt_8gb,-1,0.5320966853081219,8.25162845887636,e2e_bench_v1,32,64,256,0.2142857142857143,True
T12_p21,8,mix_s2,D11_all_enabled_4gb,-1,0.5320966853081219,8.561394616937521,e2e_bench_v1,32,64,256,0.2142857142857143,True
T12_p21,8,mix_s2,D12_edge_only_4gb,-1,0.5320966853081219,8.214841096221255,e2e_bench_v1,32,64,256,0.2142857142857143,True
T12_p21,8,mix_s2,D13_with_cudnn_1gb,-1,0.5320966853081219,8.333326388894676,e2e_bench_v1,32,64,256,0.2142857142857143,True
T12_p21,8,mix_s2,D14_with_cudnn_16gb,-1,0.5320966853081219,8.197480586316601,e2e_bench_v1,32,64,256,0.2142857142857143,True
T12_p21,8,mix_s2,D15_cublas_lt_1gb,-1,0.5320966853081219,8.492994553442593,e2e_bench_v1,32,64,256,0.2142857142857143,True
T12_p21,8,mix_s2,D16_all_enabled_8gb,-1,0.5320966853081219,8.370014923736608,e2e_bench_v1,32,64,256,0.2142857142857143,True
T12_p21,8,mix_s2,D17_all_enabled_16gb,-1,0.5320966853081219,7.962804149257986,e2e_bench_v1,32,64,256,0.2142857142857143,True
T12_p21,8,mix_s2,D18_edge_only_1gb,-1,0.5320966853081219,8.38354377425464,e2e_bench_v1,32,64,256,0.2142857142857143,True
T12_p21,8,mix_s2,D19_edge_only_8gb,-1,0.5320966853081219,8.433132428008458,e2e_bench_v1,32,64,256,0.2142857142857143,True
T12_p21,8,mix_s2,D1_default_4gb,-1,0.5320966853081219,7.510642580536621,e2e_bench_v1,32,64,256,0.2142857142857143,True
T12_p21,8,mix_s2,D20_edge_only_16gb,-1,0.5320966853081219,8.298748299793942,e2e_bench_v1,32,64,256,0.2142857142857143,True
T12_p21,8,mix_s2,D21_default_4gb_BL0,-1,0.5320966853081219,9.93413667385236,e2e_bench_v1,32,64,256,0.2142857142857143,True
T12_p21,8,mix_s2,D22_cublas_lt_8gb_BL0,-1,0.5320966853081219,10.613942262276883,e2e_bench_v1,32,64,256,0.2142857142857143,True
T12_p21,8,mix_s2,D23_all_enabled_4gb_BL0,-1,0.5320966853081219,10.932354960446741,e2e_bench_v1,32,64,256,0.2142857142857143,True
T12_p21,8,mix_s2,D24_edge_only_4gb_BL0,-1,0.5320966853081219,13.555260050886448,e2e_bench_v1,32,64,256,0.2142857142857143,True
T12_p21,8,mix_s2,D25_default_4gb_BL3,-1,0.5320966853081219,40.96195044423235,e2e_bench_v1,32,64,256,0.2142857142857143,True
T12_p21,8,mix_s2,D26_cublas_lt_8gb_BL3,-1,0.5320966853081219,11.778049719859087,e2e_bench_v1,32,64,256,0.2142857142857143,True
T12_p21,8,mix_s2,D27_all_enabled_4gb_BL3,-1,0.5320966853081219,29.647198339756894,e2e_bench_v1,32,64,256,0.2142857142857143,True
T12_p21,8,mix_s2,D28_edge_only_4gb_BL3,-1,0.5320966853081219,10.796186355131914,e2e_bench_v1,32,64,256,0.2142857142857143,True
T12_p21,8,mix_s2,D29_default_4gb_BL5,-1,0.5320966853081219,8.577962528028493,e2e_bench_v1,32,64,256,0.2142857142857143,True
T12_p21,8,mix_s2,D2_with_cudnn_8gb,-1,0.5320966853081219,7.7940257234024966,e2e_bench_v1,32,64,256,0.2142857142857143,True
T12_p21,8,mix_s2,D30_cublas_lt_8gb_BL5,-1,0.5320966853081219,17.458557748544393,e2e_bench_v1,32,64,256,0.2142857142857143,True
T12_p21,8,mix_s2,D31_all_enabled_4gb_BL5,-1,0.5320966853081219,8.164238350040087,e2e_bench_v1,32,64,256,0.2142857142857143,True
T12_p21,8,mix_s2,D32_edge_only_4gb_BL5,-1,0.5320966853081219,8.621982952615305,e2e_bench_v1,32,64,256,0.2142857142857143,True
T12_p21,8,mix_s2,D3_cublas_lt_16gb,-1,0.5320966853081219,8.281978167049155,e2e_bench_v1,32,64,256,0.2142857142857143,True
T12_p21,8,mix_s2,D4_all_enabled_1gb,-1,0.5320966853081219,8.86101410762056,e2e_bench_v1,32,64,256,0.2142857142857143,True
T12_p21,8,mix_s2,D5_default_1gb,-1,0.5320966853081219,7.46356659964384,e2e_bench_v1,32,64,256,0.2142857142857143,True
T12_p21,8,mix_s2,D6_default_8gb,-1,0.5320966853081219,7.817654766111405,e2e_bench_v1,32,64,256,0.2142857142857143,True
T12_p21,8,mix_s2,D7_default_16gb,-1,0.5320966853081219,8.255681766583807,e2e_bench_v1,32,64,256,0.2142857142857143,True
T12_p21,8,mix_s2,D8_with_cudnn_4gb,-1,0.5320966853081219,7.863953602673744,e2e_bench_v1,32,64,256,0.2142857142857143,True
T12_p21,8,mix_s2,D9_cublas_lt_4gb,-1,0.5320966853081219,8.278015494789402,e2e_bench_v1,32,64,256,0.2142857142857143,True
T13_p29,8,fp16,D10_cublas_lt_8gb,-1,0.5361866730715558,8.710315801209688,e2e_bench_v1,32,32,256,0.2857142857142857,True
T13_p29,8,fp16,D11_all_enabled_4gb,-1,0.5361866730715558,8.150364443546094,e2e_bench_v1,32,32,256,0.2857142857142857,True
T13_p29,8,fp16,D12_edge_only_4gb,-1,0.5361866730715558,8.150856043655985,e2e_bench_v1,32,32,256,0.2857142857142857,True
T13_p29,8,fp16,D13_with_cudnn_1gb,-1,0.5361866730715558,8.927104832777472,e2e_bench_v1,32,32,256,0.2857142857142857,True
T13_p29,8,fp16,D14_with_cudnn_16gb,-1,0.5361866730715558,8.26142451742954,e2e_bench_v1,32,32,256,0.2857142857142857,True
T13_p29,8,fp16,D15_cublas_lt_1gb,-1,0.5361866730715558,8.569736660562157,e2e_bench_v1,32,32,256,0.2857142857142857,True
T13_p29,8,fp16,D16_all_enabled_8gb,-1,0.5361866730715558,7.994685133323366,e2e_bench_v1,32,32,256,0.2857142857142857,True
T13_p29,8,fp16,D17_all_enabled_16gb,-1,0.5361866730715558,8.392084921185734,e2e_bench_v1,32,32,256,0.2857142857142857,True
T13_p29,8,fp16,D18_edge_only_1gb,-1,0.5361866730715558,8.102171625060665,e2e_bench_v1,32,32,256,0.2857142857142857,True
T13_p29,8,fp16,D19_edge_only_8gb,-1,0.5361866730715558,8.613138308913651,e2e_bench_v1,32,32,256,0.2857142857142857,True
T13_p29,8,fp16,D1_default_4gb,-1,0.5361866730715558,7.51309720670559,e2e_bench_v1,32,32,256,0.2857142857142857,True
T13_p29,8,fp16,D20_edge_only_16gb,-1,0.5361866730715558,8.347252376671433,e2e_bench_v1,32,32,256,0.2857142857142857,True
T13_p29,8,fp16,D21_default_4gb_BL0,-1,0.5361866730715558,13.81011369866608,e2e_bench_v1,32,32,256,0.2857142857142857,True
T13_p29,8,fp16,D22_cublas_lt_8gb_BL0,-1,0.5361866730715558,9.783979516260485,e2e_bench_v1,32,32,256,0.2857142857142857,True
T13_p29,8,fp16,D23_all_enabled_4gb_BL0,-1,0.5361866730715558,13.048272082569467,e2e_bench_v1,32,32,256,0.2857142857142857,True
T13_p29,8,fp16,D24_edge_only_4gb_BL0,-1,0.5361866730715558,9.644531502415473,e2e_bench_v1,32,32,256,0.2857142857142857,True
T13_p29,8,fp16,D25_default_4gb_BL3,-1,0.5361866730715558,14.714126591516717,e2e_bench_v1,32,32,256,0.2857142857142857,True
T13_p29,8,fp16,D26_cublas_lt_8gb_BL3,-1,0.5361866730715558,11.414547841223639,e2e_bench_v1,32,32,256,0.2857142857142857,True
T13_p29,8,fp16,D27_all_enabled_4gb_BL3,-1,0.5361866730715558,17.602968564618738,e2e_bench_v1,32,32,256,0.2857142857142857,True
T13_p29,8,fp16,D28_edge_only_4gb_BL3,-1,0.5361866730715558,40.08449812204127,e2e_bench_v1,32,32,256,0.2857142857142857,True
T13_p29,8,fp16,D29_default_4gb_BL5,-1,0.5361866730715558,8.600855785150623,e2e_bench_v1,32,32,256,0.2857142857142857,True
T13_p29,8,fp16,D2_with_cudnn_8gb,-1,0.5361866730715558,8.288671209963645,e2e_bench_v1,32,32,256,0.2857142857142857,True
T13_p29,8,fp16,D30_cublas_lt_8gb_BL5,-1,0.5361866730715558,8.547432265873008,e2e_bench_v1,32,32,256,0.2857142857142857,True
T13_p29,8,fp16,D31_all_enabled_4gb_BL5,-1,0.5361866730715558,8.261267542801626,e2e_bench_v1,32,32,256,0.2857142857142857,True
T13_p29,8,fp16,D32_edge_only_4gb_BL5,-1,0.5361866730715558,8.213707527945086,e2e_bench_v1,32,32,256,0.2857142857142857,True
T13_p29,8,fp16,D3_cublas_lt_16gb,-1,0.5361866730715558,8.307731673559315,e2e_bench_v1,32,32,256,0.2857142857142857,True
T13_p29,8,fp16,D4_all_enabled_1gb,-1,0.5361866730715558,8.071722093836998,e2e_bench_v1,32,32,256,0.2857142857142857,True
T13_p29,8,fp16,D5_default_1gb,-1,0.5361866730715558,8.30722096875488,e2e_bench_v1,32,32,256,0.2857142857142857,True
T13_p29,8,fp16,D6_default_8gb,-1,0.5361866730715558,8.557116183389269,e2e_bench_v1,32,32,256,0.2857142857142857,True
T13_p29,8,fp16,D7_default_16gb,-1,0.5361866730715558,8.336751401407911,e2e_bench_v1,32,32,256,0.2857142857142857,True
T13_p29,8,fp16,D8_with_cudnn_4gb,-1,0.5361866730715558,8.163545199100703,e2e_bench_v1,32,32,256,0.2857142857142857,True
T13_p29,8,fp16,D9_cublas_lt_4gb,-1,0.5361866730715558,8.881467929019308,e2e_bench_v1,32,32,256,0.2857142857142857,True
T13_p29,8,fp32,D10_cublas_lt_8gb,-1,0.5356510883354301,10.240089129735786,e2e_bench_v1,32,32,256,0.2857142857142857,True
T13_p29,8,fp32,D11_all_enabled_4gb,-1,0.5356510883354301,10.069165095037814,e2e_bench_v1,32,32,256,0.2857142857142857,True
T13_p29,8,fp32,D12_edge_only_4gb,-1,0.5356510883354301,10.260167056040007,e2e_bench_v1,32,32,256,0.2857142857142857,True
T13_p29,8,fp32,D13_with_cudnn_1gb,-1,0.5356510883354301,10.143675012882467,e2e_bench_v1,32,32,256,0.2857142857142857,True
T13_p29,8,fp32,D14_with_cudnn_16gb,-1,0.5356510883354301,9.211869309367735,e2e_bench_v1,32,32,256,0.2857142857142857,True
T13_p29,8,fp32,D15_cublas_lt_1gb,-1,0.5356510883354301,10.773284839187177,e2e_bench_v1,32,32,256,0.2857142857142857,True
T13_p29,8,fp32,D16_all_enabled_8gb,-1,0.5356510883354301,10.226454610903854,e2e_bench_v1,32,32,256,0.2857142857142857,True
T13_p29,8,fp32,D17_all_enabled_16gb,-1,0.5356510883354301,9.578112862735106,e2e_bench_v1,32,32,256,0.2857142857142857,True
T13_p29,8,fp32,D18_edge_only_1gb,-1,0.5356510883354301,10.468595261076297,e2e_bench_v1,32,32,256,0.2857142857142857,True
T13_p29,8,fp32,D19_edge_only_8gb,-1,0.5356510883354301,10.146948102419236,e2e_bench_v1,32,32,256,0.2857142857142857,True
T13_p29,8,fp32,D1_default_4gb,-1,0.5356510883354301,8.795345503159728,e2e_bench_v1,32,32,256,0.2857142857142857,True
T13_p29,8,fp32,D20_edge_only_16gb,-1,0.5356510883354301,10.072775805192515,e2e_bench_v1,32,32,256,0.2857142857142857,True
T13_p29,8,fp32,D21_default_4gb_BL0,-1,0.5356510883354301,14.321128390348134,e2e_bench_v1,32,32,256,0.2857142857142857,True
T13_p29,8,fp32,D22_cublas_lt_8gb_BL0,-1,0.5356510883354301,17.076152811076277,e2e_bench_v1,32,32,256,0.2857142857142857,True
T13_p29,8,fp32,D23_all_enabled_4gb_BL0,-1,0.5356510883354301,16.998881473599038,e2e_bench_v1,32,32,256,0.2857142857142857,True
T13_p29,8,fp32,D24_edge_only_4gb_BL0,-1,0.5356510883354301,14.01559374960581,e2e_bench_v1,32,32,256,0.2857142857142857,True
T13_p29,8,fp32,D25_default_4gb_BL3,-1,0.5356510883354301,13.395380736906684,e2e_bench_v1,32,32,256,0.2857142857142857,True
T13_p29,8,fp32,D26_cublas_lt_8gb_BL3,-1,0.5356510883354301,13.225256536913676,e2e_bench_v1,32,32,256,0.2857142857142857,True
T13_p29,8,fp32,D27_all_enabled_4gb_BL3,-1,0.5356510883354301,61.40092346988899,e2e_bench_v1,32,32,256,0.2857142857142857,True
T13_p29,8,fp32,D28_edge_only_4gb_BL3,-1,0.5356510883354301,13.059723421177388,e2e_bench_v1,32,32,256,0.2857142857142857,True
T13_p29,8,fp32,D29_default_4gb_BL5,-1,0.5356510883354301,10.601384752876422,e2e_bench_v1,32,32,256,0.2857142857142857,True
T13_p29,8,fp32,D2_with_cudnn_8gb,-1,0.5356510883354301,9.981285090455396,e2e_bench_v1,32,32,256,0.2857142857142857,True
T13_p29,8,fp32,D30_cublas_lt_8gb_BL5,-1,0.5356510883354301,10.74594018379856,e2e_bench_v1,32,32,256,0.2857142857142857,True
T13_p29,8,fp32,D31_all_enabled_4gb_BL5,-1,0.5356510883354301,19.951796459753236,e2e_bench_v1,32,32,256,0.2857142857142857,True
T13_p29,8,fp32,D32_edge_only_4gb_BL5,-1,0.5356510883354301,10.316542472689532,e2e_bench_v1,32,32,256,0.2857142857142857,True
T13_p29,8,fp32,D3_cublas_lt_16gb,-1,0.5356510883354301,9.793801307276599,e2e_bench_v1,32,32,256,0.2857142857142857,True
T13_p29,8,fp32,D4_all_enabled_1gb,-1,0.5356510883354301,10.469515910523329,e2e_bench_v1,32,32,256,0.2857142857142857,True
T13_p29,8,fp32,D5_default_1gb,-1,0.5356510883354301,10.63394248100512,e2e_bench_v1,32,32,256,0.2857142857142857,True
T13_p29,8,fp32,D6_default_8gb,-1,0.5356510883354301,10.034840967840342,e2e_bench_v1,32,32,256,0.2857142857142857,True
T13_p29,8,fp32,D7_default_16gb,-1,0.5356510883354301,10.551027406293688,e2e_bench_v1,32,32,256,0.2857142857142857,True
T13_p29,8,fp32,D8_with_cudnn_4gb,-1,0.5356510883354301,10.02770655320651,e2e_bench_v1,32,32,256,0.2857142857142857,True
T13_p29,8,fp32,D9_cublas_lt_4gb,-1,0.5356510883354301,10.275855336508572,e2e_bench_v1,32,32,256,0.2857142857142857,True
T13_p29,8,int8_ent,D10_cublas_lt_8gb,-1,0.5227938306019324,9.373222016948661,e2e_bench_v1,32,32,256,0.2857142857142857,True
T13_p29,8,int8_ent,D11_all_enabled_4gb,-1,0.5227938306019324,8.58783378762974,e2e_bench_v1,32,32,256,0.2857142857142857,True
T13_p29,8,int8_ent,D12_edge_only_4gb,-1,0.5227938306019324,10.467094073007981,e2e_bench_v1,32,32,256,0.2857142857142857,True
T13_p29,8,int8_ent,D13_with_cudnn_1gb,-1,0.5227938306019324,8.267933975586445,e2e_bench_v1,32,32,256,0.2857142857142857,True
T13_p29,8,int8_ent,D14_with_cudnn_16gb,-1,0.5227938306019324,7.950478062245883,e2e_bench_v1,32,32,256,0.2857142857142857,True
T13_p29,8,int8_ent,D15_cublas_lt_1gb,-1,0.5227938306019324,7.923371489649304,e2e_bench_v1,32,32,256,0.2857142857142857,True
T13_p29,8,int8_ent,D16_all_enabled_8gb,-1,0.5227938306019324,7.9687815015893735,e2e_bench_v1,32,32,256,0.2857142857142857,True
T13_p29,8,int8_ent,D17_all_enabled_16gb,-1,0.5227938306019324,7.8142276769004395,e2e_bench_v1,32,32,256,0.2857142857142857,True
T13_p29,8,int8_ent,D18_edge_only_1gb,-1,0.5227938306019324,7.972625194133424,e2e_bench_v1,32,32,256,0.2857142857142857,True
T13_p29,8,int8_ent,D19_edge_only_8gb,-1,0.5227938306019324,7.113594862277247,e2e_bench_v1,32,32,256,0.2857142857142857,True
T13_p29,8,int8_ent,D1_default_4gb,-1,0.5227938306019324,7.014044220743194,e2e_bench_v1,32,32,256,0.2857142857142857,True
T13_p29,8,int8_ent,D20_edge_only_16gb,-1,0.5227938306019324,8.610409123589507,e2e_bench_v1,32,32,256,0.2857142857142857,True
T13_p29,8,int8_ent,D21_default_4gb_BL0,-1,0.5227938306019324,11.423753868368653,e2e_bench_v1,32,32,256,0.2857142857142857,True
T13_p29,8,int8_ent,D22_cublas_lt_8gb_BL0,-1,0.5227938306019324,9.934738701470044,e2e_bench_v1,32,32,256,0.2857142857142857,True
T13_p29,8,int8_ent,D23_all_enabled_4gb_BL0,-1,0.5227938306019324,8.926475300889166,e2e_bench_v1,32,32,256,0.2857142857142857,True
T13_p29,8,int8_ent,D24_edge_only_4gb_BL0,-1,0.5227938306019324,9.374768560401165,e2e_bench_v1,32,32,256,0.2857142857142857,True
T13_p29,8,int8_ent,D25_default_4gb_BL3,-1,0.5227938306019324,41.382678038626594,e2e_bench_v1,32,32,256,0.2857142857142857,True
T13_p29,8,int8_ent,D26_cublas_lt_8gb_BL3,-1,0.5227938306019324,45.02962949620851,e2e_bench_v1,32,32,256,0.2857142857142857,True
T13_p29,8,int8_ent,D27_all_enabled_4gb_BL3,-1,0.5227938306019324,10.787695985466817,e2e_bench_v1,32,32,256,0.2857142857142857,True
T13_p29,8,int8_ent,D28_edge_only_4gb_BL3,-1,0.5227938306019324,11.932419548644297,e2e_bench_v1,32,32,256,0.2857142857142857,True
T13_p29,8,int8_ent,D29_default_4gb_BL5,-1,0.5227938306019324,8.331257461682464,e2e_bench_v1,32,32,256,0.2857142857142857,True
T13_p29,8,int8_ent,D2_with_cudnn_8gb,-1,0.5227938306019324,8.026925518960802,e2e_bench_v1,32,32,256,0.2857142857142857,True
T13_p29,8,int8_ent,D30_cublas_lt_8gb_BL5,-1,0.5227938306019324,8.724724473201137,e2e_bench_v1,32,32,256,0.2857142857142857,True
T13_p29,8,int8_ent,D31_all_enabled_4gb_BL5,-1,0.5227938306019324,8.503010916165413,e2e_bench_v1,32,32,256,0.2857142857142857,True
T13_p29,8,int8_ent,D32_edge_only_4gb_BL5,-1,0.5227938306019324,8.383937382048481,e2e_bench_v1,32,32,256,0.2857142857142857,True
T13_p29,8,int8_ent,D3_cublas_lt_16gb,-1,0.5227938306019324,8.22611957487414,e2e_bench_v1,32,32,256,0.2857142857142857,True
T13_p29,8,int8_ent,D4_all_enabled_1gb,-1,0.5227938306019324,8.58667605476582,e2e_bench_v1,32,32,256,0.2857142857142857,True
T13_p29,8,int8_ent,D5_default_1gb,-1,0.5227938306019324,7.842540606714627,e2e_bench_v1,32,32,256,0.2857142857142857,True
T13_p29,8,int8_ent,D6_default_8gb,-1,0.5227938306019324,7.69850795217379,e2e_bench_v1,32,32,256,0.2857142857142857,True
T13_p29,8,int8_ent,D7_default_16gb,-1,0.5227938306019324,8.082349441994594,e2e_bench_v1,32,32,256,0.2857142857142857,True
T13_p29,8,int8_ent,D8_with_cudnn_4gb,-1,0.5227938306019324,8.065999232116873,e2e_bench_v1,32,32,256,0.2857142857142857,True
T13_p29,8,int8_ent,D9_cublas_lt_4gb,-1,0.5227938306019324,10.295257695447747,e2e_bench_v1,32,32,256,0.2857142857142857,True
T13_p29,8,int8_mm,D10_cublas_lt_8gb,-1,0.5216747868134665,7.963488995652732,e2e_bench_v1,32,32,256,0.2857142857142857,True
T13_p29,8,int8_mm,D11_all_enabled_4gb,-1,0.5216747868134665,8.093122707117173,e2e_bench_v1,32,32,256,0.2857142857142857,True
T13_p29,8,int8_mm,D12_edge_only_4gb,-1,0.5216747868134665,8.294308611317087,e2e_bench_v1,32,32,256,0.2857142857142857,True
T13_p29,8,int8_mm,D13_with_cudnn_1gb,-1,0.5216747868134665,8.178995684761878,e2e_bench_v1,32,32,256,0.2857142857142857,True
T13_p29,8,int8_mm,D14_with_cudnn_16gb,-1,0.5216747868134665,7.788993062343879,e2e_bench_v1,32,32,256,0.2857142857142857,True
T13_p29,8,int8_mm,D15_cublas_lt_1gb,-1,0.5216747868134665,8.36661153069668,e2e_bench_v1,32,32,256,0.2857142857142857,True
T13_p29,8,int8_mm,D16_all_enabled_8gb,-1,0.5216747868134665,8.08217960219512,e2e_bench_v1,32,32,256,0.2857142857142857,True
T13_p29,8,int8_mm,D17_all_enabled_16gb,-1,0.5216747868134665,8.404350091607416,e2e_bench_v1,32,32,256,0.2857142857142857,True
T13_p29,8,int8_mm,D18_edge_only_1gb,-1,0.5216747868134665,8.07215864051933,e2e_bench_v1,32,32,256,0.2857142857142857,True
T13_p29,8,int8_mm,D19_edge_only_8gb,-1,0.5216747868134665,6.992923860345716,e2e_bench_v1,32,32,256,0.2857142857142857,True
T13_p29,8,int8_mm,D1_default_4gb,-1,0.5216747868134665,7.542063976311886,e2e_bench_v1,32,32,256,0.2857142857142857,True
T13_p29,8,int8_mm,D20_edge_only_16gb,-1,0.5216747868134665,8.479527452894105,e2e_bench_v1,32,32,256,0.2857142857142857,True
T13_p29,8,int8_mm,D21_default_4gb_BL0,-1,0.5216747868134665,9.003315020590582,e2e_bench_v1,32,32,256,0.2857142857142857,True
T13_p29,8,int8_mm,D22_cublas_lt_8gb_BL0,-1,0.5216747868134665,10.159215220942613,e2e_bench_v1,32,32,256,0.2857142857142857,True
T13_p29,8,int8_mm,D23_all_enabled_4gb_BL0,-1,0.5216747868134665,12.570947283732565,e2e_bench_v1,32,32,256,0.2857142857142857,True
T13_p29,8,int8_mm,D24_edge_only_4gb_BL0,-1,0.5216747868134665,8.90506047871824,e2e_bench_v1,32,32,256,0.2857142857142857,True
T13_p29,8,int8_mm,D25_default_4gb_BL3,-1,0.5216747868134665,11.681287745161027,e2e_bench_v1,32,32,256,0.2857142857142857,True
T13_p29,8,int8_mm,D26_cublas_lt_8gb_BL3,-1,0.5216747868134665,9.96680058724389,e2e_bench_v1,32,32,256,0.2857142857142857,True
T13_p29,8,int8_mm,D27_all_enabled_4gb_BL3,-1,0.5216747868134665,48.63813229571985,e2e_bench_v1,32,32,256,0.2857142857142857,True
T13_p29,8,int8_mm,D28_edge_only_4gb_BL3,-1,0.5216747868134665,39.51959974549378,e2e_bench_v1,32,32,256,0.2857142857142857,True
T13_p29,8,int8_mm,D29_default_4gb_BL5,-1,0.5216747868134665,8.066422146523331,e2e_bench_v1,32,32,256,0.2857142857142857,True
T13_p29,8,int8_mm,D2_with_cudnn_8gb,-1,0.5216747868134665,8.139915377439737,e2e_bench_v1,32,32,256,0.2857142857142857,True
T13_p29,8,int8_mm,D30_cublas_lt_8gb_BL5,-1,0.5216747868134665,16.205301726512847,e2e_bench_v1,32,32,256,0.2857142857142857,True
T13_p29,8,int8_mm,D31_all_enabled_4gb_BL5,-1,0.5216747868134665,8.233658041360957,e2e_bench_v1,32,32,256,0.2857142857142857,True
T13_p29,8,int8_mm,D32_edge_only_4gb_BL5,-1,0.5216747868134665,8.208509269048667,e2e_bench_v1,32,32,256,0.2857142857142857,True
T13_p29,8,int8_mm,D3_cublas_lt_16gb,-1,0.5216747868134665,8.227398718664924,e2e_bench_v1,32,32,256,0.2857142857142857,True
T13_p29,8,int8_mm,D4_all_enabled_1gb,-1,0.5216747868134665,7.880034356949796,e2e_bench_v1,32,32,256,0.2857142857142857,True
T13_p29,8,int8_mm,D5_default_1gb,-1,0.5216747868134665,8.251111012097779,e2e_bench_v1,32,32,256,0.2857142857142857,True
T13_p29,8,int8_mm,D6_default_8gb,-1,0.5216747868134665,7.544618876032858,e2e_bench_v1,32,32,256,0.2857142857142857,True
T13_p29,8,int8_mm,D7_default_16gb,-1,0.5216747868134665,8.253664833527708,e2e_bench_v1,32,32,256,0.2857142857142857,True
T13_p29,8,int8_mm,D8_with_cudnn_4gb,-1,0.5216747868134665,8.14861110997936,e2e_bench_v1,32,32,256,0.2857142857142857,True
T13_p29,8,int8_mm,D9_cublas_lt_4gb,-1,0.5216747868134665,8.076213612619568,e2e_bench_v1,32,32,256,0.2857142857142857,True
T13_p29,8,int8_pc_wo,D10_cublas_lt_8gb,-1,0.5312492377652334,8.626966517017554,e2e_bench_v1,32,32,256,0.2857142857142857,True
T13_p29,8,int8_pc_wo,D11_all_enabled_4gb,-1,0.5312492377652334,10.533511841247336,e2e_bench_v1,32,32,256,0.2857142857142857,True
T13_p29,8,int8_pc_wo,D12_edge_only_4gb,-1,0.5312492377652334,8.397483106363362,e2e_bench_v1,32,32,256,0.2857142857142857,True
T13_p29,8,int8_pc_wo,D13_with_cudnn_1gb,-1,0.5312492377652334,8.032109159576322,e2e_bench_v1,32,32,256,0.2857142857142857,True
T13_p29,8,int8_pc_wo,D14_with_cudnn_16gb,-1,0.5312492377652334,8.460530356805947,e2e_bench_v1,32,32,256,0.2857142857142857,True
T13_p29,8,int8_pc_wo,D15_cublas_lt_1gb,-1,0.5312492377652334,7.8857325806138725,e2e_bench_v1,32,32,256,0.2857142857142857,True
T13_p29,8,int8_pc_wo,D16_all_enabled_8gb,-1,0.5312492377652334,7.957962857004161,e2e_bench_v1,32,32,256,0.2857142857142857,True
T13_p29,8,int8_pc_wo,D17_all_enabled_16gb,-1,0.5312492377652334,6.290142905756675,e2e_bench_v1,32,32,256,0.2857142857142857,True
T13_p29,8,int8_pc_wo,D18_edge_only_1gb,-1,0.5312492377652334,8.254891229425716,e2e_bench_v1,32,32,256,0.2857142857142857,True
T13_p29,8,int8_pc_wo,D19_edge_only_8gb,-1,0.5312492377652334,8.54496359845507,e2e_bench_v1,32,32,256,0.2857142857142857,True
T13_p29,8,int8_pc_wo,D1_default_4gb,-1,0.5312492377652334,6.650842096372032,e2e_bench_v1,32,32,256,0.2857142857142857,True
T13_p29,8,int8_pc_wo,D20_edge_only_16gb,-1,0.5312492377652334,8.513413308337952,e2e_bench_v1,32,32,256,0.2857142857142857,True
T13_p29,8,int8_pc_wo,D21_default_4gb_BL0,-1,0.5312492377652334,10.624068402001999,e2e_bench_v1,32,32,256,0.2857142857142857,True
T13_p29,8,int8_pc_wo,D22_cublas_lt_8gb_BL0,-1,0.5312492377652334,13.399185865466814,e2e_bench_v1,32,32,256,0.2857142857142857,True
T13_p29,8,int8_pc_wo,D23_all_enabled_4gb_BL0,-1,0.5312492377652334,10.101489666681145,e2e_bench_v1,32,32,256,0.2857142857142857,True
T13_p29,8,int8_pc_wo,D24_edge_only_4gb_BL0,-1,0.5312492377652334,9.813378972087806,e2e_bench_v1,32,32,256,0.2857142857142857,True
T13_p29,8,int8_pc_wo,D25_default_4gb_BL3,-1,0.5312492377652334,10.949340685450625,e2e_bench_v1,32,32,256,0.2857142857142857,True
T13_p29,8,int8_pc_wo,D26_cublas_lt_8gb_BL3,-1,0.5312492377652334,48.202295393306635,e2e_bench_v1,32,32,256,0.2857142857142857,True
T13_p29,8,int8_pc_wo,D27_all_enabled_4gb_BL3,-1,0.5312492377652334,32.959354524001,e2e_bench_v1,32,32,256,0.2857142857142857,True
T13_p29,8,int8_pc_wo,D28_edge_only_4gb_BL3,-1,0.5312492377652334,50.36641567402855,e2e_bench_v1,32,32,256,0.2857142857142857,True
T13_p29,8,int8_pc_wo,D29_default_4gb_BL5,-1,0.5312492377652334,8.496147846566366,e2e_bench_v1,32,32,256,0.2857142857142857,True
T13_p29,8,int8_pc_wo,D2_with_cudnn_8gb,-1,0.5312492377652334,7.285369375512707,e2e_bench_v1,32,32,256,0.2857142857142857,True
T13_p29,8,int8_pc_wo,D30_cublas_lt_8gb_BL5,-1,0.5312492377652334,8.135511589443034,e2e_bench_v1,32,32,256,0.2857142857142857,True
T13_p29,8,int8_pc_wo,D31_all_enabled_4gb_BL5,-1,0.5312492377652334,8.128389538437528,e2e_bench_v1,32,32,256,0.2857142857142857,True
T13_p29,8,int8_pc_wo,D32_edge_only_4gb_BL5,-1,0.5312492377652334,7.901684085929234,e2e_bench_v1,32,32,256,0.2857142857142857,True
T13_p29,8,int8_pc_wo,D3_cublas_lt_16gb,-1,0.5312492377652334,8.559503959626532,e2e_bench_v1,32,32,256,0.2857142857142857,True
T13_p29,8,int8_pc_wo,D4_all_enabled_1gb,-1,0.5312492377652334,8.491371916995142,e2e_bench_v1,32,32,256,0.2857142857142857,True
T13_p29,8,int8_pc_wo,D5_default_1gb,-1,0.5312492377652334,8.126123944518076,e2e_bench_v1,32,32,256,0.2857142857142857,True
T13_p29,8,int8_pc_wo,D6_default_8gb,-1,0.5312492377652334,8.62905835400712,e2e_bench_v1,32,32,256,0.2857142857142857,True
T13_p29,8,int8_pc_wo,D7_default_16gb,-1,0.5312492377652334,8.629385993298419,e2e_bench_v1,32,32,256,0.2857142857142857,True
T13_p29,8,int8_pc_wo,D8_with_cudnn_4gb,-1,0.5312492377652334,8.005943612537948,e2e_bench_v1,32,32,256,0.2857142857142857,True
T13_p29,8,int8_pc_wo,D9_cublas_lt_4gb,-1,0.5312492377652334,7.835117781408049,e2e_bench_v1,32,32,256,0.2857142857142857,True
T13_p29,8,mix_s0,D10_cublas_lt_8gb,-1,0.5197055099089084,8.648446695731213,e2e_bench_v1,32,32,256,0.2857142857142857,True
T13_p29,8,mix_s0,D11_all_enabled_4gb,-1,0.5197055099089084,8.515885532873021,e2e_bench_v1,32,32,256,0.2857142857142857,True
T13_p29,8,mix_s0,D12_edge_only_4gb,-1,0.5197055099089084,8.202496675938221,e2e_bench_v1,32,32,256,0.2857142857142857,True
T13_p29,8,mix_s0,D13_with_cudnn_1gb,-1,0.5197055099089084,7.923679122690248,e2e_bench_v1,32,32,256,0.2857142857142857,True
T13_p29,8,mix_s0,D14_with_cudnn_16gb,-1,0.5197055099089084,7.499242576499773,e2e_bench_v1,32,32,256,0.2857142857142857,True
T13_p29,8,mix_s0,D15_cublas_lt_1gb,-1,0.5197055099089084,8.122091276061761,e2e_bench_v1,32,32,256,0.2857142857142857,True
T13_p29,8,mix_s0,D16_all_enabled_8gb,-1,0.5197055099089084,7.766375013396997,e2e_bench_v1,32,32,256,0.2857142857142857,True
T13_p29,8,mix_s0,D17_all_enabled_16gb,-1,0.5197055099089084,6.4250339884297984,e2e_bench_v1,32,32,256,0.2857142857142857,True
T13_p29,8,mix_s0,D18_edge_only_1gb,-1,0.5197055099089084,8.648199877195562,e2e_bench_v1,32,32,256,0.2857142857142857,True
T13_p29,8,mix_s0,D19_edge_only_8gb,-1,0.5197055099089084,8.64349058723875,e2e_bench_v1,32,32,256,0.2857142857142857,True
T13_p29,8,mix_s0,D1_default_4gb,-1,0.5197055099089084,8.224549952626592,e2e_bench_v1,32,32,256,0.2857142857142857,True
T13_p29,8,mix_s0,D20_edge_only_16gb,-1,0.5197055099089084,8.352495349748214,e2e_bench_v1,32,32,256,0.2857142857142857,True
T13_p29,8,mix_s0,D21_default_4gb_BL0,-1,0.5197055099089084,10.179463949428424,e2e_bench_v1,32,32,256,0.2857142857142857,True
T13_p29,8,mix_s0,D22_cublas_lt_8gb_BL0,-1,0.5197055099089084,14.299646226752351,e2e_bench_v1,32,32,256,0.2857142857142857,True
T13_p29,8,mix_s0,D23_all_enabled_4gb_BL0,-1,0.5197055099089084,12.935389025357244,e2e_bench_v1,32,32,256,0.2857142857142857,True
T13_p29,8,mix_s0,D24_edge_only_4gb_BL0,-1,0.5197055099089084,10.177505880054023,e2e_bench_v1,32,32,256,0.2857142857142857,True
T13_p29,8,mix_s0,D25_default_4gb_BL3,-1,0.5197055099089084,35.44389939603595,e2e_bench_v1,32,32,256,0.2857142857142857,True
T13_p29,8,mix_s0,D26_cublas_lt_8gb_BL3,-1,0.5197055099089084,8.244913506734857,e2e_bench_v1,32,32,256,0.2857142857142857,True
T13_p29,8,mix_s0,D27_all_enabled_4gb_BL3,-1,0.5197055099089084,41.7142904816332,e2e_bench_v1,32,32,256,0.2857142857142857,True
T13_p29,8,mix_s0,D28_edge_only_4gb_BL3,-1,0.5197055099089084,8.06334564337435,e2e_bench_v1,32,32,256,0.2857142857142857,True
T13_p29,8,mix_s0,D29_default_4gb_BL5,-1,0.5197055099089084,8.276254762984616,e2e_bench_v1,32,32,256,0.2857142857142857,True
T13_p29,8,mix_s0,D2_with_cudnn_8gb,-1,0.5197055099089084,8.529963201738747,e2e_bench_v1,32,32,256,0.2857142857142857,True
T13_p29,8,mix_s0,D30_cublas_lt_8gb_BL5,-1,0.5197055099089084,8.592585973118954,e2e_bench_v1,32,32,256,0.2857142857142857,True
T13_p29,8,mix_s0,D31_all_enabled_4gb_BL5,-1,0.5197055099089084,8.17356733711715,e2e_bench_v1,32,32,256,0.2857142857142857,True
T13_p29,8,mix_s0,D32_edge_only_4gb_BL5,-1,0.5197055099089084,8.2019786453284,e2e_bench_v1,32,32,256,0.2857142857142857,True
T13_p29,8,mix_s0,D3_cublas_lt_16gb,-1,0.5197055099089084,8.319163025646315,e2e_bench_v1,32,32,256,0.2857142857142857,True
T13_p29,8,mix_s0,D4_all_enabled_1gb,-1,0.5197055099089084,8.913633134470178,e2e_bench_v1,32,32,256,0.2857142857142857,True
T13_p29,8,mix_s0,D5_default_1gb,-1,0.5197055099089084,8.368845132847047,e2e_bench_v1,32,32,256,0.2857142857142857,True
T13_p29,8,mix_s0,D6_default_8gb,-1,0.5197055099089084,8.207747949909756,e2e_bench_v1,32,32,256,0.2857142857142857,True
T13_p29,8,mix_s0,D7_default_16gb,-1,0.5197055099089084,7.648797800205753,e2e_bench_v1,32,32,256,0.2857142857142857,True
T13_p29,8,mix_s0,D8_with_cudnn_4gb,-1,0.5197055099089084,8.21215612622741,e2e_bench_v1,32,32,256,0.2857142857142857,True
T13_p29,8,mix_s0,D9_cublas_lt_4gb,-1,0.5197055099089084,8.35840157271684,e2e_bench_v1,32,32,256,0.2857142857142857,True
T13_p29,8,mix_s2,D10_cublas_lt_8gb,-1,0.5366227141182841,7.754312366965078,e2e_bench_v1,32,32,256,0.2857142857142857,True
T13_p29,8,mix_s2,D11_all_enabled_4gb,-1,0.5366227141182841,8.468433068892397,e2e_bench_v1,32,32,256,0.2857142857142857,True
T13_p29,8,mix_s2,D12_edge_only_4gb,-1,0.5366227141182841,9.202070097689177,e2e_bench_v1,32,32,256,0.2857142857142857,True
T13_p29,8,mix_s2,D13_with_cudnn_1gb,-1,0.5366227141182841,7.887368379540167,e2e_bench_v1,32,32,256,0.2857142857142857,True
T13_p29,8,mix_s2,D14_with_cudnn_16gb,-1,0.5366227141182841,8.471575323317673,e2e_bench_v1,32,32,256,0.2857142857142857,True
T13_p29,8,mix_s2,D15_cublas_lt_1gb,-1,0.5366227141182841,8.059901185611464,e2e_bench_v1,32,32,256,0.2857142857142857,True
T13_p29,8,mix_s2,D16_all_enabled_8gb,-1,0.5366227141182841,8.17496384622239,e2e_bench_v1,32,32,256,0.2857142857142857,True
T13_p29,8,mix_s2,D17_all_enabled_16gb,-1,0.5366227141182841,7.975919105038069,e2e_bench_v1,32,32,256,0.2857142857142857,True
T13_p29,8,mix_s2,D18_edge_only_1gb,-1,0.5366227141182841,8.763258810580409,e2e_bench_v1,32,32,256,0.2857142857142857,True
T13_p29,8,mix_s2,D19_edge_only_8gb,-1,0.5366227141182841,8.341375809843324,e2e_bench_v1,32,32,256,0.2857142857142857,True
T13_p29,8,mix_s2,D1_default_4gb,-1,0.5366227141182841,7.516039227711937,e2e_bench_v1,32,32,256,0.2857142857142857,True
T13_p29,8,mix_s2,D20_edge_only_16gb,-1,0.5366227141182841,7.28795512368753,e2e_bench_v1,32,32,256,0.2857142857142857,True
T13_p29,8,mix_s2,D21_default_4gb_BL0,-1,0.5366227141182841,11.06028296627941,e2e_bench_v1,32,32,256,0.2857142857142857,True
T13_p29,8,mix_s2,D22_cublas_lt_8gb_BL0,-1,0.5366227141182841,11.038904410815036,e2e_bench_v1,32,32,256,0.2857142857142857,True
T13_p29,8,mix_s2,D23_all_enabled_4gb_BL0,-1,0.5366227141182841,10.199595892010759,e2e_bench_v1,32,32,256,0.2857142857142857,True
T13_p29,8,mix_s2,D24_edge_only_4gb_BL0,-1,0.5366227141182841,15.48519769951903,e2e_bench_v1,32,32,256,0.2857142857142857,True
T13_p29,8,mix_s2,D25_default_4gb_BL3,-1,0.5366227141182841,10.635729456822661,e2e_bench_v1,32,32,256,0.2857142857142857,True
T13_p29,8,mix_s2,D26_cublas_lt_8gb_BL3,-1,0.5366227141182841,8.251505899826718,e2e_bench_v1,32,32,256,0.2857142857142857,True
T13_p29,8,mix_s2,D27_all_enabled_4gb_BL3,-1,0.5366227141182841,8.68843699362703,e2e_bench_v1,32,32,256,0.2857142857142857,True
T13_p29,8,mix_s2,D28_edge_only_4gb_BL3,-1,0.5366227141182841,12.609306929444623,e2e_bench_v1,32,32,256,0.2857142857142857,True
T13_p29,8,mix_s2,D29_default_4gb_BL5,-1,0.5366227141182841,8.662808829134757,e2e_bench_v1,32,32,256,0.2857142857142857,True
T13_p29,8,mix_s2,D2_with_cudnn_8gb,-1,0.5366227141182841,7.846374268914078,e2e_bench_v1,32,32,256,0.2857142857142857,True
T13_p29,8,mix_s2,D30_cublas_lt_8gb_BL5,-1,0.5366227141182841,16.90734268985678,e2e_bench_v1,32,32,256,0.2857142857142857,True
T13_p29,8,mix_s2,D31_all_enabled_4gb_BL5,-1,0.5366227141182841,8.743673951895804,e2e_bench_v1,32,32,256,0.2857142857142857,True
T13_p29,8,mix_s2,D32_edge_only_4gb_BL5,-1,0.5366227141182841,8.762260593134945,e2e_bench_v1,32,32,256,0.2857142857142857,True
T13_p29,8,mix_s2,D3_cublas_lt_16gb,-1,0.5366227141182841,8.59312498442496,e2e_bench_v1,32,32,256,0.2857142857142857,True
T13_p29,8,mix_s2,D4_all_enabled_1gb,-1,0.5366227141182841,8.268542413074881,e2e_bench_v1,32,32,256,0.2857142857142857,True
T13_p29,8,mix_s2,D5_default_1gb,-1,0.5366227141182841,8.661893385951448,e2e_bench_v1,32,32,256,0.2857142857142857,True
T13_p29,8,mix_s2,D6_default_8gb,-1,0.5366227141182841,7.055848451664615,e2e_bench_v1,32,32,256,0.2857142857142857,True
T13_p29,8,mix_s2,D7_default_16gb,-1,0.5366227141182841,7.484044018153297,e2e_bench_v1,32,32,256,0.2857142857142857,True
T13_p29,8,mix_s2,D8_with_cudnn_4gb,-1,0.5366227141182841,8.255681766583807,e2e_bench_v1,32,32,256,0.2857142857142857,True
T13_p29,8,mix_s2,D9_cublas_lt_4gb,-1,0.5366227141182841,8.363623590102154,e2e_bench_v1,32,32,256,0.2857142857142857,True
T14_p36,8,fp16,D10_cublas_lt_8gb,-1,0.5377843227712942,7.897178732897673,e2e_bench_v1,16,16,256,0.3571428571428571,True
T14_p36,8,fp16,D11_all_enabled_4gb,-1,0.5377843227712942,7.586482102730072,e2e_bench_v1,16,16,256,0.3571428571428571,True
T14_p36,8,fp16,D12_edge_only_4gb,-1,0.5377843227712942,7.8082847462815,e2e_bench_v1,16,16,256,0.3571428571428571,True
T14_p36,8,fp16,D13_with_cudnn_1gb,-1,0.5377843227712942,8.212992461294219,e2e_bench_v1,16,16,256,0.3571428571428571,True
T14_p36,8,fp16,D14_with_cudnn_16gb,-1,0.5377843227712942,8.116270443870715,e2e_bench_v1,16,16,256,0.3571428571428571,True
T14_p36,8,fp16,D15_cublas_lt_1gb,-1,0.5377843227712942,8.316029062858368,e2e_bench_v1,16,16,256,0.3571428571428571,True
T14_p36,8,fp16,D16_all_enabled_8gb,-1,0.5377843227712942,7.948000998268925,e2e_bench_v1,16,16,256,0.3571428571428571,True
T14_p36,8,fp16,D17_all_enabled_16gb,-1,0.5377843227712942,8.316264201060656,e2e_bench_v1,16,16,256,0.3571428571428571,True
T14_p36,8,fp16,D18_edge_only_1gb,-1,0.5377843227712942,7.744763571730065,e2e_bench_v1,16,16,256,0.3571428571428571,True
T14_p36,8,fp16,D19_edge_only_8gb,-1,0.5377843227712942,8.176407629896543,e2e_bench_v1,16,16,256,0.3571428571428571,True
T14_p36,8,fp16,D1_default_4gb,-1,0.5377843227712942,6.756177003730086,e2e_bench_v1,16,16,256,0.3571428571428571,True
T14_p36,8,fp16,D20_edge_only_16gb,-1,0.5377843227712942,8.132111022832527,e2e_bench_v1,16,16,256,0.3571428571428571,True
T14_p36,8,fp16,D21_default_4gb_BL0,-1,0.5377843227712942,12.575721563464008,e2e_bench_v1,16,16,256,0.3571428571428571,True
T14_p36,8,fp16,D22_cublas_lt_8gb_BL0,-1,0.5377843227712942,9.06059727457234,e2e_bench_v1,16,16,256,0.3571428571428571,True
T14_p36,8,fp16,D23_all_enabled_4gb_BL0,-1,0.5377843227712942,9.577709222663541,e2e_bench_v1,16,16,256,0.3571428571428571,True
T14_p36,8,fp16,D24_edge_only_4gb_BL0,-1,0.5377843227712942,11.225927401927493,e2e_bench_v1,16,16,256,0.3571428571428571,True
T14_p36,8,fp16,D25_default_4gb_BL3,-1,0.5377843227712942,11.821392938372714,e2e_bench_v1,16,16,256,0.3571428571428571,True
T14_p36,8,fp16,D26_cublas_lt_8gb_BL3,-1,0.5377843227712942,40.273051287730816,e2e_bench_v1,16,16,256,0.3571428571428571,True
T14_p36,8,fp16,D27_all_enabled_4gb_BL3,-1,0.5377843227712942,41.9092162557468,e2e_bench_v1,16,16,256,0.3571428571428571,True
T14_p36,8,fp16,D28_edge_only_4gb_BL3,-1,0.5377843227712942,10.702535858846394,e2e_bench_v1,16,16,256,0.3571428571428571,True
T14_p36,8,fp16,D29_default_4gb_BL5,-1,0.5377843227712942,7.728602398185324,e2e_bench_v1,16,16,256,0.3571428571428571,True
T14_p36,8,fp16,D2_with_cudnn_8gb,-1,0.5377843227712942,8.67262070987135,e2e_bench_v1,16,16,256,0.3571428571428571,True
T14_p36,8,fp16,D30_cublas_lt_8gb_BL5,-1,0.5377843227712942,8.223785655250682,e2e_bench_v1,16,16,256,0.3571428571428571,True
T14_p36,8,fp16,D31_all_enabled_4gb_BL5,-1,0.5377843227712942,8.068719671699935,e2e_bench_v1,16,16,256,0.3571428571428571,True
T14_p36,8,fp16,D32_edge_only_4gb_BL5,-1,0.5377843227712942,8.246592920135045,e2e_bench_v1,16,16,256,0.3571428571428571,True
T14_p36,8,fp16,D3_cublas_lt_16gb,-1,0.5377843227712942,7.298423029735965,e2e_bench_v1,16,16,256,0.3571428571428571,True
T14_p36,8,fp16,D4_all_enabled_1gb,-1,0.5377843227712942,7.988688017766842,e2e_bench_v1,16,16,256,0.3571428571428571,True
T14_p36,8,fp16,D5_default_1gb,-1,0.5377843227712942,8.355726680837979,e2e_bench_v1,16,16,256,0.3571428571428571,True
T14_p36,8,fp16,D6_default_8gb,-1,0.5377843227712942,8.252241308739453,e2e_bench_v1,16,16,256,0.3571428571428571,True
T14_p36,8,fp16,D7_default_16gb,-1,0.5377843227712942,7.819079021958319,e2e_bench_v1,16,16,256,0.3571428571428571,True
T14_p36,8,fp16,D8_with_cudnn_4gb,-1,0.5377843227712942,8.156686688613592,e2e_bench_v1,16,16,256,0.3571428571428571,True
T14_p36,8,fp16,D9_cublas_lt_4gb,-1,0.5377843227712942,8.132124249099977,e2e_bench_v1,16,16,256,0.3571428571428571,True
T14_p36,8,fp32,D10_cublas_lt_8gb,-1,0.5369367573966185,9.963583103755774,e2e_bench_v1,16,16,256,0.3571428571428571,True
T14_p36,8,fp32,D11_all_enabled_4gb,-1,0.5369367573966185,10.34762858221967,e2e_bench_v1,16,16,256,0.3571428571428571,True
T14_p36,8,fp32,D12_edge_only_4gb,-1,0.5369367573966185,10.376393290209043,e2e_bench_v1,16,16,256,0.3571428571428571,True
T14_p36,8,fp32,D13_with_cudnn_1gb,-1,0.5369367573966185,10.199699924828211,e2e_bench_v1,16,16,256,0.3571428571428571,True
T14_p36,8,fp32,D14_with_cudnn_16gb,-1,0.5369367573966185,10.169463947216414,e2e_bench_v1,16,16,256,0.3571428571428571,True
T14_p36,8,fp32,D15_cublas_lt_1gb,-1,0.5369367573966185,9.377291575628794,e2e_bench_v1,16,16,256,0.3571428571428571,True
T14_p36,8,fp32,D16_all_enabled_8gb,-1,0.5369367573966185,10.043801016231786,e2e_bench_v1,16,16,256,0.3571428571428571,True
T14_p36,8,fp32,D17_all_enabled_16gb,-1,0.5369367573966185,9.660295701651428,e2e_bench_v1,16,16,256,0.3571428571428571,True
T14_p36,8,fp32,D18_edge_only_1gb,-1,0.5369367573966185,10.828299978559967,e2e_bench_v1,16,16,256,0.3571428571428571,True
T14_p36,8,fp32,D19_edge_only_8gb,-1,0.5369367573966185,9.712424813691412,e2e_bench_v1,16,16,256,0.3571428571428571,True
T14_p36,8,fp32,D1_default_4gb,-1,0.5369367573966185,9.035790767228994,e2e_bench_v1,16,16,256,0.3571428571428571,True
T14_p36,8,fp32,D20_edge_only_16gb,-1,0.5369367573966185,9.922239409745822,e2e_bench_v1,16,16,256,0.3571428571428571,True
T14_p36,8,fp32,D21_default_4gb_BL0,-1,0.5369367573966185,14.430951504787467,e2e_bench_v1,16,16,256,0.3571428571428571,True
T14_p36,8,fp32,D22_cublas_lt_8gb_BL0,-1,0.5369367573966185,13.591831852729785,e2e_bench_v1,16,16,256,0.3571428571428571,True
T14_p36,8,fp32,D23_all_enabled_4gb_BL0,-1,0.5369367573966185,14.582020951447703,e2e_bench_v1,16,16,256,0.3571428571428571,True
T14_p36,8,fp32,D24_edge_only_4gb_BL0,-1,0.5369367573966185,18.12842173960335,e2e_bench_v1,16,16,256,0.3571428571428571,True
T14_p36,8,fp32,D25_default_4gb_BL3,-1,0.5369367573966185,47.20766652504367,e2e_bench_v1,16,16,256,0.3571428571428571,True
T14_p36,8,fp32,D26_cublas_lt_8gb_BL3,-1,0.5369367573966185,14.545094884926481,e2e_bench_v1,16,16,256,0.3571428571428571,True
T14_p36,8,fp32,D27_all_enabled_4gb_BL3,-1,0.5369367573966185,30.744918633572837,e2e_bench_v1,16,16,256,0.3571428571428571,True
T14_p36,8,fp32,D28_edge_only_4gb_BL3,-1,0.5369367573966185,12.62251730862686,e2e_bench_v1,16,16,256,0.3571428571428571,True
T14_p36,8,fp32,D29_default_4gb_BL5,-1,0.5369367573966185,10.057255958169861,e2e_bench_v1,16,16,256,0.3571428571428571,True
T14_p36,8,fp32,D2_with_cudnn_8gb,-1,0.5369367573966185,9.905776256250546,e2e_bench_v1,16,16,256,0.3571428571428571,True
T14_p36,8,fp32,D30_cublas_lt_8gb_BL5,-1,0.5369367573966185,10.42845299114103,e2e_bench_v1,16,16,256,0.3571428571428571,True
T14_p36,8,fp32,D31_all_enabled_4gb_BL5,-1,0.5369367573966185,19.970363979853897,e2e_bench_v1,16,16,256,0.3571428571428571,True
T14_p36,8,fp32,D32_edge_only_4gb_BL5,-1,0.5369367573966185,9.6699828261105,e2e_bench_v1,16,16,256,0.3571428571428571,True
T14_p36,8,fp32,D3_cublas_lt_16gb,-1,0.5369367573966185,10.04388171923132,e2e_bench_v1,16,16,256,0.3571428571428571,True
T14_p36,8,fp32,D4_all_enabled_1gb,-1,0.5369367573966185,10.126479731850816,e2e_bench_v1,16,16,256,0.3571428571428571,True
T14_p36,8,fp32,D5_default_1gb,-1,0.5369367573966185,10.33113349064206,e2e_bench_v1,16,16,256,0.3571428571428571,True
T14_p36,8,fp32,D6_default_8gb,-1,0.5369367573966185,10.286055194972176,e2e_bench_v1,16,16,256,0.3571428571428571,True
T14_p36,8,fp32,D7_default_16gb,-1,0.5369367573966185,9.550396007170438,e2e_bench_v1,16,16,256,0.3571428571428571,True
T14_p36,8,fp32,D8_with_cudnn_4gb,-1,0.5369367573966185,9.657841974526477,e2e_bench_v1,16,16,256,0.3571428571428571,True
T14_p36,8,fp32,D9_cublas_lt_4gb,-1,0.5369367573966185,10.720457634895519,e2e_bench_v1,16,16,256,0.3571428571428571,True
T14_p36,8,int8_ent,D10_cublas_lt_8gb,-1,0.0065277104192439,10.536308646410966,e2e_bench_v1,16,16,256,0.3571428571428571,True
T14_p36,8,int8_ent,D11_all_enabled_4gb,-1,0.0065277104192439,8.892556574444926,e2e_bench_v1,16,16,256,0.3571428571428571,True
T14_p36,8,int8_ent,D12_edge_only_4gb,-1,0.0065277104192439,7.455425872564405,e2e_bench_v1,16,16,256,0.3571428571428571,True
T14_p36,8,int8_ent,D13_with_cudnn_1gb,-1,0.0065277104192439,3.5840765214673636,e2e_bench_v1,16,16,256,0.3571428571428571,True
T14_p36,8,int8_ent,D14_with_cudnn_16gb,-1,0.0065277104192439,7.50748496250762,e2e_bench_v1,16,16,256,0.3571428571428571,True
T14_p36,8,int8_ent,D15_cublas_lt_1gb,-1,0.0065277104192439,4.19640519145679,e2e_bench_v1,16,16,256,0.3571428571428571,True
T14_p36,8,int8_ent,D16_all_enabled_8gb,-1,0.0065277104192439,3.6367233413632185,e2e_bench_v1,16,16,256,0.3571428571428571,True
T14_p36,8,int8_ent,D17_all_enabled_16gb,-1,0.0065277104192439,3.3406861836234887,e2e_bench_v1,16,16,256,0.3571428571428571,True
T14_p36,8,int8_ent,D18_edge_only_1gb,-1,0.0065277104192439,3.6130026183429975,e2e_bench_v1,16,16,256,0.3571428571428571,True
T14_p36,8,int8_ent,D19_edge_only_8gb,-1,0.0065277104192439,3.4084231680066313,e2e_bench_v1,16,16,256,0.3571428571428571,True
T14_p36,8,int8_ent,D1_default_4gb,-1,0.0065277104192439,3.3228773459514063,e2e_bench_v1,16,16,256,0.3571428571428571,True
T14_p36,8,int8_ent,D20_edge_only_16gb,-1,0.0065277104192439,3.5696233618998394,e2e_bench_v1,16,16,256,0.3571428571428571,True
T14_p36,8,int8_ent,D21_default_4gb_BL0,-1,0.0065277104192439,8.860401712892859,e2e_bench_v1,16,16,256,0.3571428571428571,True
T14_p36,8,int8_ent,D22_cublas_lt_8gb_BL0,-1,0.0065277104192439,11.025577133835071,e2e_bench_v1,16,16,256,0.3571428571428571,True
T14_p36,8,int8_ent,D23_all_enabled_4gb_BL0,-1,0.0065277104192439,8.817152535857154,e2e_bench_v1,16,16,256,0.3571428571428571,True
T14_p36,8,int8_ent,D24_edge_only_4gb_BL0,-1,0.0065277104192439,9.601370307570297,e2e_bench_v1,16,16,256,0.3571428571428571,True
T14_p36,8,int8_ent,D25_default_4gb_BL3,-1,,,e2e_bench_v1,16,16,256,0.3571428571428571,False
T14_p36,8,int8_ent,D26_cublas_lt_8gb_BL3,-1,0.0065277104192439,5.710891812865497,e2e_bench_v1,16,16,256,0.3571428571428571,True
T14_p36,8,int8_ent,D27_all_enabled_4gb_BL3,-1,0.0065277104192439,4.697051895377866,e2e_bench_v1,16,16,256,0.3571428571428571,True
T14_p36,8,int8_ent,D28_edge_only_4gb_BL3,-1,,,e2e_bench_v1,16,16,256,0.3571428571428571,False
T14_p36,8,int8_ent,D29_default_4gb_BL5,-1,0.0065277104192439,7.011044498398326,e2e_bench_v1,16,16,256,0.3571428571428571,True
T14_p36,8,int8_ent,D2_with_cudnn_8gb,-1,0.0065277104192439,7.570716167037253,e2e_bench_v1,16,16,256,0.3571428571428571,True
T14_p36,8,int8_ent,D30_cublas_lt_8gb_BL5,-1,0.0065277104192439,6.582905773603337,e2e_bench_v1,16,16,256,0.3571428571428571,True
T14_p36,8,int8_ent,D31_all_enabled_4gb_BL5,-1,0.0065277104192439,3.7298833404387612,e2e_bench_v1,16,16,256,0.3571428571428571,True
T14_p36,8,int8_ent,D32_edge_only_4gb_BL5,-1,0.0065277104192439,3.7521706307098657,e2e_bench_v1,16,16,256,0.3571428571428571,True
T14_p36,8,int8_ent,D3_cublas_lt_16gb,-1,0.0065277104192439,3.8452280335580746,e2e_bench_v1,16,16,256,0.3571428571428571,True
T14_p36,8,int8_ent,D4_all_enabled_1gb,-1,0.0065277104192439,3.5218063203744947,e2e_bench_v1,16,16,256,0.3571428571428571,True
T14_p36,8,int8_ent,D5_default_1gb,-1,0.0065277104192439,7.680237903049285,e2e_bench_v1,16,16,256,0.3571428571428571,True
T14_p36,8,int8_ent,D6_default_8gb,-1,0.0065277104192439,7.492471938819471,e2e_bench_v1,16,16,256,0.3571428571428571,True
T14_p36,8,int8_ent,D7_default_16gb,-1,0.0065277104192439,3.516466204649894,e2e_bench_v1,16,16,256,0.3571428571428571,True
T14_p36,8,int8_ent,D8_with_cudnn_4gb,-1,0.0065277104192439,3.5330607930237594,e2e_bench_v1,16,16,256,0.3571428571428571,True
T14_p36,8,int8_ent,D9_cublas_lt_4gb,-1,0.0065277104192439,4.447518173671137,e2e_bench_v1,16,16,256,0.3571428571428571,True
T14_p36,8,int8_mm,D10_cublas_lt_8gb,-1,0.532629691542943,7.532905614952516,e2e_bench_v1,16,16,256,0.3571428571428571,True
T14_p36,8,int8_mm,D11_all_enabled_4gb,-1,0.532629691542943,7.116642481943298,e2e_bench_v1,16,16,256,0.3571428571428571,True
T14_p36,8,int8_mm,D12_edge_only_4gb,-1,0.532629691542943,7.8930772187637395,e2e_bench_v1,16,16,256,0.3571428571428571,True
T14_p36,8,int8_mm,D13_with_cudnn_1gb,-1,0.532629691542943,8.106697104612062,e2e_bench_v1,16,16,256,0.3571428571428571,True
T14_p36,8,int8_mm,D14_with_cudnn_16gb,-1,0.532629691542943,8.272277035249,e2e_bench_v1,16,16,256,0.3571428571428571,True
T14_p36,8,int8_mm,D15_cublas_lt_1gb,-1,0.532629691542943,7.564542568328623,e2e_bench_v1,16,16,256,0.3571428571428571,True
T14_p36,8,int8_mm,D16_all_enabled_8gb,-1,0.532629691542943,7.495167490760332,e2e_bench_v1,16,16,256,0.3571428571428571,True
T14_p36,8,int8_mm,D17_all_enabled_16gb,-1,0.532629691542943,7.565223575052314,e2e_bench_v1,16,16,256,0.3571428571428571,True
T14_p36,8,int8_mm,D18_edge_only_1gb,-1,0.532629691542943,7.536249359418804,e2e_bench_v1,16,16,256,0.3571428571428571,True
T14_p36,8,int8_mm,D19_edge_only_8gb,-1,0.532629691542943,8.061642543544963,e2e_bench_v1,16,16,256,0.3571428571428571,True
T14_p36,8,int8_mm,D1_default_4gb,-1,0.532629691542943,7.31655744265831,e2e_bench_v1,16,16,256,0.3571428571428571,True
T14_p36,8,int8_mm,D20_edge_only_16gb,-1,0.532629691542943,7.721512829679643,e2e_bench_v1,16,16,256,0.3571428571428571,True
T14_p36,8,int8_mm,D21_default_4gb_BL0,-1,0.532629691542943,9.290735928483631,e2e_bench_v1,16,16,256,0.3571428571428571,True
T14_p36,8,int8_mm,D22_cublas_lt_8gb_BL0,-1,0.532629691542943,9.268003792467152,e2e_bench_v1,16,16,256,0.3571428571428571,True
T14_p36,8,int8_mm,D23_all_enabled_4gb_BL0,-1,0.532629691542943,12.860991968310516,e2e_bench_v1,16,16,256,0.3571428571428571,True
T14_p36,8,int8_mm,D24_edge_only_4gb_BL0,-1,0.532629691542943,8.69861726779911,e2e_bench_v1,16,16,256,0.3571428571428571,True
T14_p36,8,int8_mm,D25_default_4gb_BL3,-1,0.532629691542943,24.563627163441463,e2e_bench_v1,16,16,256,0.3571428571428571,True
T14_p36,8,int8_mm,D26_cublas_lt_8gb_BL3,-1,,,e2e_bench_v1,16,16,256,0.3571428571428571,False
T14_p36,8,int8_mm,D27_all_enabled_4gb_BL3,-1,,,e2e_bench_v1,16,16,256,0.3571428571428571,False
T14_p36,8,int8_mm,D28_edge_only_4gb_BL3,-1,,,e2e_bench_v1,16,16,256,0.3571428571428571,False
T14_p36,8,int8_mm,D29_default_4gb_BL5,-1,0.532629691542943,7.517615652878607,e2e_bench_v1,16,16,256,0.3571428571428571,True
T14_p36,8,int8_mm,D2_with_cudnn_8gb,-1,0.532629691542943,6.152316593290037,e2e_bench_v1,16,16,256,0.3571428571428571,True
T14_p36,8,int8_mm,D30_cublas_lt_8gb_BL5,-1,0.532629691542943,15.14004542013626,e2e_bench_v1,16,16,256,0.3571428571428571,True
T14_p36,8,int8_mm,D31_all_enabled_4gb_BL5,-1,0.532629691542943,8.117614492864211,e2e_bench_v1,16,16,256,0.3571428571428571,True
T14_p36,8,int8_mm,D32_edge_only_4gb_BL5,-1,0.532629691542943,8.127134388668823,e2e_bench_v1,16,16,256,0.3571428571428571,True
T14_p36,8,int8_mm,D3_cublas_lt_16gb,-1,0.532629691542943,7.648265449878622,e2e_bench_v1,16,16,256,0.3571428571428571,True
T14_p36,8,int8_mm,D4_all_enabled_1gb,-1,0.532629691542943,7.788501679200962,e2e_bench_v1,16,16,256,0.3571428571428571,True
T14_p36,8,int8_mm,D5_default_1gb,-1,0.532629691542943,6.323982692524168,e2e_bench_v1,16,16,256,0.3571428571428571,True
T14_p36,8,int8_mm,D6_default_8gb,-1,0.532629691542943,7.330174516794895,e2e_bench_v1,16,16,256,0.3571428571428571,True
T14_p36,8,int8_mm,D7_default_16gb,-1,0.532629691542943,6.9168203929999015,e2e_bench_v1,16,16,256,0.3571428571428571,True
T14_p36,8,int8_mm,D8_with_cudnn_4gb,-1,0.532629691542943,7.673902133191315,e2e_bench_v1,16,16,256,0.3571428571428571,True
T14_p36,8,int8_mm,D9_cublas_lt_4gb,-1,0.532629691542943,7.996603043027322,e2e_bench_v1,16,16,256,0.3571428571428571,True
T14_p36,8,int8_pc_wo,D10_cublas_lt_8gb,-1,0.536379927894008,10.685701462872531,e2e_bench_v1,16,16,256,0.3571428571428571,True
T14_p36,8,int8_pc_wo,D11_all_enabled_4gb,-1,0.536379927894008,9.151424968381827,e2e_bench_v1,16,16,256,0.3571428571428571,True
T14_p36,8,int8_pc_wo,D12_edge_only_4gb,-1,0.536379927894008,7.260023551516401,e2e_bench_v1,16,16,256,0.3571428571428571,True
T14_p36,8,int8_pc_wo,D13_with_cudnn_1gb,-1,0.536379927894008,7.701021694548215,e2e_bench_v1,16,16,256,0.3571428571428571,True
T14_p36,8,int8_pc_wo,D14_with_cudnn_16gb,-1,0.536379927894008,7.893183131320467,e2e_bench_v1,16,16,256,0.3571428571428571,True
T14_p36,8,int8_pc_wo,D15_cublas_lt_1gb,-1,0.536379927894008,8.140637656147605,e2e_bench_v1,16,16,256,0.3571428571428571,True
T14_p36,8,int8_pc_wo,D16_all_enabled_8gb,-1,0.536379927894008,7.97758617388585,e2e_bench_v1,16,16,256,0.3571428571428571,True
T14_p36,8,int8_pc_wo,D17_all_enabled_16gb,-1,0.536379927894008,7.92706466344458,e2e_bench_v1,16,16,256,0.3571428571428571,True
T14_p36,8,int8_pc_wo,D18_edge_only_1gb,-1,0.536379927894008,8.056362310725838,e2e_bench_v1,16,16,256,0.3571428571428571,True
T14_p36,8,int8_pc_wo,D19_edge_only_8gb,-1,0.536379927894008,7.219137645131738,e2e_bench_v1,16,16,256,0.3571428571428571,True
T14_p36,8,int8_pc_wo,D1_default_4gb,-1,0.536379927894008,7.023547144155496,e2e_bench_v1,16,16,256,0.3571428571428571,True
T14_p36,8,int8_pc_wo,D20_edge_only_16gb,-1,0.536379927894008,8.025759477619367,e2e_bench_v1,16,16,256,0.3571428571428571,True
T14_p36,8,int8_pc_wo,D21_default_4gb_BL0,-1,0.536379927894008,13.56737967769333,e2e_bench_v1,16,16,256,0.3571428571428571,True
T14_p36,8,int8_pc_wo,D22_cublas_lt_8gb_BL0,-1,0.536379927894008,12.304406084774898,e2e_bench_v1,16,16,256,0.3571428571428571,True
T14_p36,8,int8_pc_wo,D23_all_enabled_4gb_BL0,-1,0.536379927894008,9.679398948042921,e2e_bench_v1,16,16,256,0.3571428571428571,True
T14_p36,8,int8_pc_wo,D24_edge_only_4gb_BL0,-1,0.536379927894008,9.80528661833314,e2e_bench_v1,16,16,256,0.3571428571428571,True
T14_p36,8,int8_pc_wo,D25_default_4gb_BL3,-1,,,e2e_bench_v1,16,16,256,0.3571428571428571,False
T14_p36,8,int8_pc_wo,D26_cublas_lt_8gb_BL3,-1,,,e2e_bench_v1,16,16,256,0.3571428571428571,False
T14_p36,8,int8_pc_wo,D27_all_enabled_4gb_BL3,-1,,,e2e_bench_v1,16,16,256,0.3571428571428571,False
T14_p36,8,int8_pc_wo,D28_edge_only_4gb_BL3,-1,0.536379927894008,45.67377959660918,e2e_bench_v1,16,16,256,0.3571428571428571,True
T14_p36,8,int8_pc_wo,D29_default_4gb_BL5,-1,0.536379927894008,13.038200624008283,e2e_bench_v1,16,16,256,0.3571428571428571,True
T14_p36,8,int8_pc_wo,D2_with_cudnn_8gb,-1,0.536379927894008,8.020352446367903,e2e_bench_v1,16,16,256,0.3571428571428571,True
T14_p36,8,int8_pc_wo,D30_cublas_lt_8gb_BL5,-1,0.536379927894008,7.836572972600206,e2e_bench_v1,16,16,256,0.3571428571428571,True
T14_p36,8,int8_pc_wo,D31_all_enabled_4gb_BL5,-1,0.536379927894008,7.8605908491717695,e2e_bench_v1,16,16,256,0.3571428571428571,True
T14_p36,8,int8_pc_wo,D32_edge_only_4gb_BL5,-1,0.536379927894008,7.57630283997712,e2e_bench_v1,16,16,256,0.3571428571428571,True
T14_p36,8,int8_pc_wo,D3_cublas_lt_16gb,-1,0.536379927894008,8.139193226888963,e2e_bench_v1,16,16,256,0.3571428571428571,True
T14_p36,8,int8_pc_wo,D4_all_enabled_1gb,-1,0.536379927894008,7.972084947348365,e2e_bench_v1,16,16,256,0.3571428571428571,True
T14_p36,8,int8_pc_wo,D5_default_1gb,-1,0.536379927894008,7.935078362866372,e2e_bench_v1,16,16,256,0.3571428571428571,True
T14_p36,8,int8_pc_wo,D6_default_8gb,-1,0.536379927894008,7.742718747290048,e2e_bench_v1,16,16,256,0.3571428571428571,True
T14_p36,8,int8_pc_wo,D7_default_16gb,-1,0.536379927894008,7.851536859824942,e2e_bench_v1,16,16,256,0.3571428571428571,True
T14_p36,8,int8_pc_wo,D8_with_cudnn_4gb,-1,0.536379927894008,9.701315886486842,e2e_bench_v1,16,16,256,0.3571428571428571,True
T14_p36,8,int8_pc_wo,D9_cublas_lt_4gb,-1,0.536379927894008,7.566528703626637,e2e_bench_v1,16,16,256,0.3571428571428571,True
T14_p36,8,mix_s0,D10_cublas_lt_8gb,-1,0.5340971825974923,8.23918010270962,e2e_bench_v1,16,16,256,0.3571428571428571,True
T14_p36,8,mix_s0,D11_all_enabled_4gb,-1,0.5340971825974923,8.060804258684106,e2e_bench_v1,16,16,256,0.3571428571428571,True
T14_p36,8,mix_s0,D12_edge_only_4gb,-1,0.5340971825974923,8.224597303154544,e2e_bench_v1,16,16,256,0.3571428571428571,True
T14_p36,8,mix_s0,D13_with_cudnn_1gb,-1,0.5340971825974923,8.14868415048338,e2e_bench_v1,16,16,256,0.3571428571428571,True
T14_p36,8,mix_s0,D14_with_cudnn_16gb,-1,0.5340971825974923,7.903526395407103,e2e_bench_v1,16,16,256,0.3571428571428571,True
T14_p36,8,mix_s0,D15_cublas_lt_1gb,-1,0.5340971825974923,8.243506589859168,e2e_bench_v1,16,16,256,0.3571428571428571,True
T14_p36,8,mix_s0,D16_all_enabled_8gb,-1,0.5340971825974923,7.854237911149719,e2e_bench_v1,16,16,256,0.3571428571428571,True
T14_p36,8,mix_s0,D17_all_enabled_16gb,-1,0.5340971825974923,7.294563216143743,e2e_bench_v1,16,16,256,0.3571428571428571,True
T14_p36,8,mix_s0,D18_edge_only_1gb,-1,0.5340971825974923,7.999443238750582,e2e_bench_v1,16,16,256,0.3571428571428571,True
T14_p36,8,mix_s0,D19_edge_only_8gb,-1,0.5340971825974923,7.730012313909615,e2e_bench_v1,16,16,256,0.3571428571428571,True
T14_p36,8,mix_s0,D1_default_4gb,-1,0.5340971825974923,7.652362360784398,e2e_bench_v1,16,16,256,0.3571428571428571,True
T14_p36,8,mix_s0,D20_edge_only_16gb,-1,0.5340971825974923,8.00185002772641,e2e_bench_v1,16,16,256,0.3571428571428571,True
T14_p36,8,mix_s0,D21_default_4gb_BL0,-1,0.5340971825974923,9.839749834200214,e2e_bench_v1,16,16,256,0.3571428571428571,True
T14_p36,8,mix_s0,D22_cublas_lt_8gb_BL0,-1,0.5340971825974923,13.708282269981877,e2e_bench_v1,16,16,256,0.3571428571428571,True
T14_p36,8,mix_s0,D23_all_enabled_4gb_BL0,-1,0.5340971825974923,9.614321493296414,e2e_bench_v1,16,16,256,0.3571428571428571,True
T14_p36,8,mix_s0,D24_edge_only_4gb_BL0,-1,0.5340971825974923,12.15047635942567,e2e_bench_v1,16,16,256,0.3571428571428571,True
T14_p36,8,mix_s0,D25_default_4gb_BL3,-1,0.5340971825974923,57.25802757546608,e2e_bench_v1,16,16,256,0.3571428571428571,True
T14_p36,8,mix_s0,D26_cublas_lt_8gb_BL3,-1,,,e2e_bench_v1,16,16,256,0.3571428571428571,False
T14_p36,8,mix_s0,D27_all_enabled_4gb_BL3,-1,,,e2e_bench_v1,16,16,256,0.3571428571428571,False
T14_p36,8,mix_s0,D28_edge_only_4gb_BL3,-1,0.5340971825974923,23.08754334686263,e2e_bench_v1,16,16,256,0.3571428571428571,True
T14_p36,8,mix_s0,D29_default_4gb_BL5,-1,0.5340971825974923,7.853732093490827,e2e_bench_v1,16,16,256,0.3571428571428571,True
T14_p36,8,mix_s0,D2_with_cudnn_8gb,-1,0.5340971825974923,8.166518580463075,e2e_bench_v1,16,16,256,0.3571428571428571,True
T14_p36,8,mix_s0,D30_cublas_lt_8gb_BL5,-1,0.5340971825974923,7.754294328198956,e2e_bench_v1,16,16,256,0.3571428571428571,True
T14_p36,8,mix_s0,D31_all_enabled_4gb_BL5,-1,0.5340971825974923,8.395798070981435,e2e_bench_v1,16,16,256,0.3571428571428571,True
T14_p36,8,mix_s0,D32_edge_only_4gb_BL5,-1,0.5340971825974923,8.09278212854737,e2e_bench_v1,16,16,256,0.3571428571428571,True
T14_p36,8,mix_s0,D3_cublas_lt_16gb,-1,0.5340971825974923,7.693710314880482,e2e_bench_v1,16,16,256,0.3571428571428571,True
T14_p36,8,mix_s0,D4_all_enabled_1gb,-1,0.5340971825974923,7.97654894609847,e2e_bench_v1,16,16,256,0.3571428571428571,True
T14_p36,8,mix_s0,D5_default_1gb,-1,0.5340971825974923,7.921212452462823,e2e_bench_v1,16,16,256,0.3571428571428571,True
T14_p36,8,mix_s0,D6_default_8gb,-1,0.5340971825974923,7.2130036028953,e2e_bench_v1,16,16,256,0.3571428571428571,True
T14_p36,8,mix_s0,D7_default_16gb,-1,0.5340971825974923,7.968000509952033,e2e_bench_v1,16,16,256,0.3571428571428571,True
T14_p36,8,mix_s0,D8_with_cudnn_4gb,-1,0.5340971825974923,7.475713276492993,e2e_bench_v1,16,16,256,0.3571428571428571,True
T14_p36,8,mix_s0,D9_cublas_lt_4gb,-1,0.5340971825974923,7.4832487476783225,e2e_bench_v1,16,16,256,0.3571428571428571,True
T14_p36,8,mix_s2,D10_cublas_lt_8gb,-1,0.5379851079198241,8.14070392666854,e2e_bench_v1,16,16,256,0.3571428571428571,True
T14_p36,8,mix_s2,D11_all_enabled_4gb,-1,0.5379851079198241,8.411865103966447,e2e_bench_v1,16,16,256,0.3571428571428571,True
T14_p36,8,mix_s2,D12_edge_only_4gb,-1,0.5379851079198241,8.159422051817225,e2e_bench_v1,16,16,256,0.3571428571428571,True
T14_p36,8,mix_s2,D13_with_cudnn_1gb,-1,0.5379851079198241,8.12691642848029,e2e_bench_v1,16,16,256,0.3571428571428571,True
T14_p36,8,mix_s2,D14_with_cudnn_16gb,-1,0.5379851079198241,7.380869082572735,e2e_bench_v1,16,16,256,0.3571428571428571,True
T14_p36,8,mix_s2,D15_cublas_lt_1gb,-1,0.5379851079198241,7.8006223336497795,e2e_bench_v1,16,16,256,0.3571428571428571,True
T14_p36,8,mix_s2,D16_all_enabled_8gb,-1,0.5379851079198241,7.422207839632809,e2e_bench_v1,16,16,256,0.3571428571428571,True
T14_p36,8,mix_s2,D17_all_enabled_16gb,-1,0.5379851079198241,7.761998497277092,e2e_bench_v1,16,16,256,0.3571428571428571,True
T14_p36,8,mix_s2,D18_edge_only_1gb,-1,0.5379851079198241,8.204172313871943,e2e_bench_v1,16,16,256,0.3571428571428571,True
T14_p36,8,mix_s2,D19_edge_only_8gb,-1,0.5379851079198241,8.171510193141815,e2e_bench_v1,16,16,256,0.3571428571428571,True
T14_p36,8,mix_s2,D1_default_4gb,-1,0.5379851079198241,7.623845559186201,e2e_bench_v1,16,16,256,0.3571428571428571,True
T14_p36,8,mix_s2,D20_edge_only_16gb,-1,0.5379851079198241,8.310603831853214,e2e_bench_v1,16,16,256,0.3571428571428571,True
T14_p36,8,mix_s2,D21_default_4gb_BL0,-1,0.5379851079198241,9.212760410188944,e2e_bench_v1,16,16,256,0.3571428571428571,True
T14_p36,8,mix_s2,D22_cublas_lt_8gb_BL0,-1,0.5379851079198241,9.785693316371464,e2e_bench_v1,16,16,256,0.3571428571428571,True
T14_p36,8,mix_s2,D23_all_enabled_4gb_BL0,-1,0.5379851079198241,9.470835981221226,e2e_bench_v1,16,16,256,0.3571428571428571,True
T14_p36,8,mix_s2,D24_edge_only_4gb_BL0,-1,0.5379851079198241,9.593918223359848,e2e_bench_v1,16,16,256,0.3571428571428571,True
T14_p36,8,mix_s2,D25_default_4gb_BL3,-1,,,e2e_bench_v1,16,16,256,0.3571428571428571,False
T14_p36,8,mix_s2,D26_cublas_lt_8gb_BL3,-1,,,e2e_bench_v1,16,16,256,0.3571428571428571,False
T14_p36,8,mix_s2,D27_all_enabled_4gb_BL3,-1,,,e2e_bench_v1,16,16,256,0.3571428571428571,False
T14_p36,8,mix_s2,D28_edge_only_4gb_BL3,-1,,,e2e_bench_v1,16,16,256,0.3571428571428571,False
T14_p36,8,mix_s2,D29_default_4gb_BL5,-1,0.5379851079198241,8.683827066794262,e2e_bench_v1,16,16,256,0.3571428571428571,True
T14_p36,8,mix_s2,D2_with_cudnn_8gb,-1,0.5379851079198241,8.605822355172615,e2e_bench_v1,16,16,256,0.3571428571428571,True
T14_p36,8,mix_s2,D30_cublas_lt_8gb_BL5,-1,0.5379851079198241,7.740651035195967,e2e_bench_v1,16,16,256,0.3571428571428571,True
T14_p36,8,mix_s2,D31_all_enabled_4gb_BL5,-1,0.5379851079198241,7.840388506931295,e2e_bench_v1,16,16,256,0.3571428571428571,True
T14_p36,8,mix_s2,D32_edge_only_4gb_BL5,-1,0.5379851079198241,7.713347330487623,e2e_bench_v1,16,16,256,0.3571428571428571,True
T14_p36,8,mix_s2,D3_cublas_lt_16gb,-1,0.5379851079198241,7.280950775676091,e2e_bench_v1,16,16,256,0.3571428571428571,True
T14_p36,8,mix_s2,D4_all_enabled_1gb,-1,0.5379851079198241,7.972275614323627,e2e_bench_v1,16,16,256,0.3571428571428571,True
T14_p36,8,mix_s2,D5_default_1gb,-1,0.5379851079198241,8.229165809461895,e2e_bench_v1,16,16,256,0.3571428571428571,True
T14_p36,8,mix_s2,D6_default_8gb,-1,0.5379851079198241,7.793460818765406,e2e_bench_v1,16,16,256,0.3571428571428571,True
T14_p36,8,mix_s2,D7_default_16gb,-1,0.5379851079198241,8.318083513558475,e2e_bench_v1,16,16,256,0.3571428571428571,True
T14_p36,8,mix_s2,D8_with_cudnn_4gb,-1,0.5379851079198241,6.516037597536938,e2e_bench_v1,16,16,256,0.3571428571428571,True
T14_p36,8,mix_s2,D9_cublas_lt_4gb,-1,0.5379851079198241,8.124407426033365,e2e_bench_v1,16,16,256,0.3571428571428571,True
T15_p39,8,fp16,D10_cublas_lt_8gb,-1,0.5322450976529643,7.461528359776989,e2e_bench_v1,16,128,128,0.3928571428571429,True
T15_p39,8,fp16,D11_all_enabled_4gb,-1,0.5322450976529643,8.254284799239285,e2e_bench_v1,16,128,128,0.3928571428571429,True
T15_p39,8,fp16,D12_edge_only_4gb,-1,0.5322450976529643,8.328905132104765,e2e_bench_v1,16,128,128,0.3928571428571429,True
T15_p39,8,fp16,D13_with_cudnn_1gb,-1,0.5322450976529643,7.421469718177109,e2e_bench_v1,16,128,128,0.3928571428571429,True
T15_p39,8,fp16,D14_with_cudnn_16gb,-1,0.5322450976529643,7.0897599052808085,e2e_bench_v1,16,128,128,0.3928571428571429,True
T15_p39,8,fp16,D15_cublas_lt_1gb,-1,0.5322450976529643,8.127662825533214,e2e_bench_v1,16,128,128,0.3928571428571429,True
T15_p39,8,fp16,D16_all_enabled_8gb,-1,0.5322450976529643,8.011690659009627,e2e_bench_v1,16,128,128,0.3928571428571429,True
T15_p39,8,fp16,D17_all_enabled_16gb,-1,0.5322450976529643,8.243690073525471,e2e_bench_v1,16,128,128,0.3928571428571429,True
T15_p39,8,fp16,D18_edge_only_1gb,-1,0.5322450976529643,7.9573929352674035,e2e_bench_v1,16,128,128,0.3928571428571429,True
T15_p39,8,fp16,D19_edge_only_8gb,-1,0.5322450976529643,8.053909649630768,e2e_bench_v1,16,128,128,0.3928571428571429,True
T15_p39,8,fp16,D1_default_4gb,-1,0.5322450976529643,7.551033660997854,e2e_bench_v1,16,128,128,0.3928571428571429,True
T15_p39,8,fp16,D20_edge_only_16gb,-1,0.5322450976529643,8.226985829839608,e2e_bench_v1,16,128,128,0.3928571428571429,True
T15_p39,8,fp16,D21_default_4gb_BL0,-1,0.5322450976529643,13.385142759240098,e2e_bench_v1,16,128,128,0.3928571428571429,True
T15_p39,8,fp16,D22_cublas_lt_8gb_BL0,-1,0.5322450976529643,11.979491111217596,e2e_bench_v1,16,128,128,0.3928571428571429,True
T15_p39,8,fp16,D23_all_enabled_4gb_BL0,-1,0.5322450976529643,8.97975603798796,e2e_bench_v1,16,128,128,0.3928571428571429,True
T15_p39,8,fp16,D24_edge_only_4gb_BL0,-1,0.5322450976529643,9.67383691458776,e2e_bench_v1,16,128,128,0.3928571428571429,True
T15_p39,8,fp16,D25_default_4gb_BL3,-1,0.5322450976529643,37.1642212609077,e2e_bench_v1,16,128,128,0.3928571428571429,True
T15_p39,8,fp16,D26_cublas_lt_8gb_BL3,-1,0.5322450976529643,31.73515112278965,e2e_bench_v1,16,128,128,0.3928571428571429,True
T15_p39,8,fp16,D27_all_enabled_4gb_BL3,-1,0.5322450976529643,10.228086325048583,e2e_bench_v1,16,128,128,0.3928571428571429,True
T15_p39,8,fp16,D28_edge_only_4gb_BL3,-1,0.5322450976529643,11.643368286724929,e2e_bench_v1,16,128,128,0.3928571428571429,True
T15_p39,8,fp16,D29_default_4gb_BL5,-1,0.5322450976529643,8.087735757497331,e2e_bench_v1,16,128,128,0.3928571428571429,True
T15_p39,8,fp16,D2_with_cudnn_8gb,-1,0.5322450976529643,7.7160315215319715,e2e_bench_v1,16,128,128,0.3928571428571429,True
T15_p39,8,fp16,D30_cublas_lt_8gb_BL5,-1,0.5322450976529643,8.259261522908714,e2e_bench_v1,16,128,128,0.3928571428571429,True
T15_p39,8,fp16,D31_all_enabled_4gb_BL5,-1,0.5322450976529643,7.945228770944616,e2e_bench_v1,16,128,128,0.3928571428571429,True
T15_p39,8,fp16,D32_edge_only_4gb_BL5,-1,0.5322450976529643,8.372888252921511,e2e_bench_v1,16,128,128,0.3928571428571429,True
T15_p39,8,fp16,D3_cublas_lt_16gb,-1,0.5322450976529643,8.11108948153916,e2e_bench_v1,16,128,128,0.3928571428571429,True
T15_p39,8,fp16,D4_all_enabled_1gb,-1,0.5322450976529643,8.280764281420119,e2e_bench_v1,16,128,128,0.3928571428571429,True
T15_p39,8,fp16,D5_default_1gb,-1,0.5322450976529643,7.995484150551769,e2e_bench_v1,16,128,128,0.3928571428571429,True
T15_p39,8,fp16,D6_default_8gb,-1,0.5322450976529643,8.215806225280692,e2e_bench_v1,16,128,128,0.3928571428571429,True
T15_p39,8,fp16,D7_default_16gb,-1,0.5322450976529643,8.434327375043331,e2e_bench_v1,16,128,128,0.3928571428571429,True
T15_p39,8,fp16,D8_with_cudnn_4gb,-1,0.5322450976529643,8.38813582069521,e2e_bench_v1,16,128,128,0.3928571428571429,True
T15_p39,8,fp16,D9_cublas_lt_4gb,-1,0.5322450976529643,7.782918828048082,e2e_bench_v1,16,128,128,0.3928571428571429,True
T15_p39,8,fp32,D10_cublas_lt_8gb,-1,0.532161124016556,10.358486500820392,e2e_bench_v1,16,128,128,0.3928571428571429,True
T15_p39,8,fp32,D11_all_enabled_4gb,-1,0.532161124016556,10.751936692596754,e2e_bench_v1,16,128,128,0.3928571428571429,True
T15_p39,8,fp32,D12_edge_only_4gb,-1,0.532161124016556,10.866730418151786,e2e_bench_v1,16,128,128,0.3928571428571429,True
T15_p39,8,fp32,D13_with_cudnn_1gb,-1,0.532161124016556,10.21313797643012,e2e_bench_v1,16,128,128,0.3928571428571429,True
T15_p39,8,fp32,D14_with_cudnn_16gb,-1,0.532161124016556,9.815555889284456,e2e_bench_v1,16,128,128,0.3928571428571429,True
T15_p39,8,fp32,D15_cublas_lt_1gb,-1,0.532161124016556,10.573193992734101,e2e_bench_v1,16,128,128,0.3928571428571429,True
T15_p39,8,fp32,D16_all_enabled_8gb,-1,0.532161124016556,10.124500988657521,e2e_bench_v1,16,128,128,0.3928571428571429,True
T15_p39,8,fp32,D17_all_enabled_16gb,-1,0.532161124016556,10.451789032728731,e2e_bench_v1,16,128,128,0.3928571428571429,True
T15_p39,8,fp32,D18_edge_only_1gb,-1,0.532161124016556,10.33574638558949,e2e_bench_v1,16,128,128,0.3928571428571429,True
T15_p39,8,fp32,D19_edge_only_8gb,-1,0.532161124016556,9.63040434215671,e2e_bench_v1,16,128,128,0.3928571428571429,True
T15_p39,8,fp32,D1_default_4gb,-1,0.532161124016556,8.76548642313808,e2e_bench_v1,16,128,128,0.3928571428571429,True
T15_p39,8,fp32,D20_edge_only_16gb,-1,0.532161124016556,9.672592419202417,e2e_bench_v1,16,128,128,0.3928571428571429,True
T15_p39,8,fp32,D21_default_4gb_BL0,-1,0.532161124016556,13.181135159359924,e2e_bench_v1,16,128,128,0.3928571428571429,True
T15_p39,8,fp32,D22_cublas_lt_8gb_BL0,-1,0.532161124016556,15.200340487626924,e2e_bench_v1,16,128,128,0.3928571428571429,True
T15_p39,8,fp32,D23_all_enabled_4gb_BL0,-1,0.532161124016556,13.19181157871686,e2e_bench_v1,16,128,128,0.3928571428571429,True
T15_p39,8,fp32,D24_edge_only_4gb_BL0,-1,0.532161124016556,12.693077576282223,e2e_bench_v1,16,128,128,0.3928571428571429,True
T15_p39,8,fp32,D25_default_4gb_BL3,-1,,,e2e_bench_v1,16,128,128,0.3928571428571429,False
T15_p39,8,fp32,D26_cublas_lt_8gb_BL3,-1,,,e2e_bench_v1,16,128,128,0.3928571428571429,False
T15_p39,8,fp32,D27_all_enabled_4gb_BL3,-1,0.532161124016556,13.716141704203174,e2e_bench_v1,16,128,128,0.3928571428571429,True
T15_p39,8,fp32,D28_edge_only_4gb_BL3,-1,0.532161124016556,42.53545330032583,e2e_bench_v1,16,128,128,0.3928571428571429,True
T15_p39,8,fp32,D29_default_4gb_BL5,-1,0.532161124016556,10.487764973382053,e2e_bench_v1,16,128,128,0.3928571428571429,True
T15_p39,8,fp32,D2_with_cudnn_8gb,-1,0.532161124016556,10.32429647662734,e2e_bench_v1,16,128,128,0.3928571428571429,True
T15_p39,8,fp32,D30_cublas_lt_8gb_BL5,-1,0.532161124016556,10.799579248392483,e2e_bench_v1,16,128,128,0.3928571428571429,True
T15_p39,8,fp32,D31_all_enabled_4gb_BL5,-1,0.532161124016556,11.088933244621867,e2e_bench_v1,16,128,128,0.3928571428571429,True
T15_p39,8,fp32,D32_edge_only_4gb_BL5,-1,0.532161124016556,10.162498348594019,e2e_bench_v1,16,128,128,0.3928571428571429,True
T15_p39,8,fp32,D3_cublas_lt_16gb,-1,0.532161124016556,10.243865461168578,e2e_bench_v1,16,128,128,0.3928571428571429,True
T15_p39,8,fp32,D4_all_enabled_1gb,-1,0.532161124016556,8.689705392918064,e2e_bench_v1,16,128,128,0.3928571428571429,True
T15_p39,8,fp32,D5_default_1gb,-1,0.532161124016556,10.079984678423289,e2e_bench_v1,16,128,128,0.3928571428571429,True
T15_p39,8,fp32,D6_default_8gb,-1,0.532161124016556,10.052999412904834,e2e_bench_v1,16,128,128,0.3928571428571429,True
T15_p39,8,fp32,D7_default_16gb,-1,0.532161124016556,10.559282982448359,e2e_bench_v1,16,128,128,0.3928571428571429,True
T15_p39,8,fp32,D8_with_cudnn_4gb,-1,0.532161124016556,9.941741395422822,e2e_bench_v1,16,128,128,0.3928571428571429,True
T15_p39,8,fp32,D9_cublas_lt_4gb,-1,0.532161124016556,10.612083767544426,e2e_bench_v1,16,128,128,0.3928571428571429,True
T15_p39,8,int8_ent,D10_cublas_lt_8gb,-1,0.0695684441162026,7.618043488363058,e2e_bench_v1,16,128,128,0.3928571428571429,True
T15_p39,8,int8_ent,D11_all_enabled_4gb,-1,0.0695684441162026,7.061842674856521,e2e_bench_v1,16,128,128,0.3928571428571429,True
T15_p39,8,int8_ent,D12_edge_only_4gb,-1,0.0695684441162026,9.162719825102004,e2e_bench_v1,16,128,128,0.3928571428571429,True
T15_p39,8,int8_ent,D13_with_cudnn_1gb,-1,0.0695684441162026,6.293392944351302,e2e_bench_v1,16,128,128,0.3928571428571429,True
T15_p39,8,int8_ent,D14_with_cudnn_16gb,-1,0.0695684441162026,6.315954353334698,e2e_bench_v1,16,128,128,0.3928571428571429,True
T15_p39,8,int8_ent,D15_cublas_lt_1gb,-1,0.0695684441162026,6.634260515468774,e2e_bench_v1,16,128,128,0.3928571428571429,True
T15_p39,8,int8_ent,D16_all_enabled_8gb,-1,0.0695684441162026,6.803919874317993,e2e_bench_v1,16,128,128,0.3928571428571429,True
T15_p39,8,int8_ent,D17_all_enabled_16gb,-1,0.0695684441162026,5.932915339671269,e2e_bench_v1,16,128,128,0.3928571428571429,True
T15_p39,8,int8_ent,D18_edge_only_1gb,-1,0.0695684441162026,6.729995928352463,e2e_bench_v1,16,128,128,0.3928571428571429,True
T15_p39,8,int8_ent,D19_edge_only_8gb,-1,0.0695684441162026,4.972143565673315,e2e_bench_v1,16,128,128,0.3928571428571429,True
T15_p39,8,int8_ent,D1_default_4gb,-1,0.0695684441162026,5.100596514762402,e2e_bench_v1,16,128,128,0.3928571428571429,True
T15_p39,8,int8_ent,D20_edge_only_16gb,-1,0.0695684441162026,6.2722980194591775,e2e_bench_v1,16,128,128,0.3928571428571429,True
T15_p39,8,int8_ent,D21_default_4gb_BL0,-1,0.0695684441162026,8.071422402555735,e2e_bench_v1,16,128,128,0.3928571428571429,True
T15_p39,8,int8_ent,D22_cublas_lt_8gb_BL0,-1,0.0695684441162026,7.618293045260279,e2e_bench_v1,16,128,128,0.3928571428571429,True
T15_p39,8,int8_ent,D23_all_enabled_4gb_BL0,-1,0.0695684441162026,7.137651755398384,e2e_bench_v1,16,128,128,0.3928571428571429,True
T15_p39,8,int8_ent,D24_edge_only_4gb_BL0,-1,0.0695684441162026,6.268059847435424,e2e_bench_v1,16,128,128,0.3928571428571429,True
T15_p39,8,int8_ent,D25_default_4gb_BL3,-1,,,e2e_bench_v1,16,128,128,0.3928571428571429,False
T15_p39,8,int8_ent,D26_cublas_lt_8gb_BL3,-1,,,e2e_bench_v1,16,128,128,0.3928571428571429,False
T15_p39,8,int8_ent,D27_all_enabled_4gb_BL3,-1,0.0695684441162026,10.412664298826805,e2e_bench_v1,16,128,128,0.3928571428571429,True
T15_p39,8,int8_ent,D28_edge_only_4gb_BL3,-1,,,e2e_bench_v1,16,128,128,0.3928571428571429,False
T15_p39,8,int8_ent,D29_default_4gb_BL5,-1,0.0695684441162026,6.046643810353063,e2e_bench_v1,16,128,128,0.3928571428571429,True
T15_p39,8,int8_ent,D2_with_cudnn_8gb,-1,0.0695684441162026,6.527364015425467,e2e_bench_v1,16,128,128,0.3928571428571429,True
T15_p39,8,int8_ent,D30_cublas_lt_8gb_BL5,-1,0.0695684441162026,6.412036161319135,e2e_bench_v1,16,128,128,0.3928571428571429,True
T15_p39,8,int8_ent,D31_all_enabled_4gb_BL5,-1,0.0695684441162026,6.8297053938281325,e2e_bench_v1,16,128,128,0.3928571428571429,True
T15_p39,8,int8_ent,D32_edge_only_4gb_BL5,-1,0.0695684441162026,6.732882319989658,e2e_bench_v1,16,128,128,0.3928571428571429,True
T15_p39,8,int8_ent,D3_cublas_lt_16gb,-1,0.0695684441162026,6.560801572492921,e2e_bench_v1,16,128,128,0.3928571428571429,True
T15_p39,8,int8_ent,D4_all_enabled_1gb,-1,0.0695684441162026,6.195525839060064,e2e_bench_v1,16,128,128,0.3928571428571429,True
T15_p39,8,int8_ent,D5_default_1gb,-1,0.0695684441162026,6.373656911147398,e2e_bench_v1,16,128,128,0.3928571428571429,True
T15_p39,8,int8_ent,D6_default_8gb,-1,0.0695684441162026,6.058843487955019,e2e_bench_v1,16,128,128,0.3928571428571429,True
T15_p39,8,int8_ent,D7_default_16gb,-1,0.0695684441162026,6.094755158448397,e2e_bench_v1,16,128,128,0.3928571428571429,True
T15_p39,8,int8_ent,D8_with_cudnn_4gb,-1,0.0695684441162026,6.771360935206201,e2e_bench_v1,16,128,128,0.3928571428571429,True
T15_p39,8,int8_ent,D9_cublas_lt_4gb,-1,0.0695684441162026,7.961498194730284,e2e_bench_v1,16,128,128,0.3928571428571429,True
T15_p39,8,int8_mm,D10_cublas_lt_8gb,-1,0.5323521002988145,7.831062064299284,e2e_bench_v1,16,128,128,0.3928571428571429,True
T15_p39,8,int8_mm,D11_all_enabled_4gb,-1,0.5323521002988145,6.612326566939558,e2e_bench_v1,16,128,128,0.3928571428571429,True
T15_p39,8,int8_mm,D12_edge_only_4gb,-1,0.5323521002988145,7.319652902059384,e2e_bench_v1,16,128,128,0.3928571428571429,True
T15_p39,8,int8_mm,D13_with_cudnn_1gb,-1,0.5323521002988145,7.903189094863559,e2e_bench_v1,16,128,128,0.3928571428571429,True
T15_p39,8,int8_mm,D14_with_cudnn_16gb,-1,0.5323521002988145,8.26184769614246,e2e_bench_v1,16,128,128,0.3928571428571429,True
T15_p39,8,int8_mm,D15_cublas_lt_1gb,-1,0.5323521002988145,8.014458082380614,e2e_bench_v1,16,128,128,0.3928571428571429,True
T15_p39,8,int8_mm,D16_all_enabled_8gb,-1,0.5323521002988145,8.007212897377958,e2e_bench_v1,16,128,128,0.3928571428571429,True
T15_p39,8,int8_mm,D17_all_enabled_16gb,-1,0.5323521002988145,7.953146423788179,e2e_bench_v1,16,128,128,0.3928571428571429,True
T15_p39,8,int8_mm,D18_edge_only_1gb,-1,0.5323521002988145,7.371913011426465,e2e_bench_v1,16,128,128,0.3928571428571429,True
T15_p39,8,int8_mm,D19_edge_only_8gb,-1,0.5323521002988145,7.7083885767848,e2e_bench_v1,16,128,128,0.3928571428571429,True
T15_p39,8,int8_mm,D1_default_4gb,-1,0.5323521002988145,6.5351489719883915,e2e_bench_v1,16,128,128,0.3928571428571429,True
T15_p39,8,int8_mm,D20_edge_only_16gb,-1,0.5323521002988145,7.816933667064288,e2e_bench_v1,16,128,128,0.3928571428571429,True
T15_p39,8,int8_mm,D21_default_4gb_BL0,-1,0.5323521002988145,9.369419339605848,e2e_bench_v1,16,128,128,0.3928571428571429,True
T15_p39,8,int8_mm,D22_cublas_lt_8gb_BL0,-1,0.5323521002988145,9.092735904213482,e2e_bench_v1,16,128,128,0.3928571428571429,True
T15_p39,8,int8_mm,D23_all_enabled_4gb_BL0,-1,0.5323521002988145,12.702606574869163,e2e_bench_v1,16,128,128,0.3928571428571429,True
T15_p39,8,int8_mm,D24_edge_only_4gb_BL0,-1,0.5323521002988145,11.258028381489549,e2e_bench_v1,16,128,128,0.3928571428571429,True
T15_p39,8,int8_mm,D25_default_4gb_BL3,-1,0.5323521002988145,36.97035347354956,e2e_bench_v1,16,128,128,0.3928571428571429,True
T15_p39,8,int8_mm,D26_cublas_lt_8gb_BL3,-1,0.5323521002988145,34.17343015805211,e2e_bench_v1,16,128,128,0.3928571428571429,True
T15_p39,8,int8_mm,D27_all_enabled_4gb_BL3,-1,,,e2e_bench_v1,16,128,128,0.3928571428571429,False
T15_p39,8,int8_mm,D28_edge_only_4gb_BL3,-1,0.5323521002988145,9.441765081331363,e2e_bench_v1,16,128,128,0.3928571428571429,True
T15_p39,8,int8_mm,D29_default_4gb_BL5,-1,0.5323521002988145,6.671701577457121,e2e_bench_v1,16,128,128,0.3928571428571429,True
T15_p39,8,int8_mm,D2_with_cudnn_8gb,-1,0.5323521002988145,8.114663440276482,e2e_bench_v1,16,128,128,0.3928571428571429,True
T15_p39,8,int8_mm,D30_cublas_lt_8gb_BL5,-1,0.5323521002988145,11.496327498180706,e2e_bench_v1,16,128,128,0.3928571428571429,True
T15_p39,8,int8_mm,D31_all_enabled_4gb_BL5,-1,0.5323521002988145,7.866161973714433,e2e_bench_v1,16,128,128,0.3928571428571429,True
T15_p39,8,int8_mm,D32_edge_only_4gb_BL5,-1,0.5323521002988145,7.778687019860544,e2e_bench_v1,16,128,128,0.3928571428571429,True
T15_p39,8,int8_mm,D3_cublas_lt_16gb,-1,0.5323521002988145,7.21582979877937,e2e_bench_v1,16,128,128,0.3928571428571429,True
T15_p39,8,int8_mm,D4_all_enabled_1gb,-1,0.5323521002988145,8.190437500409523,e2e_bench_v1,16,128,128,0.3928571428571429,True
T15_p39,8,int8_mm,D5_default_1gb,-1,0.5323521002988145,7.544635952453704,e2e_bench_v1,16,128,128,0.3928571428571429,True
T15_p39,8,int8_mm,D6_default_8gb,-1,0.5323521002988145,7.543457860735698,e2e_bench_v1,16,128,128,0.3928571428571429,True
T15_p39,8,int8_mm,D7_default_16gb,-1,0.5323521002988145,7.001972455640754,e2e_bench_v1,16,128,128,0.3928571428571429,True
T15_p39,8,int8_mm,D8_with_cudnn_4gb,-1,0.5323521002988145,7.836794061590932,e2e_bench_v1,16,128,128,0.3928571428571429,True
T15_p39,8,int8_mm,D9_cublas_lt_4gb,-1,0.5323521002988145,8.009117579452449,e2e_bench_v1,16,128,128,0.3928571428571429,True
T15_p39,8,int8_pc_wo,D10_cublas_lt_8gb,-1,0.5325389177214362,10.384841454625512,e2e_bench_v1,16,128,128,0.3928571428571429,True
T15_p39,8,int8_pc_wo,D11_all_enabled_4gb,-1,0.5325389177214362,7.749589078039137,e2e_bench_v1,16,128,128,0.3928571428571429,True
T15_p39,8,int8_pc_wo,D12_edge_only_4gb,-1,0.5325389177214362,10.12746426524234,e2e_bench_v1,16,128,128,0.3928571428571429,True
T15_p39,8,int8_pc_wo,D13_with_cudnn_1gb,-1,0.5325389177214362,7.961327057684591,e2e_bench_v1,16,128,128,0.3928571428571429,True
T15_p39,8,int8_pc_wo,D14_with_cudnn_16gb,-1,0.5325389177214362,7.598131771360058,e2e_bench_v1,16,128,128,0.3928571428571429,True
T15_p39,8,int8_pc_wo,D15_cublas_lt_1gb,-1,0.5325389177214362,7.858978489975874,e2e_bench_v1,16,128,128,0.3928571428571429,True
T15_p39,8,int8_pc_wo,D16_all_enabled_8gb,-1,0.5325389177214362,8.008072136713809,e2e_bench_v1,16,128,128,0.3928571428571429,True
T15_p39,8,int8_pc_wo,D17_all_enabled_16gb,-1,0.5325389177214362,8.061181140383052,e2e_bench_v1,16,128,128,0.3928571428571429,True
T15_p39,8,int8_pc_wo,D18_edge_only_1gb,-1,0.5325389177214362,7.772592594895584,e2e_bench_v1,16,128,128,0.3928571428571429,True
T15_p39,8,int8_pc_wo,D19_edge_only_8gb,-1,0.5325389177214362,7.902720669644938,e2e_bench_v1,16,128,128,0.3928571428571429,True
T15_p39,8,int8_pc_wo,D1_default_4gb,-1,0.5325389177214362,6.030075605087937,e2e_bench_v1,16,128,128,0.3928571428571429,True
T15_p39,8,int8_pc_wo,D20_edge_only_16gb,-1,0.5325389177214362,7.780871971198325,e2e_bench_v1,16,128,128,0.3928571428571429,True
T15_p39,8,int8_pc_wo,D21_default_4gb_BL0,-1,0.5325389177214362,13.097817117799147,e2e_bench_v1,16,128,128,0.3928571428571429,True
T15_p39,8,int8_pc_wo,D22_cublas_lt_8gb_BL0,-1,0.5325389177214362,9.683232417912818,e2e_bench_v1,16,128,128,0.3928571428571429,True
T15_p39,8,int8_pc_wo,D23_all_enabled_4gb_BL0,-1,0.5325389177214362,9.87407590992078,e2e_bench_v1,16,128,128,0.3928571428571429,True
T15_p39,8,int8_pc_wo,D24_edge_only_4gb_BL0,-1,0.5325389177214362,10.317053367021952,e2e_bench_v1,16,128,128,0.3928571428571429,True
T15_p39,8,int8_pc_wo,D25_default_4gb_BL3,-1,,,e2e_bench_v1,16,128,128,0.3928571428571429,False
T15_p39,8,int8_pc_wo,D26_cublas_lt_8gb_BL3,-1,0.5325389177214362,9.94119781492472,e2e_bench_v1,16,128,128,0.3928571428571429,True
T15_p39,8,int8_pc_wo,D27_all_enabled_4gb_BL3,-1,,,e2e_bench_v1,16,128,128,0.3928571428571429,False
T15_p39,8,int8_pc_wo,D28_edge_only_4gb_BL3,-1,0.5325389177214362,21.898465574517193,e2e_bench_v1,16,128,128,0.3928571428571429,True
T15_p39,8,int8_pc_wo,D29_default_4gb_BL5,-1,0.5325389177214362,8.458734065859703,e2e_bench_v1,16,128,128,0.3928571428571429,True
T15_p39,8,int8_pc_wo,D2_with_cudnn_8gb,-1,0.5325389177214362,7.923352655749343,e2e_bench_v1,16,128,128,0.3928571428571429,True
T15_p39,8,int8_pc_wo,D30_cublas_lt_8gb_BL5,-1,0.5325389177214362,8.012531599421495,e2e_bench_v1,16,128,128,0.3928571428571429,True
T15_p39,8,int8_pc_wo,D31_all_enabled_4gb_BL5,-1,0.5325389177214362,7.736291484896052,e2e_bench_v1,16,128,128,0.3928571428571429,True
T15_p39,8,int8_pc_wo,D32_edge_only_4gb_BL5,-1,0.5325389177214362,8.118682143039813,e2e_bench_v1,16,128,128,0.3928571428571429,True
T15_p39,8,int8_pc_wo,D3_cublas_lt_16gb,-1,0.5325389177214362,7.419641571954942,e2e_bench_v1,16,128,128,0.3928571428571429,True
T15_p39,8,int8_pc_wo,D4_all_enabled_1gb,-1,0.5325389177214362,7.431816796797778,e2e_bench_v1,16,128,128,0.3928571428571429,True
T15_p39,8,int8_pc_wo,D5_default_1gb,-1,0.5325389177214362,8.137616866350221,e2e_bench_v1,16,128,128,0.3928571428571429,True
T15_p39,8,int8_pc_wo,D6_default_8gb,-1,0.5325389177214362,7.861196426929,e2e_bench_v1,16,128,128,0.3928571428571429,True
T15_p39,8,int8_pc_wo,D7_default_16gb,-1,0.5325389177214362,8.134049129656743,e2e_bench_v1,16,128,128,0.3928571428571429,True
T15_p39,8,int8_pc_wo,D8_with_cudnn_4gb,-1,0.5325389177214362,8.550618808283156,e2e_bench_v1,16,128,128,0.3928571428571429,True
T15_p39,8,int8_pc_wo,D9_cublas_lt_4gb,-1,0.5325389177214362,10.09151999483314,e2e_bench_v1,16,128,128,0.3928571428571429,True
T15_p39,8,mix_s0,D10_cublas_lt_8gb,-1,0.5342947035092543,6.829775361858573,e2e_bench_v1,16,128,128,0.3928571428571429,True
T15_p39,8,mix_s0,D11_all_enabled_4gb,-1,0.5342947035092543,8.152809743585982,e2e_bench_v1,16,128,128,0.3928571428571429,True
T15_p39,8,mix_s0,D12_edge_only_4gb,-1,0.5342947035092543,7.528442455597246,e2e_bench_v1,16,128,128,0.3928571428571429,True
T15_p39,8,mix_s0,D13_with_cudnn_1gb,-1,0.5342947035092543,7.4046704218218595,e2e_bench_v1,16,128,128,0.3928571428571429,True
T15_p39,8,mix_s0,D14_with_cudnn_16gb,-1,0.5342947035092543,7.806894893431981,e2e_bench_v1,16,128,128,0.3928571428571429,True
T15_p39,8,mix_s0,D15_cublas_lt_1gb,-1,0.5342947035092543,6.975446428571428,e2e_bench_v1,16,128,128,0.3928571428571429,True
T15_p39,8,mix_s0,D16_all_enabled_8gb,-1,0.5342947035092543,7.978967441823354,e2e_bench_v1,16,128,128,0.3928571428571429,True
T15_p39,8,mix_s0,D17_all_enabled_16gb,-1,0.5342947035092543,7.838010274063867,e2e_bench_v1,16,128,128,0.3928571428571429,True
T15_p39,8,mix_s0,D18_edge_only_1gb,-1,0.5342947035092543,8.291241464166912,e2e_bench_v1,16,128,128,0.3928571428571429,True
T15_p39,8,mix_s0,D19_edge_only_8gb,-1,0.5342947035092543,8.060784765761655,e2e_bench_v1,16,128,128,0.3928571428571429,True
T15_p39,8,mix_s0,D1_default_4gb,-1,0.5342947035092543,8.121939551652693,e2e_bench_v1,16,128,128,0.3928571428571429,True
T15_p39,8,mix_s0,D20_edge_only_16gb,-1,0.5342947035092543,6.924800132956163,e2e_bench_v1,16,128,128,0.3928571428571429,True
T15_p39,8,mix_s0,D21_default_4gb_BL0,-1,0.5342947035092543,13.179606404234345,e2e_bench_v1,16,128,128,0.3928571428571429,True
T15_p39,8,mix_s0,D22_cublas_lt_8gb_BL0,-1,0.5342947035092543,13.236898118242562,e2e_bench_v1,16,128,128,0.3928571428571429,True
T15_p39,8,mix_s0,D23_all_enabled_4gb_BL0,-1,0.5342947035092543,9.329437360291676,e2e_bench_v1,16,128,128,0.3928571428571429,True
T15_p39,8,mix_s0,D24_edge_only_4gb_BL0,-1,0.5342947035092543,10.656663611756432,e2e_bench_v1,16,128,128,0.3928571428571429,True
T15_p39,8,mix_s0,D25_default_4gb_BL3,-1,,,e2e_bench_v1,16,128,128,0.3928571428571429,False
T15_p39,8,mix_s0,D26_cublas_lt_8gb_BL3,-1,0.5342947035092543,44.19030111271178,e2e_bench_v1,16,128,128,0.3928571428571429,True
T15_p39,8,mix_s0,D27_all_enabled_4gb_BL3,-1,,,e2e_bench_v1,16,128,128,0.3928571428571429,False
T15_p39,8,mix_s0,D28_edge_only_4gb_BL3,-1,,,e2e_bench_v1,16,128,128,0.3928571428571429,False
T15_p39,8,mix_s0,D29_default_4gb_BL5,-1,0.5342947035092543,10.670172173898198,e2e_bench_v1,16,128,128,0.3928571428571429,True
T15_p39,8,mix_s0,D2_with_cudnn_8gb,-1,0.5342947035092543,8.210625534716987,e2e_bench_v1,16,128,128,0.3928571428571429,True
T15_p39,8,mix_s0,D30_cublas_lt_8gb_BL5,-1,0.5342947035092543,6.8835347226142005,e2e_bench_v1,16,128,128,0.3928571428571429,True
T15_p39,8,mix_s0,D31_all_enabled_4gb_BL5,-1,0.5342947035092543,7.534125822914893,e2e_bench_v1,16,128,128,0.3928571428571429,True
T15_p39,8,mix_s0,D32_edge_only_4gb_BL5,-1,0.5342947035092543,8.135670440261807,e2e_bench_v1,16,128,128,0.3928571428571429,True
T15_p39,8,mix_s0,D3_cublas_lt_16gb,-1,0.5342947035092543,7.98210730825781,e2e_bench_v1,16,128,128,0.3928571428571429,True
T15_p39,8,mix_s0,D4_all_enabled_1gb,-1,0.5342947035092543,7.980049875311721,e2e_bench_v1,16,128,128,0.3928571428571429,True
T15_p39,8,mix_s0,D5_default_1gb,-1,0.5342947035092543,8.69377734192974,e2e_bench_v1,16,128,128,0.3928571428571429,True
T15_p39,8,mix_s0,D6_default_8gb,-1,0.5342947035092543,8.758722592862167,e2e_bench_v1,16,128,128,0.3928571428571429,True
T15_p39,8,mix_s0,D7_default_16gb,-1,0.5342947035092543,7.572630997050461,e2e_bench_v1,16,128,128,0.3928571428571429,True
T15_p39,8,mix_s0,D8_with_cudnn_4gb,-1,0.5342947035092543,8.206710627279927,e2e_bench_v1,16,128,128,0.3928571428571429,True
T15_p39,8,mix_s0,D9_cublas_lt_4gb,-1,0.5342947035092543,8.040058788909864,e2e_bench_v1,16,128,128,0.3928571428571429,True
T15_p39,8,mix_s2,D10_cublas_lt_8gb,-1,0.5321950731180228,7.9520649524665314,e2e_bench_v1,16,128,128,0.3928571428571429,True
T15_p39,8,mix_s2,D11_all_enabled_4gb,-1,0.5321950731180228,8.727846543510934,e2e_bench_v1,16,128,128,0.3928571428571429,True
T15_p39,8,mix_s2,D12_edge_only_4gb,-1,0.5321950731180228,7.91580120573484,e2e_bench_v1,16,128,128,0.3928571428571429,True
T15_p39,8,mix_s2,D13_with_cudnn_1gb,-1,0.5321950731180228,8.71884429975038,e2e_bench_v1,16,128,128,0.3928571428571429,True
T15_p39,8,mix_s2,D14_with_cudnn_16gb,-1,0.5321950731180228,8.591663165563926,e2e_bench_v1,16,128,128,0.3928571428571429,True
T15_p39,8,mix_s2,D15_cublas_lt_1gb,-1,0.5321950731180228,7.871139992947458,e2e_bench_v1,16,128,128,0.3928571428571429,True
T15_p39,8,mix_s2,D16_all_enabled_8gb,-1,0.5321950731180228,9.457391613563413,e2e_bench_v1,16,128,128,0.3928571428571429,True
T15_p39,8,mix_s2,D17_all_enabled_16gb,-1,0.5321950731180228,8.35917712260405,e2e_bench_v1,16,128,128,0.3928571428571429,True
T15_p39,8,mix_s2,D18_edge_only_1gb,-1,0.5321950731180228,8.383037761393597,e2e_bench_v1,16,128,128,0.3928571428571429,True
T15_p39,8,mix_s2,D19_edge_only_8gb,-1,0.5321950731180228,8.439694584332383,e2e_bench_v1,16,128,128,0.3928571428571429,True
T15_p39,8,mix_s2,D1_default_4gb,-1,0.5321950731180228,7.426452131317498,e2e_bench_v1,16,128,128,0.3928571428571429,True
T15_p39,8,mix_s2,D20_edge_only_16gb,-1,0.5321950731180228,8.08666969108113,e2e_bench_v1,16,128,128,0.3928571428571429,True
T15_p39,8,mix_s2,D21_default_4gb_BL0,-1,0.5321950731180228,10.587197748738271,e2e_bench_v1,16,128,128,0.3928571428571429,True
T15_p39,8,mix_s2,D22_cublas_lt_8gb_BL0,-1,0.5321950731180228,9.8590355102741,e2e_bench_v1,16,128,128,0.3928571428571429,True
T15_p39,8,mix_s2,D23_all_enabled_4gb_BL0,-1,0.5321950731180228,12.761645639728533,e2e_bench_v1,16,128,128,0.3928571428571429,True
T15_p39,8,mix_s2,D24_edge_only_4gb_BL0,-1,0.5321950731180228,10.09617617423577,e2e_bench_v1,16,128,128,0.3928571428571429,True
T15_p39,8,mix_s2,D25_default_4gb_BL3,-1,,,e2e_bench_v1,16,128,128,0.3928571428571429,False
T15_p39,8,mix_s2,D26_cublas_lt_8gb_BL3,-1,,,e2e_bench_v1,16,128,128,0.3928571428571429,False
T15_p39,8,mix_s2,D27_all_enabled_4gb_BL3,-1,,,e2e_bench_v1,16,128,128,0.3928571428571429,False
T15_p39,8,mix_s2,D28_edge_only_4gb_BL3,-1,,,e2e_bench_v1,16,128,128,0.3928571428571429,False
T15_p39,8,mix_s2,D29_default_4gb_BL5,-1,0.5321950731180228,7.772677174289849,e2e_bench_v1,16,128,128,0.3928571428571429,True
T15_p39,8,mix_s2,D2_with_cudnn_8gb,-1,0.5321950731180228,7.1617282969195255,e2e_bench_v1,16,128,128,0.3928571428571429,True
T15_p39,8,mix_s2,D30_cublas_lt_8gb_BL5,-1,0.5321950731180228,8.329168748958853,e2e_bench_v1,16,128,128,0.3928571428571429,True
T15_p39,8,mix_s2,D31_all_enabled_4gb_BL5,-1,0.5321950731180228,8.00037121722448,e2e_bench_v1,16,128,128,0.3928571428571429,True
T15_p39,8,mix_s2,D32_edge_only_4gb_BL5,-1,0.5321950731180228,11.265600039654913,e2e_bench_v1,16,128,128,0.3928571428571429,True
T15_p39,8,mix_s2,D3_cublas_lt_16gb,-1,0.5321950731180228,8.554232120799444,e2e_bench_v1,16,128,128,0.3928571428571429,True
T15_p39,8,mix_s2,D4_all_enabled_1gb,-1,0.5321950731180228,7.550509130830693,e2e_bench_v1,16,128,128,0.3928571428571429,True
T15_p39,8,mix_s2,D5_default_1gb,-1,0.5321950731180228,8.517481278576149,e2e_bench_v1,16,128,128,0.3928571428571429,True
T15_p39,8,mix_s2,D6_default_8gb,-1,0.5321950731180228,8.362392647784384,e2e_bench_v1,16,128,128,0.3928571428571429,True
T15_p39,8,mix_s2,D7_default_16gb,-1,0.5321950731180228,7.909264912918993,e2e_bench_v1,16,128,128,0.3928571428571429,True
T15_p39,8,mix_s2,D8_with_cudnn_4gb,-1,0.5321950731180228,8.106519668443346,e2e_bench_v1,16,128,128,0.3928571428571429,True
T15_p39,8,mix_s2,D9_cublas_lt_4gb,-1,0.5321950731180228,7.904294798578809,e2e_bench_v1,16,128,128,0.3928571428571429,True
T16_p54,8,fp16,D10_cublas_lt_8gb,-1,0.5383587234784141,7.901765254357824,e2e_bench_v1,16,64,128,0.5357142857142857,True
T16_p54,8,fp16,D11_all_enabled_4gb,-1,0.5383587234784141,7.751198916692439,e2e_bench_v1,16,64,128,0.5357142857142857,True
T16_p54,8,fp16,D12_edge_only_4gb,-1,0.5383587234784141,7.996519914533195,e2e_bench_v1,16,64,128,0.5357142857142857,True
T16_p54,8,fp16,D13_with_cudnn_1gb,-1,0.5383587234784141,7.401908063860702,e2e_bench_v1,16,64,128,0.5357142857142857,True
T16_p54,8,fp16,D14_with_cudnn_16gb,-1,0.5383587234784141,7.92458332540875,e2e_bench_v1,16,64,128,0.5357142857142857,True
T16_p54,8,fp16,D15_cublas_lt_1gb,-1,0.5383587234784141,7.796504982746335,e2e_bench_v1,16,64,128,0.5357142857142857,True
T16_p54,8,fp16,D16_all_enabled_8gb,-1,0.5383587234784141,8.420393181839232,e2e_bench_v1,16,64,128,0.5357142857142857,True
T16_p54,8,fp16,D17_all_enabled_16gb,-1,0.5383587234784141,8.050615831858059,e2e_bench_v1,16,64,128,0.5357142857142857,True
T16_p54,8,fp16,D18_edge_only_1gb,-1,0.5383587234784141,8.015678667473578,e2e_bench_v1,16,64,128,0.5357142857142857,True
T16_p54,8,fp16,D19_edge_only_8gb,-1,0.5383587234784141,7.830283307480348,e2e_bench_v1,16,64,128,0.5357142857142857,True
T16_p54,8,fp16,D1_default_4gb,-1,0.5383587234784141,7.523180800842596,e2e_bench_v1,16,64,128,0.5357142857142857,True
T16_p54,8,fp16,D20_edge_only_16gb,-1,0.5383587234784141,8.30281357443597,e2e_bench_v1,16,64,128,0.5357142857142857,True
T16_p54,8,fp16,D21_default_4gb_BL0,-1,0.5383587234784141,13.568428979450614,e2e_bench_v1,16,64,128,0.5357142857142857,True
T16_p54,8,fp16,D22_cublas_lt_8gb_BL0,-1,0.5383587234784141,11.385177637234085,e2e_bench_v1,16,64,128,0.5357142857142857,True
T16_p54,8,fp16,D23_all_enabled_4gb_BL0,-1,0.5383587234784141,8.881554698386843,e2e_bench_v1,16,64,128,0.5357142857142857,True
T16_p54,8,fp16,D24_edge_only_4gb_BL0,-1,0.5383587234784141,9.560329984349739,e2e_bench_v1,16,64,128,0.5357142857142857,True
T16_p54,8,fp16,D25_default_4gb_BL3,-1,0.5383587234784141,41.13313562006145,e2e_bench_v1,16,64,128,0.5357142857142857,True
T16_p54,8,fp16,D26_cublas_lt_8gb_BL3,-1,0.5383587234784141,11.399609905349038,e2e_bench_v1,16,64,128,0.5357142857142857,True
T16_p54,8,fp16,D27_all_enabled_4gb_BL3,-1,0.5383587234784141,53.11407841762537,e2e_bench_v1,16,64,128,0.5357142857142857,True
T16_p54,8,fp16,D28_edge_only_4gb_BL3,-1,0.5383587234784141,43.38018393197987,e2e_bench_v1,16,64,128,0.5357142857142857,True
T16_p54,8,fp16,D29_default_4gb_BL5,-1,0.5383587234784141,7.939236261350131,e2e_bench_v1,16,64,128,0.5357142857142857,True
T16_p54,8,fp16,D2_with_cudnn_8gb,-1,0.5383587234784141,7.78707641224471,e2e_bench_v1,16,64,128,0.5357142857142857,True
T16_p54,8,fp16,D30_cublas_lt_8gb_BL5,-1,0.5383587234784141,8.598326593678339,e2e_bench_v1,16,64,128,0.5357142857142857,True
T16_p54,8,fp16,D31_all_enabled_4gb_BL5,-1,0.5383587234784141,7.5588646585282895,e2e_bench_v1,16,64,128,0.5357142857142857,True
T16_p54,8,fp16,D32_edge_only_4gb_BL5,-1,0.5383587234784141,8.05859566076858,e2e_bench_v1,16,64,128,0.5357142857142857,True
T16_p54,8,fp16,D3_cublas_lt_16gb,-1,0.5383587234784141,7.732630385680405,e2e_bench_v1,16,64,128,0.5357142857142857,True
T16_p54,8,fp16,D4_all_enabled_1gb,-1,0.5383587234784141,7.860306630561658,e2e_bench_v1,16,64,128,0.5357142857142857,True
T16_p54,8,fp16,D5_default_1gb,-1,0.5383587234784141,8.290011116904909,e2e_bench_v1,16,64,128,0.5357142857142857,True
T16_p54,8,fp16,D6_default_8gb,-1,0.5383587234784141,8.30185546469636,e2e_bench_v1,16,64,128,0.5357142857142857,True
T16_p54,8,fp16,D7_default_16gb,-1,0.5383587234784141,8.746817251872475,e2e_bench_v1,16,64,128,0.5357142857142857,True
T16_p54,8,fp16,D8_with_cudnn_4gb,-1,0.5383587234784141,8.09324060637796,e2e_bench_v1,16,64,128,0.5357142857142857,True
T16_p54,8,fp16,D9_cublas_lt_4gb,-1,0.5383587234784141,7.919631578738957,e2e_bench_v1,16,64,128,0.5357142857142857,True
T16_p54,8,fp32,D10_cublas_lt_8gb,-1,0.5377782125491992,10.018815335199504,e2e_bench_v1,16,64,128,0.5357142857142857,True
T16_p54,8,fp32,D11_all_enabled_4gb,-1,0.5377782125491992,9.973948047699409,e2e_bench_v1,16,64,128,0.5357142857142857,True
T16_p54,8,fp32,D12_edge_only_4gb,-1,0.5377782125491992,10.172981375305698,e2e_bench_v1,16,64,128,0.5357142857142857,True
T16_p54,8,fp32,D13_with_cudnn_1gb,-1,0.5377782125491992,10.46455289674521,e2e_bench_v1,16,64,128,0.5357142857142857,True
T16_p54,8,fp32,D14_with_cudnn_16gb,-1,0.5377782125491992,9.771321756922736,e2e_bench_v1,16,64,128,0.5357142857142857,True
T16_p54,8,fp32,D15_cublas_lt_1gb,-1,0.5377782125491992,10.248159174408297,e2e_bench_v1,16,64,128,0.5357142857142857,True
T16_p54,8,fp32,D16_all_enabled_8gb,-1,0.5377782125491992,9.956371181482742,e2e_bench_v1,16,64,128,0.5357142857142857,True
T16_p54,8,fp32,D17_all_enabled_16gb,-1,0.5377782125491992,9.351964941353827,e2e_bench_v1,16,64,128,0.5357142857142857,True
T16_p54,8,fp32,D18_edge_only_1gb,-1,0.5377782125491992,10.251027152920724,e2e_bench_v1,16,64,128,0.5357142857142857,True
T16_p54,8,fp32,D19_edge_only_8gb,-1,0.5377782125491992,9.793906818811745,e2e_bench_v1,16,64,128,0.5357142857142857,True
T16_p54,8,fp32,D1_default_4gb,-1,0.5377782125491992,10.89310379385019,e2e_bench_v1,16,64,128,0.5357142857142857,True
T16_p54,8,fp32,D20_edge_only_16gb,-1,0.5377782125491992,10.137803158331197,e2e_bench_v1,16,64,128,0.5357142857142857,True
T16_p54,8,fp32,D21_default_4gb_BL0,-1,0.5377782125491992,12.438166763477065,e2e_bench_v1,16,64,128,0.5357142857142857,True
T16_p54,8,fp32,D22_cublas_lt_8gb_BL0,-1,0.5377782125491992,17.829507121105145,e2e_bench_v1,16,64,128,0.5357142857142857,True
T16_p54,8,fp32,D23_all_enabled_4gb_BL0,-1,0.5377782125491992,12.660279133834342,e2e_bench_v1,16,64,128,0.5357142857142857,True
T16_p54,8,fp32,D24_edge_only_4gb_BL0,-1,0.5377782125491992,12.286914190648675,e2e_bench_v1,16,64,128,0.5357142857142857,True
T16_p54,8,fp32,D25_default_4gb_BL3,-1,,,e2e_bench_v1,16,64,128,0.5357142857142857,False
T16_p54,8,fp32,D26_cublas_lt_8gb_BL3,-1,,,e2e_bench_v1,16,64,128,0.5357142857142857,False
T16_p54,8,fp32,D27_all_enabled_4gb_BL3,-1,0.5377782125491992,25.59436514456977,e2e_bench_v1,16,64,128,0.5357142857142857,True
T16_p54,8,fp32,D28_edge_only_4gb_BL3,-1,,,e2e_bench_v1,16,64,128,0.5357142857142857,False
T16_p54,8,fp32,D29_default_4gb_BL5,-1,0.5377782125491992,10.130172719444866,e2e_bench_v1,16,64,128,0.5357142857142857,True
T16_p54,8,fp32,D2_with_cudnn_8gb,-1,0.5377782125491992,10.509312827562145,e2e_bench_v1,16,64,128,0.5357142857142857,True
T16_p54,8,fp32,D30_cublas_lt_8gb_BL5,-1,0.5377782125491992,10.323475790416923,e2e_bench_v1,16,64,128,0.5357142857142857,True
T16_p54,8,fp32,D31_all_enabled_4gb_BL5,-1,0.5377782125491992,13.73279281060831,e2e_bench_v1,16,64,128,0.5357142857142857,True
T16_p54,8,fp32,D32_edge_only_4gb_BL5,-1,0.5377782125491992,8.804359214334202,e2e_bench_v1,16,64,128,0.5357142857142857,True
T16_p54,8,fp32,D3_cublas_lt_16gb,-1,0.5377782125491992,9.86598052060806,e2e_bench_v1,16,64,128,0.5357142857142857,True
T16_p54,8,fp32,D4_all_enabled_1gb,-1,0.5377782125491992,9.833876327204534,e2e_bench_v1,16,64,128,0.5357142857142857,True
T16_p54,8,fp32,D5_default_1gb,-1,0.5377782125491992,10.32945806498262,e2e_bench_v1,16,64,128,0.5357142857142857,True
T16_p54,8,fp32,D6_default_8gb,-1,0.5377782125491992,9.792966887041066,e2e_bench_v1,16,64,128,0.5357142857142857,True
T16_p54,8,fp32,D7_default_16gb,-1,0.5377782125491992,10.18297793043193,e2e_bench_v1,16,64,128,0.5357142857142857,True
T16_p54,8,fp32,D8_with_cudnn_4gb,-1,0.5377782125491992,9.932390219773998,e2e_bench_v1,16,64,128,0.5357142857142857,True
T16_p54,8,fp32,D9_cublas_lt_4gb,-1,0.5377782125491992,10.056982864912595,e2e_bench_v1,16,64,128,0.5357142857142857,True
T16_p54,8,int8_ent,D10_cublas_lt_8gb,-1,0.1493340673562054,9.412429112643245,e2e_bench_v1,16,64,128,0.5357142857142857,True
T16_p54,8,int8_ent,D11_all_enabled_4gb,-1,0.1493340673562054,9.492403229695276,e2e_bench_v1,16,64,128,0.5357142857142857,True
T16_p54,8,int8_ent,D12_edge_only_4gb,-1,0.1493340673562054,9.106588981391596,e2e_bench_v1,16,64,128,0.5357142857142857,True
T16_p54,8,int8_ent,D13_with_cudnn_1gb,-1,0.1493340673562054,7.351822185887883,e2e_bench_v1,16,64,128,0.5357142857142857,True
T16_p54,8,int8_ent,D14_with_cudnn_16gb,-1,0.1493340673562054,7.472640793893358,e2e_bench_v1,16,64,128,0.5357142857142857,True
T16_p54,8,int8_ent,D15_cublas_lt_1gb,-1,0.1493340673562054,7.943038879586708,e2e_bench_v1,16,64,128,0.5357142857142857,True
T16_p54,8,int8_ent,D16_all_enabled_8gb,-1,0.1493340673562054,7.189036431879926,e2e_bench_v1,16,64,128,0.5357142857142857,True
T16_p54,8,int8_ent,D17_all_enabled_16gb,-1,0.1493340673562054,7.872385482376484,e2e_bench_v1,16,64,128,0.5357142857142857,True
T16_p54,8,int8_ent,D18_edge_only_1gb,-1,0.1493340673562054,7.431192728726538,e2e_bench_v1,16,64,128,0.5357142857142857,True
T16_p54,8,int8_ent,D19_edge_only_8gb,-1,0.1493340673562054,7.642402802010564,e2e_bench_v1,16,64,128,0.5357142857142857,True
T16_p54,8,int8_ent,D1_default_4gb,-1,0.1493340673562054,5.81589775651744,e2e_bench_v1,16,64,128,0.5357142857142857,True
T16_p54,8,int8_ent,D20_edge_only_16gb,-1,0.1493340673562054,7.3970898369163605,e2e_bench_v1,16,64,128,0.5357142857142857,True
T16_p54,8,int8_ent,D21_default_4gb_BL0,-1,0.1493340673562054,8.610075510362226,e2e_bench_v1,16,64,128,0.5357142857142857,True
T16_p54,8,int8_ent,D22_cublas_lt_8gb_BL0,-1,0.1493340673562054,8.294680123955699,e2e_bench_v1,16,64,128,0.5357142857142857,True
T16_p54,8,int8_ent,D23_all_enabled_4gb_BL0,-1,0.1493340673562054,8.59542946633557,e2e_bench_v1,16,64,128,0.5357142857142857,True
T16_p54,8,int8_ent,D24_edge_only_4gb_BL0,-1,0.1493340673562054,8.946832552871307,e2e_bench_v1,16,64,128,0.5357142857142857,True
T16_p54,8,int8_ent,D25_default_4gb_BL3,-1,,,e2e_bench_v1,16,64,128,0.5357142857142857,False
T16_p54,8,int8_ent,D26_cublas_lt_8gb_BL3,-1,,,e2e_bench_v1,16,64,128,0.5357142857142857,False
T16_p54,8,int8_ent,D27_all_enabled_4gb_BL3,-1,0.1493340673562054,47.88492295315896,e2e_bench_v1,16,64,128,0.5357142857142857,True
T16_p54,8,int8_ent,D28_edge_only_4gb_BL3,-1,,,e2e_bench_v1,16,64,128,0.5357142857142857,False
T16_p54,8,int8_ent,D29_default_4gb_BL5,-1,0.1493340673562054,7.5097062953867875,e2e_bench_v1,16,64,128,0.5357142857142857,True
T16_p54,8,int8_ent,D2_with_cudnn_8gb,-1,0.1493340673562054,8.1207193658043,e2e_bench_v1,16,64,128,0.5357142857142857,True
T16_p54,8,int8_ent,D30_cublas_lt_8gb_BL5,-1,0.1493340673562054,7.357166137318563,e2e_bench_v1,16,64,128,0.5357142857142857,True
T16_p54,8,int8_ent,D31_all_enabled_4gb_BL5,-1,0.1493340673562054,8.273899157717066,e2e_bench_v1,16,64,128,0.5357142857142857,True
T16_p54,8,int8_ent,D32_edge_only_4gb_BL5,-1,0.1493340673562054,7.48948102390193,e2e_bench_v1,16,64,128,0.5357142857142857,True
T16_p54,8,int8_ent,D3_cublas_lt_16gb,-1,0.1493340673562054,7.610101039311498,e2e_bench_v1,16,64,128,0.5357142857142857,True
T16_p54,8,int8_ent,D4_all_enabled_1gb,-1,0.1493340673562054,7.266385699752942,e2e_bench_v1,16,64,128,0.5357142857142857,True
T16_p54,8,int8_ent,D5_default_1gb,-1,0.1493340673562054,7.658838567766553,e2e_bench_v1,16,64,128,0.5357142857142857,True
T16_p54,8,int8_ent,D6_default_8gb,-1,0.1493340673562054,7.925720150747198,e2e_bench_v1,16,64,128,0.5357142857142857,True
T16_p54,8,int8_ent,D7_default_16gb,-1,0.1493340673562054,8.21144807244468,e2e_bench_v1,16,64,128,0.5357142857142857,True
T16_p54,8,int8_ent,D8_with_cudnn_4gb,-1,0.1493340673562054,6.997616611782027,e2e_bench_v1,16,64,128,0.5357142857142857,True
T16_p54,8,int8_ent,D9_cublas_lt_4gb,-1,0.1493340673562054,6.166208928423879,e2e_bench_v1,16,64,128,0.5357142857142857,True
T16_p54,8,int8_mm,D10_cublas_lt_8gb,-1,0.5344599076921303,7.538561627364376,e2e_bench_v1,16,64,128,0.5357142857142857,True
T16_p54,8,int8_mm,D11_all_enabled_4gb,-1,0.5344599076921303,7.246135273751744,e2e_bench_v1,16,64,128,0.5357142857142857,True
T16_p54,8,int8_mm,D12_edge_only_4gb,-1,0.5344599076921303,7.958545528053475,e2e_bench_v1,16,64,128,0.5357142857142857,True
T16_p54,8,int8_mm,D13_with_cudnn_1gb,-1,0.5344599076921303,8.235034471854298,e2e_bench_v1,16,64,128,0.5357142857142857,True
T16_p54,8,int8_mm,D14_with_cudnn_16gb,-1,0.5344599076921303,8.603697352900435,e2e_bench_v1,16,64,128,0.5357142857142857,True
T16_p54,8,int8_mm,D15_cublas_lt_1gb,-1,0.5344599076921303,7.578122868652944,e2e_bench_v1,16,64,128,0.5357142857142857,True
T16_p54,8,int8_mm,D16_all_enabled_8gb,-1,0.5344599076921303,7.80552381309205,e2e_bench_v1,16,64,128,0.5357142857142857,True
T16_p54,8,int8_mm,D17_all_enabled_16gb,-1,0.5344599076921303,7.338130024325902,e2e_bench_v1,16,64,128,0.5357142857142857,True
T16_p54,8,int8_mm,D18_edge_only_1gb,-1,0.5344599076921303,7.456837957691393,e2e_bench_v1,16,64,128,0.5357142857142857,True
T16_p54,8,int8_mm,D19_edge_only_8gb,-1,0.5344599076921303,7.82955374675465,e2e_bench_v1,16,64,128,0.5357142857142857,True
T16_p54,8,int8_mm,D1_default_4gb,-1,0.5344599076921303,7.658117144686339,e2e_bench_v1,16,64,128,0.5357142857142857,True
T16_p54,8,int8_mm,D20_edge_only_16gb,-1,0.5344599076921303,7.830835166401332,e2e_bench_v1,16,64,128,0.5357142857142857,True
T16_p54,8,int8_mm,D21_default_4gb_BL0,-1,0.5344599076921303,9.240137308440403,e2e_bench_v1,16,64,128,0.5357142857142857,True
T16_p54,8,int8_mm,D22_cublas_lt_8gb_BL0,-1,0.5344599076921303,8.627093040610315,e2e_bench_v1,16,64,128,0.5357142857142857,True
T16_p54,8,int8_mm,D23_all_enabled_4gb_BL0,-1,0.5344599076921303,11.146569587476606,e2e_bench_v1,16,64,128,0.5357142857142857,True
T16_p54,8,int8_mm,D24_edge_only_4gb_BL0,-1,0.5344599076921303,12.746306439051624,e2e_bench_v1,16,64,128,0.5357142857142857,True
T16_p54,8,int8_mm,D25_default_4gb_BL3,-1,0.5344599076921303,9.383142808618604,e2e_bench_v1,16,64,128,0.5357142857142857,True
T16_p54,8,int8_mm,D26_cublas_lt_8gb_BL3,-1,0.5344599076921303,12.321492379156963,e2e_bench_v1,16,64,128,0.5357142857142857,True
T16_p54,8,int8_mm,D27_all_enabled_4gb_BL3,-1,,,e2e_bench_v1,16,64,128,0.5357142857142857,False
T16_p54,8,int8_mm,D28_edge_only_4gb_BL3,-1,0.5344599076921303,21.665045399102635,e2e_bench_v1,16,64,128,0.5357142857142857,True
T16_p54,8,int8_mm,D29_default_4gb_BL5,-1,0.5344599076921303,7.474802440971485,e2e_bench_v1,16,64,128,0.5357142857142857,True
T16_p54,8,int8_mm,D2_with_cudnn_8gb,-1,0.5344599076921303,7.628672824531371,e2e_bench_v1,16,64,128,0.5357142857142857,True
T16_p54,8,int8_mm,D30_cublas_lt_8gb_BL5,-1,0.5344599076921303,7.686855937558132,e2e_bench_v1,16,64,128,0.5357142857142857,True
T16_p54,8,int8_mm,D31_all_enabled_4gb_BL5,-1,0.5344599076921303,8.162752218840122,e2e_bench_v1,16,64,128,0.5357142857142857,True
T16_p54,8,int8_mm,D32_edge_only_4gb_BL5,-1,0.5344599076921303,15.981972335205887,e2e_bench_v1,16,64,128,0.5357142857142857,True
T16_p54,8,int8_mm,D3_cublas_lt_16gb,-1,0.5344599076921303,7.764903567662593,e2e_bench_v1,16,64,128,0.5357142857142857,True
T16_p54,8,int8_mm,D4_all_enabled_1gb,-1,0.5344599076921303,7.3370747523187,e2e_bench_v1,16,64,128,0.5357142857142857,True
T16_p54,8,int8_mm,D5_default_1gb,-1,0.5344599076921303,7.9181641894690005,e2e_bench_v1,16,64,128,0.5357142857142857,True
T16_p54,8,int8_mm,D6_default_8gb,-1,0.5344599076921303,8.118919436774322,e2e_bench_v1,16,64,128,0.5357142857142857,True
T16_p54,8,int8_mm,D7_default_16gb,-1,0.5344599076921303,7.753975657168821,e2e_bench_v1,16,64,128,0.5357142857142857,True
T16_p54,8,int8_mm,D8_with_cudnn_4gb,-1,0.5344599076921303,7.604065437545529,e2e_bench_v1,16,64,128,0.5357142857142857,True
T16_p54,8,int8_mm,D9_cublas_lt_4gb,-1,0.5344599076921303,8.137947983864077,e2e_bench_v1,16,64,128,0.5357142857142857,True
T16_p54,8,int8_pc_wo,D10_cublas_lt_8gb,-1,0.5356761903352937,9.96182628168857,e2e_bench_v1,16,64,128,0.5357142857142857,True
T16_p54,8,int8_pc_wo,D11_all_enabled_4gb,-1,0.5356761903352937,9.371693549369613,e2e_bench_v1,16,64,128,0.5357142857142857,True
T16_p54,8,int8_pc_wo,D12_edge_only_4gb,-1,0.5356761903352937,8.011985930952704,e2e_bench_v1,16,64,128,0.5357142857142857,True
T16_p54,8,int8_pc_wo,D13_with_cudnn_1gb,-1,0.5356761903352937,7.733437683185804,e2e_bench_v1,16,64,128,0.5357142857142857,True
T16_p54,8,int8_pc_wo,D14_with_cudnn_16gb,-1,0.5356761903352937,7.522456413006928,e2e_bench_v1,16,64,128,0.5357142857142857,True
T16_p54,8,int8_pc_wo,D15_cublas_lt_1gb,-1,0.5356761903352937,7.729558217100101,e2e_bench_v1,16,64,128,0.5357142857142857,True
T16_p54,8,int8_pc_wo,D16_all_enabled_8gb,-1,0.5356761903352937,7.835737860091333,e2e_bench_v1,16,64,128,0.5357142857142857,True
T16_p54,8,int8_pc_wo,D17_all_enabled_16gb,-1,0.5356761903352937,7.850803333451095,e2e_bench_v1,16,64,128,0.5357142857142857,True
T16_p54,8,int8_pc_wo,D18_edge_only_1gb,-1,0.5356761903352937,7.409992671517248,e2e_bench_v1,16,64,128,0.5357142857142857,True
T16_p54,8,int8_pc_wo,D19_edge_only_8gb,-1,0.5356761903352937,7.607345348374577,e2e_bench_v1,16,64,128,0.5357142857142857,True
T16_p54,8,int8_pc_wo,D1_default_4gb,-1,0.5356761903352937,6.773071621845865,e2e_bench_v1,16,64,128,0.5357142857142857,True
T16_p54,8,int8_pc_wo,D20_edge_only_16gb,-1,0.5356761903352937,8.05384478469254,e2e_bench_v1,16,64,128,0.5357142857142857,True
T16_p54,8,int8_pc_wo,D21_default_4gb_BL0,-1,0.5356761903352937,9.787426875686956,e2e_bench_v1,16,64,128,0.5357142857142857,True
T16_p54,8,int8_pc_wo,D22_cublas_lt_8gb_BL0,-1,0.5356761903352937,13.467287957551108,e2e_bench_v1,16,64,128,0.5357142857142857,True
T16_p54,8,int8_pc_wo,D23_all_enabled_4gb_BL0,-1,0.5356761903352937,9.237969161811343,e2e_bench_v1,16,64,128,0.5357142857142857,True
T16_p54,8,int8_pc_wo,D24_edge_only_4gb_BL0,-1,0.5356761903352937,10.330642545305032,e2e_bench_v1,16,64,128,0.5357142857142857,True
T16_p54,8,int8_pc_wo,D25_default_4gb_BL3,-1,,,e2e_bench_v1,16,64,128,0.5357142857142857,False
T16_p54,8,int8_pc_wo,D26_cublas_lt_8gb_BL3,-1,0.5356761903352937,56.28190480478621,e2e_bench_v1,16,64,128,0.5357142857142857,True
T16_p54,8,int8_pc_wo,D27_all_enabled_4gb_BL3,-1,,,e2e_bench_v1,16,64,128,0.5357142857142857,False
T16_p54,8,int8_pc_wo,D28_edge_only_4gb_BL3,-1,,,e2e_bench_v1,16,64,128,0.5357142857142857,False
T16_p54,8,int8_pc_wo,D29_default_4gb_BL5,-1,0.5356761903352937,7.731380901942897,e2e_bench_v1,16,64,128,0.5357142857142857,True
T16_p54,8,int8_pc_wo,D2_with_cudnn_8gb,-1,0.5356761903352937,7.455014578281007,e2e_bench_v1,16,64,128,0.5357142857142857,True
T16_p54,8,int8_pc_wo,D30_cublas_lt_8gb_BL5,-1,0.5356761903352937,7.92502294294142,e2e_bench_v1,16,64,128,0.5357142857142857,True
T16_p54,8,int8_pc_wo,D31_all_enabled_4gb_BL5,-1,0.5356761903352937,8.240517636355845,e2e_bench_v1,16,64,128,0.5357142857142857,True
T16_p54,8,int8_pc_wo,D32_edge_only_4gb_BL5,-1,0.5356761903352937,16.510777409954347,e2e_bench_v1,16,64,128,0.5357142857142857,True
T16_p54,8,int8_pc_wo,D3_cublas_lt_16gb,-1,0.5356761903352937,8.058134606303717,e2e_bench_v1,16,64,128,0.5357142857142857,True
T16_p54,8,int8_pc_wo,D4_all_enabled_1gb,-1,0.5356761903352937,7.655566860275953,e2e_bench_v1,16,64,128,0.5357142857142857,True
T16_p54,8,int8_pc_wo,D5_default_1gb,-1,0.5356761903352937,7.911148311088503,e2e_bench_v1,16,64,128,0.5357142857142857,True
T16_p54,8,int8_pc_wo,D6_default_8gb,-1,0.5356761903352937,7.9758809360493865,e2e_bench_v1,16,64,128,0.5357142857142857,True
T16_p54,8,int8_pc_wo,D7_default_16gb,-1,0.5356761903352937,7.674402720422276,e2e_bench_v1,16,64,128,0.5357142857142857,True
T16_p54,8,int8_pc_wo,D8_with_cudnn_4gb,-1,0.5356761903352937,9.223024727851598,e2e_bench_v1,16,64,128,0.5357142857142857,True
T16_p54,8,int8_pc_wo,D9_cublas_lt_4gb,-1,0.5356761903352937,9.659969088098919,e2e_bench_v1,16,64,128,0.5357142857142857,True
T16_p54,8,mix_s0,D10_cublas_lt_8gb,-1,0.5368506700969826,8.300725317378232,e2e_bench_v1,16,64,128,0.5357142857142857,True
T16_p54,8,mix_s0,D11_all_enabled_4gb,-1,0.5368506700969826,7.9888411866305145,e2e_bench_v1,16,64,128,0.5357142857142857,True
T16_p54,8,mix_s0,D12_edge_only_4gb,-1,0.5368506700969826,8.286610660227419,e2e_bench_v1,16,64,128,0.5357142857142857,True
T16_p54,8,mix_s0,D13_with_cudnn_1gb,-1,0.5368506700969826,7.46527712975025,e2e_bench_v1,16,64,128,0.5357142857142857,True
T16_p54,8,mix_s0,D14_with_cudnn_16gb,-1,0.5368506700969826,7.40153552255951,e2e_bench_v1,16,64,128,0.5357142857142857,True
T16_p54,8,mix_s0,D15_cublas_lt_1gb,-1,0.5368506700969826,7.95061712690139,e2e_bench_v1,16,64,128,0.5357142857142857,True
T16_p54,8,mix_s0,D16_all_enabled_8gb,-1,0.5368506700969826,8.113728509775825,e2e_bench_v1,16,64,128,0.5357142857142857,True
T16_p54,8,mix_s0,D17_all_enabled_16gb,-1,0.5368506700969826,7.8955388626318355,e2e_bench_v1,16,64,128,0.5357142857142857,True
T16_p54,8,mix_s0,D18_edge_only_1gb,-1,0.5368506700969826,6.447000178581906,e2e_bench_v1,16,64,128,0.5357142857142857,True
T16_p54,8,mix_s0,D19_edge_only_8gb,-1,0.5368506700969826,7.924558205880023,e2e_bench_v1,16,64,128,0.5357142857142857,True
T16_p54,8,mix_s0,D1_default_4gb,-1,0.5368506700969826,7.650740629946682,e2e_bench_v1,16,64,128,0.5357142857142857,True
T16_p54,8,mix_s0,D20_edge_only_16gb,-1,0.5368506700969826,8.342698011851637,e2e_bench_v1,16,64,128,0.5357142857142857,True
T16_p54,8,mix_s0,D21_default_4gb_BL0,-1,0.5368506700969826,11.746547102479227,e2e_bench_v1,16,64,128,0.5357142857142857,True
T16_p54,8,mix_s0,D22_cublas_lt_8gb_BL0,-1,0.5368506700969826,13.8369044077459,e2e_bench_v1,16,64,128,0.5357142857142857,True
T16_p54,8,mix_s0,D23_all_enabled_4gb_BL0,-1,0.5368506700969826,10.23053487282422,e2e_bench_v1,16,64,128,0.5357142857142857,True
T16_p54,8,mix_s0,D24_edge_only_4gb_BL0,-1,0.5368506700969826,9.184313559812383,e2e_bench_v1,16,64,128,0.5357142857142857,True
T16_p54,8,mix_s0,D25_default_4gb_BL3,-1,0.5368506700969826,15.39034532856848,e2e_bench_v1,16,64,128,0.5357142857142857,True
T16_p54,8,mix_s0,D26_cublas_lt_8gb_BL3,-1,,,e2e_bench_v1,16,64,128,0.5357142857142857,False
T16_p54,8,mix_s0,D27_all_enabled_4gb_BL3,-1,,,e2e_bench_v1,16,64,128,0.5357142857142857,False
T16_p54,8,mix_s0,D28_edge_only_4gb_BL3,-1,,,e2e_bench_v1,16,64,128,0.5357142857142857,False
T16_p54,8,mix_s0,D29_default_4gb_BL5,-1,0.5368506700969826,7.666812591666329,e2e_bench_v1,16,64,128,0.5357142857142857,True
T16_p54,8,mix_s0,D2_with_cudnn_8gb,-1,0.5368506700969826,8.028433500083898,e2e_bench_v1,16,64,128,0.5357142857142857,True
T16_p54,8,mix_s0,D30_cublas_lt_8gb_BL5,-1,0.5368506700969826,8.362847214962807,e2e_bench_v1,16,64,128,0.5357142857142857,True
T16_p54,8,mix_s0,D31_all_enabled_4gb_BL5,-1,0.5368506700969826,7.593210454939612,e2e_bench_v1,16,64,128,0.5357142857142857,True
T16_p54,8,mix_s0,D32_edge_only_4gb_BL5,-1,0.5368506700969826,7.200393429496987,e2e_bench_v1,16,64,128,0.5357142857142857,True
T16_p54,8,mix_s0,D3_cublas_lt_16gb,-1,0.5368506700969826,8.105205568276226,e2e_bench_v1,16,64,128,0.5357142857142857,True
T16_p54,8,mix_s0,D4_all_enabled_1gb,-1,0.5368506700969826,7.1887211840111345,e2e_bench_v1,16,64,128,0.5357142857142857,True
T16_p54,8,mix_s0,D5_default_1gb,-1,0.5368506700969826,8.202664881766788,e2e_bench_v1,16,64,128,0.5357142857142857,True
T16_p54,8,mix_s0,D6_default_8gb,-1,0.5368506700969826,8.261970562598885,e2e_bench_v1,16,64,128,0.5357142857142857,True
T16_p54,8,mix_s0,D7_default_16gb,-1,0.5368506700969826,7.794615012272621,e2e_bench_v1,16,64,128,0.5357142857142857,True
T16_p54,8,mix_s0,D8_with_cudnn_4gb,-1,0.5368506700969826,7.825399682288773,e2e_bench_v1,16,64,128,0.5357142857142857,True
T16_p54,8,mix_s0,D9_cublas_lt_4gb,-1,0.5368506700969826,7.101521216859864,e2e_bench_v1,16,64,128,0.5357142857142857,True
T16_p54,8,mix_s2,D10_cublas_lt_8gb,-1,0.5381800379908805,8.054305348380923,e2e_bench_v1,16,64,128,0.5357142857142857,True
T16_p54,8,mix_s2,D11_all_enabled_4gb,-1,0.5381800379908805,7.709672246413461,e2e_bench_v1,16,64,128,0.5357142857142857,True
T16_p54,8,mix_s2,D12_edge_only_4gb,-1,0.5381800379908805,7.099696062011585,e2e_bench_v1,16,64,128,0.5357142857142857,True
T16_p54,8,mix_s2,D13_with_cudnn_1gb,-1,0.5381800379908805,7.726882519705483,e2e_bench_v1,16,64,128,0.5357142857142857,True
T16_p54,8,mix_s2,D14_with_cudnn_16gb,-1,0.5381800379908805,8.164285008658224,e2e_bench_v1,16,64,128,0.5357142857142857,True
T16_p54,8,mix_s2,D15_cublas_lt_1gb,-1,0.5381800379908805,7.161446211093653,e2e_bench_v1,16,64,128,0.5357142857142857,True
T16_p54,8,mix_s2,D16_all_enabled_8gb,-1,0.5381800379908805,8.016629696642715,e2e_bench_v1,16,64,128,0.5357142857142857,True
T16_p54,8,mix_s2,D17_all_enabled_16gb,-1,0.5381800379908805,8.889347184121492,e2e_bench_v1,16,64,128,0.5357142857142857,True
T16_p54,8,mix_s2,D18_edge_only_1gb,-1,0.5381800379908805,8.08578696538798,e2e_bench_v1,16,64,128,0.5357142857142857,True
T16_p54,8,mix_s2,D19_edge_only_8gb,-1,0.5381800379908805,7.302185617177077,e2e_bench_v1,16,64,128,0.5357142857142857,True
T16_p54,8,mix_s2,D1_default_4gb,-1,0.5381800379908805,6.964637055351453,e2e_bench_v1,16,64,128,0.5357142857142857,True
T16_p54,8,mix_s2,D20_edge_only_16gb,-1,0.5381800379908805,8.078144740966211,e2e_bench_v1,16,64,128,0.5357142857142857,True
T16_p54,8,mix_s2,D21_default_4gb_BL0,-1,0.5381800379908805,12.101541615386383,e2e_bench_v1,16,64,128,0.5357142857142857,True
T16_p54,8,mix_s2,D22_cublas_lt_8gb_BL0,-1,0.5381800379908805,9.590256299599607,e2e_bench_v1,16,64,128,0.5357142857142857,True
T16_p54,8,mix_s2,D23_all_enabled_4gb_BL0,-1,0.5381800379908805,9.378206174235817,e2e_bench_v1,16,64,128,0.5357142857142857,True
T16_p54,8,mix_s2,D24_edge_only_4gb_BL0,-1,0.5381800379908805,9.70015840358673,e2e_bench_v1,16,64,128,0.5357142857142857,True
T16_p54,8,mix_s2,D25_default_4gb_BL3,-1,0.5381800379908805,10.696720171660965,e2e_bench_v1,16,64,128,0.5357142857142857,True
T16_p54,8,mix_s2,D26_cublas_lt_8gb_BL3,-1,,,e2e_bench_v1,16,64,128,0.5357142857142857,False
T16_p54,8,mix_s2,D27_all_enabled_4gb_BL3,-1,,,e2e_bench_v1,16,64,128,0.5357142857142857,False
T16_p54,8,mix_s2,D28_edge_only_4gb_BL3,-1,,,e2e_bench_v1,16,64,128,0.5357142857142857,False
T16_p54,8,mix_s2,D29_default_4gb_BL5,-1,0.5381800379908805,8.03043212558311,e2e_bench_v1,16,64,128,0.5357142857142857,True
T16_p54,8,mix_s2,D2_with_cudnn_8gb,-1,0.5381800379908805,8.275220596693057,e2e_bench_v1,16,64,128,0.5357142857142857,True
T16_p54,8,mix_s2,D30_cublas_lt_8gb_BL5,-1,0.5381800379908805,8.44028582183907,e2e_bench_v1,16,64,128,0.5357142857142857,True
T16_p54,8,mix_s2,D31_all_enabled_4gb_BL5,-1,0.5381800379908805,8.281223732993473,e2e_bench_v1,16,64,128,0.5357142857142857,True
T16_p54,8,mix_s2,D32_edge_only_4gb_BL5,-1,0.5381800379908805,8.20925051184677,e2e_bench_v1,16,64,128,0.5357142857142857,True
T16_p54,8,mix_s2,D3_cublas_lt_16gb,-1,0.5381800379908805,7.3485158569949425,e2e_bench_v1,16,64,128,0.5357142857142857,True
T16_p54,8,mix_s2,D4_all_enabled_1gb,-1,0.5381800379908805,8.291213966384102,e2e_bench_v1,16,64,128,0.5357142857142857,True
T16_p54,8,mix_s2,D5_default_1gb,-1,0.5381800379908805,8.224861123219934,e2e_bench_v1,16,64,128,0.5357142857142857,True
T16_p54,8,mix_s2,D6_default_8gb,-1,0.5381800379908805,7.587909728155546,e2e_bench_v1,16,64,128,0.5357142857142857,True
T16_p54,8,mix_s2,D7_default_16gb,-1,0.5381800379908805,8.223582768304667,e2e_bench_v1,16,64,128,0.5357142857142857,True
T16_p54,8,mix_s2,D8_with_cudnn_4gb,-1,0.5381800379908805,7.977077071327832,e2e_bench_v1,16,64,128,0.5357142857142857,True
T16_p54,8,mix_s2,D9_cublas_lt_4gb,-1,0.5381800379908805,8.206973301074457,e2e_bench_v1,16,64,128,0.5357142857142857,True
T17_p57,8,fp16,D10_cublas_lt_8gb,-1,0.5277473913027602,8.457675255717811,e2e_bench_v1,32,32,128,0.5714285714285714,True
T17_p57,8,fp16,D11_all_enabled_4gb,-1,0.5277473913027602,8.243459021353031,e2e_bench_v1,32,32,128,0.5714285714285714,True
T17_p57,8,fp16,D12_edge_only_4gb,-1,0.5277473913027602,7.898014518130288,e2e_bench_v1,32,32,128,0.5714285714285714,True
T17_p57,8,fp16,D13_with_cudnn_1gb,-1,0.5277473913027602,8.509247850563993,e2e_bench_v1,32,32,128,0.5714285714285714,True
T17_p57,8,fp16,D14_with_cudnn_16gb,-1,0.5277473913027602,8.363616595088049,e2e_bench_v1,32,32,128,0.5714285714285714,True
T17_p57,8,fp16,D15_cublas_lt_1gb,-1,0.5277473913027602,8.704371683634388,e2e_bench_v1,32,32,128,0.5714285714285714,True
T17_p57,8,fp16,D16_all_enabled_8gb,-1,0.5277473913027602,8.520006679685237,e2e_bench_v1,32,32,128,0.5714285714285714,True
T17_p57,8,fp16,D17_all_enabled_16gb,-1,0.5277473913027602,8.215914225855482,e2e_bench_v1,32,32,128,0.5714285714285714,True
T17_p57,8,fp16,D18_edge_only_1gb,-1,0.5277473913027602,7.93804514525035,e2e_bench_v1,32,32,128,0.5714285714285714,True
T17_p57,8,fp16,D19_edge_only_8gb,-1,0.5277473913027602,8.294377407443044,e2e_bench_v1,32,32,128,0.5714285714285714,True
T17_p57,8,fp16,D1_default_4gb,-1,0.5277473913027602,7.559676082999196,e2e_bench_v1,32,32,128,0.5714285714285714,True
T17_p57,8,fp16,D20_edge_only_16gb,-1,0.5277473913027602,8.7717836281676,e2e_bench_v1,32,32,128,0.5714285714285714,True
T17_p57,8,fp16,D21_default_4gb_BL0,-1,0.5277473913027602,9.57201601972601,e2e_bench_v1,32,32,128,0.5714285714285714,True
T17_p57,8,fp16,D22_cublas_lt_8gb_BL0,-1,0.5277473913027602,14.303798373658124,e2e_bench_v1,32,32,128,0.5714285714285714,True
T17_p57,8,fp16,D23_all_enabled_4gb_BL0,-1,0.5277473913027602,9.506733619422638,e2e_bench_v1,32,32,128,0.5714285714285714,True
T17_p57,8,fp16,D24_edge_only_4gb_BL0,-1,0.5277473913027602,11.585887925071747,e2e_bench_v1,32,32,128,0.5714285714285714,True
T17_p57,8,fp16,D25_default_4gb_BL3,-1,0.5277473913027602,36.89873511136039,e2e_bench_v1,32,32,128,0.5714285714285714,True
T17_p57,8,fp16,D26_cublas_lt_8gb_BL3,-1,0.5277473913027602,10.858517855746763,e2e_bench_v1,32,32,128,0.5714285714285714,True
T17_p57,8,fp16,D27_all_enabled_4gb_BL3,-1,0.5277473913027602,12.618407985938045,e2e_bench_v1,32,32,128,0.5714285714285714,True
T17_p57,8,fp16,D28_edge_only_4gb_BL3,-1,0.5277473913027602,10.328327193142817,e2e_bench_v1,32,32,128,0.5714285714285714,True
T17_p57,8,fp16,D29_default_4gb_BL5,-1,0.5277473913027602,8.021060095386446,e2e_bench_v1,32,32,128,0.5714285714285714,True
T17_p57,8,fp16,D2_with_cudnn_8gb,-1,0.5277473913027602,8.286404661599807,e2e_bench_v1,32,32,128,0.5714285714285714,True
T17_p57,8,fp16,D30_cublas_lt_8gb_BL5,-1,0.5277473913027602,7.430508031264606,e2e_bench_v1,32,32,128,0.5714285714285714,True
T17_p57,8,fp16,D31_all_enabled_4gb_BL5,-1,0.5277473913027602,8.613368292124107,e2e_bench_v1,32,32,128,0.5714285714285714,True
T17_p57,8,fp16,D32_edge_only_4gb_BL5,-1,0.5277473913027602,8.000627249176336,e2e_bench_v1,32,32,128,0.5714285714285714,True
T17_p57,8,fp16,D3_cublas_lt_16gb,-1,0.5277473913027602,8.362574468725644,e2e_bench_v1,32,32,128,0.5714285714285714,True
T17_p57,8,fp16,D4_all_enabled_1gb,-1,0.5277473913027602,8.052670909887391,e2e_bench_v1,32,32,128,0.5714285714285714,True
T17_p57,8,fp16,D5_default_1gb,-1,0.5277473913027602,8.276891828473005,e2e_bench_v1,32,32,128,0.5714285714285714,True
T17_p57,8,fp16,D6_default_8gb,-1,0.5277473913027602,8.098831662544361,e2e_bench_v1,32,32,128,0.5714285714285714,True
T17_p57,8,fp16,D7_default_16gb,-1,0.5277473913027602,8.308497848514483,e2e_bench_v1,32,32,128,0.5714285714285714,True
T17_p57,8,fp16,D8_with_cudnn_4gb,-1,0.5277473913027602,7.570607268691451,e2e_bench_v1,32,32,128,0.5714285714285714,True
T17_p57,8,fp16,D9_cublas_lt_4gb,-1,0.5277473913027602,8.008456930518628,e2e_bench_v1,32,32,128,0.5714285714285714,True
T17_p57,8,fp32,D10_cublas_lt_8gb,-1,0.5280278502128073,9.460272531531087,e2e_bench_v1,32,32,128,0.5714285714285714,True
T17_p57,8,fp32,D11_all_enabled_4gb,-1,0.5280278502128073,9.570458673802401,e2e_bench_v1,32,32,128,0.5714285714285714,True
T17_p57,8,fp32,D12_edge_only_4gb,-1,0.5280278502128073,10.389092284228942,e2e_bench_v1,32,32,128,0.5714285714285714,True
T17_p57,8,fp32,D13_with_cudnn_1gb,-1,0.5280278502128073,9.981374754707716,e2e_bench_v1,32,32,128,0.5714285714285714,True
T17_p57,8,fp32,D14_with_cudnn_16gb,-1,0.5280278502128073,9.524136065617489,e2e_bench_v1,32,32,128,0.5714285714285714,True
T17_p57,8,fp32,D15_cublas_lt_1gb,-1,0.5280278502128073,9.970537062978897,e2e_bench_v1,32,32,128,0.5714285714285714,True
T17_p57,8,fp32,D16_all_enabled_8gb,-1,0.5280278502128073,9.924917995365064,e2e_bench_v1,32,32,128,0.5714285714285714,True
T17_p57,8,fp32,D17_all_enabled_16gb,-1,0.5280278502128073,10.078999195695864,e2e_bench_v1,32,32,128,0.5714285714285714,True
T17_p57,8,fp32,D18_edge_only_1gb,-1,0.5280278502128073,9.996791030079345,e2e_bench_v1,32,32,128,0.5714285714285714,True
T17_p57,8,fp32,D19_edge_only_8gb,-1,0.5280278502128073,10.12358877172522,e2e_bench_v1,32,32,128,0.5714285714285714,True
T17_p57,8,fp32,D1_default_4gb,-1,0.5280278502128073,8.64532136820856,e2e_bench_v1,32,32,128,0.5714285714285714,True
T17_p57,8,fp32,D20_edge_only_16gb,-1,0.5280278502128073,10.490900717262882,e2e_bench_v1,32,32,128,0.5714285714285714,True
T17_p57,8,fp32,D21_default_4gb_BL0,-1,0.5280278502128073,14.51739110867864,e2e_bench_v1,32,32,128,0.5714285714285714,True
T17_p57,8,fp32,D22_cublas_lt_8gb_BL0,-1,0.5280278502128073,15.572952273573168,e2e_bench_v1,32,32,128,0.5714285714285714,True
T17_p57,8,fp32,D23_all_enabled_4gb_BL0,-1,0.5280278502128073,12.547633955403201,e2e_bench_v1,32,32,128,0.5714285714285714,True
T17_p57,8,fp32,D24_edge_only_4gb_BL0,-1,0.5280278502128073,14.180414578600619,e2e_bench_v1,32,32,128,0.5714285714285714,True
T17_p57,8,fp32,D25_default_4gb_BL3,-1,0.5280278502128073,14.10176681036367,e2e_bench_v1,32,32,128,0.5714285714285714,True
T17_p57,8,fp32,D26_cublas_lt_8gb_BL3,-1,0.5280278502128073,12.54971254883407,e2e_bench_v1,32,32,128,0.5714285714285714,True
T17_p57,8,fp32,D27_all_enabled_4gb_BL3,-1,,,e2e_bench_v1,32,32,128,0.5714285714285714,False
T17_p57,8,fp32,D28_edge_only_4gb_BL3,-1,,,e2e_bench_v1,32,32,128,0.5714285714285714,False
T17_p57,8,fp32,D29_default_4gb_BL5,-1,0.5280278502128073,10.830305360459638,e2e_bench_v1,32,32,128,0.5714285714285714,True
T17_p57,8,fp32,D2_with_cudnn_8gb,-1,0.5280278502128073,10.281539393204108,e2e_bench_v1,32,32,128,0.5714285714285714,True
T17_p57,8,fp32,D30_cublas_lt_8gb_BL5,-1,0.5280278502128073,10.250932578591337,e2e_bench_v1,32,32,128,0.5714285714285714,True
T17_p57,8,fp32,D31_all_enabled_4gb_BL5,-1,0.5280278502128073,10.35251343497431,e2e_bench_v1,32,32,128,0.5714285714285714,True
T17_p57,8,fp32,D32_edge_only_4gb_BL5,-1,0.5280278502128073,10.318628943135069,e2e_bench_v1,32,32,128,0.5714285714285714,True
T17_p57,8,fp32,D3_cublas_lt_16gb,-1,0.5280278502128073,9.315722890780602,e2e_bench_v1,32,32,128,0.5714285714285714,True
T17_p57,8,fp32,D4_all_enabled_1gb,-1,0.5280278502128073,9.902117567841882,e2e_bench_v1,32,32,128,0.5714285714285714,True
T17_p57,8,fp32,D5_default_1gb,-1,0.5280278502128073,10.23720630734755,e2e_bench_v1,32,32,128,0.5714285714285714,True
T17_p57,8,fp32,D6_default_8gb,-1,0.5280278502128073,10.137350968269077,e2e_bench_v1,32,32,128,0.5714285714285714,True
T17_p57,8,fp32,D7_default_16gb,-1,0.5280278502128073,10.304582860181236,e2e_bench_v1,32,32,128,0.5714285714285714,True
T17_p57,8,fp32,D8_with_cudnn_4gb,-1,0.5280278502128073,9.775715753468178,e2e_bench_v1,32,32,128,0.5714285714285714,True
T17_p57,8,fp32,D9_cublas_lt_4gb,-1,0.5280278502128073,9.437363276199536,e2e_bench_v1,32,32,128,0.5714285714285714,True
T17_p57,8,int8_ent,D10_cublas_lt_8gb,-1,0.4841886358738503,9.272180214094641,e2e_bench_v1,32,32,128,0.5714285714285714,True
T17_p57,8,int8_ent,D11_all_enabled_4gb,-1,0.4841886358738503,8.16199936336405,e2e_bench_v1,32,32,128,0.5714285714285714,True
T17_p57,8,int8_ent,D12_edge_only_4gb,-1,0.4841886358738503,10.837676532203613,e2e_bench_v1,32,32,128,0.5714285714285714,True
T17_p57,8,int8_ent,D13_with_cudnn_1gb,-1,0.4841886358738503,8.155323020111842,e2e_bench_v1,32,32,128,0.5714285714285714,True
T17_p57,8,int8_ent,D14_with_cudnn_16gb,-1,0.4841886358738503,7.541011792634241,e2e_bench_v1,32,32,128,0.5714285714285714,True
T17_p57,8,int8_ent,D15_cublas_lt_1gb,-1,0.4841886358738503,7.817526425193699,e2e_bench_v1,32,32,128,0.5714285714285714,True
T17_p57,8,int8_ent,D16_all_enabled_8gb,-1,0.4841886358738503,8.200189588383283,e2e_bench_v1,32,32,128,0.5714285714285714,True
T17_p57,8,int8_ent,D17_all_enabled_16gb,-1,0.4841886358738503,7.689929729422133,e2e_bench_v1,32,32,128,0.5714285714285714,True
T17_p57,8,int8_ent,D18_edge_only_1gb,-1,0.4841886358738503,7.619303047111675,e2e_bench_v1,32,32,128,0.5714285714285714,True
T17_p57,8,int8_ent,D19_edge_only_8gb,-1,0.4841886358738503,7.787033965484751,e2e_bench_v1,32,32,128,0.5714285714285714,True
T17_p57,8,int8_ent,D1_default_4gb,-1,0.4841886358738503,6.936250997953112,e2e_bench_v1,32,32,128,0.5714285714285714,True
T17_p57,8,int8_ent,D20_edge_only_16gb,-1,0.4841886358738503,7.850717045241327,e2e_bench_v1,32,32,128,0.5714285714285714,True
T17_p57,8,int8_ent,D21_default_4gb_BL0,-1,0.4841886358738503,7.80918719636904,e2e_bench_v1,32,32,128,0.5714285714285714,True
T17_p57,8,int8_ent,D22_cublas_lt_8gb_BL0,-1,0.4841886358738503,10.717401415983074,e2e_bench_v1,32,32,128,0.5714285714285714,True
T17_p57,8,int8_ent,D23_all_enabled_4gb_BL0,-1,0.4841886358738503,8.721034175116621,e2e_bench_v1,32,32,128,0.5714285714285714,True
T17_p57,8,int8_ent,D24_edge_only_4gb_BL0,-1,0.4841886358738503,8.766861963128331,e2e_bench_v1,32,32,128,0.5714285714285714,True
T17_p57,8,int8_ent,D25_default_4gb_BL3,-1,,,e2e_bench_v1,32,32,128,0.5714285714285714,False
T17_p57,8,int8_ent,D26_cublas_lt_8gb_BL3,-1,0.4841886358738503,10.348570914099618,e2e_bench_v1,32,32,128,0.5714285714285714,True
T17_p57,8,int8_ent,D27_all_enabled_4gb_BL3,-1,0.4841886358738503,30.821200054245313,e2e_bench_v1,32,32,128,0.5714285714285714,True
T17_p57,8,int8_ent,D28_edge_only_4gb_BL3,-1,,,e2e_bench_v1,32,32,128,0.5714285714285714,False
T17_p57,8,int8_ent,D29_default_4gb_BL5,-1,0.4841886358738503,7.747787812884726,e2e_bench_v1,32,32,128,0.5714285714285714,True
T17_p57,8,int8_ent,D2_with_cudnn_8gb,-1,0.4841886358738503,8.210490708187665,e2e_bench_v1,32,32,128,0.5714285714285714,True
T17_p57,8,int8_ent,D30_cublas_lt_8gb_BL5,-1,0.4841886358738503,7.944016923933655,e2e_bench_v1,32,32,128,0.5714285714285714,True
T17_p57,8,int8_ent,D31_all_enabled_4gb_BL5,-1,0.4841886358738503,7.770732313813254,e2e_bench_v1,32,32,128,0.5714285714285714,True
T17_p57,8,int8_ent,D32_edge_only_4gb_BL5,-1,0.4841886358738503,7.560070429616123,e2e_bench_v1,32,32,128,0.5714285714285714,True
T17_p57,8,int8_ent,D3_cublas_lt_16gb,-1,0.4841886358738503,7.858521466337238,e2e_bench_v1,32,32,128,0.5714285714285714,True
T17_p57,8,int8_ent,D4_all_enabled_1gb,-1,0.4841886358738503,7.929258328892948,e2e_bench_v1,32,32,128,0.5714285714285714,True
T17_p57,8,int8_ent,D5_default_1gb,-1,0.4841886358738503,8.036995899524692,e2e_bench_v1,32,32,128,0.5714285714285714,True
T17_p57,8,int8_ent,D6_default_8gb,-1,0.4841886358738503,7.374701969856643,e2e_bench_v1,32,32,128,0.5714285714285714,True
T17_p57,8,int8_ent,D7_default_16gb,-1,0.4841886358738503,8.272838203966826,e2e_bench_v1,32,32,128,0.5714285714285714,True
T17_p57,8,int8_ent,D8_with_cudnn_4gb,-1,0.4841886358738503,8.13564396469456,e2e_bench_v1,32,32,128,0.5714285714285714,True
T17_p57,8,int8_ent,D9_cublas_lt_4gb,-1,0.4841886358738503,7.89623089210827,e2e_bench_v1,32,32,128,0.5714285714285714,True
T17_p57,8,int8_mm,D10_cublas_lt_8gb,-1,0.5240549373454818,8.03520060681835,e2e_bench_v1,32,32,128,0.5714285714285714,True
T17_p57,8,int8_mm,D11_all_enabled_4gb,-1,0.5240549373454818,6.8368728963796706,e2e_bench_v1,32,32,128,0.5714285714285714,True
T17_p57,8,int8_mm,D12_edge_only_4gb,-1,0.5240549373454818,8.19042408377821,e2e_bench_v1,32,32,128,0.5714285714285714,True
T17_p57,8,int8_mm,D13_with_cudnn_1gb,-1,0.5240549373454818,8.52501837141459,e2e_bench_v1,32,32,128,0.5714285714285714,True
T17_p57,8,int8_mm,D14_with_cudnn_16gb,-1,0.5240549373454818,8.113728509775825,e2e_bench_v1,32,32,128,0.5714285714285714,True
T17_p57,8,int8_mm,D15_cublas_lt_1gb,-1,0.5240549373454818,8.182850708798528,e2e_bench_v1,32,32,128,0.5714285714285714,True
T17_p57,8,int8_mm,D16_all_enabled_8gb,-1,0.5240549373454818,7.627765064836003,e2e_bench_v1,32,32,128,0.5714285714285714,True
T17_p57,8,int8_mm,D17_all_enabled_16gb,-1,0.5240549373454818,7.853621069066314,e2e_bench_v1,32,32,128,0.5714285714285714,True
T17_p57,8,int8_mm,D18_edge_only_1gb,-1,0.5240549373454818,7.544869337952805,e2e_bench_v1,32,32,128,0.5714285714285714,True
T17_p57,8,int8_mm,D19_edge_only_8gb,-1,0.5240549373454818,7.714561234329797,e2e_bench_v1,32,32,128,0.5714285714285714,True
T17_p57,8,int8_mm,D1_default_4gb,-1,0.5240549373454818,7.37894109243747,e2e_bench_v1,32,32,128,0.5714285714285714,True
T17_p57,8,int8_mm,D20_edge_only_16gb,-1,0.5240549373454818,8.346980646690673,e2e_bench_v1,32,32,128,0.5714285714285714,True
T17_p57,8,int8_mm,D21_default_4gb_BL0,-1,0.5240549373454818,9.365996935445803,e2e_bench_v1,32,32,128,0.5714285714285714,True
T17_p57,8,int8_mm,D22_cublas_lt_8gb_BL0,-1,0.5240549373454818,13.549052311536071,e2e_bench_v1,32,32,128,0.5714285714285714,True
T17_p57,8,int8_mm,D23_all_enabled_4gb_BL0,-1,0.5240549373454818,9.047857738723202,e2e_bench_v1,32,32,128,0.5714285714285714,True
T17_p57,8,int8_mm,D24_edge_only_4gb_BL0,-1,0.5240549373454818,8.994552898764509,e2e_bench_v1,32,32,128,0.5714285714285714,True
T17_p57,8,int8_mm,D25_default_4gb_BL3,-1,0.5240549373454818,19.062723987006848,e2e_bench_v1,32,32,128,0.5714285714285714,True
T17_p57,8,int8_mm,D26_cublas_lt_8gb_BL3,-1,0.5240549373454818,11.61562952646563,e2e_bench_v1,32,32,128,0.5714285714285714,True
T17_p57,8,int8_mm,D27_all_enabled_4gb_BL3,-1,0.5240549373454818,39.90741479766941,e2e_bench_v1,32,32,128,0.5714285714285714,True
T17_p57,8,int8_mm,D28_edge_only_4gb_BL3,-1,,,e2e_bench_v1,32,32,128,0.5714285714285714,False
T17_p57,8,int8_mm,D29_default_4gb_BL5,-1,0.5240549373454818,7.545045809745635,e2e_bench_v1,32,32,128,0.5714285714285714,True
T17_p57,8,int8_mm,D2_with_cudnn_8gb,-1,0.5240549373454818,7.824860834850052,e2e_bench_v1,32,32,128,0.5714285714285714,True
T17_p57,8,int8_mm,D30_cublas_lt_8gb_BL5,-1,0.5240549373454818,7.832411458504668,e2e_bench_v1,32,32,128,0.5714285714285714,True
T17_p57,8,int8_mm,D31_all_enabled_4gb_BL5,-1,0.5240549373454818,36.06970109038706,e2e_bench_v1,32,32,128,0.5714285714285714,True
T17_p57,8,int8_mm,D32_edge_only_4gb_BL5,-1,0.5240549373454818,8.076911582856594,e2e_bench_v1,32,32,128,0.5714285714285714,True
T17_p57,8,int8_mm,D3_cublas_lt_16gb,-1,0.5240549373454818,7.7031513592210565,e2e_bench_v1,32,32,128,0.5714285714285714,True
T17_p57,8,int8_mm,D4_all_enabled_1gb,-1,0.5240549373454818,8.2221831211736,e2e_bench_v1,32,32,128,0.5714285714285714,True
T17_p57,8,int8_mm,D5_default_1gb,-1,0.5240549373454818,8.123470249008733,e2e_bench_v1,32,32,128,0.5714285714285714,True
T17_p57,8,int8_mm,D6_default_8gb,-1,0.5240549373454818,7.838059421896089,e2e_bench_v1,32,32,128,0.5714285714285714,True
T17_p57,8,int8_mm,D7_default_16gb,-1,0.5240549373454818,7.4482403159841475,e2e_bench_v1,32,32,128,0.5714285714285714,True
T17_p57,8,int8_mm,D8_with_cudnn_4gb,-1,0.5240549373454818,8.1662651586297,e2e_bench_v1,32,32,128,0.5714285714285714,True
T17_p57,8,int8_mm,D9_cublas_lt_4gb,-1,0.5240549373454818,6.822911336267185,e2e_bench_v1,32,32,128,0.5714285714285714,True
T17_p57,8,int8_pc_wo,D10_cublas_lt_8gb,-1,0.5254004254255844,10.545241723303404,e2e_bench_v1,32,32,128,0.5714285714285714,True
T17_p57,8,int8_pc_wo,D11_all_enabled_4gb,-1,0.5254004254255844,10.599305957445907,e2e_bench_v1,32,32,128,0.5714285714285714,True
T17_p57,8,int8_pc_wo,D12_edge_only_4gb,-1,0.5254004254255844,8.052268887804518,e2e_bench_v1,32,32,128,0.5714285714285714,True
T17_p57,8,int8_pc_wo,D13_with_cudnn_1gb,-1,0.5254004254255844,7.703715116614987,e2e_bench_v1,32,32,128,0.5714285714285714,True
T17_p57,8,int8_pc_wo,D14_with_cudnn_16gb,-1,0.5254004254255844,7.8244567479679885,e2e_bench_v1,32,32,128,0.5714285714285714,True
T17_p57,8,int8_pc_wo,D15_cublas_lt_1gb,-1,0.5254004254255844,8.007405248373695,e2e_bench_v1,32,32,128,0.5714285714285714,True
T17_p57,8,int8_pc_wo,D16_all_enabled_8gb,-1,0.5254004254255844,8.044139803932136,e2e_bench_v1,32,32,128,0.5714285714285714,True
T17_p57,8,int8_pc_wo,D17_all_enabled_16gb,-1,0.5254004254255844,7.867269719114869,e2e_bench_v1,32,32,128,0.5714285714285714,True
T17_p57,8,int8_pc_wo,D18_edge_only_1gb,-1,0.5254004254255844,8.24570893307123,e2e_bench_v1,32,32,128,0.5714285714285714,True
T17_p57,8,int8_pc_wo,D19_edge_only_8gb,-1,0.5254004254255844,8.019458413895476,e2e_bench_v1,32,32,128,0.5714285714285714,True
T17_p57,8,int8_pc_wo,D1_default_4gb,-1,0.5254004254255844,7.2654090243645495,e2e_bench_v1,32,32,128,0.5714285714285714,True
T17_p57,8,int8_pc_wo,D20_edge_only_16gb,-1,0.5254004254255844,7.817990917058153,e2e_bench_v1,32,32,128,0.5714285714285714,True
T17_p57,8,int8_pc_wo,D21_default_4gb_BL0,-1,0.5254004254255844,13.382921518533339,e2e_bench_v1,32,32,128,0.5714285714285714,True
T17_p57,8,int8_pc_wo,D22_cublas_lt_8gb_BL0,-1,0.5254004254255844,13.14179603669715,e2e_bench_v1,32,32,128,0.5714285714285714,True
T17_p57,8,int8_pc_wo,D23_all_enabled_4gb_BL0,-1,0.5254004254255844,9.838568763724803,e2e_bench_v1,32,32,128,0.5714285714285714,True
T17_p57,8,int8_pc_wo,D24_edge_only_4gb_BL0,-1,0.5254004254255844,10.999127769167904,e2e_bench_v1,32,32,128,0.5714285714285714,True
T17_p57,8,int8_pc_wo,D25_default_4gb_BL3,-1,,,e2e_bench_v1,32,32,128,0.5714285714285714,False
T17_p57,8,int8_pc_wo,D26_cublas_lt_8gb_BL3,-1,,,e2e_bench_v1,32,32,128,0.5714285714285714,False
T17_p57,8,int8_pc_wo,D27_all_enabled_4gb_BL3,-1,0.5254004254255844,11.750977975141982,e2e_bench_v1,32,32,128,0.5714285714285714,True
T17_p57,8,int8_pc_wo,D28_edge_only_4gb_BL3,-1,0.5254004254255844,10.664960273022983,e2e_bench_v1,32,32,128,0.5714285714285714,True
T17_p57,8,int8_pc_wo,D29_default_4gb_BL5,-1,0.5254004254255844,7.97307015823355,e2e_bench_v1,32,32,128,0.5714285714285714,True
T17_p57,8,int8_pc_wo,D2_with_cudnn_8gb,-1,0.5254004254255844,8.180119691511326,e2e_bench_v1,32,32,128,0.5714285714285714,True
T17_p57,8,int8_pc_wo,D30_cublas_lt_8gb_BL5,-1,0.5254004254255844,8.54896677187595,e2e_bench_v1,32,32,128,0.5714285714285714,True
T17_p57,8,int8_pc_wo,D31_all_enabled_4gb_BL5,-1,0.5254004254255844,8.564019471154669,e2e_bench_v1,32,32,128,0.5714285714285714,True
T17_p57,8,int8_pc_wo,D32_edge_only_4gb_BL5,-1,0.5254004254255844,8.372285391115499,e2e_bench_v1,32,32,128,0.5714285714285714,True
T17_p57,8,int8_pc_wo,D3_cublas_lt_16gb,-1,0.5254004254255844,7.671612043510316,e2e_bench_v1,32,32,128,0.5714285714285714,True
T17_p57,8,int8_pc_wo,D4_all_enabled_1gb,-1,0.5254004254255844,7.5967984052800785,e2e_bench_v1,32,32,128,0.5714285714285714,True
T17_p57,8,int8_pc_wo,D5_default_1gb,-1,0.5254004254255844,8.107012565869477,e2e_bench_v1,32,32,128,0.5714285714285714,True
T17_p57,8,int8_pc_wo,D6_default_8gb,-1,0.5254004254255844,8.312766164381626,e2e_bench_v1,32,32,128,0.5714285714285714,True
T17_p57,8,int8_pc_wo,D7_default_16gb,-1,0.5254004254255844,7.563335370391659,e2e_bench_v1,32,32,128,0.5714285714285714,True
T17_p57,8,int8_pc_wo,D8_with_cudnn_4gb,-1,0.5254004254255844,9.859609027063641,e2e_bench_v1,32,32,128,0.5714285714285714,True
T17_p57,8,int8_pc_wo,D9_cublas_lt_4gb,-1,0.5254004254255844,8.03074812843415,e2e_bench_v1,32,32,128,0.5714285714285714,True
T17_p57,8,mix_s0,D10_cublas_lt_8gb,-1,0.5229914482304869,8.029335981943628,e2e_bench_v1,32,32,128,0.5714285714285714,True
T17_p57,8,mix_s0,D11_all_enabled_4gb,-1,0.5229914482304869,8.038042447294556,e2e_bench_v1,32,32,128,0.5714285714285714,True
T17_p57,8,mix_s0,D12_edge_only_4gb,-1,0.5229914482304869,7.990852072547348,e2e_bench_v1,32,32,128,0.5714285714285714,True
T17_p57,8,mix_s0,D13_with_cudnn_1gb,-1,0.5229914482304869,8.098602100291469,e2e_bench_v1,32,32,128,0.5714285714285714,True
T17_p57,8,mix_s0,D14_with_cudnn_16gb,-1,0.5229914482304869,7.643652901721733,e2e_bench_v1,32,32,128,0.5714285714285714,True
T17_p57,8,mix_s0,D15_cublas_lt_1gb,-1,0.5229914482304869,7.8148017033141794,e2e_bench_v1,32,32,128,0.5714285714285714,True
T17_p57,8,mix_s0,D16_all_enabled_8gb,-1,0.5229914482304869,8.024233184216333,e2e_bench_v1,32,32,128,0.5714285714285714,True
T17_p57,8,mix_s0,D17_all_enabled_16gb,-1,0.5229914482304869,8.123384461915137,e2e_bench_v1,32,32,128,0.5714285714285714,True
T17_p57,8,mix_s0,D18_edge_only_1gb,-1,0.5229914482304869,8.187078007297961,e2e_bench_v1,32,32,128,0.5714285714285714,True
T17_p57,8,mix_s0,D19_edge_only_8gb,-1,0.5229914482304869,8.264203272955065,e2e_bench_v1,32,32,128,0.5714285714285714,True
T17_p57,8,mix_s0,D1_default_4gb,-1,0.5229914482304869,7.7232362831462,e2e_bench_v1,32,32,128,0.5714285714285714,True
T17_p57,8,mix_s0,D20_edge_only_16gb,-1,0.5229914482304869,8.252363889636186,e2e_bench_v1,32,32,128,0.5714285714285714,True
T17_p57,8,mix_s0,D21_default_4gb_BL0,-1,0.5229914482304869,10.24899944142953,e2e_bench_v1,32,32,128,0.5714285714285714,True
T17_p57,8,mix_s0,D22_cublas_lt_8gb_BL0,-1,0.5229914482304869,14.915511087445166,e2e_bench_v1,32,32,128,0.5714285714285714,True
T17_p57,8,mix_s0,D23_all_enabled_4gb_BL0,-1,0.5229914482304869,10.512505676753067,e2e_bench_v1,32,32,128,0.5714285714285714,True
T17_p57,8,mix_s0,D24_edge_only_4gb_BL0,-1,0.5229914482304869,12.396504681539993,e2e_bench_v1,32,32,128,0.5714285714285714,True
T17_p57,8,mix_s0,D25_default_4gb_BL3,-1,,,e2e_bench_v1,32,32,128,0.5714285714285714,False
T17_p57,8,mix_s0,D26_cublas_lt_8gb_BL3,-1,,,e2e_bench_v1,32,32,128,0.5714285714285714,False
T17_p57,8,mix_s0,D27_all_enabled_4gb_BL3,-1,,,e2e_bench_v1,32,32,128,0.5714285714285714,False
T17_p57,8,mix_s0,D28_edge_only_4gb_BL3,-1,,,e2e_bench_v1,32,32,128,0.5714285714285714,False
T17_p57,8,mix_s0,D29_default_4gb_BL5,-1,0.5229914482304869,8.202617783439406,e2e_bench_v1,32,32,128,0.5714285714285714,True
T17_p57,8,mix_s0,D2_with_cudnn_8gb,-1,0.5229914482304869,8.342976423582925,e2e_bench_v1,32,32,128,0.5714285714285714,True
T17_p57,8,mix_s0,D30_cublas_lt_8gb_BL5,-1,0.5229914482304869,7.567885827847246,e2e_bench_v1,32,32,128,0.5714285714285714,True
T17_p57,8,mix_s0,D31_all_enabled_4gb_BL5,-1,0.5229914482304869,7.562900644661651,e2e_bench_v1,32,32,128,0.5714285714285714,True
T17_p57,8,mix_s0,D32_edge_only_4gb_BL5,-1,0.5229914482304869,8.16267226299477,e2e_bench_v1,32,32,128,0.5714285714285714,True
T17_p57,8,mix_s0,D3_cublas_lt_16gb,-1,0.5229914482304869,8.275439736178981,e2e_bench_v1,32,32,128,0.5714285714285714,True
T17_p57,8,mix_s0,D4_all_enabled_1gb,-1,0.5229914482304869,8.166558595874582,e2e_bench_v1,32,32,128,0.5714285714285714,True
T17_p57,8,mix_s0,D5_default_1gb,-1,0.5229914482304869,8.071559215379871,e2e_bench_v1,32,32,128,0.5714285714285714,True
T17_p57,8,mix_s0,D6_default_8gb,-1,0.5229914482304869,8.36082651786625,e2e_bench_v1,32,32,128,0.5714285714285714,True
T17_p57,8,mix_s0,D7_default_16gb,-1,0.5229914482304869,8.1718974982553,e2e_bench_v1,32,32,128,0.5714285714285714,True
T17_p57,8,mix_s0,D8_with_cudnn_4gb,-1,0.5229914482304869,8.157558344896673,e2e_bench_v1,32,32,128,0.5714285714285714,True
T17_p57,8,mix_s0,D9_cublas_lt_4gb,-1,0.5229914482304869,7.899368366505414,e2e_bench_v1,32,32,128,0.5714285714285714,True
T17_p57,8,mix_s2,D10_cublas_lt_8gb,-1,0.5276939754273123,8.126084324377034,e2e_bench_v1,32,32,128,0.5714285714285714,True
T17_p57,8,mix_s2,D11_all_enabled_4gb,-1,0.5276939754273123,8.224387612098402,e2e_bench_v1,32,32,128,0.5714285714285714,True
T17_p57,8,mix_s2,D12_edge_only_4gb,-1,0.5276939754273123,8.109267514193245,e2e_bench_v1,32,32,128,0.5714285714285714,True
T17_p57,8,mix_s2,D13_with_cudnn_1gb,-1,0.5276939754273123,8.495916862355951,e2e_bench_v1,32,32,128,0.5714285714285714,True
T17_p57,8,mix_s2,D14_with_cudnn_16gb,-1,0.5276939754273123,8.277385107825358,e2e_bench_v1,32,32,128,0.5714285714285714,True
T17_p57,8,mix_s2,D15_cublas_lt_1gb,-1,0.5276939754273123,8.650099995155944,e2e_bench_v1,32,32,128,0.5714285714285714,True
T17_p57,8,mix_s2,D16_all_enabled_8gb,-1,0.5276939754273123,6.842528779676047,e2e_bench_v1,32,32,128,0.5714285714285714,True
T17_p57,8,mix_s2,D17_all_enabled_16gb,-1,0.5276939754273123,6.957775348741095,e2e_bench_v1,32,32,128,0.5714285714285714,True
T17_p57,8,mix_s2,D18_edge_only_1gb,-1,0.5276939754273123,8.242331129059245,e2e_bench_v1,32,32,128,0.5714285714285714,True
T17_p57,8,mix_s2,D19_edge_only_8gb,-1,0.5276939754273123,8.485953201665284,e2e_bench_v1,32,32,128,0.5714285714285714,True
T17_p57,8,mix_s2,D1_default_4gb,-1,0.5276939754273123,7.983579373943673,e2e_bench_v1,32,32,128,0.5714285714285714,True
T17_p57,8,mix_s2,D20_edge_only_16gb,-1,0.5276939754273123,8.487746664527755,e2e_bench_v1,32,32,128,0.5714285714285714,True
T17_p57,8,mix_s2,D21_default_4gb_BL0,-1,0.5276939754273123,11.039148131017026,e2e_bench_v1,32,32,128,0.5714285714285714,True
T17_p57,8,mix_s2,D22_cublas_lt_8gb_BL0,-1,0.5276939754273123,10.87080590719593,e2e_bench_v1,32,32,128,0.5714285714285714,True
T17_p57,8,mix_s2,D23_all_enabled_4gb_BL0,-1,0.5276939754273123,10.624090976215848,e2e_bench_v1,32,32,128,0.5714285714285714,True
T17_p57,8,mix_s2,D24_edge_only_4gb_BL0,-1,0.5276939754273123,11.725611314745894,e2e_bench_v1,32,32,128,0.5714285714285714,True
T17_p57,8,mix_s2,D25_default_4gb_BL3,-1,,,e2e_bench_v1,32,32,128,0.5714285714285714,False
T17_p57,8,mix_s2,D26_cublas_lt_8gb_BL3,-1,,,e2e_bench_v1,32,32,128,0.5714285714285714,False
T17_p57,8,mix_s2,D27_all_enabled_4gb_BL3,-1,,,e2e_bench_v1,32,32,128,0.5714285714285714,False
T17_p57,8,mix_s2,D28_edge_only_4gb_BL3,-1,,,e2e_bench_v1,32,32,128,0.5714285714285714,False
T17_p57,8,mix_s2,D29_default_4gb_BL5,-1,0.5276939754273123,7.956436916594264,e2e_bench_v1,32,32,128,0.5714285714285714,True
T17_p57,8,mix_s2,D2_with_cudnn_8gb,-1,0.5276939754273123,7.538675288900883,e2e_bench_v1,32,32,128,0.5714285714285714,True
T17_p57,8,mix_s2,D30_cublas_lt_8gb_BL5,-1,0.5276939754273123,8.288602508462663,e2e_bench_v1,32,32,128,0.5714285714285714,True
T17_p57,8,mix_s2,D31_all_enabled_4gb_BL5,-1,0.5276939754273123,8.859279209043551,e2e_bench_v1,32,32,128,0.5714285714285714,True
T17_p57,8,mix_s2,D32_edge_only_4gb_BL5,-1,0.5276939754273123,7.272769587023052,e2e_bench_v1,32,32,128,0.5714285714285714,True
T17_p57,8,mix_s2,D3_cublas_lt_16gb,-1,0.5276939754273123,8.56291947601783,e2e_bench_v1,32,32,128,0.5714285714285714,True
T17_p57,8,mix_s2,D4_all_enabled_1gb,-1,0.5276939754273123,8.52580334382007,e2e_bench_v1,32,32,128,0.5714285714285714,True
T17_p57,8,mix_s2,D5_default_1gb,-1,0.5276939754273123,8.414222054685712,e2e_bench_v1,32,32,128,0.5714285714285714,True
T17_p57,8,mix_s2,D6_default_8gb,-1,0.5276939754273123,8.388769115907623,e2e_bench_v1,32,32,128,0.5714285714285714,True
T17_p57,8,mix_s2,D7_default_16gb,-1,0.5276939754273123,8.250716162162876,e2e_bench_v1,32,32,128,0.5714285714285714,True
T17_p57,8,mix_s2,D8_with_cudnn_4gb,-1,0.5276939754273123,8.292128365463949,e2e_bench_v1,32,32,128,0.5714285714285714,True
T17_p57,8,mix_s2,D9_cublas_lt_4gb,-1,0.5276939754273123,7.50241014926045,e2e_bench_v1,32,32,128,0.5714285714285714,True
T18_p64,8,fp16,D10_cublas_lt_8gb,-1,0.5311619679482622,7.456593306216189,e2e_bench_v1,16,16,128,0.6428571428571428,True
T18_p64,8,fp16,D11_all_enabled_4gb,-1,0.5311619679482622,7.80552381309205,e2e_bench_v1,16,16,128,0.6428571428571428,True
T18_p64,8,fp16,D12_edge_only_4gb,-1,0.5311619679482622,8.059582884347403,e2e_bench_v1,16,16,128,0.6428571428571428,True
T18_p64,8,fp16,D13_with_cudnn_1gb,-1,0.5311619679482622,7.414618810739631,e2e_bench_v1,16,16,128,0.6428571428571428,True
T18_p64,8,fp16,D14_with_cudnn_16gb,-1,0.5311619679482622,8.174803457287878,e2e_bench_v1,16,16,128,0.6428571428571428,True
T18_p64,8,fp16,D15_cublas_lt_1gb,-1,0.5311619679482622,7.56035049784908,e2e_bench_v1,16,16,128,0.6428571428571428,True
T18_p64,8,fp16,D16_all_enabled_8gb,-1,0.5311619679482622,8.11886011204027,e2e_bench_v1,16,16,128,0.6428571428571428,True
T18_p64,8,fp16,D17_all_enabled_16gb,-1,0.5311619679482622,6.156691492498995,e2e_bench_v1,16,16,128,0.6428571428571428,True
T18_p64,8,fp16,D18_edge_only_1gb,-1,0.5311619679482622,7.685426279854038,e2e_bench_v1,16,16,128,0.6428571428571428,True
T18_p64,8,fp16,D19_edge_only_8gb,-1,0.5311619679482622,7.803367621330661,e2e_bench_v1,16,16,128,0.6428571428571428,True
T18_p64,8,fp16,D1_default_4gb,-1,0.5311619679482622,7.2056388447343345,e2e_bench_v1,16,16,128,0.6428571428571428,True
T18_p64,8,fp16,D20_edge_only_16gb,-1,0.5311619679482622,8.004431253141739,e2e_bench_v1,16,16,128,0.6428571428571428,True
T18_p64,8,fp16,D21_default_4gb_BL0,-1,0.5311619679482622,9.476184925853591,e2e_bench_v1,16,16,128,0.6428571428571428,True
T18_p64,8,fp16,D22_cublas_lt_8gb_BL0,-1,0.5311619679482622,11.611893365660844,e2e_bench_v1,16,16,128,0.6428571428571428,True
T18_p64,8,fp16,D23_all_enabled_4gb_BL0,-1,0.5311619679482622,9.637708885292952,e2e_bench_v1,16,16,128,0.6428571428571428,True
T18_p64,8,fp16,D24_edge_only_4gb_BL0,-1,0.5311619679482622,13.287094245359484,e2e_bench_v1,16,16,128,0.6428571428571428,True
T18_p64,8,fp16,D25_default_4gb_BL3,-1,0.5311619679482622,44.224110100344504,e2e_bench_v1,16,16,128,0.6428571428571428,True
T18_p64,8,fp16,D26_cublas_lt_8gb_BL3,-1,0.5311619679482622,31.387023976547617,e2e_bench_v1,16,16,128,0.6428571428571428,True
T18_p64,8,fp16,D27_all_enabled_4gb_BL3,-1,0.5311619679482622,34.6385124837199,e2e_bench_v1,16,16,128,0.6428571428571428,True
T18_p64,8,fp16,D28_edge_only_4gb_BL3,-1,0.5311619679482622,23.957719416773276,e2e_bench_v1,16,16,128,0.6428571428571428,True
T18_p64,8,fp16,D29_default_4gb_BL5,-1,0.5311619679482622,7.9968332540314035,e2e_bench_v1,16,16,128,0.6428571428571428,True
T18_p64,8,fp16,D2_with_cudnn_8gb,-1,0.5311619679482622,7.91513080149406,e2e_bench_v1,16,16,128,0.6428571428571428,True
T18_p64,8,fp16,D30_cublas_lt_8gb_BL5,-1,0.5311619679482622,7.727401985633214,e2e_bench_v1,16,16,128,0.6428571428571428,True
T18_p64,8,fp16,D31_all_enabled_4gb_BL5,-1,0.5311619679482622,7.726709379916119,e2e_bench_v1,16,16,128,0.6428571428571428,True
T18_p64,8,fp16,D32_edge_only_4gb_BL5,-1,0.5311619679482622,8.50920440640641,e2e_bench_v1,16,16,128,0.6428571428571428,True
T18_p64,8,fp16,D3_cublas_lt_16gb,-1,0.5311619679482622,7.642443686653696,e2e_bench_v1,16,16,128,0.6428571428571428,True
T18_p64,8,fp16,D4_all_enabled_1gb,-1,0.5311619679482622,7.727139258503717,e2e_bench_v1,16,16,128,0.6428571428571428,True
T18_p64,8,fp16,D5_default_1gb,-1,0.5311619679482622,7.802691772607714,e2e_bench_v1,16,16,128,0.6428571428571428,True
T18_p64,8,fp16,D6_default_8gb,-1,0.5311619679482622,7.483898392608302,e2e_bench_v1,16,16,128,0.6428571428571428,True
T18_p64,8,fp16,D7_default_16gb,-1,0.5311619679482622,7.615496621765698,e2e_bench_v1,16,16,128,0.6428571428571428,True
T18_p64,8,fp16,D8_with_cudnn_4gb,-1,0.5311619679482622,7.007114323172317,e2e_bench_v1,16,16,128,0.6428571428571428,True
T18_p64,8,fp16,D9_cublas_lt_4gb,-1,0.5311619679482622,7.660845190406477,e2e_bench_v1,16,16,128,0.6428571428571428,True
T18_p64,8,fp32,D10_cublas_lt_8gb,-1,0.5307138466814212,10.241714708843414,e2e_bench_v1,16,16,128,0.6428571428571428,True
T18_p64,8,fp32,D11_all_enabled_4gb,-1,0.5307138466814212,10.121365291206862,e2e_bench_v1,16,16,128,0.6428571428571428,True
T18_p64,8,fp32,D12_edge_only_4gb,-1,0.5307138466814212,10.026640784564588,e2e_bench_v1,16,16,128,0.6428571428571428,True
T18_p64,8,fp32,D13_with_cudnn_1gb,-1,0.5307138466814212,9.620435343940184,e2e_bench_v1,16,16,128,0.6428571428571428,True
T18_p64,8,fp32,D14_with_cudnn_16gb,-1,0.5307138466814212,9.993434313655927,e2e_bench_v1,16,16,128,0.6428571428571428,True
T18_p64,8,fp32,D15_cublas_lt_1gb,-1,0.5307138466814212,9.629115363542436,e2e_bench_v1,16,16,128,0.6428571428571428,True
T18_p64,8,fp32,D16_all_enabled_8gb,-1,0.5307138466814212,9.596008060646772,e2e_bench_v1,16,16,128,0.6428571428571428,True
T18_p64,8,fp32,D17_all_enabled_16gb,-1,0.5307138466814212,9.288354168659794,e2e_bench_v1,16,16,128,0.6428571428571428,True
T18_p64,8,fp32,D18_edge_only_1gb,-1,0.5307138466814212,9.474030261947464,e2e_bench_v1,16,16,128,0.6428571428571428,True
T18_p64,8,fp32,D19_edge_only_8gb,-1,0.5307138466814212,9.702803139827095,e2e_bench_v1,16,16,128,0.6428571428571428,True
T18_p64,8,fp32,D1_default_4gb,-1,0.5307138466814212,9.078347958551895,e2e_bench_v1,16,16,128,0.6428571428571428,True
T18_p64,8,fp32,D20_edge_only_16gb,-1,0.5307138466814212,9.713462567714975,e2e_bench_v1,16,16,128,0.6428571428571428,True
T18_p64,8,fp32,D21_default_4gb_BL0,-1,0.5307138466814212,11.6308823187327,e2e_bench_v1,16,16,128,0.6428571428571428,True
T18_p64,8,fp32,D22_cublas_lt_8gb_BL0,-1,0.5307138466814212,12.43807393937434,e2e_bench_v1,16,16,128,0.6428571428571428,True
T18_p64,8,fp32,D23_all_enabled_4gb_BL0,-1,0.5307138466814212,12.472700377049732,e2e_bench_v1,16,16,128,0.6428571428571428,True
T18_p64,8,fp32,D24_edge_only_4gb_BL0,-1,0.5307138466814212,17.2201213674154,e2e_bench_v1,16,16,128,0.6428571428571428,True
T18_p64,8,fp32,D25_default_4gb_BL3,-1,,,e2e_bench_v1,16,16,128,0.6428571428571428,False
T18_p64,8,fp32,D26_cublas_lt_8gb_BL3,-1,,,e2e_bench_v1,16,16,128,0.6428571428571428,False
T18_p64,8,fp32,D27_all_enabled_4gb_BL3,-1,,,e2e_bench_v1,16,16,128,0.6428571428571428,False
T18_p64,8,fp32,D28_edge_only_4gb_BL3,-1,,,e2e_bench_v1,16,16,128,0.6428571428571428,False
T18_p64,8,fp32,D29_default_4gb_BL5,-1,0.5307138466814212,10.225544842593076,e2e_bench_v1,16,16,128,0.6428571428571428,True
T18_p64,8,fp32,D2_with_cudnn_8gb,-1,0.5307138466814212,9.771121255706335,e2e_bench_v1,16,16,128,0.6428571428571428,True
T18_p64,8,fp32,D30_cublas_lt_8gb_BL5,-1,0.5307138466814212,18.59482617556491,e2e_bench_v1,16,16,128,0.6428571428571428,True
T18_p64,8,fp32,D31_all_enabled_4gb_BL5,-1,0.5307138466814212,9.975997749414908,e2e_bench_v1,16,16,128,0.6428571428571428,True
T18_p64,8,fp32,D32_edge_only_4gb_BL5,-1,0.5307138466814212,9.05565788448965,e2e_bench_v1,16,16,128,0.6428571428571428,True
T18_p64,8,fp32,D3_cublas_lt_16gb,-1,0.5307138466814212,9.448929011141232,e2e_bench_v1,16,16,128,0.6428571428571428,True
T18_p64,8,fp32,D4_all_enabled_1gb,-1,0.5307138466814212,9.713868295488103,e2e_bench_v1,16,16,128,0.6428571428571428,True
T18_p64,8,fp32,D5_default_1gb,-1,0.5307138466814212,9.730655456951581,e2e_bench_v1,16,16,128,0.6428571428571428,True
T18_p64,8,fp32,D6_default_8gb,-1,0.5307138466814212,9.459610301894003,e2e_bench_v1,16,16,128,0.6428571428571428,True
T18_p64,8,fp32,D7_default_16gb,-1,0.5307138466814212,9.961260657303745,e2e_bench_v1,16,16,128,0.6428571428571428,True
T18_p64,8,fp32,D8_with_cudnn_4gb,-1,0.5307138466814212,9.74694019180029,e2e_bench_v1,16,16,128,0.6428571428571428,True
T18_p64,8,fp32,D9_cublas_lt_4gb,-1,0.5307138466814212,9.76982297080777,e2e_bench_v1,16,16,128,0.6428571428571428,True
T18_p64,8,int8_ent,D10_cublas_lt_8gb,-1,0.012498218765912,3.7411638386585686,e2e_bench_v1,16,16,128,0.6428571428571428,True
T18_p64,8,int8_ent,D11_all_enabled_4gb,-1,0.012498218765912,19.702375909510927,e2e_bench_v1,16,16,128,0.6428571428571428,True
T18_p64,8,int8_ent,D12_edge_only_4gb,-1,0.012498218765912,3.094163757379194,e2e_bench_v1,16,16,128,0.6428571428571428,True
T18_p64,8,int8_ent,D13_with_cudnn_1gb,-1,0.012498218765912,3.0127569166120103,e2e_bench_v1,16,16,128,0.6428571428571428,True
T18_p64,8,int8_ent,D14_with_cudnn_16gb,-1,0.012498218765912,3.142977833205938,e2e_bench_v1,16,16,128,0.6428571428571428,True
T18_p64,8,int8_ent,D15_cublas_lt_1gb,-1,0.012498218765912,2.963818298969836,e2e_bench_v1,16,16,128,0.6428571428571428,True
T18_p64,8,int8_ent,D16_all_enabled_8gb,-1,0.012498218765912,3.2365978954345844,e2e_bench_v1,16,16,128,0.6428571428571428,True
T18_p64,8,int8_ent,D17_all_enabled_16gb,-1,0.012498218765912,7.354958381967995,e2e_bench_v1,16,16,128,0.6428571428571428,True
T18_p64,8,int8_ent,D18_edge_only_1gb,-1,0.012498218765912,6.398362019323054,e2e_bench_v1,16,16,128,0.6428571428571428,True
T18_p64,8,int8_ent,D19_edge_only_8gb,-1,0.012498218765912,7.875193926650444,e2e_bench_v1,16,16,128,0.6428571428571428,True
T18_p64,8,int8_ent,D1_default_4gb,-1,0.012498218765912,20.170318166598758,e2e_bench_v1,16,16,128,0.6428571428571428,True
T18_p64,8,int8_ent,D20_edge_only_16gb,-1,0.012498218765912,7.620661747783531,e2e_bench_v1,16,16,128,0.6428571428571428,True
T18_p64,8,int8_ent,D21_default_4gb_BL0,-1,0.012498218765912,8.680276761944278,e2e_bench_v1,16,16,128,0.6428571428571428,True
T18_p64,8,int8_ent,D22_cublas_lt_8gb_BL0,-1,0.012498218765912,10.864451839514663,e2e_bench_v1,16,16,128,0.6428571428571428,True
T18_p64,8,int8_ent,D23_all_enabled_4gb_BL0,-1,0.012498218765912,9.078298508980254,e2e_bench_v1,16,16,128,0.6428571428571428,True
T18_p64,8,int8_ent,D24_edge_only_4gb_BL0,-1,0.012498218765912,8.885263701298758,e2e_bench_v1,16,16,128,0.6428571428571428,True
T18_p64,8,int8_ent,D25_default_4gb_BL3,-1,,,e2e_bench_v1,16,16,128,0.6428571428571428,False
T18_p64,8,int8_ent,D26_cublas_lt_8gb_BL3,-1,,,e2e_bench_v1,16,16,128,0.6428571428571428,False
T18_p64,8,int8_ent,D27_all_enabled_4gb_BL3,-1,0.012498218765912,7.151853152429592,e2e_bench_v1,16,16,128,0.6428571428571428,True
T18_p64,8,int8_ent,D28_edge_only_4gb_BL3,-1,,,e2e_bench_v1,16,16,128,0.6428571428571428,False
T18_p64,8,int8_ent,D29_default_4gb_BL5,-1,0.012498218765912,3.383980237555413,e2e_bench_v1,16,16,128,0.6428571428571428,True
T18_p64,8,int8_ent,D2_with_cudnn_8gb,-1,0.012498218765912,2.9527765400722776,e2e_bench_v1,16,16,128,0.6428571428571428,True
T18_p64,8,int8_ent,D30_cublas_lt_8gb_BL5,-1,0.012498218765912,7.046744580172574,e2e_bench_v1,16,16,128,0.6428571428571428,True
T18_p64,8,int8_ent,D31_all_enabled_4gb_BL5,-1,0.012498218765912,3.3067984800631463,e2e_bench_v1,16,16,128,0.6428571428571428,True
T18_p64,8,int8_ent,D32_edge_only_4gb_BL5,-1,0.012498218765912,3.270418119686184,e2e_bench_v1,16,16,128,0.6428571428571428,True
T18_p64,8,int8_ent,D3_cublas_lt_16gb,-1,0.012498218765912,7.310149923864789,e2e_bench_v1,16,16,128,0.6428571428571428,True
T18_p64,8,int8_ent,D4_all_enabled_1gb,-1,0.012498218765912,7.324467309803727,e2e_bench_v1,16,16,128,0.6428571428571428,True
T18_p64,8,int8_ent,D5_default_1gb,-1,0.012498218765912,7.153654050720838,e2e_bench_v1,16,16,128,0.6428571428571428,True
T18_p64,8,int8_ent,D6_default_8gb,-1,0.012498218765912,6.685108653070939,e2e_bench_v1,16,16,128,0.6428571428571428,True
T18_p64,8,int8_ent,D7_default_16gb,-1,0.012498218765912,16.510695628628227,e2e_bench_v1,16,16,128,0.6428571428571428,True
T18_p64,8,int8_ent,D8_with_cudnn_4gb,-1,0.012498218765912,8.034916533287053,e2e_bench_v1,16,16,128,0.6428571428571428,True
T18_p64,8,int8_ent,D9_cublas_lt_4gb,-1,0.012498218765912,6.354952032822057,e2e_bench_v1,16,16,128,0.6428571428571428,True
T18_p64,8,int8_mm,D10_cublas_lt_8gb,-1,0.5224395508347798,8.017452390363342,e2e_bench_v1,16,16,128,0.6428571428571428,True
T18_p64,8,int8_mm,D11_all_enabled_4gb,-1,0.5224395508347798,7.6144586386413975,e2e_bench_v1,16,16,128,0.6428571428571428,True
T18_p64,8,int8_mm,D12_edge_only_4gb,-1,0.5224395508347798,6.640529542387829,e2e_bench_v1,16,16,128,0.6428571428571428,True
T18_p64,8,int8_mm,D13_with_cudnn_1gb,-1,0.5224395508347798,7.3875212945301305,e2e_bench_v1,16,16,128,0.6428571428571428,True
T18_p64,8,int8_mm,D14_with_cudnn_16gb,-1,0.5224395508347798,6.50355744592292,e2e_bench_v1,16,16,128,0.6428571428571428,True
T18_p64,8,int8_mm,D15_cublas_lt_1gb,-1,0.5224395508347798,7.521471921969242,e2e_bench_v1,16,16,128,0.6428571428571428,True
T18_p64,8,int8_mm,D16_all_enabled_8gb,-1,0.5224395508347798,8.209149425400586,e2e_bench_v1,16,16,128,0.6428571428571428,True
T18_p64,8,int8_mm,D17_all_enabled_16gb,-1,0.5224395508347798,7.528363108009426,e2e_bench_v1,16,16,128,0.6428571428571428,True
T18_p64,8,int8_mm,D18_edge_only_1gb,-1,0.5224395508347798,7.427097468028202,e2e_bench_v1,16,16,128,0.6428571428571428,True
T18_p64,8,int8_mm,D19_edge_only_8gb,-1,0.5224395508347798,8.355552139063127,e2e_bench_v1,16,16,128,0.6428571428571428,True
T18_p64,8,int8_mm,D1_default_4gb,-1,0.5224395508347798,6.736987340527088,e2e_bench_v1,16,16,128,0.6428571428571428,True
T18_p64,8,int8_mm,D20_edge_only_16gb,-1,0.5224395508347798,7.734645954316087,e2e_bench_v1,16,16,128,0.6428571428571428,True
T18_p64,8,int8_mm,D21_default_4gb_BL0,-1,0.5224395508347798,8.974445267101927,e2e_bench_v1,16,16,128,0.6428571428571428,True
T18_p64,8,int8_mm,D22_cublas_lt_8gb_BL0,-1,0.5224395508347798,9.541019706022102,e2e_bench_v1,16,16,128,0.6428571428571428,True
T18_p64,8,int8_mm,D23_all_enabled_4gb_BL0,-1,0.5224395508347798,10.544696861054637,e2e_bench_v1,16,16,128,0.6428571428571428,True
T18_p64,8,int8_mm,D24_edge_only_4gb_BL0,-1,0.5224395508347798,8.555761749413715,e2e_bench_v1,16,16,128,0.6428571428571428,True
T18_p64,8,int8_mm,D25_default_4gb_BL3,-1,0.5224395508347798,10.015694593427902,e2e_bench_v1,16,16,128,0.6428571428571428,True
T18_p64,8,int8_mm,D26_cublas_lt_8gb_BL3,-1,,,e2e_bench_v1,16,16,128,0.6428571428571428,False
T18_p64,8,int8_mm,D27_all_enabled_4gb_BL3,-1,0.5224395508347798,56.47420258425951,e2e_bench_v1,16,16,128,0.6428571428571428,True
T18_p64,8,int8_mm,D28_edge_only_4gb_BL3,-1,0.5224395508347798,11.5705118563035,e2e_bench_v1,16,16,128,0.6428571428571428,True
T18_p64,8,int8_mm,D29_default_4gb_BL5,-1,0.5224395508347798,7.400713872860177,e2e_bench_v1,16,16,128,0.6428571428571428,True
T18_p64,8,int8_mm,D2_with_cudnn_8gb,-1,0.5224395508347798,7.888749696283137,e2e_bench_v1,16,16,128,0.6428571428571428,True
T18_p64,8,int8_mm,D30_cublas_lt_8gb_BL5,-1,0.5224395508347798,7.710813645055827,e2e_bench_v1,16,16,128,0.6428571428571428,True
T18_p64,8,int8_mm,D31_all_enabled_4gb_BL5,-1,0.5224395508347798,7.366835244413176,e2e_bench_v1,16,16,128,0.6428571428571428,True
T18_p64,8,int8_mm,D32_edge_only_4gb_BL5,-1,0.5224395508347798,9.471840691217047,e2e_bench_v1,16,16,128,0.6428571428571428,True
T18_p64,8,int8_mm,D3_cublas_lt_16gb,-1,0.5224395508347798,6.891224095027224,e2e_bench_v1,16,16,128,0.6428571428571428,True
T18_p64,8,int8_mm,D4_all_enabled_1gb,-1,0.5224395508347798,7.213227327744526,e2e_bench_v1,16,16,128,0.6428571428571428,True
T18_p64,8,int8_mm,D5_default_1gb,-1,0.5224395508347798,7.224974134592597,e2e_bench_v1,16,16,128,0.6428571428571428,True
T18_p64,8,int8_mm,D6_default_8gb,-1,0.5224395508347798,7.675510133592254,e2e_bench_v1,16,16,128,0.6428571428571428,True
T18_p64,8,int8_mm,D7_default_16gb,-1,0.5224395508347798,7.318699350026311,e2e_bench_v1,16,16,128,0.6428571428571428,True
T18_p64,8,int8_mm,D8_with_cudnn_4gb,-1,0.5224395508347798,7.66251817932438,e2e_bench_v1,16,16,128,0.6428571428571428,True
T18_p64,8,int8_mm,D9_cublas_lt_4gb,-1,0.5224395508347798,7.589862069436611,e2e_bench_v1,16,16,128,0.6428571428571428,True
T18_p64,8,int8_pc_wo,D10_cublas_lt_8gb,-1,0.5234719535940184,9.58562309905112,e2e_bench_v1,16,16,128,0.6428571428571428,True
T18_p64,8,int8_pc_wo,D11_all_enabled_4gb,-1,0.5234719535940184,10.194064404060091,e2e_bench_v1,16,16,128,0.6428571428571428,True
T18_p64,8,int8_pc_wo,D12_edge_only_4gb,-1,0.5234719535940184,8.055278543476755,e2e_bench_v1,16,16,128,0.6428571428571428,True
T18_p64,8,int8_pc_wo,D13_with_cudnn_1gb,-1,0.5234719535940184,7.589470368810312,e2e_bench_v1,16,16,128,0.6428571428571428,True
T18_p64,8,int8_pc_wo,D14_with_cudnn_16gb,-1,0.5234719535940184,5.818134426832305,e2e_bench_v1,16,16,128,0.6428571428571428,True
T18_p64,8,int8_pc_wo,D15_cublas_lt_1gb,-1,0.5234719535940184,9.049536256514536,e2e_bench_v1,16,16,128,0.6428571428571428,True
T18_p64,8,int8_pc_wo,D16_all_enabled_8gb,-1,0.5234719535940184,8.228745972028847,e2e_bench_v1,16,16,128,0.6428571428571428,True
T18_p64,8,int8_pc_wo,D17_all_enabled_16gb,-1,0.5234719535940184,7.153444240332836,e2e_bench_v1,16,16,128,0.6428571428571428,True
T18_p64,8,int8_pc_wo,D18_edge_only_1gb,-1,0.5234719535940184,8.619077293299444,e2e_bench_v1,16,16,128,0.6428571428571428,True
T18_p64,8,int8_pc_wo,D19_edge_only_8gb,-1,0.5234719535940184,7.88560199474188,e2e_bench_v1,16,16,128,0.6428571428571428,True
T18_p64,8,int8_pc_wo,D1_default_4gb,-1,0.5234719535940184,6.912727506503149,e2e_bench_v1,16,16,128,0.6428571428571428,True
T18_p64,8,int8_pc_wo,D20_edge_only_16gb,-1,0.5234719535940184,7.036881704389044,e2e_bench_v1,16,16,128,0.6428571428571428,True
T18_p64,8,int8_pc_wo,D21_default_4gb_BL0,-1,0.5234719535940184,9.779415503894164,e2e_bench_v1,16,16,128,0.6428571428571428,True
T18_p64,8,int8_pc_wo,D22_cublas_lt_8gb_BL0,-1,0.5234719535940184,9.135148121859222,e2e_bench_v1,16,16,128,0.6428571428571428,True
T18_p64,8,int8_pc_wo,D23_all_enabled_4gb_BL0,-1,0.5234719535940184,13.942451138679985,e2e_bench_v1,16,16,128,0.6428571428571428,True
T18_p64,8,int8_pc_wo,D24_edge_only_4gb_BL0,-1,0.5234719535940184,9.364006071621537,e2e_bench_v1,16,16,128,0.6428571428571428,True
T18_p64,8,int8_pc_wo,D25_default_4gb_BL3,-1,,,e2e_bench_v1,16,16,128,0.6428571428571428,False
T18_p64,8,int8_pc_wo,D26_cublas_lt_8gb_BL3,-1,,,e2e_bench_v1,16,16,128,0.6428571428571428,False
T18_p64,8,int8_pc_wo,D27_all_enabled_4gb_BL3,-1,,,e2e_bench_v1,16,16,128,0.6428571428571428,False
T18_p64,8,int8_pc_wo,D28_edge_only_4gb_BL3,-1,,,e2e_bench_v1,16,16,128,0.6428571428571428,False
T18_p64,8,int8_pc_wo,D29_default_4gb_BL5,-1,0.5234719535940184,8.121754851327218,e2e_bench_v1,16,16,128,0.6428571428571428,True
T18_p64,8,int8_pc_wo,D2_with_cudnn_8gb,-1,0.5234719535940184,7.743186383142153,e2e_bench_v1,16,16,128,0.6428571428571428,True
T18_p64,8,int8_pc_wo,D30_cublas_lt_8gb_BL5,-1,0.5234719535940184,8.505650729061852,e2e_bench_v1,16,16,128,0.6428571428571428,True
T18_p64,8,int8_pc_wo,D31_all_enabled_4gb_BL5,-1,0.5234719535940184,7.768293554491472,e2e_bench_v1,16,16,128,0.6428571428571428,True
T18_p64,8,int8_pc_wo,D32_edge_only_4gb_BL5,-1,0.5234719535940184,8.801197666978522,e2e_bench_v1,16,16,128,0.6428571428571428,True
T18_p64,8,int8_pc_wo,D3_cublas_lt_16gb,-1,0.5234719535940184,7.64765714023509,e2e_bench_v1,16,16,128,0.6428571428571428,True
T18_p64,8,int8_pc_wo,D4_all_enabled_1gb,-1,0.5234719535940184,7.751925966006254,e2e_bench_v1,16,16,128,0.6428571428571428,True
T18_p64,8,int8_pc_wo,D5_default_1gb,-1,0.5234719535940184,7.706267892990764,e2e_bench_v1,16,16,128,0.6428571428571428,True
T18_p64,8,int8_pc_wo,D6_default_8gb,-1,0.5234719535940184,7.8048719571731064,e2e_bench_v1,16,16,128,0.6428571428571428,True
T18_p64,8,int8_pc_wo,D7_default_16gb,-1,0.5234719535940184,8.016276247292502,e2e_bench_v1,16,16,128,0.6428571428571428,True
T18_p64,8,int8_pc_wo,D8_with_cudnn_4gb,-1,0.5234719535940184,10.070057389257062,e2e_bench_v1,16,16,128,0.6428571428571428,True
T18_p64,8,int8_pc_wo,D9_cublas_lt_4gb,-1,0.5234719535940184,9.259928031839337,e2e_bench_v1,16,16,128,0.6428571428571428,True
T18_p64,8,mix_s0,D10_cublas_lt_8gb,-1,0.5238228618479571,7.951805696037456,e2e_bench_v1,16,16,128,0.6428571428571428,True
T18_p64,8,mix_s0,D11_all_enabled_4gb,-1,0.5238228618479571,7.669217448390001,e2e_bench_v1,16,16,128,0.6428571428571428,True
T18_p64,8,mix_s0,D12_edge_only_4gb,-1,0.5238228618479571,7.061932441317107,e2e_bench_v1,16,16,128,0.6428571428571428,True
T18_p64,8,mix_s0,D13_with_cudnn_1gb,-1,0.5238228618479571,7.826532728603238,e2e_bench_v1,16,16,128,0.6428571428571428,True
T18_p64,8,mix_s0,D14_with_cudnn_16gb,-1,0.5238228618479571,8.02320310337496,e2e_bench_v1,16,16,128,0.6428571428571428,True
T18_p64,8,mix_s0,D15_cublas_lt_1gb,-1,0.5238228618479571,8.189639287337588,e2e_bench_v1,16,16,128,0.6428571428571428,True
T18_p64,8,mix_s0,D16_all_enabled_8gb,-1,0.5238228618479571,6.996926250298244,e2e_bench_v1,16,16,128,0.6428571428571428,True
T18_p64,8,mix_s0,D17_all_enabled_16gb,-1,0.5238228618479571,7.179534306686731,e2e_bench_v1,16,16,128,0.6428571428571428,True
T18_p64,8,mix_s0,D18_edge_only_1gb,-1,0.5238228618479571,7.651109410864576,e2e_bench_v1,16,16,128,0.6428571428571428,True
T18_p64,8,mix_s0,D19_edge_only_8gb,-1,0.5238228618479571,7.440000119040001,e2e_bench_v1,16,16,128,0.6428571428571428,True
T18_p64,8,mix_s0,D1_default_4gb,-1,0.5238228618479571,7.701282648625129,e2e_bench_v1,16,16,128,0.6428571428571428,True
T18_p64,8,mix_s0,D20_edge_only_16gb,-1,0.5238228618479571,7.6219570289306615,e2e_bench_v1,16,16,128,0.6428571428571428,True
T18_p64,8,mix_s0,D21_default_4gb_BL0,-1,0.5238228618479571,10.178117048346056,e2e_bench_v1,16,16,128,0.6428571428571428,True
T18_p64,8,mix_s0,D22_cublas_lt_8gb_BL0,-1,0.5238228618479571,12.350481977559173,e2e_bench_v1,16,16,128,0.6428571428571428,True
T18_p64,8,mix_s0,D23_all_enabled_4gb_BL0,-1,0.5238228618479571,8.553822361060263,e2e_bench_v1,16,16,128,0.6428571428571428,True
T18_p64,8,mix_s0,D24_edge_only_4gb_BL0,-1,0.5238228618479571,13.414302060570938,e2e_bench_v1,16,16,128,0.6428571428571428,True
T18_p64,8,mix_s0,D25_default_4gb_BL3,-1,,,e2e_bench_v1,16,16,128,0.6428571428571428,False
T18_p64,8,mix_s0,D26_cublas_lt_8gb_BL3,-1,,,e2e_bench_v1,16,16,128,0.6428571428571428,False
T18_p64,8,mix_s0,D27_all_enabled_4gb_BL3,-1,,,e2e_bench_v1,16,16,128,0.6428571428571428,False
T18_p64,8,mix_s0,D28_edge_only_4gb_BL3,-1,,,e2e_bench_v1,16,16,128,0.6428571428571428,False
T18_p64,8,mix_s0,D29_default_4gb_BL5,-1,0.5238228618479571,8.447986591355683,e2e_bench_v1,16,16,128,0.6428571428571428,True
T18_p64,8,mix_s0,D2_with_cudnn_8gb,-1,0.5238228618479571,7.824732257223989,e2e_bench_v1,16,16,128,0.6428571428571428,True
T18_p64,8,mix_s0,D30_cublas_lt_8gb_BL5,-1,0.5238228618479571,8.655280933108527,e2e_bench_v1,16,16,128,0.6428571428571428,True
T18_p64,8,mix_s0,D31_all_enabled_4gb_BL5,-1,0.5238228618479571,7.439712291446265,e2e_bench_v1,16,16,128,0.6428571428571428,True
T18_p64,8,mix_s0,D32_edge_only_4gb_BL5,-1,0.5238228618479571,8.38974739309574,e2e_bench_v1,16,16,128,0.6428571428571428,True
T18_p64,8,mix_s0,D3_cublas_lt_16gb,-1,0.5238228618479571,6.195061420936457,e2e_bench_v1,16,16,128,0.6428571428571428,True
T18_p64,8,mix_s0,D4_all_enabled_1gb,-1,0.5238228618479571,7.941228555704939,e2e_bench_v1,16,16,128,0.6428571428571428,True
T18_p64,8,mix_s0,D5_default_1gb,-1,0.5238228618479571,7.6738609112709835,e2e_bench_v1,16,16,128,0.6428571428571428,True
T18_p64,8,mix_s0,D6_default_8gb,-1,0.5238228618479571,7.201103785188193,e2e_bench_v1,16,16,128,0.6428571428571428,True
T18_p64,8,mix_s0,D7_default_16gb,-1,0.5238228618479571,7.597462143745504,e2e_bench_v1,16,16,128,0.6428571428571428,True
T18_p64,8,mix_s0,D8_with_cudnn_4gb,-1,0.5238228618479571,8.013713065798193,e2e_bench_v1,16,16,128,0.6428571428571428,True
T18_p64,8,mix_s0,D9_cublas_lt_4gb,-1,0.5238228618479571,7.471473912601687,e2e_bench_v1,16,16,128,0.6428571428571428,True
T18_p64,8,mix_s2,D10_cublas_lt_8gb,-1,0.531508324501709,6.342433033420816,e2e_bench_v1,16,16,128,0.6428571428571428,True
T18_p64,8,mix_s2,D11_all_enabled_4gb,-1,0.531508324501709,7.452886577500332,e2e_bench_v1,16,16,128,0.6428571428571428,True
T18_p64,8,mix_s2,D12_edge_only_4gb,-1,0.531508324501709,7.562265806080818,e2e_bench_v1,16,16,128,0.6428571428571428,True
T18_p64,8,mix_s2,D13_with_cudnn_1gb,-1,0.531508324501709,7.806919272551262,e2e_bench_v1,16,16,128,0.6428571428571428,True
T18_p64,8,mix_s2,D14_with_cudnn_16gb,-1,0.531508324501709,6.982606327637854,e2e_bench_v1,16,16,128,0.6428571428571428,True
T18_p64,8,mix_s2,D15_cublas_lt_1gb,-1,0.531508324501709,8.007565547929683,e2e_bench_v1,16,16,128,0.6428571428571428,True
T18_p64,8,mix_s2,D16_all_enabled_8gb,-1,0.531508324501709,8.291585201842059,e2e_bench_v1,16,16,128,0.6428571428571428,True
T18_p64,8,mix_s2,D17_all_enabled_16gb,-1,0.531508324501709,7.91233136843771,e2e_bench_v1,16,16,128,0.6428571428571428,True
T18_p64,8,mix_s2,D18_edge_only_1gb,-1,0.531508324501709,7.864937009719489,e2e_bench_v1,16,16,128,0.6428571428571428,True
T18_p64,8,mix_s2,D19_edge_only_8gb,-1,0.531508324501709,7.894522858985664,e2e_bench_v1,16,16,128,0.6428571428571428,True
T18_p64,8,mix_s2,D1_default_4gb,-1,0.531508324501709,7.382247613873014,e2e_bench_v1,16,16,128,0.6428571428571428,True
T18_p64,8,mix_s2,D20_edge_only_16gb,-1,0.531508324501709,7.756092604643262,e2e_bench_v1,16,16,128,0.6428571428571428,True
T18_p64,8,mix_s2,D21_default_4gb_BL0,-1,0.531508324501709,9.579443281074278,e2e_bench_v1,16,16,128,0.6428571428571428,True
T18_p64,8,mix_s2,D22_cublas_lt_8gb_BL0,-1,0.531508324501709,9.885525613396863,e2e_bench_v1,16,16,128,0.6428571428571428,True
T18_p64,8,mix_s2,D23_all_enabled_4gb_BL0,-1,0.531508324501709,11.852413744058978,e2e_bench_v1,16,16,128,0.6428571428571428,True
T18_p64,8,mix_s2,D24_edge_only_4gb_BL0,-1,0.531508324501709,9.32331387868504,e2e_bench_v1,16,16,128,0.6428571428571428,True
T18_p64,8,mix_s2,D25_default_4gb_BL3,-1,,,e2e_bench_v1,16,16,128,0.6428571428571428,False
T18_p64,8,mix_s2,D26_cublas_lt_8gb_BL3,-1,0.531508324501709,48.524844720496894,e2e_bench_v1,16,16,128,0.6428571428571428,True
T18_p64,8,mix_s2,D27_all_enabled_4gb_BL3,-1,,,e2e_bench_v1,16,16,128,0.6428571428571428,False
T18_p64,8,mix_s2,D28_edge_only_4gb_BL3,-1,0.531508324501709,9.854410932877665,e2e_bench_v1,16,16,128,0.6428571428571428,True
T18_p64,8,mix_s2,D29_default_4gb_BL5,-1,0.531508324501709,8.179945717880216,e2e_bench_v1,16,16,128,0.6428571428571428,True
T18_p64,8,mix_s2,D2_with_cudnn_8gb,-1,0.531508324501709,8.220473088226228,e2e_bench_v1,16,16,128,0.6428571428571428,True
T18_p64,8,mix_s2,D30_cublas_lt_8gb_BL5,-1,0.531508324501709,7.608167215342325,e2e_bench_v1,16,16,128,0.6428571428571428,True
T18_p64,8,mix_s2,D31_all_enabled_4gb_BL5,-1,0.531508324501709,8.314328164869803,e2e_bench_v1,16,16,128,0.6428571428571428,True
T18_p64,8,mix_s2,D32_edge_only_4gb_BL5,-1,0.531508324501709,10.523192062987619,e2e_bench_v1,16,16,128,0.6428571428571428,True
T18_p64,8,mix_s2,D3_cublas_lt_16gb,-1,0.531508324501709,8.832041941600771,e2e_bench_v1,16,16,128,0.6428571428571428,True
T18_p64,8,mix_s2,D4_all_enabled_1gb,-1,0.531508324501709,7.796353021983378,e2e_bench_v1,16,16,128,0.6428571428571428,True
T18_p64,8,mix_s2,D5_default_1gb,-1,0.531508324501709,8.142977658926496,e2e_bench_v1,16,16,128,0.6428571428571428,True
T18_p64,8,mix_s2,D6_default_8gb,-1,0.531508324501709,8.00801442083237,e2e_bench_v1,16,16,128,0.6428571428571428,True
T18_p64,8,mix_s2,D7_default_16gb,-1,0.531508324501709,7.267700666666182,e2e_bench_v1,16,16,128,0.6428571428571428,True
T18_p64,8,mix_s2,D8_with_cudnn_4gb,-1,0.531508324501709,7.643968412064933,e2e_bench_v1,16,16,128,0.6428571428571428,True
T18_p64,8,mix_s2,D9_cublas_lt_4gb,-1,0.531508324501709,7.793230021080688,e2e_bench_v1,16,16,128,0.6428571428571428,True
T19_p71,8,fp16,D10_cublas_lt_8gb,-1,0.5225803152363402,7.943373280557561,e2e_bench_v1,32,32,64,0.7142857142857143,True
T19_p71,8,fp16,D11_all_enabled_4gb,-1,0.5225803152363402,7.774973603964615,e2e_bench_v1,32,32,64,0.7142857142857143,True
T19_p71,8,fp16,D12_edge_only_4gb,-1,0.5225803152363402,8.122275991689287,e2e_bench_v1,32,32,64,0.7142857142857143,True
T19_p71,8,fp16,D13_with_cudnn_1gb,-1,0.5225803152363402,8.375546085604782,e2e_bench_v1,32,32,64,0.7142857142857143,True
T19_p71,8,fp16,D14_with_cudnn_16gb,-1,0.5225803152363402,8.393923470920932,e2e_bench_v1,32,32,64,0.7142857142857143,True
T19_p71,8,fp16,D15_cublas_lt_1gb,-1,0.5225803152363402,8.232417614080727,e2e_bench_v1,32,32,64,0.7142857142857143,True
T19_p71,8,fp16,D16_all_enabled_8gb,-1,0.5225803152363402,7.8855522488806455,e2e_bench_v1,32,32,64,0.7142857142857143,True
T19_p71,8,fp16,D17_all_enabled_16gb,-1,0.5225803152363402,8.452763842457387,e2e_bench_v1,32,32,64,0.7142857142857143,True
T19_p71,8,fp16,D18_edge_only_1gb,-1,0.5225803152363402,8.290341006596625,e2e_bench_v1,32,32,64,0.7142857142857143,True
T19_p71,8,fp16,D19_edge_only_8gb,-1,0.5225803152363402,7.6935978494855295,e2e_bench_v1,32,32,64,0.7142857142857143,True
T19_p71,8,fp16,D1_default_4gb,-1,0.5225803152363402,8.132924518327545,e2e_bench_v1,32,32,64,0.7142857142857143,True
T19_p71,8,fp16,D20_edge_only_16gb,-1,0.5225803152363402,8.050408437472075,e2e_bench_v1,32,32,64,0.7142857142857143,True
T19_p71,8,fp16,D21_default_4gb_BL0,-1,0.5225803152363402,11.666106693545377,e2e_bench_v1,32,32,64,0.7142857142857143,True
T19_p71,8,fp16,D22_cublas_lt_8gb_BL0,-1,0.5225803152363402,10.15446979451415,e2e_bench_v1,32,32,64,0.7142857142857143,True
T19_p71,8,fp16,D23_all_enabled_4gb_BL0,-1,0.5225803152363402,8.97332589145506,e2e_bench_v1,32,32,64,0.7142857142857143,True
T19_p71,8,fp16,D24_edge_only_4gb_BL0,-1,0.5225803152363402,9.582151135437,e2e_bench_v1,32,32,64,0.7142857142857143,True
T19_p71,8,fp16,D25_default_4gb_BL3,-1,0.5225803152363402,17.26984477863513,e2e_bench_v1,32,32,64,0.7142857142857143,True
T19_p71,8,fp16,D26_cublas_lt_8gb_BL3,-1,0.5225803152363402,10.303595439628658,e2e_bench_v1,32,32,64,0.7142857142857143,True
T19_p71,8,fp16,D27_all_enabled_4gb_BL3,-1,0.5225803152363402,47.02585010980536,e2e_bench_v1,32,32,64,0.7142857142857143,True
T19_p71,8,fp16,D28_edge_only_4gb_BL3,-1,0.5225803152363402,12.16123363553999,e2e_bench_v1,32,32,64,0.7142857142857143,True
T19_p71,8,fp16,D29_default_4gb_BL5,-1,0.5225803152363402,8.336098139216173,e2e_bench_v1,32,32,64,0.7142857142857143,True
T19_p71,8,fp16,D2_with_cudnn_8gb,-1,0.5225803152363402,7.9052945710389535,e2e_bench_v1,32,32,64,0.7142857142857143,True
T19_p71,8,fp16,D30_cublas_lt_8gb_BL5,-1,0.5225803152363402,8.226505306507248,e2e_bench_v1,32,32,64,0.7142857142857143,True
T19_p71,8,fp16,D31_all_enabled_4gb_BL5,-1,0.5225803152363402,10.552073957375953,e2e_bench_v1,32,32,64,0.7142857142857143,True
T19_p71,8,fp16,D32_edge_only_4gb_BL5,-1,0.5225803152363402,8.322548697313065,e2e_bench_v1,32,32,64,0.7142857142857143,True
T19_p71,8,fp16,D3_cublas_lt_16gb,-1,0.5225803152363402,8.51351477903598,e2e_bench_v1,32,32,64,0.7142857142857143,True
T19_p71,8,fp16,D4_all_enabled_1gb,-1,0.5225803152363402,7.519809057008424,e2e_bench_v1,32,32,64,0.7142857142857143,True
T19_p71,8,fp16,D5_default_1gb,-1,0.5225803152363402,7.993030077772183,e2e_bench_v1,32,32,64,0.7142857142857143,True
T19_p71,8,fp16,D6_default_8gb,-1,0.5225803152363402,7.758511669189476,e2e_bench_v1,32,32,64,0.7142857142857143,True
T19_p71,8,fp16,D7_default_16gb,-1,0.5225803152363402,8.436077730020205,e2e_bench_v1,32,32,64,0.7142857142857143,True
T19_p71,8,fp16,D8_with_cudnn_4gb,-1,0.5225803152363402,8.588586112599799,e2e_bench_v1,32,32,64,0.7142857142857143,True
T19_p71,8,fp16,D9_cublas_lt_4gb,-1,0.5225803152363402,7.293531075547854,e2e_bench_v1,32,32,64,0.7142857142857143,True
T19_p71,8,fp32,D10_cublas_lt_8gb,-1,0.5219558503007226,9.95035766560629,e2e_bench_v1,32,32,64,0.7142857142857143,True
T19_p71,8,fp32,D11_all_enabled_4gb,-1,0.5219558503007226,9.99149723585229,e2e_bench_v1,32,32,64,0.7142857142857143,True
T19_p71,8,fp32,D12_edge_only_4gb,-1,0.5219558503007226,10.02119482705923,e2e_bench_v1,32,32,64,0.7142857142857143,True
T19_p71,8,fp32,D13_with_cudnn_1gb,-1,0.5219558503007226,10.043962423527782,e2e_bench_v1,32,32,64,0.7142857142857143,True
T19_p71,8,fp32,D14_with_cudnn_16gb,-1,0.5219558503007226,9.958582256395651,e2e_bench_v1,32,32,64,0.7142857142857143,True
T19_p71,8,fp32,D15_cublas_lt_1gb,-1,0.5219558503007226,10.163799797537107,e2e_bench_v1,32,32,64,0.7142857142857143,True
T19_p71,8,fp32,D16_all_enabled_8gb,-1,0.5219558503007226,9.638563507049163,e2e_bench_v1,32,32,64,0.7142857142857143,True
T19_p71,8,fp32,D17_all_enabled_16gb,-1,0.5219558503007226,10.077221750272336,e2e_bench_v1,32,32,64,0.7142857142857143,True
T19_p71,8,fp32,D18_edge_only_1gb,-1,0.5219558503007226,10.01142303368143,e2e_bench_v1,32,32,64,0.7142857142857143,True
T19_p71,8,fp32,D19_edge_only_8gb,-1,0.5219558503007226,9.998080368569235,e2e_bench_v1,32,32,64,0.7142857142857143,True
T19_p71,8,fp32,D1_default_4gb,-1,0.5219558503007226,8.566976191516467,e2e_bench_v1,32,32,64,0.7142857142857143,True
T19_p71,8,fp32,D20_edge_only_16gb,-1,0.5219558503007226,10.077455321601832,e2e_bench_v1,32,32,64,0.7142857142857143,True
T19_p71,8,fp32,D21_default_4gb_BL0,-1,0.5219558503007226,11.240615491141833,e2e_bench_v1,32,32,64,0.7142857142857143,True
T19_p71,8,fp32,D22_cublas_lt_8gb_BL0,-1,0.5219558503007226,18.358089216641975,e2e_bench_v1,32,32,64,0.7142857142857143,True
T19_p71,8,fp32,D23_all_enabled_4gb_BL0,-1,0.5219558503007226,11.545530955877599,e2e_bench_v1,32,32,64,0.7142857142857143,True
T19_p71,8,fp32,D24_edge_only_4gb_BL0,-1,0.5219558503007226,11.48476144427766,e2e_bench_v1,32,32,64,0.7142857142857143,True
T19_p71,8,fp32,D25_default_4gb_BL3,-1,,,e2e_bench_v1,32,32,64,0.7142857142857143,False
T19_p71,8,fp32,D26_cublas_lt_8gb_BL3,-1,,,e2e_bench_v1,32,32,64,0.7142857142857143,False
T19_p71,8,fp32,D27_all_enabled_4gb_BL3,-1,,,e2e_bench_v1,32,32,64,0.7142857142857143,False
T19_p71,8,fp32,D28_edge_only_4gb_BL3,-1,,,e2e_bench_v1,32,32,64,0.7142857142857143,False
T19_p71,8,fp32,D29_default_4gb_BL5,-1,0.5219558503007226,12.52031420980541,e2e_bench_v1,32,32,64,0.7142857142857143,True
T19_p71,8,fp32,D2_with_cudnn_8gb,-1,0.5219558503007226,9.903951478560916,e2e_bench_v1,32,32,64,0.7142857142857143,True
T19_p71,8,fp32,D30_cublas_lt_8gb_BL5,-1,0.5219558503007226,19.303826790622974,e2e_bench_v1,32,32,64,0.7142857142857143,True
T19_p71,8,fp32,D31_all_enabled_4gb_BL5,-1,0.5219558503007226,9.439768612391774,e2e_bench_v1,32,32,64,0.7142857142857143,True
T19_p71,8,fp32,D32_edge_only_4gb_BL5,-1,0.5219558503007226,10.2338537930244,e2e_bench_v1,32,32,64,0.7142857142857143,True
T19_p71,8,fp32,D3_cublas_lt_16gb,-1,0.5219558503007226,9.069324099552157,e2e_bench_v1,32,32,64,0.7142857142857143,True
T19_p71,8,fp32,D4_all_enabled_1gb,-1,0.5219558503007226,9.856528373002574,e2e_bench_v1,32,32,64,0.7142857142857143,True
T19_p71,8,fp32,D5_default_1gb,-1,0.5219558503007226,10.140445165542769,e2e_bench_v1,32,32,64,0.7142857142857143,True
T19_p71,8,fp32,D6_default_8gb,-1,0.5219558503007226,9.383512605341657,e2e_bench_v1,32,32,64,0.7142857142857143,True
T19_p71,8,fp32,D7_default_16gb,-1,0.5219558503007226,9.80639239494657,e2e_bench_v1,32,32,64,0.7142857142857143,True
T19_p71,8,fp32,D8_with_cudnn_4gb,-1,0.5219558503007226,9.572840702187012,e2e_bench_v1,32,32,64,0.7142857142857143,True
T19_p71,8,fp32,D9_cublas_lt_4gb,-1,0.5219558503007226,9.858685600600985,e2e_bench_v1,32,32,64,0.7142857142857143,True
T19_p71,8,int8_ent,D10_cublas_lt_8gb,-1,0.2816316333794854,8.837310417598268,e2e_bench_v1,32,32,64,0.7142857142857143,True
T19_p71,8,int8_ent,D11_all_enabled_4gb,-1,0.2816316333794854,9.571255605166563,e2e_bench_v1,32,32,64,0.7142857142857143,True
T19_p71,8,int8_ent,D12_edge_only_4gb,-1,0.2816316333794854,8.244716373512034,e2e_bench_v1,32,32,64,0.7142857142857143,True
T19_p71,8,int8_ent,D13_with_cudnn_1gb,-1,0.2816316333794854,7.838796713349314,e2e_bench_v1,32,32,64,0.7142857142857143,True
T19_p71,8,int8_ent,D14_with_cudnn_16gb,-1,0.2816316333794854,8.056388272798975,e2e_bench_v1,32,32,64,0.7142857142857143,True
T19_p71,8,int8_ent,D15_cublas_lt_1gb,-1,0.2816316333794854,6.395886166018017,e2e_bench_v1,32,32,64,0.7142857142857143,True
T19_p71,8,int8_ent,D16_all_enabled_8gb,-1,0.2816316333794854,8.194585345786917,e2e_bench_v1,32,32,64,0.7142857142857143,True
T19_p71,8,int8_ent,D17_all_enabled_16gb,-1,0.2816316333794854,7.5630836809830795,e2e_bench_v1,32,32,64,0.7142857142857143,True
T19_p71,8,int8_ent,D18_edge_only_1gb,-1,0.2816316333794854,7.0383725030493745,e2e_bench_v1,32,32,64,0.7142857142857143,True
T19_p71,8,int8_ent,D19_edge_only_8gb,-1,0.2816316333794854,8.087179798224863,e2e_bench_v1,32,32,64,0.7142857142857143,True
T19_p71,8,int8_ent,D1_default_4gb,-1,0.2816316333794854,6.706606745370933,e2e_bench_v1,32,32,64,0.7142857142857143,True
T19_p71,8,int8_ent,D20_edge_only_16gb,-1,0.2816316333794854,8.02845928246448,e2e_bench_v1,32,32,64,0.7142857142857143,True
T19_p71,8,int8_ent,D21_default_4gb_BL0,-1,0.2816316333794854,8.936422714241798,e2e_bench_v1,32,32,64,0.7142857142857143,True
T19_p71,8,int8_ent,D22_cublas_lt_8gb_BL0,-1,0.2816316333794854,9.581958322314081,e2e_bench_v1,32,32,64,0.7142857142857143,True
T19_p71,8,int8_ent,D23_all_enabled_4gb_BL0,-1,0.2816316333794854,9.099860044152521,e2e_bench_v1,32,32,64,0.7142857142857143,True
T19_p71,8,int8_ent,D24_edge_only_4gb_BL0,-1,0.2816316333794854,11.004235530255595,e2e_bench_v1,32,32,64,0.7142857142857143,True
T19_p71,8,int8_ent,D25_default_4gb_BL3,-1,,,e2e_bench_v1,32,32,64,0.7142857142857143,False
T19_p71,8,int8_ent,D26_cublas_lt_8gb_BL3,-1,,,e2e_bench_v1,32,32,64,0.7142857142857143,False
T19_p71,8,int8_ent,D27_all_enabled_4gb_BL3,-1,,,e2e_bench_v1,32,32,64,0.7142857142857143,False
T19_p71,8,int8_ent,D28_edge_only_4gb_BL3,-1,0.2816316333794854,8.455780075307178,e2e_bench_v1,32,32,64,0.7142857142857143,True
T19_p71,8,int8_ent,D29_default_4gb_BL5,-1,0.2816316333794854,8.000032000128,e2e_bench_v1,32,32,64,0.7142857142857143,True
T19_p71,8,int8_ent,D2_with_cudnn_8gb,-1,0.2816316333794854,7.483702367169895,e2e_bench_v1,32,32,64,0.7142857142857143,True
T19_p71,8,int8_ent,D30_cublas_lt_8gb_BL5,-1,0.2816316333794854,8.431617892567697,e2e_bench_v1,32,32,64,0.7142857142857143,True
T19_p71,8,int8_ent,D31_all_enabled_4gb_BL5,-1,0.2816316333794854,10.83436530662879,e2e_bench_v1,32,32,64,0.7142857142857143,True
T19_p71,8,int8_ent,D32_edge_only_4gb_BL5,-1,0.2816316333794854,7.934593558379565,e2e_bench_v1,32,32,64,0.7142857142857143,True
T19_p71,8,int8_ent,D3_cublas_lt_16gb,-1,0.2816316333794854,8.123186498614185,e2e_bench_v1,32,32,64,0.7142857142857143,True
T19_p71,8,int8_ent,D4_all_enabled_1gb,-1,0.2816316333794854,7.463516465636851,e2e_bench_v1,32,32,64,0.7142857142857143,True
T19_p71,8,int8_ent,D5_default_1gb,-1,0.2816316333794854,7.570882386342127,e2e_bench_v1,32,32,64,0.7142857142857143,True
T19_p71,8,int8_ent,D6_default_8gb,-1,0.2816316333794854,8.121675696616428,e2e_bench_v1,32,32,64,0.7142857142857143,True
T19_p71,8,int8_ent,D7_default_16gb,-1,0.2816316333794854,8.16152640131368,e2e_bench_v1,32,32,64,0.7142857142857143,True
T19_p71,8,int8_ent,D8_with_cudnn_4gb,-1,0.2816316333794854,8.251199518129948,e2e_bench_v1,32,32,64,0.7142857142857143,True
T19_p71,8,int8_ent,D9_cublas_lt_4gb,-1,0.2816316333794854,9.706589221026801,e2e_bench_v1,32,32,64,0.7142857142857143,True
T19_p71,8,int8_mm,D10_cublas_lt_8gb,-1,0.5244989715012389,7.782876426601249,e2e_bench_v1,32,32,64,0.7142857142857143,True
T19_p71,8,int8_mm,D11_all_enabled_4gb,-1,0.5244989715012389,8.156886288111012,e2e_bench_v1,32,32,64,0.7142857142857143,True
T19_p71,8,int8_mm,D12_edge_only_4gb,-1,0.5244989715012389,7.246534344949527,e2e_bench_v1,32,32,64,0.7142857142857143,True
T19_p71,8,int8_mm,D13_with_cudnn_1gb,-1,0.5244989715012389,8.123186498614185,e2e_bench_v1,32,32,64,0.7142857142857143,True
T19_p71,8,int8_mm,D14_with_cudnn_16gb,-1,0.5244989715012389,8.035445959215291,e2e_bench_v1,32,32,64,0.7142857142857143,True
T19_p71,8,int8_mm,D15_cublas_lt_1gb,-1,0.5244989715012389,7.821990274137293,e2e_bench_v1,32,32,64,0.7142857142857143,True
T19_p71,8,int8_mm,D16_all_enabled_8gb,-1,0.5244989715012389,6.699889183832899,e2e_bench_v1,32,32,64,0.7142857142857143,True
T19_p71,8,int8_mm,D17_all_enabled_16gb,-1,0.5244989715012389,7.7896726078499645,e2e_bench_v1,32,32,64,0.7142857142857143,True
T19_p71,8,int8_mm,D18_edge_only_1gb,-1,0.5244989715012389,7.739039585187478,e2e_bench_v1,32,32,64,0.7142857142857143,True
T19_p71,8,int8_mm,D19_edge_only_8gb,-1,0.5244989715012389,7.819806631821609,e2e_bench_v1,32,32,64,0.7142857142857143,True
T19_p71,8,int8_mm,D1_default_4gb,-1,0.5244989715012389,7.957867864378833,e2e_bench_v1,32,32,64,0.7142857142857143,True
T19_p71,8,int8_mm,D20_edge_only_16gb,-1,0.5244989715012389,8.10573115721471,e2e_bench_v1,32,32,64,0.7142857142857143,True
T19_p71,8,int8_mm,D21_default_4gb_BL0,-1,0.5244989715012389,9.165356784426226,e2e_bench_v1,32,32,64,0.7142857142857143,True
T19_p71,8,int8_mm,D22_cublas_lt_8gb_BL0,-1,0.5244989715012389,12.032275375467153,e2e_bench_v1,32,32,64,0.7142857142857143,True
T19_p71,8,int8_mm,D23_all_enabled_4gb_BL0,-1,0.5244989715012389,12.50135952284811,e2e_bench_v1,32,32,64,0.7142857142857143,True
T19_p71,8,int8_mm,D24_edge_only_4gb_BL0,-1,0.5244989715012389,8.399980176046785,e2e_bench_v1,32,32,64,0.7142857142857143,True
T19_p71,8,int8_mm,D25_default_4gb_BL3,-1,0.5244989715012389,10.216842260128978,e2e_bench_v1,32,32,64,0.7142857142857143,True
T19_p71,8,int8_mm,D26_cublas_lt_8gb_BL3,-1,0.5244989715012389,7.447075496217258,e2e_bench_v1,32,32,64,0.7142857142857143,True
T19_p71,8,int8_mm,D27_all_enabled_4gb_BL3,-1,0.5244989715012389,12.025272312291513,e2e_bench_v1,32,32,64,0.7142857142857143,True
T19_p71,8,int8_mm,D28_edge_only_4gb_BL3,-1,0.5244989715012389,47.63674126580349,e2e_bench_v1,32,32,64,0.7142857142857143,True
T19_p71,8,int8_mm,D29_default_4gb_BL5,-1,0.5244989715012389,8.247368264786706,e2e_bench_v1,32,32,64,0.7142857142857143,True
T19_p71,8,int8_mm,D2_with_cudnn_8gb,-1,0.5244989715012389,7.634648477880133,e2e_bench_v1,32,32,64,0.7142857142857143,True
T19_p71,8,int8_mm,D30_cublas_lt_8gb_BL5,-1,0.5244989715012389,17.13887113111408,e2e_bench_v1,32,32,64,0.7142857142857143,True
T19_p71,8,int8_mm,D31_all_enabled_4gb_BL5,-1,0.5244989715012389,8.393705056955486,e2e_bench_v1,32,32,64,0.7142857142857143,True
T19_p71,8,int8_mm,D32_edge_only_4gb_BL5,-1,0.5244989715012389,7.569421052830774,e2e_bench_v1,32,32,64,0.7142857142857143,True
T19_p71,8,int8_mm,D3_cublas_lt_16gb,-1,0.5244989715012389,7.588468260093232,e2e_bench_v1,32,32,64,0.7142857142857143,True
T19_p71,8,int8_mm,D4_all_enabled_1gb,-1,0.5244989715012389,8.349015567574426,e2e_bench_v1,32,32,64,0.7142857142857143,True
T19_p71,8,int8_mm,D5_default_1gb,-1,0.5244989715012389,8.216332754903508,e2e_bench_v1,32,32,64,0.7142857142857143,True
T19_p71,8,int8_mm,D6_default_8gb,-1,0.5244989715012389,8.088252541126742,e2e_bench_v1,32,32,64,0.7142857142857143,True
T19_p71,8,int8_mm,D7_default_16gb,-1,0.5244989715012389,7.599240379931623,e2e_bench_v1,32,32,64,0.7142857142857143,True
T19_p71,8,int8_mm,D8_with_cudnn_4gb,-1,0.5244989715012389,8.422953559203256,e2e_bench_v1,32,32,64,0.7142857142857143,True
T19_p71,8,int8_mm,D9_cublas_lt_4gb,-1,0.5244989715012389,8.191953862915843,e2e_bench_v1,32,32,64,0.7142857142857143,True
T19_p71,8,int8_pc_wo,D10_cublas_lt_8gb,-1,0.5233161785922974,8.682537766868652,e2e_bench_v1,32,32,64,0.7142857142857143,True
T19_p71,8,int8_pc_wo,D11_all_enabled_4gb,-1,0.5233161785922974,8.423414734405522,e2e_bench_v1,32,32,64,0.7142857142857143,True
T19_p71,8,int8_pc_wo,D12_edge_only_4gb,-1,0.5233161785922974,8.470714199797042,e2e_bench_v1,32,32,64,0.7142857142857143,True
T19_p71,8,int8_pc_wo,D13_with_cudnn_1gb,-1,0.5233161785922974,7.749565055661251,e2e_bench_v1,32,32,64,0.7142857142857143,True
T19_p71,8,int8_pc_wo,D14_with_cudnn_16gb,-1,0.5233161785922974,7.528193083096195,e2e_bench_v1,32,32,64,0.7142857142857143,True
T19_p71,8,int8_pc_wo,D15_cublas_lt_1gb,-1,0.5233161785922974,8.496147846566366,e2e_bench_v1,32,32,64,0.7142857142857143,True
T19_p71,8,int8_pc_wo,D16_all_enabled_8gb,-1,0.5233161785922974,8.266293691495306,e2e_bench_v1,32,32,64,0.7142857142857143,True
T19_p71,8,int8_pc_wo,D17_all_enabled_16gb,-1,0.5233161785922974,8.186146420689338,e2e_bench_v1,32,32,64,0.7142857142857143,True
T19_p71,8,int8_pc_wo,D18_edge_only_1gb,-1,0.5233161785922974,7.884047733178596,e2e_bench_v1,32,32,64,0.7142857142857143,True
T19_p71,8,int8_pc_wo,D19_edge_only_8gb,-1,0.5233161785922974,8.735943866319092,e2e_bench_v1,32,32,64,0.7142857142857143,True
T19_p71,8,int8_pc_wo,D1_default_4gb,-1,0.5233161785922974,6.478282529562023,e2e_bench_v1,32,32,64,0.7142857142857143,True
T19_p71,8,int8_pc_wo,D20_edge_only_16gb,-1,0.5233161785922974,8.82867341236173,e2e_bench_v1,32,32,64,0.7142857142857143,True
T19_p71,8,int8_pc_wo,D21_default_4gb_BL0,-1,0.5233161785922974,13.446697961615056,e2e_bench_v1,32,32,64,0.7142857142857143,True
T19_p71,8,int8_pc_wo,D22_cublas_lt_8gb_BL0,-1,0.5233161785922974,13.433385186200152,e2e_bench_v1,32,32,64,0.7142857142857143,True
T19_p71,8,int8_pc_wo,D23_all_enabled_4gb_BL0,-1,0.5233161785922974,9.528192492356007,e2e_bench_v1,32,32,64,0.7142857142857143,True
T19_p71,8,int8_pc_wo,D24_edge_only_4gb_BL0,-1,0.5233161785922974,10.059026366719912,e2e_bench_v1,32,32,64,0.7142857142857143,True
T19_p71,8,int8_pc_wo,D25_default_4gb_BL3,-1,,,e2e_bench_v1,32,32,64,0.7142857142857143,False
T19_p71,8,int8_pc_wo,D26_cublas_lt_8gb_BL3,-1,,,e2e_bench_v1,32,32,64,0.7142857142857143,False
T19_p71,8,int8_pc_wo,D27_all_enabled_4gb_BL3,-1,,,e2e_bench_v1,32,32,64,0.7142857142857143,False
T19_p71,8,int8_pc_wo,D28_edge_only_4gb_BL3,-1,0.5233161785922974,11.396167241033496,e2e_bench_v1,32,32,64,0.7142857142857143,True
T19_p71,8,int8_pc_wo,D29_default_4gb_BL5,-1,0.5233161785922974,8.208313872789194,e2e_bench_v1,32,32,64,0.7142857142857143,True
T19_p71,8,int8_pc_wo,D2_with_cudnn_8gb,-1,0.5233161785922974,7.700250797168463,e2e_bench_v1,32,32,64,0.7142857142857143,True
T19_p71,8,int8_pc_wo,D30_cublas_lt_8gb_BL5,-1,0.5233161785922974,8.522264843015622,e2e_bench_v1,32,32,64,0.7142857142857143,True
T19_p71,8,int8_pc_wo,D31_all_enabled_4gb_BL5,-1,0.5233161785922974,8.31223411241133,e2e_bench_v1,32,32,64,0.7142857142857143,True
T19_p71,8,int8_pc_wo,D32_edge_only_4gb_BL5,-1,0.5233161785922974,7.8739909480600065,e2e_bench_v1,32,32,64,0.7142857142857143,True
T19_p71,8,int8_pc_wo,D3_cublas_lt_16gb,-1,0.5233161785922974,7.587253414264036,e2e_bench_v1,32,32,64,0.7142857142857143,True
T19_p71,8,int8_pc_wo,D4_all_enabled_1gb,-1,0.5233161785922974,8.058790488370763,e2e_bench_v1,32,32,64,0.7142857142857143,True
T19_p71,8,int8_pc_wo,D5_default_1gb,-1,0.5233161785922974,7.946750414820372,e2e_bench_v1,32,32,64,0.7142857142857143,True
T19_p71,8,int8_pc_wo,D6_default_8gb,-1,0.5233161785922974,8.18316542841735,e2e_bench_v1,32,32,64,0.7142857142857143,True
T19_p71,8,int8_pc_wo,D7_default_16gb,-1,0.5233161785922974,7.691550370425066,e2e_bench_v1,32,32,64,0.7142857142857143,True
T19_p71,8,int8_pc_wo,D8_with_cudnn_4gb,-1,0.5233161785922974,7.821243906273342,e2e_bench_v1,32,32,64,0.7142857142857143,True
T19_p71,8,int8_pc_wo,D9_cublas_lt_4gb,-1,0.5233161785922974,8.286610660227419,e2e_bench_v1,32,32,64,0.7142857142857143,True
T19_p71,8,mix_s0,D10_cublas_lt_8gb,-1,0.5240242492545436,8.725211673635203,e2e_bench_v1,32,32,64,0.7142857142857143,True
T19_p71,8,mix_s0,D11_all_enabled_4gb,-1,0.5240242492545436,8.52898832552078,e2e_bench_v1,32,32,64,0.7142857142857143,True
T19_p71,8,mix_s0,D12_edge_only_4gb,-1,0.5240242492545436,8.110536885099645,e2e_bench_v1,32,32,64,0.7142857142857143,True
T19_p71,8,mix_s0,D13_with_cudnn_1gb,-1,0.5240242492545436,8.326512531817686,e2e_bench_v1,32,32,64,0.7142857142857143,True
T19_p71,8,mix_s0,D14_with_cudnn_16gb,-1,0.5240242492545436,8.042904067457444,e2e_bench_v1,32,32,64,0.7142857142857143,True
T19_p71,8,mix_s0,D15_cublas_lt_1gb,-1,0.5240242492545436,8.2736732544411,e2e_bench_v1,32,32,64,0.7142857142857143,True
T19_p71,8,mix_s0,D16_all_enabled_8gb,-1,0.5240242492545436,7.7900184935039025,e2e_bench_v1,32,32,64,0.7142857142857143,True
T19_p71,8,mix_s0,D17_all_enabled_16gb,-1,0.5240242492545436,8.752980389822735,e2e_bench_v1,32,32,64,0.7142857142857143,True
T19_p71,8,mix_s0,D18_edge_only_1gb,-1,0.5240242492545436,7.83035688417571,e2e_bench_v1,32,32,64,0.7142857142857143,True
T19_p71,8,mix_s0,D19_edge_only_8gb,-1,0.5240242492545436,7.911173345674764,e2e_bench_v1,32,32,64,0.7142857142857143,True
T19_p71,8,mix_s0,D1_default_4gb,-1,0.5240242492545436,7.970413823885736,e2e_bench_v1,32,32,64,0.7142857142857143,True
T19_p71,8,mix_s0,D20_edge_only_16gb,-1,0.5240242492545436,8.002202206047105,e2e_bench_v1,32,32,64,0.7142857142857143,True
T19_p71,8,mix_s0,D21_default_4gb_BL0,-1,0.5240242492545436,10.272023732483632,e2e_bench_v1,32,32,64,0.7142857142857143,True
T19_p71,8,mix_s0,D22_cublas_lt_8gb_BL0,-1,0.5240242492545436,14.723897474557106,e2e_bench_v1,32,32,64,0.7142857142857143,True
T19_p71,8,mix_s0,D23_all_enabled_4gb_BL0,-1,0.5240242492545436,10.69807049600534,e2e_bench_v1,32,32,64,0.7142857142857143,True
T19_p71,8,mix_s0,D24_edge_only_4gb_BL0,-1,0.5240242492545436,9.877118765439171,e2e_bench_v1,32,32,64,0.7142857142857143,True
T19_p71,8,mix_s0,D25_default_4gb_BL3,-1,,,e2e_bench_v1,32,32,64,0.7142857142857143,False
T19_p71,8,mix_s0,D26_cublas_lt_8gb_BL3,-1,,,e2e_bench_v1,32,32,64,0.7142857142857143,False
T19_p71,8,mix_s0,D27_all_enabled_4gb_BL3,-1,,,e2e_bench_v1,32,32,64,0.7142857142857143,False
T19_p71,8,mix_s0,D28_edge_only_4gb_BL3,-1,,,e2e_bench_v1,32,32,64,0.7142857142857143,False
T19_p71,8,mix_s0,D29_default_4gb_BL5,-1,0.5240242492545436,8.174703217399692,e2e_bench_v1,32,32,64,0.7142857142857143,True
T19_p71,8,mix_s0,D2_with_cudnn_8gb,-1,0.5240242492545436,7.884600980055902,e2e_bench_v1,32,32,64,0.7142857142857143,True
T19_p71,8,mix_s0,D30_cublas_lt_8gb_BL5,-1,0.5240242492545436,8.042697070206312,e2e_bench_v1,32,32,64,0.7142857142857143,True
T19_p71,8,mix_s0,D31_all_enabled_4gb_BL5,-1,0.5240242492545436,8.316672266559326,e2e_bench_v1,32,32,64,0.7142857142857143,True
T19_p71,8,mix_s0,D32_edge_only_4gb_BL5,-1,0.5240242492545436,8.487227994951796,e2e_bench_v1,32,32,64,0.7142857142857143,True
T19_p71,8,mix_s0,D3_cublas_lt_16gb,-1,0.5240242492545436,8.022115367645526,e2e_bench_v1,32,32,64,0.7142857142857143,True
T19_p71,8,mix_s0,D4_all_enabled_1gb,-1,0.5240242492545436,9.220294975676861,e2e_bench_v1,32,32,64,0.7142857142857143,True
T19_p71,8,mix_s0,D5_default_1gb,-1,0.5240242492545436,8.230229137809426,e2e_bench_v1,32,32,64,0.7142857142857143,True
T19_p71,8,mix_s0,D6_default_8gb,-1,0.5240242492545436,7.8386430995249,e2e_bench_v1,32,32,64,0.7142857142857143,True
T19_p71,8,mix_s0,D7_default_16gb,-1,0.5240242492545436,8.389522157986448,e2e_bench_v1,32,32,64,0.7142857142857143,True
T19_p71,8,mix_s0,D8_with_cudnn_4gb,-1,0.5240242492545436,7.861381826529176,e2e_bench_v1,32,32,64,0.7142857142857143,True
T19_p71,8,mix_s0,D9_cublas_lt_4gb,-1,0.5240242492545436,7.951021706289258,e2e_bench_v1,32,32,64,0.7142857142857143,True
T19_p71,8,mix_s2,D10_cublas_lt_8gb,-1,0.5226002317381285,7.0432108025949995,e2e_bench_v1,32,32,64,0.7142857142857143,True
T19_p71,8,mix_s2,D11_all_enabled_4gb,-1,0.5226002317381285,8.024683927761796,e2e_bench_v1,32,32,64,0.7142857142857143,True
T19_p71,8,mix_s2,D12_edge_only_4gb,-1,0.5226002317381285,8.287771310553564,e2e_bench_v1,32,32,64,0.7142857142857143,True
T19_p71,8,mix_s2,D13_with_cudnn_1gb,-1,0.5226002317381285,8.179571030576874,e2e_bench_v1,32,32,64,0.7142857142857143,True
T19_p71,8,mix_s2,D14_with_cudnn_16gb,-1,0.5226002317381285,8.060102572865343,e2e_bench_v1,32,32,64,0.7142857142857143,True
T19_p71,8,mix_s2,D15_cublas_lt_1gb,-1,0.5226002317381285,7.8378689774794505,e2e_bench_v1,32,32,64,0.7142857142857143,True
T19_p71,8,mix_s2,D16_all_enabled_8gb,-1,0.5226002317381285,8.22886785590265,e2e_bench_v1,32,32,64,0.7142857142857143,True
T19_p71,8,mix_s2,D17_all_enabled_16gb,-1,0.5226002317381285,9.088058745211729,e2e_bench_v1,32,32,64,0.7142857142857143,True
T19_p71,8,mix_s2,D18_edge_only_1gb,-1,0.5226002317381285,8.112839867144135,e2e_bench_v1,32,32,64,0.7142857142857143,True
T19_p71,8,mix_s2,D19_edge_only_8gb,-1,0.5226002317381285,8.521669326847775,e2e_bench_v1,32,32,64,0.7142857142857143,True
T19_p71,8,mix_s2,D1_default_4gb,-1,0.5226002317381285,6.735040800877171,e2e_bench_v1,32,32,64,0.7142857142857143,True
T19_p71,8,mix_s2,D20_edge_only_16gb,-1,0.5226002317381285,8.675841079413443,e2e_bench_v1,32,32,64,0.7142857142857143,True
T19_p71,8,mix_s2,D21_default_4gb_BL0,-1,0.5226002317381285,10.740469444438478,e2e_bench_v1,32,32,64,0.7142857142857143,True
T19_p71,8,mix_s2,D22_cublas_lt_8gb_BL0,-1,0.5226002317381285,10.723205123118479,e2e_bench_v1,32,32,64,0.7142857142857143,True
T19_p71,8,mix_s2,D23_all_enabled_4gb_BL0,-1,0.5226002317381285,9.588904486840187,e2e_bench_v1,32,32,64,0.7142857142857143,True
T19_p71,8,mix_s2,D24_edge_only_4gb_BL0,-1,0.5226002317381285,9.917643885177487,e2e_bench_v1,32,32,64,0.7142857142857143,True
T19_p71,8,mix_s2,D25_default_4gb_BL3,-1,0.5226002317381285,9.90894668887592,e2e_bench_v1,32,32,64,0.7142857142857143,True
T19_p71,8,mix_s2,D26_cublas_lt_8gb_BL3,-1,,,e2e_bench_v1,32,32,64,0.7142857142857143,False
T19_p71,8,mix_s2,D27_all_enabled_4gb_BL3,-1,,,e2e_bench_v1,32,32,64,0.7142857142857143,False
T19_p71,8,mix_s2,D28_edge_only_4gb_BL3,-1,,,e2e_bench_v1,32,32,64,0.7142857142857143,False
T19_p71,8,mix_s2,D29_default_4gb_BL5,-1,0.5226002317381285,8.559262191599084,e2e_bench_v1,32,32,64,0.7142857142857143,True
T19_p71,8,mix_s2,D2_with_cudnn_8gb,-1,0.5226002317381285,8.171643742482088,e2e_bench_v1,32,32,64,0.7142857142857143,True
T19_p71,8,mix_s2,D30_cublas_lt_8gb_BL5,-1,0.5226002317381285,16.69365474183263,e2e_bench_v1,32,32,64,0.7142857142857143,True
T19_p71,8,mix_s2,D31_all_enabled_4gb_BL5,-1,0.5226002317381285,7.88119570348735,e2e_bench_v1,32,32,64,0.7142857142857143,True
T19_p71,8,mix_s2,D32_edge_only_4gb_BL5,-1,0.5226002317381285,10.84995274845578,e2e_bench_v1,32,32,64,0.7142857142857143,True
T19_p71,8,mix_s2,D3_cublas_lt_16gb,-1,0.5226002317381285,7.527586723444744,e2e_bench_v1,32,32,64,0.7142857142857143,True
T19_p71,8,mix_s2,D4_all_enabled_1gb,-1,0.5226002317381285,8.018783197762438,e2e_bench_v1,32,32,64,0.7142857142857143,True
T19_p71,8,mix_s2,D5_default_1gb,-1,0.5226002317381285,7.825865110258613,e2e_bench_v1,32,32,64,0.7142857142857143,True
T19_p71,8,mix_s2,D6_default_8gb,-1,0.5226002317381285,8.783510189310995,e2e_bench_v1,32,32,64,0.7142857142857143,True
T19_p71,8,mix_s2,D7_default_16gb,-1,0.5226002317381285,7.869052668356415,e2e_bench_v1,32,32,64,0.7142857142857143,True
T19_p71,8,mix_s2,D8_with_cudnn_4gb,-1,0.5226002317381285,8.703379261065693,e2e_bench_v1,32,32,64,0.7142857142857143,True
T19_p71,8,mix_s2,D9_cublas_lt_4gb,-1,0.5226002317381285,7.1358181679357715,e2e_bench_v1,32,32,64,0.7142857142857143,True
T1_base,8,fp16,D10_cublas_lt_8gb,-1,0.5489090812813427,8.617562074454012,e2e_bench_v1,64,128,256,0.0,True
T1_base,8,fp16,D11_all_enabled_4gb,-1,0.5489090812813427,7.5398859969237275,e2e_bench_v1,64,128,256,0.0,True
T1_base,8,fp16,D12_edge_only_4gb,-1,0.5489090812813427,8.069800546809685,e2e_bench_v1,64,128,256,0.0,True
T1_base,8,fp16,D13_with_cudnn_1gb,-1,0.5489090812813427,8.741969408352253,e2e_bench_v1,64,128,256,0.0,True
T1_base,8,fp16,D14_with_cudnn_16gb,-1,0.5489090812813427,12.217874016613864,e2e_bench_v1,64,128,256,0.0,True
T1_base,8,fp16,D15_cublas_lt_1gb,-1,0.5489090812813427,8.485031555832355,e2e_bench_v1,64,128,256,0.0,True
T1_base,8,fp16,D16_all_enabled_8gb,-1,0.5489090812813427,8.422357653733295,e2e_bench_v1,64,128,256,0.0,True
T1_base,8,fp16,D17_all_enabled_16gb,-1,0.5489090812813427,7.391835274429276,e2e_bench_v1,64,128,256,0.0,True
T1_base,8,fp16,D18_edge_only_1gb,-1,0.5489090812813427,9.605114531385672,e2e_bench_v1,64,128,256,0.0,True
T1_base,8,fp16,D19_edge_only_8gb,-1,0.5489090812813427,6.577013207300221,e2e_bench_v1,64,128,256,0.0,True
T1_base,8,fp16,D20_edge_only_16gb,-1,0.5489090812813427,8.785562860262987,e2e_bench_v1,64,128,256,0.0,True
T1_base,8,fp16,D21_default_4gb_BL0,-1,0.5489090812813427,10.115161109228566,e2e_bench_v1,64,128,256,0.0,True
T1_base,8,fp16,D22_cublas_lt_8gb_BL0,-1,0.5489090812813427,10.156398378632563,e2e_bench_v1,64,128,256,0.0,True
T1_base,8,fp16,D23_all_enabled_4gb_BL0,-1,0.5489090812813427,11.887440206175762,e2e_bench_v1,64,128,256,0.0,True
T1_base,8,fp16,D24_edge_only_4gb_BL0,-1,0.5489090812813427,10.256220910793441,e2e_bench_v1,64,128,256,0.0,True
T1_base,8,fp16,D25_default_4gb_BL3,-1,0.5489090812813427,12.397734190099419,e2e_bench_v1,64,128,256,0.0,True
T1_base,8,fp16,D26_cublas_lt_8gb_BL3,-1,0.5489090812813427,8.730140022715824,e2e_bench_v1,64,128,256,0.0,True
T1_base,8,fp16,D27_all_enabled_4gb_BL3,-1,0.5489090812813427,11.090950228251755,e2e_bench_v1,64,128,256,0.0,True
T1_base,8,fp16,D28_edge_only_4gb_BL3,-1,0.5489090812813427,8.616901189994055,e2e_bench_v1,64,128,256,0.0,True
T1_base,8,fp16,D29_default_4gb_BL5,-1,0.5489090812813427,8.979006185637362,e2e_bench_v1,64,128,256,0.0,True
T1_base,8,fp16,D2_with_cudnn_8gb,-1,0.7854664926195997,8.715477991674975,e2e_bench_v1,64,128,256,0.0,True
T1_base,8,fp16,D30_cublas_lt_8gb_BL5,-1,0.5489090812813427,8.6216038424764,e2e_bench_v1,64,128,256,0.0,True
T1_base,8,fp16,D31_all_enabled_4gb_BL5,-1,0.5489090812813427,8.383255620553731,e2e_bench_v1,64,128,256,0.0,True
T1_base,8,fp16,D32_edge_only_4gb_BL5,-1,0.5489090812813427,8.403862751475087,e2e_bench_v1,64,128,256,0.0,True
T1_base,8,fp16,D3_cublas_lt_16gb,-1,0.7854664926195997,8.038501205373255,e2e_bench_v1,64,128,256,0.0,True
T1_base,8,fp16,D4_all_enabled_1gb,-1,0.7854664926195997,8.208583387304769,e2e_bench_v1,64,128,256,0.0,True
T1_base,8,fp16,D5_default_1gb,-1,0.5489090812813427,8.496682045661169,e2e_bench_v1,64,128,256,0.0,True
T1_base,8,fp16,D6_default_8gb,-1,0.5489090812813427,7.485069158296488,e2e_bench_v1,64,128,256,0.0,True
T1_base,8,fp16,D7_default_16gb,-1,0.5489090812813427,12.108985715029553,e2e_bench_v1,64,128,256,0.0,True
T1_base,8,fp16,D8_with_cudnn_4gb,-1,0.5489090812813427,8.227947044932819,e2e_bench_v1,64,128,256,0.0,True
T1_base,8,fp16,D9_cublas_lt_4gb,-1,0.5489090812813427,8.425323827321304,e2e_bench_v1,64,128,256,0.0,True
T1_base,8,fp32,D10_cublas_lt_8gb,-1,0.5492312672336339,10.605443562071539,e2e_bench_v1,64,128,256,0.0,True
T1_base,8,fp32,D11_all_enabled_4gb,-1,0.5492312672336339,11.225700567908191,e2e_bench_v1,64,128,256,0.0,True
T1_base,8,fp32,D12_edge_only_4gb,-1,0.5492312672336339,11.6107473721976,e2e_bench_v1,64,128,256,0.0,True
T1_base,8,fp32,D13_with_cudnn_1gb,-1,0.5492312672336339,11.436413540713632,e2e_bench_v1,64,128,256,0.0,True
T1_base,8,fp32,D14_with_cudnn_16gb,-1,0.5492312672336339,13.547749041496754,e2e_bench_v1,64,128,256,0.0,True
T1_base,8,fp32,D15_cublas_lt_1gb,-1,0.5492312672336339,11.071990079496889,e2e_bench_v1,64,128,256,0.0,True
T1_base,8,fp32,D16_all_enabled_8gb,-1,0.5492312672336339,15.508684863523571,e2e_bench_v1,64,128,256,0.0,True
T1_base,8,fp32,D17_all_enabled_16gb,-1,0.5492312672336339,11.311347090947754,e2e_bench_v1,64,128,256,0.0,True
T1_base,8,fp32,D18_edge_only_1gb,-1,0.5492312672336339,11.395050445888323,e2e_bench_v1,64,128,256,0.0,True
T1_base,8,fp32,D19_edge_only_8gb,-1,0.5492312672336339,11.523684629018021,e2e_bench_v1,64,128,256,0.0,True
T1_base,8,fp32,D20_edge_only_16gb,-1,0.5492312672336339,13.25365237525331,e2e_bench_v1,64,128,256,0.0,True
T1_base,8,fp32,D21_default_4gb_BL0,-1,0.5492312672336339,15.209750058177296,e2e_bench_v1,64,128,256,0.0,True
T1_base,8,fp32,D22_cublas_lt_8gb_BL0,-1,0.5492312672336339,18.39923017620943,e2e_bench_v1,64,128,256,0.0,True
T1_base,8,fp32,D23_all_enabled_4gb_BL0,-1,0.5492312672336339,15.272305201747153,e2e_bench_v1,64,128,256,0.0,True
T1_base,8,fp32,D24_edge_only_4gb_BL0,-1,0.5492312672336339,19.39743798639076,e2e_bench_v1,64,128,256,0.0,True
T1_base,8,fp32,D25_default_4gb_BL3,-1,0.5492312672336339,14.188623561628287,e2e_bench_v1,64,128,256,0.0,True
T1_base,8,fp32,D26_cublas_lt_8gb_BL3,-1,0.5492312672336339,16.265452179570595,e2e_bench_v1,64,128,256,0.0,True
T1_base,8,fp32,D27_all_enabled_4gb_BL3,-1,0.5492312672336339,13.810342565547339,e2e_bench_v1,64,128,256,0.0,True
T1_base,8,fp32,D28_edge_only_4gb_BL3,-1,0.5492312672336339,11.265536583140223,e2e_bench_v1,64,128,256,0.0,True
T1_base,8,fp32,D29_default_4gb_BL5,-1,0.5492312672336339,11.37551602184554,e2e_bench_v1,64,128,256,0.0,True
T1_base,8,fp32,D2_with_cudnn_8gb,-1,0.7860296614221259,11.366129162418575,e2e_bench_v1,64,128,256,0.0,True
T1_base,8,fp32,D30_cublas_lt_8gb_BL5,-1,0.5492312672336339,10.81121988399561,e2e_bench_v1,64,128,256,0.0,True
T1_base,8,fp32,D31_all_enabled_4gb_BL5,-1,0.5492312672336339,11.165025780044527,e2e_bench_v1,64,128,256,0.0,True
T1_base,8,fp32,D32_edge_only_4gb_BL5,-1,0.5492312672336339,11.538510355236117,e2e_bench_v1,64,128,256,0.0,True
T1_base,8,fp32,D3_cublas_lt_16gb,-1,0.7860296614221259,11.049955744927242,e2e_bench_v1,64,128,256,0.0,True
T1_base,8,fp32,D4_all_enabled_1gb,-1,0.7860296614221259,13.813013239773191,e2e_bench_v1,64,128,256,0.0,True
T1_base,8,fp32,D5_default_1gb,-1,0.5492312672336339,10.199689521450967,e2e_bench_v1,64,128,256,0.0,True
T1_base,8,fp32,D6_default_8gb,-1,0.5492312672336339,10.183392719485209,e2e_bench_v1,64,128,256,0.0,True
T1_base,8,fp32,D7_default_16gb,-1,0.5492312672336339,9.937809190088426,e2e_bench_v1,64,128,256,0.0,True
T1_base,8,fp32,D8_with_cudnn_4gb,-1,0.5492312672336339,11.333807842088323,e2e_bench_v1,64,128,256,0.0,True
T1_base,8,fp32,D9_cublas_lt_4gb,-1,0.5492312672336339,10.624531192561129,e2e_bench_v1,64,128,256,0.0,True
T1_base,8,int8_ent,D10_cublas_lt_8gb,-1,0.2391120990628151,7.511754017098255,e2e_bench_v1,64,128,256,0.0,True
T1_base,8,int8_ent,D11_all_enabled_4gb,-1,0.2391120990628151,8.528755552219865,e2e_bench_v1,64,128,256,0.0,True
T1_base,8,int8_ent,D12_edge_only_4gb,-1,0.2391120990628151,10.330258359761578,e2e_bench_v1,64,128,256,0.0,True
T1_base,8,int8_ent,D13_with_cudnn_1gb,-1,0.2391120990628151,8.020371744230344,e2e_bench_v1,64,128,256,0.0,True
T1_base,8,int8_ent,D14_with_cudnn_16gb,-1,0.2391120990628151,8.257242840557595,e2e_bench_v1,64,128,256,0.0,True
T1_base,8,int8_ent,D15_cublas_lt_1gb,-1,0.2391120990628151,9.855741511496229,e2e_bench_v1,64,128,256,0.0,True
T1_base,8,int8_ent,D16_all_enabled_8gb,-1,0.2391120990628151,10.828171002807746,e2e_bench_v1,64,128,256,0.0,True
T1_base,8,int8_ent,D17_all_enabled_16gb,-1,0.2391120990628151,7.8111513558987085,e2e_bench_v1,64,128,256,0.0,True
T1_base,8,int8_ent,D18_edge_only_1gb,-1,0.2391120990628151,8.034122525188982,e2e_bench_v1,64,128,256,0.0,True
T1_base,8,int8_ent,D19_edge_only_8gb,-1,0.2391120990628151,7.198299473732326,e2e_bench_v1,64,128,256,0.0,True
T1_base,8,int8_ent,D20_edge_only_16gb,-1,0.2391120990628151,6.73100157976607,e2e_bench_v1,64,128,256,0.0,True
T1_base,8,int8_ent,D21_default_4gb_BL0,-1,0.2391120990628151,8.57950801669229,e2e_bench_v1,64,128,256,0.0,True
T1_base,8,int8_ent,D22_cublas_lt_8gb_BL0,-1,0.2391120990628151,9.11671768989667,e2e_bench_v1,64,128,256,0.0,True
T1_base,8,int8_ent,D23_all_enabled_4gb_BL0,-1,0.2391120990628151,9.023617514119705,e2e_bench_v1,64,128,256,0.0,True
T1_base,8,int8_ent,D24_edge_only_4gb_BL0,-1,0.2391120990628151,9.409541839998269,e2e_bench_v1,64,128,256,0.0,True
T1_base,8,int8_ent,D25_default_4gb_BL3,-1,0.2391120990628151,9.742068981642046,e2e_bench_v1,64,128,256,0.0,True
T1_base,8,int8_ent,D26_cublas_lt_8gb_BL3,-1,0.2391120990628151,8.182294986462393,e2e_bench_v1,64,128,256,0.0,True
T1_base,8,int8_ent,D27_all_enabled_4gb_BL3,-1,0.2391120990628151,8.045233520948178,e2e_bench_v1,64,128,256,0.0,True
T1_base,8,int8_ent,D28_edge_only_4gb_BL3,-1,0.2391120990628151,7.702652947728256,e2e_bench_v1,64,128,256,0.0,True
T1_base,8,int8_ent,D29_default_4gb_BL5,-1,0.2391120990628151,7.831644700208557,e2e_bench_v1,64,128,256,0.0,True
T1_base,8,int8_ent,D2_with_cudnn_8gb,-1,0.4099834072651877,7.6063905851139895,e2e_bench_v1,64,128,256,0.0,True
T1_base,8,int8_ent,D30_cublas_lt_8gb_BL5,-1,0.2391120990628151,7.143693975579997,e2e_bench_v1,64,128,256,0.0,True
T1_base,8,int8_ent,D31_all_enabled_4gb_BL5,-1,0.2391120990628151,7.326152238908755,e2e_bench_v1,64,128,256,0.0,True
T1_base,8,int8_ent,D32_edge_only_4gb_BL5,-1,0.2391120990628151,6.506532233035356,e2e_bench_v1,64,128,256,0.0,True
T1_base,8,int8_ent,D3_cublas_lt_16gb,-1,0.4099834072651877,7.789193273252689,e2e_bench_v1,64,128,256,0.0,True
T1_base,8,int8_ent,D4_all_enabled_1gb,-1,0.4099834072651877,10.245660194483122,e2e_bench_v1,64,128,256,0.0,True
T1_base,8,int8_ent,D5_default_1gb,-1,0.2391120990628151,7.698371640430615,e2e_bench_v1,64,128,256,0.0,True
T1_base,8,int8_ent,D6_default_8gb,-1,0.2391120990628151,7.697891624462976,e2e_bench_v1,64,128,256,0.0,True
T1_base,8,int8_ent,D7_default_16gb,-1,0.2391120990628151,7.895732119917221,e2e_bench_v1,64,128,256,0.0,True
T1_base,8,int8_ent,D8_with_cudnn_4gb,-1,0.2391120990628151,7.650371884577309,e2e_bench_v1,64,128,256,0.0,True
T1_base,8,int8_ent,D9_cublas_lt_4gb,-1,0.2391120990628151,13.28656462585034,e2e_bench_v1,64,128,256,0.0,True
T1_base,8,int8_mm,D10_cublas_lt_8gb,-1,0.5457861851266881,7.994231362648713,e2e_bench_v1,64,128,256,0.0,True
T1_base,8,int8_mm,D11_all_enabled_4gb,-1,0.5457861851266881,8.523187331134352,e2e_bench_v1,64,128,256,0.0,True
T1_base,8,int8_mm,D12_edge_only_4gb,-1,0.5457861851266881,7.757253808035895,e2e_bench_v1,64,128,256,0.0,True
T1_base,8,int8_mm,D13_with_cudnn_1gb,-1,0.5457861851266881,11.056235329757746,e2e_bench_v1,64,128,256,0.0,True
T1_base,8,int8_mm,D14_with_cudnn_16gb,-1,0.5457861851266881,7.744589629684702,e2e_bench_v1,64,128,256,0.0,True
T1_base,8,int8_mm,D15_cublas_lt_1gb,-1,0.5457861851266881,8.14265276227281,e2e_bench_v1,64,128,256,0.0,True
T1_base,8,int8_mm,D16_all_enabled_8gb,-1,0.5457861851266881,10.076967880672578,e2e_bench_v1,64,128,256,0.0,True
T1_base,8,int8_mm,D17_all_enabled_16gb,-1,0.5457861851266881,8.26464722766541,e2e_bench_v1,64,128,256,0.0,True
T1_base,8,int8_mm,D18_edge_only_1gb,-1,0.5457861851266881,8.49016075270369,e2e_bench_v1,64,128,256,0.0,True
T1_base,8,int8_mm,D19_edge_only_8gb,-1,0.5457861851266881,7.657993988474718,e2e_bench_v1,64,128,256,0.0,True
T1_base,8,int8_mm,D20_edge_only_16gb,-1,0.5457861851266881,8.277213823609262,e2e_bench_v1,64,128,256,0.0,True
T1_base,8,int8_mm,D21_default_4gb_BL0,-1,0.5457861851266881,9.579388221950593,e2e_bench_v1,64,128,256,0.0,True
T1_base,8,int8_mm,D22_cublas_lt_8gb_BL0,-1,0.5457861851266881,9.673247376857143,e2e_bench_v1,64,128,256,0.0,True
T1_base,8,int8_mm,D23_all_enabled_4gb_BL0,-1,0.5457861851266881,9.399635858106857,e2e_bench_v1,64,128,256,0.0,True
T1_base,8,int8_mm,D24_edge_only_4gb_BL0,-1,0.5457861851266881,10.686066864857587,e2e_bench_v1,64,128,256,0.0,True
T1_base,8,int8_mm,D25_default_4gb_BL3,-1,0.5457861851266881,8.206030447655372,e2e_bench_v1,64,128,256,0.0,True
T1_base,8,int8_mm,D26_cublas_lt_8gb_BL3,-1,0.5457861851266881,10.79835476266836,e2e_bench_v1,64,128,256,0.0,True
T1_base,8,int8_mm,D27_all_enabled_4gb_BL3,-1,0.5457861851266881,8.345239207936656,e2e_bench_v1,64,128,256,0.0,True
T1_base,8,int8_mm,D28_edge_only_4gb_BL3,-1,0.5457861851266881,11.726147550114623,e2e_bench_v1,64,128,256,0.0,True
T1_base,8,int8_mm,D29_default_4gb_BL5,-1,0.5457861851266881,12.276747349450247,e2e_bench_v1,64,128,256,0.0,True
T1_base,8,int8_mm,D2_with_cudnn_8gb,-1,0.7837372729767164,7.541370070866255,e2e_bench_v1,64,128,256,0.0,True
T1_base,8,int8_mm,D30_cublas_lt_8gb_BL5,-1,0.5457861851266881,11.370445710101391,e2e_bench_v1,64,128,256,0.0,True
T1_base,8,int8_mm,D31_all_enabled_4gb_BL5,-1,0.5457861851266881,10.594510983859264,e2e_bench_v1,64,128,256,0.0,True
T1_base,8,int8_mm,D32_edge_only_4gb_BL5,-1,0.5457861851266881,9.606784695623437,e2e_bench_v1,64,128,256,0.0,True
T1_base,8,int8_mm,D3_cublas_lt_16gb,-1,0.5455654988329156,8.063248118239471,e2e_bench_v1,64,128,256,0.0,True
T1_base,8,int8_mm,D4_all_enabled_1gb,-1,0.7837372729767164,7.666348257669031,e2e_bench_v1,64,128,256,0.0,True
T1_base,8,int8_mm,D5_default_1gb,-1,0.5457861851266881,7.273621266904804,e2e_bench_v1,64,128,256,0.0,True
T1_base,8,int8_mm,D6_default_8gb,-1,0.5457861851266881,7.918872732628764,e2e_bench_v1,64,128,256,0.0,True
T1_base,8,int8_mm,D7_default_16gb,-1,0.5457861851266881,7.1784210919239895,e2e_bench_v1,64,128,256,0.0,True
T1_base,8,int8_mm,D8_with_cudnn_4gb,-1,0.5457861851266881,7.228201551172052,e2e_bench_v1,64,128,256,0.0,True
T1_base,8,int8_mm,D9_cublas_lt_4gb,-1,0.5457861851266881,7.749967450136709,e2e_bench_v1,64,128,256,0.0,True
T1_base,8,int8_pc_wo,D10_cublas_lt_8gb,-1,0.5449619110523779,7.800902252354507,e2e_bench_v1,64,128,256,0.0,True
T1_base,8,int8_pc_wo,D11_all_enabled_4gb,-1,0.5449619110523779,8.141466115218028,e2e_bench_v1,64,128,256,0.0,True
T1_base,8,int8_pc_wo,D12_edge_only_4gb,-1,0.5449619110523779,8.252656736519905,e2e_bench_v1,64,128,256,0.0,True
T1_base,8,int8_pc_wo,D13_with_cudnn_1gb,-1,0.5449619110523779,8.359023398578296,e2e_bench_v1,64,128,256,0.0,True
T1_base,8,int8_pc_wo,D14_with_cudnn_16gb,-1,0.5449619110523779,7.628504057982734,e2e_bench_v1,64,128,256,0.0,True
T1_base,8,int8_pc_wo,D15_cublas_lt_1gb,-1,0.5449619110523779,9.990638771471131,e2e_bench_v1,64,128,256,0.0,True
T1_base,8,int8_pc_wo,D16_all_enabled_8gb,-1,0.5449619110523779,7.8808230416351766,e2e_bench_v1,64,128,256,0.0,True
T1_base,8,int8_pc_wo,D17_all_enabled_16gb,-1,0.5449619110523779,11.353108935350857,e2e_bench_v1,64,128,256,0.0,True
T1_base,8,int8_pc_wo,D18_edge_only_1gb,-1,0.5449619110523779,7.910923006941835,e2e_bench_v1,64,128,256,0.0,True
T1_base,8,int8_pc_wo,D19_edge_only_8gb,-1,0.5449619110523779,7.4445030905854574,e2e_bench_v1,64,128,256,0.0,True
T1_base,8,int8_pc_wo,D20_edge_only_16gb,-1,0.5449619110523779,7.519266239923243,e2e_bench_v1,64,128,256,0.0,True
T1_base,8,int8_pc_wo,D21_default_4gb_BL0,-1,0.5449619110523779,13.26050663091634,e2e_bench_v1,64,128,256,0.0,True
T1_base,8,int8_pc_wo,D22_cublas_lt_8gb_BL0,-1,0.5449619110523779,10.317574957182064,e2e_bench_v1,64,128,256,0.0,True
T1_base,8,int8_pc_wo,D23_all_enabled_4gb_BL0,-1,0.5449619110523779,9.728534960463234,e2e_bench_v1,64,128,256,0.0,True
T1_base,8,int8_pc_wo,D24_edge_only_4gb_BL0,-1,0.5449619110523779,10.037862818551577,e2e_bench_v1,64,128,256,0.0,True
T1_base,8,int8_pc_wo,D25_default_4gb_BL3,-1,0.5449619110523779,10.03301866442462,e2e_bench_v1,64,128,256,0.0,True
T1_base,8,int8_pc_wo,D26_cublas_lt_8gb_BL3,-1,0.5449619110523779,12.0401998191562,e2e_bench_v1,64,128,256,0.0,True
T1_base,8,int8_pc_wo,D27_all_enabled_4gb_BL3,-1,0.5449619110523779,8.291248338641115,e2e_bench_v1,64,128,256,0.0,True
T1_base,8,int8_pc_wo,D28_edge_only_4gb_BL3,-1,0.5449619110523779,8.519977643578663,e2e_bench_v1,64,128,256,0.0,True
T1_base,8,int8_pc_wo,D29_default_4gb_BL5,-1,0.5449619110523779,8.146938176959644,e2e_bench_v1,64,128,256,0.0,True
T1_base,8,int8_pc_wo,D2_with_cudnn_8gb,-1,0.5449619110523779,10.409716012537462,e2e_bench_v1,64,128,256,0.0,True
T1_base,8,int8_pc_wo,D30_cublas_lt_8gb_BL5,-1,0.5449619110523779,8.051821523324115,e2e_bench_v1,64,128,256,0.0,True
T1_base,8,int8_pc_wo,D31_all_enabled_4gb_BL5,-1,0.5449619110523779,8.165378306059608,e2e_bench_v1,64,128,256,0.0,True
T1_base,8,int8_pc_wo,D32_edge_only_4gb_BL5,-1,0.5449619110523779,8.749794379832075,e2e_bench_v1,64,128,256,0.0,True
T1_base,8,int8_pc_wo,D3_cublas_lt_16gb,-1,0.5449619110523779,10.351731119995197,e2e_bench_v1,64,128,256,0.0,True
T1_base,8,int8_pc_wo,D4_all_enabled_1gb,-1,0.5449619110523779,8.300484167241475,e2e_bench_v1,64,128,256,0.0,True
T1_base,8,int8_pc_wo,D5_default_1gb,-1,0.5449619110523779,7.836898469061884,e2e_bench_v1,64,128,256,0.0,True
T1_base,8,int8_pc_wo,D6_default_8gb,-1,0.5449619110523779,8.057524277320647,e2e_bench_v1,64,128,256,0.0,True
T1_base,8,int8_pc_wo,D7_default_16gb,-1,0.5449619110523779,8.032754359174971,e2e_bench_v1,64,128,256,0.0,True
T1_base,8,int8_pc_wo,D8_with_cudnn_4gb,-1,0.5449619110523779,8.211063751520072,e2e_bench_v1,64,128,256,0.0,True
T1_base,8,int8_pc_wo,D9_cublas_lt_4gb,-1,0.5449619110523779,9.916788229962386,e2e_bench_v1,64,128,256,0.0,True
T1_base,8,mix_s0,D10_cublas_lt_8gb,-1,0.5474187724282752,8.023138732103387,e2e_bench_v1,64,128,256,0.0,True
T1_base,8,mix_s0,D11_all_enabled_4gb,-1,0.5474187724282752,8.08259114940104,e2e_bench_v1,64,128,256,0.0,True
T1_base,8,mix_s0,D12_edge_only_4gb,-1,0.5474187724282752,8.124519637776416,e2e_bench_v1,64,128,256,0.0,True
T1_base,8,mix_s0,D13_with_cudnn_1gb,-1,0.5474187724282752,10.368453358549413,e2e_bench_v1,64,128,256,0.0,True
T1_base,8,mix_s0,D14_with_cudnn_16gb,-1,0.5474187724282752,7.448600929287452,e2e_bench_v1,64,128,256,0.0,True
T1_base,8,mix_s0,D15_cublas_lt_1gb,-1,0.5474187724282752,8.03793261158057,e2e_bench_v1,64,128,256,0.0,True
T1_base,8,mix_s0,D16_all_enabled_8gb,-1,0.5474187724282752,11.444777233133546,e2e_bench_v1,64,128,256,0.0,True
T1_base,8,mix_s0,D17_all_enabled_16gb,-1,0.5474187724282752,8.781026660075042,e2e_bench_v1,64,128,256,0.0,True
T1_base,8,mix_s0,D18_edge_only_1gb,-1,0.5474187724282752,10.779311913403319,e2e_bench_v1,64,128,256,0.0,True
T1_base,8,mix_s0,D19_edge_only_8gb,-1,0.5474187724282752,7.591659802540929,e2e_bench_v1,64,128,256,0.0,True
T1_base,8,mix_s0,D20_edge_only_16gb,-1,0.5474187724282752,8.455565580098305,e2e_bench_v1,64,128,256,0.0,True
T1_base,8,mix_s0,D21_default_4gb_BL0,-1,0.5474187724282752,12.353563941429282,e2e_bench_v1,64,128,256,0.0,True
T1_base,8,mix_s0,D22_cublas_lt_8gb_BL0,-1,0.5474187724282752,15.3512677076873,e2e_bench_v1,64,128,256,0.0,True
T1_base,8,mix_s0,D23_all_enabled_4gb_BL0,-1,0.5474187724282752,10.142430146547975,e2e_bench_v1,64,128,256,0.0,True
T1_base,8,mix_s0,D24_edge_only_4gb_BL0,-1,0.5474187724282752,10.52474261741929,e2e_bench_v1,64,128,256,0.0,True
T1_base,8,mix_s0,D25_default_4gb_BL3,-1,0.5474187724282752,11.452785890167783,e2e_bench_v1,64,128,256,0.0,True
T1_base,8,mix_s0,D26_cublas_lt_8gb_BL3,-1,0.5474187724282752,8.409021534663248,e2e_bench_v1,64,128,256,0.0,True
T1_base,8,mix_s0,D27_all_enabled_4gb_BL3,-1,0.5474187724282752,10.886261429213718,e2e_bench_v1,64,128,256,0.0,True
T1_base,8,mix_s0,D28_edge_only_4gb_BL3,-1,0.5474187724282752,11.867309241904417,e2e_bench_v1,64,128,256,0.0,True
T1_base,8,mix_s0,D29_default_4gb_BL5,-1,0.5474187724282752,10.72662132881385,e2e_bench_v1,64,128,256,0.0,True
T1_base,8,mix_s0,D2_with_cudnn_8gb,-1,0.5474187724282752,8.347168765562252,e2e_bench_v1,64,128,256,0.0,True
T1_base,8,mix_s0,D30_cublas_lt_8gb_BL5,-1,0.5474187724282752,10.32294294715892,e2e_bench_v1,64,128,256,0.0,True
T1_base,8,mix_s0,D31_all_enabled_4gb_BL5,-1,0.5474187724282752,7.9983235513836295,e2e_bench_v1,64,128,256,0.0,True
T1_base,8,mix_s0,D32_edge_only_4gb_BL5,-1,0.5474187724282752,8.73117667448689,e2e_bench_v1,64,128,256,0.0,True
T1_base,8,mix_s0,D3_cublas_lt_16gb,-1,0.5474187724282752,7.789860717290374,e2e_bench_v1,64,128,256,0.0,True
T1_base,8,mix_s0,D4_all_enabled_1gb,-1,0.5474187724282752,8.122111066619992,e2e_bench_v1,64,128,256,0.0,True
T1_base,8,mix_s0,D5_default_1gb,-1,0.5474187724282752,7.367388842678988,e2e_bench_v1,64,128,256,0.0,True
T1_base,8,mix_s0,D6_default_8gb,-1,0.5474187724282752,8.265555775970377,e2e_bench_v1,64,128,256,0.0,True
T1_base,8,mix_s0,D7_default_16gb,-1,0.5474187724282752,8.421676722148673,e2e_bench_v1,64,128,256,0.0,True
T1_base,8,mix_s0,D8_with_cudnn_4gb,-1,0.5474187724282752,8.206777977931974,e2e_bench_v1,64,128,256,0.0,True
T1_base,8,mix_s0,D9_cublas_lt_4gb,-1,0.5474187724282752,7.93046567694455,e2e_bench_v1,64,128,256,0.0,True
T1_base,8,mix_s2,D10_cublas_lt_8gb,-1,0.5492454152404784,7.908439253696405,e2e_bench_v1,64,128,256,0.0,True
T1_base,8,mix_s2,D11_all_enabled_4gb,-1,0.5492454152404784,7.918251966695832,e2e_bench_v1,64,128,256,0.0,True
T1_base,8,mix_s2,D12_edge_only_4gb,-1,0.5492454152404784,9.11573704380294,e2e_bench_v1,64,128,256,0.0,True
T1_base,8,mix_s2,D13_with_cudnn_1gb,-1,0.5492454152404784,7.134886455416949,e2e_bench_v1,64,128,256,0.0,True
T1_base,8,mix_s2,D14_with_cudnn_16gb,-1,0.5492454152404784,8.316713766988967,e2e_bench_v1,64,128,256,0.0,True
T1_base,8,mix_s2,D15_cublas_lt_1gb,-1,0.5492454152404784,10.207862708329717,e2e_bench_v1,64,128,256,0.0,True
T1_base,8,mix_s2,D16_all_enabled_8gb,-1,0.5492454152404784,11.985593316833167,e2e_bench_v1,64,128,256,0.0,True
T1_base,8,mix_s2,D17_all_enabled_16gb,-1,0.5492454152404784,8.241352966433794,e2e_bench_v1,64,128,256,0.0,True
T1_base,8,mix_s2,D18_edge_only_1gb,-1,0.5492454152404784,8.183038198422311,e2e_bench_v1,64,128,256,0.0,True
T1_base,8,mix_s2,D19_edge_only_8gb,-1,0.5492454152404784,8.566102902880951,e2e_bench_v1,64,128,256,0.0,True
T1_base,8,mix_s2,D20_edge_only_16gb,-1,0.5492454152404784,8.691714449366852,e2e_bench_v1,64,128,256,0.0,True
T1_base,8,mix_s2,D21_default_4gb_BL0,-1,0.5492454152404784,10.222847860511285,e2e_bench_v1,64,128,256,0.0,True
T1_base,8,mix_s2,D22_cublas_lt_8gb_BL0,-1,0.5492454152404784,12.358266135261223,e2e_bench_v1,64,128,256,0.0,True
T1_base,8,mix_s2,D23_all_enabled_4gb_BL0,-1,0.5492454152404784,10.117361392148927,e2e_bench_v1,64,128,256,0.0,True
T1_base,8,mix_s2,D24_edge_only_4gb_BL0,-1,0.5492454152404784,9.920339672430384,e2e_bench_v1,64,128,256,0.0,True
T1_base,8,mix_s2,D25_default_4gb_BL3,-1,0.5492454152404784,8.500546160090787,e2e_bench_v1,64,128,256,0.0,True
T1_base,8,mix_s2,D26_cublas_lt_8gb_BL3,-1,0.5492454152404784,8.973148749681453,e2e_bench_v1,64,128,256,0.0,True
T1_base,8,mix_s2,D27_all_enabled_4gb_BL3,-1,0.5492454152404784,11.984989998525846,e2e_bench_v1,64,128,256,0.0,True
T1_base,8,mix_s2,D28_edge_only_4gb_BL3,-1,0.5492454152404784,8.698420540798203,e2e_bench_v1,64,128,256,0.0,True
T1_base,8,mix_s2,D29_default_4gb_BL5,-1,0.5492454152404784,9.748004339811532,e2e_bench_v1,64,128,256,0.0,True
T1_base,8,mix_s2,D2_with_cudnn_8gb,-1,0.5492454152404784,8.704053477704567,e2e_bench_v1,64,128,256,0.0,True
T1_base,8,mix_s2,D30_cublas_lt_8gb_BL5,-1,0.5492454152404784,8.470097168954723,e2e_bench_v1,64,128,256,0.0,True
T1_base,8,mix_s2,D31_all_enabled_4gb_BL5,-1,0.5492454152404784,10.040422741959128,e2e_bench_v1,64,128,256,0.0,True
T1_base,8,mix_s2,D32_edge_only_4gb_BL5,-1,0.5492454152404784,10.625400444779263,e2e_bench_v1,64,128,256,0.0,True
T1_base,8,mix_s2,D3_cublas_lt_16gb,-1,0.5492454152404784,8.978409618390657,e2e_bench_v1,64,128,256,0.0,True
T1_base,8,mix_s2,D4_all_enabled_1gb,-1,0.5492454152404784,9.642243827276557,e2e_bench_v1,64,128,256,0.0,True
T1_base,8,mix_s2,D5_default_1gb,-1,0.5492454152404784,9.772906960948442,e2e_bench_v1,64,128,256,0.0,True
T1_base,8,mix_s2,D6_default_8gb,-1,0.5492454152404784,8.391662379925801,e2e_bench_v1,64,128,256,0.0,True
T1_base,8,mix_s2,D7_default_16gb,-1,0.5492454152404784,8.489749900457682,e2e_bench_v1,64,128,256,0.0,True
T1_base,8,mix_s2,D8_with_cudnn_4gb,-1,0.5492454152404784,8.557247989046722,e2e_bench_v1,64,128,256,0.0,True
T1_base,8,mix_s2,D9_cublas_lt_4gb,-1,0.5492454152404784,8.375111179600909,e2e_bench_v1,64,128,256,0.0,True
T20_p79,8,fp16,D10_cublas_lt_8gb,-1,0.5288535188794544,7.79607342965642,e2e_bench_v1,16,16,64,0.7857142857142857,True
T20_p79,8,fp16,D11_all_enabled_4gb,-1,0.5288535188794544,7.542758009466162,e2e_bench_v1,16,16,64,0.7857142857142857,True
T20_p79,8,fp16,D12_edge_only_4gb,-1,0.5288535188794544,7.71422201685249,e2e_bench_v1,16,16,64,0.7857142857142857,True
T20_p79,8,fp16,D13_with_cudnn_1gb,-1,0.5288535188794544,7.404780081733962,e2e_bench_v1,16,16,64,0.7857142857142857,True
T20_p79,8,fp16,D14_with_cudnn_16gb,-1,0.5288535188794544,7.659876951736647,e2e_bench_v1,16,16,64,0.7857142857142857,True
T20_p79,8,fp16,D15_cublas_lt_1gb,-1,0.5288535188794544,6.765172082299672,e2e_bench_v1,16,16,64,0.7857142857142857,True
T20_p79,8,fp16,D16_all_enabled_8gb,-1,0.5288535188794544,8.543817394699586,e2e_bench_v1,16,16,64,0.7857142857142857,True
T20_p79,8,fp16,D17_all_enabled_16gb,-1,0.5288535188794544,7.793594444725881,e2e_bench_v1,16,16,64,0.7857142857142857,True
T20_p79,8,fp16,D18_edge_only_1gb,-1,0.5288535188794544,7.57346832283272,e2e_bench_v1,16,16,64,0.7857142857142857,True
T20_p79,8,fp16,D19_edge_only_8gb,-1,0.5288535188794544,8.314362729039908,e2e_bench_v1,16,16,64,0.7857142857142857,True
T20_p79,8,fp16,D1_default_4gb,-1,0.5288535188794544,7.046779339970459,e2e_bench_v1,16,16,64,0.7857142857142857,True
T20_p79,8,fp16,D20_edge_only_16gb,-1,0.5288535188794544,7.962113081114823,e2e_bench_v1,16,16,64,0.7857142857142857,True
T20_p79,8,fp16,D21_default_4gb_BL0,-1,0.5288535188794544,9.015961858874952,e2e_bench_v1,16,16,64,0.7857142857142857,True
T20_p79,8,fp16,D22_cublas_lt_8gb_BL0,-1,0.5288535188794544,9.080944817822626,e2e_bench_v1,16,16,64,0.7857142857142857,True
T20_p79,8,fp16,D23_all_enabled_4gb_BL0,-1,0.5288535188794544,12.122461102052938,e2e_bench_v1,16,16,64,0.7857142857142857,True
T20_p79,8,fp16,D24_edge_only_4gb_BL0,-1,0.5288535188794544,9.56623806731379,e2e_bench_v1,16,16,64,0.7857142857142857,True
T20_p79,8,fp16,D25_default_4gb_BL3,-1,0.5288535188794544,8.338343287925495,e2e_bench_v1,16,16,64,0.7857142857142857,True
T20_p79,8,fp16,D26_cublas_lt_8gb_BL3,-1,0.5288535188794544,7.911179604346085,e2e_bench_v1,16,16,64,0.7857142857142857,True
T20_p79,8,fp16,D27_all_enabled_4gb_BL3,-1,0.5288535188794544,9.531207556341352,e2e_bench_v1,16,16,64,0.7857142857142857,True
T20_p79,8,fp16,D28_edge_only_4gb_BL3,-1,0.5288535188794544,8.644910309055543,e2e_bench_v1,16,16,64,0.7857142857142857,True
T20_p79,8,fp16,D29_default_4gb_BL5,-1,0.5288535188794544,8.229585689738036,e2e_bench_v1,16,16,64,0.7857142857142857,True
T20_p79,8,fp16,D2_with_cudnn_8gb,-1,0.5288535188794544,7.502573382670256,e2e_bench_v1,16,16,64,0.7857142857142857,True
T20_p79,8,fp16,D30_cublas_lt_8gb_BL5,-1,0.5288535188794544,7.845352413230402,e2e_bench_v1,16,16,64,0.7857142857142857,True
T20_p79,8,fp16,D31_all_enabled_4gb_BL5,-1,0.5288535188794544,7.650453824920895,e2e_bench_v1,16,16,64,0.7857142857142857,True
T20_p79,8,fp16,D32_edge_only_4gb_BL5,-1,0.5288535188794544,10.157656994207088,e2e_bench_v1,16,16,64,0.7857142857142857,True
T20_p79,8,fp16,D3_cublas_lt_16gb,-1,0.5288535188794544,7.352503270025829,e2e_bench_v1,16,16,64,0.7857142857142857,True
T20_p79,8,fp16,D4_all_enabled_1gb,-1,0.5288535188794544,7.28262634810517,e2e_bench_v1,16,16,64,0.7857142857142857,True
T20_p79,8,fp16,D5_default_1gb,-1,0.5288535188794544,7.989677336880749,e2e_bench_v1,16,16,64,0.7857142857142857,True
T20_p79,8,fp16,D6_default_8gb,-1,0.5288535188794544,8.25139015295602,e2e_bench_v1,16,16,64,0.7857142857142857,True
T20_p79,8,fp16,D7_default_16gb,-1,0.5288535188794544,8.085911189203046,e2e_bench_v1,16,16,64,0.7857142857142857,True
T20_p79,8,fp16,D8_with_cudnn_4gb,-1,0.5288535188794544,8.262974108796927,e2e_bench_v1,16,16,64,0.7857142857142857,True
T20_p79,8,fp16,D9_cublas_lt_4gb,-1,0.5288535188794544,7.61404700303496,e2e_bench_v1,16,16,64,0.7857142857142857,True
T20_p79,8,fp32,D10_cublas_lt_8gb,-1,0.5283276358192213,9.47114095993802,e2e_bench_v1,16,16,64,0.7857142857142857,True
T20_p79,8,fp32,D11_all_enabled_4gb,-1,0.5283276358192213,9.502406484442185,e2e_bench_v1,16,16,64,0.7857142857142857,True
T20_p79,8,fp32,D12_edge_only_4gb,-1,0.5283276358192213,9.751626083649448,e2e_bench_v1,16,16,64,0.7857142857142857,True
T20_p79,8,fp32,D13_with_cudnn_1gb,-1,0.5283276358192213,9.709322308721497,e2e_bench_v1,16,16,64,0.7857142857142857,True
T20_p79,8,fp32,D14_with_cudnn_16gb,-1,0.5283276358192213,9.528828039910543,e2e_bench_v1,16,16,64,0.7857142857142857,True
T20_p79,8,fp32,D15_cublas_lt_1gb,-1,0.5283276358192213,10.063946314884777,e2e_bench_v1,16,16,64,0.7857142857142857,True
T20_p79,8,fp32,D16_all_enabled_8gb,-1,0.5283276358192213,9.128635250772739,e2e_bench_v1,16,16,64,0.7857142857142857,True
T20_p79,8,fp32,D17_all_enabled_16gb,-1,0.5283276358192213,9.712670080993956,e2e_bench_v1,16,16,64,0.7857142857142857,True
T20_p79,8,fp32,D18_edge_only_1gb,-1,0.5283276358192213,9.676373682198859,e2e_bench_v1,16,16,64,0.7857142857142857,True
T20_p79,8,fp32,D19_edge_only_8gb,-1,0.5283276358192213,10.002540645323913,e2e_bench_v1,16,16,64,0.7857142857142857,True
T20_p79,8,fp32,D1_default_4gb,-1,0.5283276358192213,7.535936999566684,e2e_bench_v1,16,16,64,0.7857142857142857,True
T20_p79,8,fp32,D20_edge_only_16gb,-1,0.5283276358192213,10.018443955321747,e2e_bench_v1,16,16,64,0.7857142857142857,True
T20_p79,8,fp32,D21_default_4gb_BL0,-1,0.5283276358192213,12.05831885330211,e2e_bench_v1,16,16,64,0.7857142857142857,True
T20_p79,8,fp32,D22_cublas_lt_8gb_BL0,-1,0.5283276358192213,11.808940785247326,e2e_bench_v1,16,16,64,0.7857142857142857,True
T20_p79,8,fp32,D23_all_enabled_4gb_BL0,-1,0.5283276358192213,14.254070249759819,e2e_bench_v1,16,16,64,0.7857142857142857,True
T20_p79,8,fp32,D24_edge_only_4gb_BL0,-1,0.5283276358192213,16.06528933586094,e2e_bench_v1,16,16,64,0.7857142857142857,True
T20_p79,8,fp32,D25_default_4gb_BL3,-1,0.5283276358192213,12.280637119453758,e2e_bench_v1,16,16,64,0.7857142857142857,True
T20_p79,8,fp32,D26_cublas_lt_8gb_BL3,-1,0.5283276358192213,8.788234311903224,e2e_bench_v1,16,16,64,0.7857142857142857,True
T20_p79,8,fp32,D27_all_enabled_4gb_BL3,-1,0.5283276358192213,9.251874892446954,e2e_bench_v1,16,16,64,0.7857142857142857,True
T20_p79,8,fp32,D28_edge_only_4gb_BL3,-1,0.5283276358192213,9.606572432595485,e2e_bench_v1,16,16,64,0.7857142857142857,True
T20_p79,8,fp32,D29_default_4gb_BL5,-1,0.5283276358192213,12.607764870228277,e2e_bench_v1,16,16,64,0.7857142857142857,True
T20_p79,8,fp32,D2_with_cudnn_8gb,-1,0.5283276358192213,9.894230674093935,e2e_bench_v1,16,16,64,0.7857142857142857,True
T20_p79,8,fp32,D30_cublas_lt_8gb_BL5,-1,0.5283276358192213,10.196694231730074,e2e_bench_v1,16,16,64,0.7857142857142857,True
T20_p79,8,fp32,D31_all_enabled_4gb_BL5,-1,0.5283276358192213,18.545203005064696,e2e_bench_v1,16,16,64,0.7857142857142857,True
T20_p79,8,fp32,D32_edge_only_4gb_BL5,-1,0.5283276358192213,9.946764914179312,e2e_bench_v1,16,16,64,0.7857142857142857,True
T20_p79,8,fp32,D3_cublas_lt_16gb,-1,0.5283276358192213,9.953100988143866,e2e_bench_v1,16,16,64,0.7857142857142857,True
T20_p79,8,fp32,D4_all_enabled_1gb,-1,0.5283276358192213,9.601628436182777,e2e_bench_v1,16,16,64,0.7857142857142857,True
T20_p79,8,fp32,D5_default_1gb,-1,0.5283276358192213,9.57832386994935,e2e_bench_v1,16,16,64,0.7857142857142857,True
T20_p79,8,fp32,D6_default_8gb,-1,0.5283276358192213,9.697364644184296,e2e_bench_v1,16,16,64,0.7857142857142857,True
T20_p79,8,fp32,D7_default_16gb,-1,0.5283276358192213,10.213231854661625,e2e_bench_v1,16,16,64,0.7857142857142857,True
T20_p79,8,fp32,D8_with_cudnn_4gb,-1,0.5283276358192213,9.048897527569729,e2e_bench_v1,16,16,64,0.7857142857142857,True
T20_p79,8,fp32,D9_cublas_lt_4gb,-1,0.5283276358192213,9.77545773580848,e2e_bench_v1,16,16,64,0.7857142857142857,True
T20_p79,8,int8_ent,D10_cublas_lt_8gb,-1,0.0680304873197444,7.541426943557698,e2e_bench_v1,16,16,64,0.7857142857142857,True
T20_p79,8,int8_ent,D11_all_enabled_4gb,-1,0.0680304873197444,4.462594311352527,e2e_bench_v1,16,16,64,0.7857142857142857,True
T20_p79,8,int8_ent,D12_edge_only_4gb,-1,0.0680304873197444,5.417094617141421,e2e_bench_v1,16,16,64,0.7857142857142857,True
T20_p79,8,int8_ent,D13_with_cudnn_1gb,-1,0.0680304873197444,7.8613571060772225,e2e_bench_v1,16,16,64,0.7857142857142857,True
T20_p79,8,int8_ent,D14_with_cudnn_16gb,-1,0.0680304873197444,7.490591816678252,e2e_bench_v1,16,16,64,0.7857142857142857,True
T20_p79,8,int8_ent,D15_cublas_lt_1gb,-1,0.0680304873197444,7.932176716205754,e2e_bench_v1,16,16,64,0.7857142857142857,True
T20_p79,8,int8_ent,D16_all_enabled_8gb,-1,0.0680304873197444,8.38494265537718,e2e_bench_v1,16,16,64,0.7857142857142857,True
T20_p79,8,int8_ent,D17_all_enabled_16gb,-1,0.0680304873197444,7.657923615275108,e2e_bench_v1,16,16,64,0.7857142857142857,True
T20_p79,8,int8_ent,D18_edge_only_1gb,-1,0.0680304873197444,7.664015683641696,e2e_bench_v1,16,16,64,0.7857142857142857,True
T20_p79,8,int8_ent,D19_edge_only_8gb,-1,0.0680304873197444,3.0444180594879287,e2e_bench_v1,16,16,64,0.7857142857142857,True
T20_p79,8,int8_ent,D1_default_4gb,-1,0.0680304873197444,4.971579963140706,e2e_bench_v1,16,16,64,0.7857142857142857,True
T20_p79,8,int8_ent,D20_edge_only_16gb,-1,0.0680304873197444,8.366268543834227,e2e_bench_v1,16,16,64,0.7857142857142857,True
T20_p79,8,int8_ent,D21_default_4gb_BL0,-1,0.0680304873197444,10.978587363206803,e2e_bench_v1,16,16,64,0.7857142857142857,True
T20_p79,8,int8_ent,D22_cublas_lt_8gb_BL0,-1,0.0680304873197444,6.521485359591441,e2e_bench_v1,16,16,64,0.7857142857142857,True
T20_p79,8,int8_ent,D23_all_enabled_4gb_BL0,-1,0.0680304873197444,8.271038627404597,e2e_bench_v1,16,16,64,0.7857142857142857,True
T20_p79,8,int8_ent,D24_edge_only_4gb_BL0,-1,0.0680304873197444,4.5526705282418085,e2e_bench_v1,16,16,64,0.7857142857142857,True
T20_p79,8,int8_ent,D25_default_4gb_BL3,-1,0.0680304873197444,3.936392618948928,e2e_bench_v1,16,16,64,0.7857142857142857,True
T20_p79,8,int8_ent,D26_cublas_lt_8gb_BL3,-1,0.0680304873197444,5.517019176606956,e2e_bench_v1,16,16,64,0.7857142857142857,True
T20_p79,8,int8_ent,D27_all_enabled_4gb_BL3,-1,0.0680304873197444,5.499061860046676,e2e_bench_v1,16,16,64,0.7857142857142857,True
T20_p79,8,int8_ent,D28_edge_only_4gb_BL3,-1,0.0680304873197444,7.940219674117504,e2e_bench_v1,16,16,64,0.7857142857142857,True
T20_p79,8,int8_ent,D29_default_4gb_BL5,-1,0.0680304873197444,5.825126215922284,e2e_bench_v1,16,16,64,0.7857142857142857,True
T20_p79,8,int8_ent,D2_with_cudnn_8gb,-1,0.0680304873197444,3.1671177170148646,e2e_bench_v1,16,16,64,0.7857142857142857,True
T20_p79,8,int8_ent,D30_cublas_lt_8gb_BL5,-1,0.0680304873197444,5.422493587901332,e2e_bench_v1,16,16,64,0.7857142857142857,True
T20_p79,8,int8_ent,D31_all_enabled_4gb_BL5,-1,0.0680304873197444,7.738895845296376,e2e_bench_v1,16,16,64,0.7857142857142857,True
T20_p79,8,int8_ent,D32_edge_only_4gb_BL5,-1,0.0680304873197444,5.1947350321502155,e2e_bench_v1,16,16,64,0.7857142857142857,True
T20_p79,8,int8_ent,D3_cublas_lt_16gb,-1,0.0680304873197444,5.5368073108003735,e2e_bench_v1,16,16,64,0.7857142857142857,True
T20_p79,8,int8_ent,D4_all_enabled_1gb,-1,0.0680304873197444,7.197993775174982,e2e_bench_v1,16,16,64,0.7857142857142857,True
T20_p79,8,int8_ent,D5_default_1gb,-1,0.0680304873197444,7.492253010387259,e2e_bench_v1,16,16,64,0.7857142857142857,True
T20_p79,8,int8_ent,D6_default_8gb,-1,0.0680304873197444,5.318498268828813,e2e_bench_v1,16,16,64,0.7857142857142857,True
T20_p79,8,int8_ent,D7_default_16gb,-1,0.0680304873197444,7.032769188031634,e2e_bench_v1,16,16,64,0.7857142857142857,True
T20_p79,8,int8_ent,D8_with_cudnn_4gb,-1,0.0680304873197444,7.616778544448854,e2e_bench_v1,16,16,64,0.7857142857142857,True
T20_p79,8,int8_ent,D9_cublas_lt_4gb,-1,0.0680304873197444,7.138436411165371,e2e_bench_v1,16,16,64,0.7857142857142857,True
T20_p79,8,int8_mm,D10_cublas_lt_8gb,-1,0.5180242777422356,7.934650220781642,e2e_bench_v1,16,16,64,0.7857142857142857,True
T20_p79,8,int8_mm,D11_all_enabled_4gb,-1,0.5180242777422356,7.020327357864697,e2e_bench_v1,16,16,64,0.7857142857142857,True
T20_p79,8,int8_mm,D12_edge_only_4gb,-1,0.5180242777422356,6.856316964790755,e2e_bench_v1,16,16,64,0.7857142857142857,True
T20_p79,8,int8_mm,D13_with_cudnn_1gb,-1,0.5180242777422356,8.47749310355936,e2e_bench_v1,16,16,64,0.7857142857142857,True
T20_p79,8,int8_mm,D14_with_cudnn_16gb,-1,0.5180242777422356,7.753897496576655,e2e_bench_v1,16,16,64,0.7857142857142857,True
T20_p79,8,int8_mm,D15_cublas_lt_1gb,-1,0.5180242777422356,7.771161065861366,e2e_bench_v1,16,16,64,0.7857142857142857,True
T20_p79,8,int8_mm,D16_all_enabled_8gb,-1,0.5180242777422356,7.292174840100837,e2e_bench_v1,16,16,64,0.7857142857142857,True
T20_p79,8,int8_mm,D17_all_enabled_16gb,-1,0.5180242777422356,7.3097064129516305,e2e_bench_v1,16,16,64,0.7857142857142857,True
T20_p79,8,int8_mm,D18_edge_only_1gb,-1,0.5180242777422356,8.143262793676593,e2e_bench_v1,16,16,64,0.7857142857142857,True
T20_p79,8,int8_mm,D19_edge_only_8gb,-1,0.5180242777422356,8.117120305463471,e2e_bench_v1,16,16,64,0.7857142857142857,True
T20_p79,8,int8_mm,D1_default_4gb,-1,0.5180242777422356,7.250795593546502,e2e_bench_v1,16,16,64,0.7857142857142857,True
T20_p79,8,int8_mm,D20_edge_only_16gb,-1,0.5180242777422356,8.063852812107392,e2e_bench_v1,16,16,64,0.7857142857142857,True
T20_p79,8,int8_mm,D21_default_4gb_BL0,-1,0.5180242777422356,12.225342401277302,e2e_bench_v1,16,16,64,0.7857142857142857,True
T20_p79,8,int8_mm,D22_cublas_lt_8gb_BL0,-1,0.5180242777422356,9.151877233058045,e2e_bench_v1,16,16,64,0.7857142857142857,True
T20_p79,8,int8_mm,D23_all_enabled_4gb_BL0,-1,0.5180242777422356,8.404752719567862,e2e_bench_v1,16,16,64,0.7857142857142857,True
T20_p79,8,int8_mm,D24_edge_only_4gb_BL0,-1,0.5180242777422356,8.468805999979676,e2e_bench_v1,16,16,64,0.7857142857142857,True
T20_p79,8,int8_mm,D25_default_4gb_BL3,-1,0.5180242777422356,7.718169497176693,e2e_bench_v1,16,16,64,0.7857142857142857,True
T20_p79,8,int8_mm,D26_cublas_lt_8gb_BL3,-1,0.5180242777422356,8.418861955078636,e2e_bench_v1,16,16,64,0.7857142857142857,True
T20_p79,8,int8_mm,D27_all_enabled_4gb_BL3,-1,0.5180242777422356,8.052619033814558,e2e_bench_v1,16,16,64,0.7857142857142857,True
T20_p79,8,int8_mm,D28_edge_only_4gb_BL3,-1,0.5180242777422356,8.113939179534698,e2e_bench_v1,16,16,64,0.7857142857142857,True
T20_p79,8,int8_mm,D29_default_4gb_BL5,-1,0.5180242777422356,8.054772452678211,e2e_bench_v1,16,16,64,0.7857142857142857,True
T20_p79,8,int8_mm,D2_with_cudnn_8gb,-1,0.5180242777422356,7.96648341099327,e2e_bench_v1,16,16,64,0.7857142857142857,True
T20_p79,8,int8_mm,D30_cublas_lt_8gb_BL5,-1,0.5180242777422356,10.761748870285412,e2e_bench_v1,16,16,64,0.7857142857142857,True
T20_p79,8,int8_mm,D31_all_enabled_4gb_BL5,-1,0.5180242777422356,7.735136548365488,e2e_bench_v1,16,16,64,0.7857142857142857,True
T20_p79,8,int8_mm,D32_edge_only_4gb_BL5,-1,0.5180242777422356,7.710676897192774,e2e_bench_v1,16,16,64,0.7857142857142857,True
T20_p79,8,int8_mm,D3_cublas_lt_16gb,-1,0.5180242777422356,8.008008008008009,e2e_bench_v1,16,16,64,0.7857142857142857,True
T20_p79,8,int8_mm,D4_all_enabled_1gb,-1,0.5180242777422356,7.524629995131565,e2e_bench_v1,16,16,64,0.7857142857142857,True
T20_p79,8,int8_mm,D5_default_1gb,-1,0.5180242777422356,7.597006171807815,e2e_bench_v1,16,16,64,0.7857142857142857,True
T20_p79,8,int8_mm,D6_default_8gb,-1,0.5180242777422356,7.44976067643827,e2e_bench_v1,16,16,64,0.7857142857142857,True
T20_p79,8,int8_mm,D7_default_16gb,-1,0.5180242777422356,7.474886250918478,e2e_bench_v1,16,16,64,0.7857142857142857,True
T20_p79,8,int8_mm,D8_with_cudnn_4gb,-1,0.5180242777422356,7.5034290670836565,e2e_bench_v1,16,16,64,0.7857142857142857,True
T20_p79,8,int8_mm,D9_cublas_lt_4gb,-1,0.5180242777422356,7.72259213438546,e2e_bench_v1,16,16,64,0.7857142857142857,True
T20_p79,8,int8_pc_wo,D10_cublas_lt_8gb,-1,0.5174181566733254,9.375181644144355,e2e_bench_v1,16,16,64,0.7857142857142857,True
T20_p79,8,int8_pc_wo,D11_all_enabled_4gb,-1,0.5174181566733254,10.045506142827007,e2e_bench_v1,16,16,64,0.7857142857142857,True
T20_p79,8,int8_pc_wo,D12_edge_only_4gb,-1,0.5174181566733254,7.821476366235938,e2e_bench_v1,16,16,64,0.7857142857142857,True
T20_p79,8,int8_pc_wo,D13_with_cudnn_1gb,-1,0.5174181566733254,7.965201627131389,e2e_bench_v1,16,16,64,0.7857142857142857,True
T20_p79,8,int8_pc_wo,D14_with_cudnn_16gb,-1,0.5174181566733254,7.864343225104242,e2e_bench_v1,16,16,64,0.7857142857142857,True
T20_p79,8,int8_pc_wo,D15_cublas_lt_1gb,-1,0.5174181566733254,8.236580962296227,e2e_bench_v1,16,16,64,0.7857142857142857,True
T20_p79,8,int8_pc_wo,D16_all_enabled_8gb,-1,0.5174181566733254,8.950948800572862,e2e_bench_v1,16,16,64,0.7857142857142857,True
T20_p79,8,int8_pc_wo,D17_all_enabled_16gb,-1,0.5174181566733254,9.028032945097824,e2e_bench_v1,16,16,64,0.7857142857142857,True
T20_p79,8,int8_pc_wo,D18_edge_only_1gb,-1,0.5174181566733254,9.526077637532746,e2e_bench_v1,16,16,64,0.7857142857142857,True
T20_p79,8,int8_pc_wo,D19_edge_only_8gb,-1,0.5174181566733254,7.732588530406084,e2e_bench_v1,16,16,64,0.7857142857142857,True
T20_p79,8,int8_pc_wo,D1_default_4gb,-1,0.5174181566733254,6.6884531881849805,e2e_bench_v1,16,16,64,0.7857142857142857,True
T20_p79,8,int8_pc_wo,D20_edge_only_16gb,-1,0.5174181566733254,8.182134309734694,e2e_bench_v1,16,16,64,0.7857142857142857,True
T20_p79,8,int8_pc_wo,D21_default_4gb_BL0,-1,0.5174181566733254,8.979102933742302,e2e_bench_v1,16,16,64,0.7857142857142857,True
T20_p79,8,int8_pc_wo,D22_cublas_lt_8gb_BL0,-1,0.5174181566733254,11.260234145308818,e2e_bench_v1,16,16,64,0.7857142857142857,True
T20_p79,8,int8_pc_wo,D23_all_enabled_4gb_BL0,-1,0.5174181566733254,9.595160968420407,e2e_bench_v1,16,16,64,0.7857142857142857,True
T20_p79,8,int8_pc_wo,D24_edge_only_4gb_BL0,-1,0.5174181566733254,9.204628087002144,e2e_bench_v1,16,16,64,0.7857142857142857,True
T20_p79,8,int8_pc_wo,D25_default_4gb_BL3,-1,0.5174181566733254,8.114149860233768,e2e_bench_v1,16,16,64,0.7857142857142857,True
T20_p79,8,int8_pc_wo,D26_cublas_lt_8gb_BL3,-1,0.5174181566733254,7.651882209986012,e2e_bench_v1,16,16,64,0.7857142857142857,True
T20_p79,8,int8_pc_wo,D27_all_enabled_4gb_BL3,-1,0.5174181566733254,9.54321405906295,e2e_bench_v1,16,16,64,0.7857142857142857,True
T20_p79,8,int8_pc_wo,D28_edge_only_4gb_BL3,-1,0.5174181566733254,11.567152525629918,e2e_bench_v1,16,16,64,0.7857142857142857,True
T20_p79,8,int8_pc_wo,D29_default_4gb_BL5,-1,0.5174181566733254,8.053462102823383,e2e_bench_v1,16,16,64,0.7857142857142857,True
T20_p79,8,int8_pc_wo,D2_with_cudnn_8gb,-1,0.5174181566733254,7.745327437590088,e2e_bench_v1,16,16,64,0.7857142857142857,True
T20_p79,8,int8_pc_wo,D30_cublas_lt_8gb_BL5,-1,0.5174181566733254,8.413931788254994,e2e_bench_v1,16,16,64,0.7857142857142857,True
T20_p79,8,int8_pc_wo,D31_all_enabled_4gb_BL5,-1,0.5174181566733254,7.317430118542368,e2e_bench_v1,16,16,64,0.7857142857142857,True
T20_p79,8,int8_pc_wo,D32_edge_only_4gb_BL5,-1,0.5174181566733254,10.088984846344761,e2e_bench_v1,16,16,64,0.7857142857142857,True
T20_p79,8,int8_pc_wo,D3_cublas_lt_16gb,-1,0.5174181566733254,8.183815032686157,e2e_bench_v1,16,16,64,0.7857142857142857,True
T20_p79,8,int8_pc_wo,D4_all_enabled_1gb,-1,0.5174181566733254,6.793436724911329,e2e_bench_v1,16,16,64,0.7857142857142857,True
T20_p79,8,int8_pc_wo,D5_default_1gb,-1,0.5174181566733254,8.164604967835539,e2e_bench_v1,16,16,64,0.7857142857142857,True
T20_p79,8,int8_pc_wo,D6_default_8gb,-1,0.5174181566733254,7.5556378280563505,e2e_bench_v1,16,16,64,0.7857142857142857,True
T20_p79,8,int8_pc_wo,D7_default_16gb,-1,0.5174181566733254,8.157505108637574,e2e_bench_v1,16,16,64,0.7857142857142857,True
T20_p79,8,int8_pc_wo,D8_with_cudnn_4gb,-1,0.5174181566733254,7.4063485738705515,e2e_bench_v1,16,16,64,0.7857142857142857,True
T20_p79,8,int8_pc_wo,D9_cublas_lt_4gb,-1,0.5174181566733254,9.075942037403772,e2e_bench_v1,16,16,64,0.7857142857142857,True
T20_p79,8,mix_s0,D10_cublas_lt_8gb,-1,0.518692602024474,7.833601764753806,e2e_bench_v1,16,16,64,0.7857142857142857,True
T20_p79,8,mix_s0,D11_all_enabled_4gb,-1,0.518692602024474,7.838981057886172,e2e_bench_v1,16,16,64,0.7857142857142857,True
T20_p79,8,mix_s0,D12_edge_only_4gb,-1,0.518692602024474,7.433341510008995,e2e_bench_v1,16,16,64,0.7857142857142857,True
T20_p79,8,mix_s0,D13_with_cudnn_1gb,-1,0.518692602024474,7.900522935613108,e2e_bench_v1,16,16,64,0.7857142857142857,True
T20_p79,8,mix_s0,D14_with_cudnn_16gb,-1,0.518692602024474,7.755539199985109,e2e_bench_v1,16,16,64,0.7857142857142857,True
T20_p79,8,mix_s0,D15_cublas_lt_1gb,-1,0.518692602024474,7.587247657626968,e2e_bench_v1,16,16,64,0.7857142857142857,True
T20_p79,8,mix_s0,D16_all_enabled_8gb,-1,0.518692602024474,7.530800975991806,e2e_bench_v1,16,16,64,0.7857142857142857,True
T20_p79,8,mix_s0,D17_all_enabled_16gb,-1,0.518692602024474,7.927768515501562,e2e_bench_v1,16,16,64,0.7857142857142857,True
T20_p79,8,mix_s0,D18_edge_only_1gb,-1,0.518692602024474,7.957354943387398,e2e_bench_v1,16,16,64,0.7857142857142857,True
T20_p79,8,mix_s0,D19_edge_only_8gb,-1,0.518692602024474,8.35014495851648,e2e_bench_v1,16,16,64,0.7857142857142857,True
T20_p79,8,mix_s0,D1_default_4gb,-1,0.518692602024474,6.429288753502355,e2e_bench_v1,16,16,64,0.7857142857142857,True
T20_p79,8,mix_s0,D20_edge_only_16gb,-1,0.518692602024474,7.5691804167136585,e2e_bench_v1,16,16,64,0.7857142857142857,True
T20_p79,8,mix_s0,D21_default_4gb_BL0,-1,0.518692602024474,8.256895126697927,e2e_bench_v1,16,16,64,0.7857142857142857,True
T20_p79,8,mix_s0,D22_cublas_lt_8gb_BL0,-1,0.518692602024474,13.291103068516966,e2e_bench_v1,16,16,64,0.7857142857142857,True
T20_p79,8,mix_s0,D23_all_enabled_4gb_BL0,-1,0.518692602024474,8.823267308824063,e2e_bench_v1,16,16,64,0.7857142857142857,True
T20_p79,8,mix_s0,D24_edge_only_4gb_BL0,-1,0.518692602024474,11.718081703152867,e2e_bench_v1,16,16,64,0.7857142857142857,True
T20_p79,8,mix_s0,D25_default_4gb_BL3,-1,0.518692602024474,8.192678694611347,e2e_bench_v1,16,16,64,0.7857142857142857,True
T20_p79,8,mix_s0,D26_cublas_lt_8gb_BL3,-1,0.518692602024474,8.448793132145038,e2e_bench_v1,16,16,64,0.7857142857142857,True
T20_p79,8,mix_s0,D27_all_enabled_4gb_BL3,-1,0.518692602024474,7.905888305610018,e2e_bench_v1,16,16,64,0.7857142857142857,True
T20_p79,8,mix_s0,D28_edge_only_4gb_BL3,-1,0.518692602024474,8.172625464102968,e2e_bench_v1,16,16,64,0.7857142857142857,True
T20_p79,8,mix_s0,D29_default_4gb_BL5,-1,0.518692602024474,9.558383562638955,e2e_bench_v1,16,16,64,0.7857142857142857,True
T20_p79,8,mix_s0,D2_with_cudnn_8gb,-1,0.518692602024474,7.996865228830298,e2e_bench_v1,16,16,64,0.7857142857142857,True
T20_p79,8,mix_s0,D30_cublas_lt_8gb_BL5,-1,0.518692602024474,8.389226555257737,e2e_bench_v1,16,16,64,0.7857142857142857,True
T20_p79,8,mix_s0,D31_all_enabled_4gb_BL5,-1,0.518692602024474,8.151719809086721,e2e_bench_v1,16,16,64,0.7857142857142857,True
T20_p79,8,mix_s0,D32_edge_only_4gb_BL5,-1,0.518692602024474,10.00479229550955,e2e_bench_v1,16,16,64,0.7857142857142857,True
T20_p79,8,mix_s0,D3_cublas_lt_16gb,-1,0.518692602024474,7.81539413814178,e2e_bench_v1,16,16,64,0.7857142857142857,True
T20_p79,8,mix_s0,D4_all_enabled_1gb,-1,0.518692602024474,7.95227995842548,e2e_bench_v1,16,16,64,0.7857142857142857,True
T20_p79,8,mix_s0,D5_default_1gb,-1,0.518692602024474,7.694651601564785,e2e_bench_v1,16,16,64,0.7857142857142857,True
T20_p79,8,mix_s0,D6_default_8gb,-1,0.518692602024474,7.847938346596349,e2e_bench_v1,16,16,64,0.7857142857142857,True
T20_p79,8,mix_s0,D7_default_16gb,-1,0.518692602024474,7.9229697192020305,e2e_bench_v1,16,16,64,0.7857142857142857,True
T20_p79,8,mix_s0,D8_with_cudnn_4gb,-1,0.518692602024474,6.729502272552917,e2e_bench_v1,16,16,64,0.7857142857142857,True
T20_p79,8,mix_s0,D9_cublas_lt_4gb,-1,0.518692602024474,7.66884691984598,e2e_bench_v1,16,16,64,0.7857142857142857,True
T20_p79,8,mix_s2,D10_cublas_lt_8gb,-1,0.5286697039547643,7.807662908838509,e2e_bench_v1,16,16,64,0.7857142857142857,True
T20_p79,8,mix_s2,D11_all_enabled_4gb,-1,0.5286697039547643,7.854552537923743,e2e_bench_v1,16,16,64,0.7857142857142857,True
T20_p79,8,mix_s2,D12_edge_only_4gb,-1,0.5286697039547643,8.15735205826307,e2e_bench_v1,16,16,64,0.7857142857142857,True
T20_p79,8,mix_s2,D13_with_cudnn_1gb,-1,0.5286697039547643,7.871462171327097,e2e_bench_v1,16,16,64,0.7857142857142857,True
T20_p79,8,mix_s2,D14_with_cudnn_16gb,-1,0.5286697039547643,8.149162266119042,e2e_bench_v1,16,16,64,0.7857142857142857,True
T20_p79,8,mix_s2,D15_cublas_lt_1gb,-1,0.5286697039547643,7.816426533016195,e2e_bench_v1,16,16,64,0.7857142857142857,True
T20_p79,8,mix_s2,D16_all_enabled_8gb,-1,0.5286697039547643,7.903401465922904,e2e_bench_v1,16,16,64,0.7857142857142857,True
T20_p79,8,mix_s2,D17_all_enabled_16gb,-1,0.5286697039547643,7.441417441194198,e2e_bench_v1,16,16,64,0.7857142857142857,True
T20_p79,8,mix_s2,D18_edge_only_1gb,-1,0.5286697039547643,8.485369949401738,e2e_bench_v1,16,16,64,0.7857142857142857,True
T20_p79,8,mix_s2,D19_edge_only_8gb,-1,0.5286697039547643,7.764571966323499,e2e_bench_v1,16,16,64,0.7857142857142857,True
T20_p79,8,mix_s2,D1_default_4gb,-1,0.5286697039547643,7.643232261777648,e2e_bench_v1,16,16,64,0.7857142857142857,True
T20_p79,8,mix_s2,D20_edge_only_16gb,-1,0.5286697039547643,8.044994042681912,e2e_bench_v1,16,16,64,0.7857142857142857,True
T20_p79,8,mix_s2,D21_default_4gb_BL0,-1,0.5286697039547643,9.614663515620943,e2e_bench_v1,16,16,64,0.7857142857142857,True
T20_p79,8,mix_s2,D22_cublas_lt_8gb_BL0,-1,0.5286697039547643,9.575994131830795,e2e_bench_v1,16,16,64,0.7857142857142857,True
T20_p79,8,mix_s2,D23_all_enabled_4gb_BL0,-1,0.5286697039547643,9.65438275186595,e2e_bench_v1,16,16,64,0.7857142857142857,True
T20_p79,8,mix_s2,D24_edge_only_4gb_BL0,-1,0.5286697039547643,13.485067310713482,e2e_bench_v1,16,16,64,0.7857142857142857,True
T20_p79,8,mix_s2,D25_default_4gb_BL3,-1,0.5286697039547643,9.99792043255003,e2e_bench_v1,16,16,64,0.7857142857142857,True
T20_p79,8,mix_s2,D26_cublas_lt_8gb_BL3,-1,0.5286697039547643,8.022173286965172,e2e_bench_v1,16,16,64,0.7857142857142857,True
T20_p79,8,mix_s2,D27_all_enabled_4gb_BL3,-1,0.5286697039547643,8.516784879640797,e2e_bench_v1,16,16,64,0.7857142857142857,True
T20_p79,8,mix_s2,D28_edge_only_4gb_BL3,-1,0.5286697039547643,7.512436839187275,e2e_bench_v1,16,16,64,0.7857142857142857,True
T20_p79,8,mix_s2,D29_default_4gb_BL5,-1,0.5286697039547643,8.152597050553439,e2e_bench_v1,16,16,64,0.7857142857142857,True
T20_p79,8,mix_s2,D2_with_cudnn_8gb,-1,0.5286697039547643,7.899149972471462,e2e_bench_v1,16,16,64,0.7857142857142857,True
T20_p79,8,mix_s2,D30_cublas_lt_8gb_BL5,-1,0.5286697039547643,11.074368816349313,e2e_bench_v1,16,16,64,0.7857142857142857,True
T20_p79,8,mix_s2,D31_all_enabled_4gb_BL5,-1,0.5286697039547643,7.750502038769562,e2e_bench_v1,16,16,64,0.7857142857142857,True
T20_p79,8,mix_s2,D32_edge_only_4gb_BL5,-1,0.5286697039547643,8.542766369862488,e2e_bench_v1,16,16,64,0.7857142857142857,True
T20_p79,8,mix_s2,D3_cublas_lt_16gb,-1,0.5286697039547643,7.751108796113284,e2e_bench_v1,16,16,64,0.7857142857142857,True
T20_p79,8,mix_s2,D4_all_enabled_1gb,-1,0.5286697039547643,8.41867059088965,e2e_bench_v1,16,16,64,0.7857142857142857,True
T20_p79,8,mix_s2,D5_default_1gb,-1,0.5286697039547643,7.809254278690419,e2e_bench_v1,16,16,64,0.7857142857142857,True
T20_p79,8,mix_s2,D6_default_8gb,-1,0.5286697039547643,8.465407804090146,e2e_bench_v1,16,16,64,0.7857142857142857,True
T20_p79,8,mix_s2,D7_default_16gb,-1,0.5286697039547643,8.567798272903225,e2e_bench_v1,16,16,64,0.7857142857142857,True
T20_p79,8,mix_s2,D8_with_cudnn_4gb,-1,0.5286697039547643,7.863050816538513,e2e_bench_v1,16,16,64,0.7857142857142857,True
T20_p79,8,mix_s2,D9_cublas_lt_4gb,-1,0.5286697039547643,7.586056221779871,e2e_bench_v1,16,16,64,0.7857142857142857,True
T21_p82,8,fp16,D10_cublas_lt_8gb,-1,0.5366499457083925,7.636467492321532,e2e_bench_v1,16,32,32,0.8214285714285714,True
T21_p82,8,fp16,D11_all_enabled_4gb,-1,0.5366499457083925,8.471625560927507,e2e_bench_v1,16,32,32,0.8214285714285714,True
T21_p82,8,fp16,D12_edge_only_4gb,-1,0.5366499457083925,8.004290299600585,e2e_bench_v1,16,32,32,0.8214285714285714,True
T21_p82,8,fp16,D13_with_cudnn_1gb,-1,0.5366499457083925,8.654636721623609,e2e_bench_v1,16,32,32,0.8214285714285714,True
T21_p82,8,fp16,D14_with_cudnn_16gb,-1,0.5366499457083925,8.533063916061957,e2e_bench_v1,16,32,32,0.8214285714285714,True
T21_p82,8,fp16,D15_cublas_lt_1gb,-1,0.5366499457083925,7.7171033389591015,e2e_bench_v1,16,32,32,0.8214285714285714,True
T21_p82,8,fp16,D16_all_enabled_8gb,-1,0.5366499457083925,7.951059637717918,e2e_bench_v1,16,32,32,0.8214285714285714,True
T21_p82,8,fp16,D17_all_enabled_16gb,-1,0.5366499457083925,8.21563748006681,e2e_bench_v1,16,32,32,0.8214285714285714,True
T21_p82,8,fp16,D18_edge_only_1gb,-1,0.5366499457083925,8.128376324315713,e2e_bench_v1,16,32,32,0.8214285714285714,True
T21_p82,8,fp16,D19_edge_only_8gb,-1,0.5366499457083925,7.888034088928119,e2e_bench_v1,16,32,32,0.8214285714285714,True
T21_p82,8,fp16,D1_default_4gb,-1,0.5366499457083925,7.146190330204017,e2e_bench_v1,16,32,32,0.8214285714285714,True
T21_p82,8,fp16,D20_edge_only_16gb,-1,0.5366499457083925,8.116724998863658,e2e_bench_v1,16,32,32,0.8214285714285714,True
T21_p82,8,fp16,D21_default_4gb_BL0,-1,0.5366499457083925,12.356632175187388,e2e_bench_v1,16,32,32,0.8214285714285714,True
T21_p82,8,fp16,D22_cublas_lt_8gb_BL0,-1,0.5366499457083925,13.63257749779493,e2e_bench_v1,16,32,32,0.8214285714285714,True
T21_p82,8,fp16,D23_all_enabled_4gb_BL0,-1,0.5366499457083925,9.456676129647247,e2e_bench_v1,16,32,32,0.8214285714285714,True
T21_p82,8,fp16,D24_edge_only_4gb_BL0,-1,0.5366499457083925,9.51985651672258,e2e_bench_v1,16,32,32,0.8214285714285714,True
T21_p82,8,fp16,D25_default_4gb_BL3,-1,0.5366499457083925,8.250661703068586,e2e_bench_v1,16,32,32,0.8214285714285714,True
T21_p82,8,fp16,D26_cublas_lt_8gb_BL3,-1,0.5366499457083925,7.711212025172481,e2e_bench_v1,16,32,32,0.8214285714285714,True
T21_p82,8,fp16,D27_all_enabled_4gb_BL3,-1,0.5366499457083925,7.3768562936755995,e2e_bench_v1,16,32,32,0.8214285714285714,True
T21_p82,8,fp16,D28_edge_only_4gb_BL3,-1,0.5366499457083925,7.8022290968529715,e2e_bench_v1,16,32,32,0.8214285714285714,True
T21_p82,8,fp16,D29_default_4gb_BL5,-1,0.5366499457083925,8.165518322606564,e2e_bench_v1,16,32,32,0.8214285714285714,True
T21_p82,8,fp16,D2_with_cudnn_8gb,-1,0.5366499457083925,8.174843553931487,e2e_bench_v1,16,32,32,0.8214285714285714,True
T21_p82,8,fp16,D30_cublas_lt_8gb_BL5,-1,0.5366499457083925,8.356767101079276,e2e_bench_v1,16,32,32,0.8214285714285714,True
T21_p82,8,fp16,D31_all_enabled_4gb_BL5,-1,0.5366499457083925,10.727127618491853,e2e_bench_v1,16,32,32,0.8214285714285714,True
T21_p82,8,fp16,D32_edge_only_4gb_BL5,-1,0.5366499457083925,9.91498888529746,e2e_bench_v1,16,32,32,0.8214285714285714,True
T21_p82,8,fp16,D3_cublas_lt_16gb,-1,0.5366499457083925,7.635732786004008,e2e_bench_v1,16,32,32,0.8214285714285714,True
T21_p82,8,fp16,D4_all_enabled_1gb,-1,0.5366499457083925,8.462828717424458,e2e_bench_v1,16,32,32,0.8214285714285714,True
T21_p82,8,fp16,D5_default_1gb,-1,0.5366499457083925,8.244301744741579,e2e_bench_v1,16,32,32,0.8214285714285714,True
T21_p82,8,fp16,D6_default_8gb,-1,0.5366499457083925,8.195572587776631,e2e_bench_v1,16,32,32,0.8214285714285714,True
T21_p82,8,fp16,D7_default_16gb,-1,0.5366499457083925,7.955538088729708,e2e_bench_v1,16,32,32,0.8214285714285714,True
T21_p82,8,fp16,D8_with_cudnn_4gb,-1,0.5366499457083925,8.15259040407499,e2e_bench_v1,16,32,32,0.8214285714285714,True
T21_p82,8,fp16,D9_cublas_lt_4gb,-1,0.5366499457083925,8.631866433951547,e2e_bench_v1,16,32,32,0.8214285714285714,True
T21_p82,8,fp32,D10_cublas_lt_8gb,-1,0.5362465032297918,9.92568638602781,e2e_bench_v1,16,32,32,0.8214285714285714,True
T21_p82,8,fp32,D11_all_enabled_4gb,-1,0.5362465032297918,9.614571074755213,e2e_bench_v1,16,32,32,0.8214285714285714,True
T21_p82,8,fp32,D12_edge_only_4gb,-1,0.5362465032297918,9.82030800414024,e2e_bench_v1,16,32,32,0.8214285714285714,True
T21_p82,8,fp32,D13_with_cudnn_1gb,-1,0.5362465032297918,9.938816644735011,e2e_bench_v1,16,32,32,0.8214285714285714,True
T21_p82,8,fp32,D14_with_cudnn_16gb,-1,0.5362465032297918,9.6487470137128,e2e_bench_v1,16,32,32,0.8214285714285714,True
T21_p82,8,fp32,D15_cublas_lt_1gb,-1,0.5362465032297918,10.060635449856283,e2e_bench_v1,16,32,32,0.8214285714285714,True
T21_p82,8,fp32,D16_all_enabled_8gb,-1,0.5362465032297918,10.138399288689905,e2e_bench_v1,16,32,32,0.8214285714285714,True
T21_p82,8,fp32,D17_all_enabled_16gb,-1,0.5362465032297918,9.552220556951772,e2e_bench_v1,16,32,32,0.8214285714285714,True
T21_p82,8,fp32,D18_edge_only_1gb,-1,0.5362465032297918,9.729131256682697,e2e_bench_v1,16,32,32,0.8214285714285714,True
T21_p82,8,fp32,D19_edge_only_8gb,-1,0.5362465032297918,9.653105983381213,e2e_bench_v1,16,32,32,0.8214285714285714,True
T21_p82,8,fp32,D1_default_4gb,-1,0.5362465032297918,8.198979391045404,e2e_bench_v1,16,32,32,0.8214285714285714,True
T21_p82,8,fp32,D20_edge_only_16gb,-1,0.5362465032297918,10.233016007506942,e2e_bench_v1,16,32,32,0.8214285714285714,True
T21_p82,8,fp32,D21_default_4gb_BL0,-1,0.5362465032297918,12.001228925842007,e2e_bench_v1,16,32,32,0.8214285714285714,True
T21_p82,8,fp32,D22_cublas_lt_8gb_BL0,-1,0.5362465032297918,17.262064024995468,e2e_bench_v1,16,32,32,0.8214285714285714,True
T21_p82,8,fp32,D23_all_enabled_4gb_BL0,-1,0.5362465032297918,11.620380753395766,e2e_bench_v1,16,32,32,0.8214285714285714,True
T21_p82,8,fp32,D24_edge_only_4gb_BL0,-1,0.5362465032297918,11.37590424218845,e2e_bench_v1,16,32,32,0.8214285714285714,True
T21_p82,8,fp32,D25_default_4gb_BL3,-1,0.5362465032297918,9.567922201310996,e2e_bench_v1,16,32,32,0.8214285714285714,True
T21_p82,8,fp32,D26_cublas_lt_8gb_BL3,-1,0.5362465032297918,9.615606513996477,e2e_bench_v1,16,32,32,0.8214285714285714,True
T21_p82,8,fp32,D27_all_enabled_4gb_BL3,-1,0.5362465032297918,8.725531428491653,e2e_bench_v1,16,32,32,0.8214285714285714,True
T21_p82,8,fp32,D28_edge_only_4gb_BL3,-1,0.5362465032297918,9.786469032186718,e2e_bench_v1,16,32,32,0.8214285714285714,True
T21_p82,8,fp32,D29_default_4gb_BL5,-1,0.5362465032297918,10.659742098199676,e2e_bench_v1,16,32,32,0.8214285714285714,True
T21_p82,8,fp32,D2_with_cudnn_8gb,-1,0.5362465032297918,9.812704901544226,e2e_bench_v1,16,32,32,0.8214285714285714,True
T21_p82,8,fp32,D30_cublas_lt_8gb_BL5,-1,0.5362465032297918,14.082404598750047,e2e_bench_v1,16,32,32,0.8214285714285714,True
T21_p82,8,fp32,D31_all_enabled_4gb_BL5,-1,0.5362465032297918,9.998280295789124,e2e_bench_v1,16,32,32,0.8214285714285714,True
T21_p82,8,fp32,D32_edge_only_4gb_BL5,-1,0.5362465032297918,9.989151781165654,e2e_bench_v1,16,32,32,0.8214285714285714,True
T21_p82,8,fp32,D3_cublas_lt_16gb,-1,0.5362465032297918,9.812781933490927,e2e_bench_v1,16,32,32,0.8214285714285714,True
T21_p82,8,fp32,D4_all_enabled_1gb,-1,0.5362465032297918,9.231624221197102,e2e_bench_v1,16,32,32,0.8214285714285714,True
T21_p82,8,fp32,D5_default_1gb,-1,0.5362465032297918,9.52193234286193,e2e_bench_v1,16,32,32,0.8214285714285714,True
T21_p82,8,fp32,D6_default_8gb,-1,0.5362465032297918,9.958810360349593,e2e_bench_v1,16,32,32,0.8214285714285714,True
T21_p82,8,fp32,D7_default_16gb,-1,0.5362465032297918,9.408647676252196,e2e_bench_v1,16,32,32,0.8214285714285714,True
T21_p82,8,fp32,D8_with_cudnn_4gb,-1,0.5362465032297918,9.785185815786049,e2e_bench_v1,16,32,32,0.8214285714285714,True
T21_p82,8,fp32,D9_cublas_lt_4gb,-1,0.5362465032297918,9.702115934464146,e2e_bench_v1,16,32,32,0.8214285714285714,True
T21_p82,8,int8_ent,D10_cublas_lt_8gb,-1,0.4055220359220223,8.95129332761644,e2e_bench_v1,16,32,32,0.8214285714285714,True
T21_p82,8,int8_ent,D11_all_enabled_4gb,-1,0.4055220359220223,10.280366145520638,e2e_bench_v1,16,32,32,0.8214285714285714,True
T21_p82,8,int8_ent,D12_edge_only_4gb,-1,0.4055220359220223,7.401699874393154,e2e_bench_v1,16,32,32,0.8214285714285714,True
T21_p82,8,int8_ent,D13_with_cudnn_1gb,-1,0.4055220359220223,7.807998201037214,e2e_bench_v1,16,32,32,0.8214285714285714,True
T21_p82,8,int8_ent,D14_with_cudnn_16gb,-1,0.4055220359220223,7.807138691476713,e2e_bench_v1,16,32,32,0.8214285714285714,True
T21_p82,8,int8_ent,D15_cublas_lt_1gb,-1,0.4055220359220223,7.7495290223736655,e2e_bench_v1,16,32,32,0.8214285714285714,True
T21_p82,8,int8_ent,D16_all_enabled_8gb,-1,0.4055220359220223,7.624903544970156,e2e_bench_v1,16,32,32,0.8214285714285714,True
T21_p82,8,int8_ent,D17_all_enabled_16gb,-1,0.4055220359220223,7.795696619552074,e2e_bench_v1,16,32,32,0.8214285714285714,True
T21_p82,8,int8_ent,D18_edge_only_1gb,-1,0.4055220359220223,7.574598432664093,e2e_bench_v1,16,32,32,0.8214285714285714,True
T21_p82,8,int8_ent,D19_edge_only_8gb,-1,0.4055220359220223,7.849983672033962,e2e_bench_v1,16,32,32,0.8214285714285714,True
T21_p82,8,int8_ent,D1_default_4gb,-1,0.4055220359220223,6.411259196951319,e2e_bench_v1,16,32,32,0.8214285714285714,True
T21_p82,8,int8_ent,D20_edge_only_16gb,-1,0.4055220359220223,6.635242159797865,e2e_bench_v1,16,32,32,0.8214285714285714,True
T21_p82,8,int8_ent,D21_default_4gb_BL0,-1,0.4055220359220223,12.241655169712187,e2e_bench_v1,16,32,32,0.8214285714285714,True
T21_p82,8,int8_ent,D22_cublas_lt_8gb_BL0,-1,0.4055220359220223,9.556081777125417,e2e_bench_v1,16,32,32,0.8214285714285714,True
T21_p82,8,int8_ent,D23_all_enabled_4gb_BL0,-1,0.4055220359220223,9.73822672734231,e2e_bench_v1,16,32,32,0.8214285714285714,True
T21_p82,8,int8_ent,D24_edge_only_4gb_BL0,-1,0.4055220359220223,8.77553241155141,e2e_bench_v1,16,32,32,0.8214285714285714,True
T21_p82,8,int8_ent,D25_default_4gb_BL3,-1,0.4055220359220223,8.340443561469487,e2e_bench_v1,16,32,32,0.8214285714285714,True
T21_p82,8,int8_ent,D26_cublas_lt_8gb_BL3,-1,0.4055220359220223,10.975346080100271,e2e_bench_v1,16,32,32,0.8214285714285714,True
T21_p82,8,int8_ent,D27_all_enabled_4gb_BL3,-1,0.4055220359220223,7.559201778528995,e2e_bench_v1,16,32,32,0.8214285714285714,True
T21_p82,8,int8_ent,D28_edge_only_4gb_BL3,-1,0.4055220359220223,8.011510938917036,e2e_bench_v1,16,32,32,0.8214285714285714,True
T21_p82,8,int8_ent,D29_default_4gb_BL5,-1,0.4055220359220223,7.947312497069428,e2e_bench_v1,16,32,32,0.8214285714285714,True
T21_p82,8,int8_ent,D2_with_cudnn_8gb,-1,0.4055220359220223,7.703448063353156,e2e_bench_v1,16,32,32,0.8214285714285714,True
T21_p82,8,int8_ent,D30_cublas_lt_8gb_BL5,-1,0.4055220359220223,7.28577808831383,e2e_bench_v1,16,32,32,0.8214285714285714,True
T21_p82,8,int8_ent,D31_all_enabled_4gb_BL5,-1,0.4055220359220223,7.7856152971769355,e2e_bench_v1,16,32,32,0.8214285714285714,True
T21_p82,8,int8_ent,D32_edge_only_4gb_BL5,-1,0.4055220359220223,10.552385736129153,e2e_bench_v1,16,32,32,0.8214285714285714,True
T21_p82,8,int8_ent,D3_cublas_lt_16gb,-1,0.4055220359220223,7.509909325354806,e2e_bench_v1,16,32,32,0.8214285714285714,True
T21_p82,8,int8_ent,D4_all_enabled_1gb,-1,0.4055220359220223,7.903595108306916,e2e_bench_v1,16,32,32,0.8214285714285714,True
T21_p82,8,int8_ent,D5_default_1gb,-1,0.4055220359220223,7.501847329904989,e2e_bench_v1,16,32,32,0.8214285714285714,True
T21_p82,8,int8_ent,D6_default_8gb,-1,0.4055220359220223,7.442176151844208,e2e_bench_v1,16,32,32,0.8214285714285714,True
T21_p82,8,int8_ent,D7_default_16gb,-1,0.4055220359220223,8.026906189547363,e2e_bench_v1,16,32,32,0.8214285714285714,True
T21_p82,8,int8_ent,D8_with_cudnn_4gb,-1,0.4055220359220223,7.504149794836544,e2e_bench_v1,16,32,32,0.8214285714285714,True
T21_p82,8,int8_ent,D9_cublas_lt_4gb,-1,0.4055220359220223,7.962759765130438,e2e_bench_v1,16,32,32,0.8214285714285714,True
T21_p82,8,int8_mm,D10_cublas_lt_8gb,-1,0.5362053057069571,8.289530074829587,e2e_bench_v1,16,32,32,0.8214285714285714,True
T21_p82,8,int8_mm,D11_all_enabled_4gb,-1,0.5362053057069571,7.62024944124521,e2e_bench_v1,16,32,32,0.8214285714285714,True
T21_p82,8,int8_mm,D12_edge_only_4gb,-1,0.5362053057069571,8.247504305197246,e2e_bench_v1,16,32,32,0.8214285714285714,True
T21_p82,8,int8_mm,D13_with_cudnn_1gb,-1,0.5362053057069571,7.957487916554599,e2e_bench_v1,16,32,32,0.8214285714285714,True
T21_p82,8,int8_mm,D14_with_cudnn_16gb,-1,0.5362053057069571,7.611184178479224,e2e_bench_v1,16,32,32,0.8214285714285714,True
T21_p82,8,int8_mm,D15_cublas_lt_1gb,-1,0.5362053057069571,8.04110613455987,e2e_bench_v1,16,32,32,0.8214285714285714,True
T21_p82,8,int8_mm,D16_all_enabled_8gb,-1,0.5362053057069571,8.04369334223502,e2e_bench_v1,16,32,32,0.8214285714285714,True
T21_p82,8,int8_mm,D17_all_enabled_16gb,-1,0.5362053057069571,7.974691518995317,e2e_bench_v1,16,32,32,0.8214285714285714,True
T21_p82,8,int8_mm,D18_edge_only_1gb,-1,0.5362053057069571,8.42972726460408,e2e_bench_v1,16,32,32,0.8214285714285714,True
T21_p82,8,int8_mm,D19_edge_only_8gb,-1,0.5362053057069571,7.648008076296529,e2e_bench_v1,16,32,32,0.8214285714285714,True
T21_p82,8,int8_mm,D1_default_4gb,-1,0.5362053057069571,7.665731191936876,e2e_bench_v1,16,32,32,0.8214285714285714,True
T21_p82,8,int8_mm,D20_edge_only_16gb,-1,0.5362053057069571,7.259965573243251,e2e_bench_v1,16,32,32,0.8214285714285714,True
T21_p82,8,int8_mm,D21_default_4gb_BL0,-1,0.5362053057069571,8.788929464446584,e2e_bench_v1,16,32,32,0.8214285714285714,True
T21_p82,8,int8_mm,D22_cublas_lt_8gb_BL0,-1,0.5362053057069571,9.873256999892382,e2e_bench_v1,16,32,32,0.8214285714285714,True
T21_p82,8,int8_mm,D23_all_enabled_4gb_BL0,-1,0.5362053057069571,11.35125317835089,e2e_bench_v1,16,32,32,0.8214285714285714,True
T21_p82,8,int8_mm,D24_edge_only_4gb_BL0,-1,0.5362053057069571,9.079312332883907,e2e_bench_v1,16,32,32,0.8214285714285714,True
T21_p82,8,int8_mm,D25_default_4gb_BL3,-1,0.5362053057069571,7.904588455506653,e2e_bench_v1,16,32,32,0.8214285714285714,True
T21_p82,8,int8_mm,D26_cublas_lt_8gb_BL3,-1,0.5362053057069571,10.062893081761006,e2e_bench_v1,16,32,32,0.8214285714285714,True
T21_p82,8,int8_mm,D27_all_enabled_4gb_BL3,-1,0.5362053057069571,8.493297514266617,e2e_bench_v1,16,32,32,0.8214285714285714,True
T21_p82,8,int8_mm,D28_edge_only_4gb_BL3,-1,0.5362053057069571,8.67326760152927,e2e_bench_v1,16,32,32,0.8214285714285714,True
T21_p82,8,int8_mm,D29_default_4gb_BL5,-1,0.5362053057069571,8.29153020189876,e2e_bench_v1,16,32,32,0.8214285714285714,True
T21_p82,8,int8_mm,D2_with_cudnn_8gb,-1,0.5362053057069571,7.682409203526227,e2e_bench_v1,16,32,32,0.8214285714285714,True
T21_p82,8,int8_mm,D30_cublas_lt_8gb_BL5,-1,0.5362053057069571,7.82264499272494,e2e_bench_v1,16,32,32,0.8214285714285714,True
T21_p82,8,int8_mm,D31_all_enabled_4gb_BL5,-1,0.5362053057069571,8.438092248599698,e2e_bench_v1,16,32,32,0.8214285714285714,True
T21_p82,8,int8_mm,D32_edge_only_4gb_BL5,-1,0.5362053057069571,7.975919105038069,e2e_bench_v1,16,32,32,0.8214285714285714,True
T21_p82,8,int8_mm,D3_cublas_lt_16gb,-1,0.5362053057069571,7.676529471731948,e2e_bench_v1,16,32,32,0.8214285714285714,True
T21_p82,8,int8_mm,D4_all_enabled_1gb,-1,0.5362053057069571,7.609336656077007,e2e_bench_v1,16,32,32,0.8214285714285714,True
T21_p82,8,int8_mm,D5_default_1gb,-1,0.5362053057069571,7.402938226181972,e2e_bench_v1,16,32,32,0.8214285714285714,True
T21_p82,8,int8_mm,D6_default_8gb,-1,0.5362053057069571,7.569249168328748,e2e_bench_v1,16,32,32,0.8214285714285714,True
T21_p82,8,int8_mm,D7_default_16gb,-1,0.5362053057069571,6.864393225393037,e2e_bench_v1,16,32,32,0.8214285714285714,True
T21_p82,8,int8_mm,D8_with_cudnn_4gb,-1,0.5362053057069571,7.964376934845822,e2e_bench_v1,16,32,32,0.8214285714285714,True
T21_p82,8,int8_mm,D9_cublas_lt_4gb,-1,0.5362053057069571,7.391458282979023,e2e_bench_v1,16,32,32,0.8214285714285714,True
T21_p82,8,int8_pc_wo,D10_cublas_lt_8gb,-1,0.5327626140400288,8.132659949089549,e2e_bench_v1,16,32,32,0.8214285714285714,True
T21_p82,8,int8_pc_wo,D11_all_enabled_4gb,-1,0.5327626140400288,8.146659421570888,e2e_bench_v1,16,32,32,0.8214285714285714,True
T21_p82,8,int8_pc_wo,D12_edge_only_4gb,-1,0.5327626140400288,7.650272387948372,e2e_bench_v1,16,32,32,0.8214285714285714,True
T21_p82,8,int8_pc_wo,D13_with_cudnn_1gb,-1,0.5327626140400288,7.292818324227035,e2e_bench_v1,16,32,32,0.8214285714285714,True
T21_p82,8,int8_pc_wo,D14_with_cudnn_16gb,-1,0.5327626140400288,8.363287842622995,e2e_bench_v1,16,32,32,0.8214285714285714,True
T21_p82,8,int8_pc_wo,D15_cublas_lt_1gb,-1,0.5327626140400288,8.031199604222484,e2e_bench_v1,16,32,32,0.8214285714285714,True
T21_p82,8,int8_pc_wo,D16_all_enabled_8gb,-1,0.5327626140400288,5.701179517030279,e2e_bench_v1,16,32,32,0.8214285714285714,True
T21_p82,8,int8_pc_wo,D17_all_enabled_16gb,-1,0.5327626140400288,8.051445516270764,e2e_bench_v1,16,32,32,0.8214285714285714,True
T21_p82,8,int8_pc_wo,D18_edge_only_1gb,-1,0.5327626140400288,7.941209636816719,e2e_bench_v1,16,32,32,0.8214285714285714,True
T21_p82,8,int8_pc_wo,D19_edge_only_8gb,-1,0.5327626140400288,8.457424900181243,e2e_bench_v1,16,32,32,0.8214285714285714,True
T21_p82,8,int8_pc_wo,D1_default_4gb,-1,0.5327626140400288,6.5777356802694245,e2e_bench_v1,16,32,32,0.8214285714285714,True
T21_p82,8,int8_pc_wo,D20_edge_only_16gb,-1,0.5327626140400288,9.178791850701444,e2e_bench_v1,16,32,32,0.8214285714285714,True
T21_p82,8,int8_pc_wo,D21_default_4gb_BL0,-1,0.5327626140400288,9.739791724293768,e2e_bench_v1,16,32,32,0.8214285714285714,True
T21_p82,8,int8_pc_wo,D22_cublas_lt_8gb_BL0,-1,0.5327626140400288,14.354904927464666,e2e_bench_v1,16,32,32,0.8214285714285714,True
T21_p82,8,int8_pc_wo,D23_all_enabled_4gb_BL0,-1,0.5327626140400288,9.274871960392586,e2e_bench_v1,16,32,32,0.8214285714285714,True
T21_p82,8,int8_pc_wo,D24_edge_only_4gb_BL0,-1,0.5327626140400288,9.949189489278256,e2e_bench_v1,16,32,32,0.8214285714285714,True
T21_p82,8,int8_pc_wo,D25_default_4gb_BL3,-1,0.5327626140400288,8.094845687956651,e2e_bench_v1,16,32,32,0.8214285714285714,True
T21_p82,8,int8_pc_wo,D26_cublas_lt_8gb_BL3,-1,0.5327626140400288,8.519092137389103,e2e_bench_v1,16,32,32,0.8214285714285714,True
T21_p82,8,int8_pc_wo,D27_all_enabled_4gb_BL3,-1,0.5327626140400288,11.917942581736229,e2e_bench_v1,16,32,32,0.8214285714285714,True
T21_p82,8,int8_pc_wo,D28_edge_only_4gb_BL3,-1,0.5327626140400288,7.763818432236616,e2e_bench_v1,16,32,32,0.8214285714285714,True
T21_p82,8,int8_pc_wo,D29_default_4gb_BL5,-1,0.5327626140400288,7.987233206442822,e2e_bench_v1,16,32,32,0.8214285714285714,True
T21_p82,8,int8_pc_wo,D2_with_cudnn_8gb,-1,0.5327626140400288,8.058309930658243,e2e_bench_v1,16,32,32,0.8214285714285714,True
T21_p82,8,int8_pc_wo,D30_cublas_lt_8gb_BL5,-1,0.5327626140400288,11.315891018916775,e2e_bench_v1,16,32,32,0.8214285714285714,True
T21_p82,8,int8_pc_wo,D31_all_enabled_4gb_BL5,-1,0.5327626140400288,10.39019331993691,e2e_bench_v1,16,32,32,0.8214285714285714,True
T21_p82,8,int8_pc_wo,D32_edge_only_4gb_BL5,-1,0.5327626140400288,10.816353461124944,e2e_bench_v1,16,32,32,0.8214285714285714,True
T21_p82,8,int8_pc_wo,D3_cublas_lt_16gb,-1,0.5327626140400288,7.9609024160542745,e2e_bench_v1,16,32,32,0.8214285714285714,True
T21_p82,8,int8_pc_wo,D4_all_enabled_1gb,-1,0.5327626140400288,7.890953337636533,e2e_bench_v1,16,32,32,0.8214285714285714,True
T21_p82,8,int8_pc_wo,D5_default_1gb,-1,0.5327626140400288,6.142204314284311,e2e_bench_v1,16,32,32,0.8214285714285714,True
T21_p82,8,int8_pc_wo,D6_default_8gb,-1,0.5327626140400288,7.557505055970882,e2e_bench_v1,16,32,32,0.8214285714285714,True
T21_p82,8,int8_pc_wo,D7_default_16gb,-1,0.5327626140400288,6.84485653522945,e2e_bench_v1,16,32,32,0.8214285714285714,True
T21_p82,8,int8_pc_wo,D8_with_cudnn_4gb,-1,0.5327626140400288,7.607733108550179,e2e_bench_v1,16,32,32,0.8214285714285714,True
T21_p82,8,int8_pc_wo,D9_cublas_lt_4gb,-1,0.5327626140400288,8.092638046242952,e2e_bench_v1,16,32,32,0.8214285714285714,True
T21_p82,8,mix_s0,D10_cublas_lt_8gb,-1,0.5362443860178981,7.949643776462377,e2e_bench_v1,16,32,32,0.8214285714285714,True
T21_p82,8,mix_s0,D11_all_enabled_4gb,-1,0.5362443860178981,8.147688256411008,e2e_bench_v1,16,32,32,0.8214285714285714,True
T21_p82,8,mix_s0,D12_edge_only_4gb,-1,0.5362443860178981,8.278399255606338,e2e_bench_v1,16,32,32,0.8214285714285714,True
T21_p82,8,mix_s0,D13_with_cudnn_1gb,-1,0.5362443860178981,7.523826076226891,e2e_bench_v1,16,32,32,0.8214285714285714,True
T21_p82,8,mix_s0,D14_with_cudnn_16gb,-1,0.5362443860178981,7.795325922576822,e2e_bench_v1,16,32,32,0.8214285714285714,True
T21_p82,8,mix_s0,D15_cublas_lt_1gb,-1,0.5362443860178981,7.811011026023164,e2e_bench_v1,16,32,32,0.8214285714285714,True
T21_p82,8,mix_s0,D16_all_enabled_8gb,-1,0.5362443860178981,8.013687378041695,e2e_bench_v1,16,32,32,0.8214285714285714,True
T21_p82,8,mix_s0,D17_all_enabled_16gb,-1,0.5362443860178981,7.67112358947215,e2e_bench_v1,16,32,32,0.8214285714285714,True
T21_p82,8,mix_s0,D18_edge_only_1gb,-1,0.5362443860178981,7.130536594270329,e2e_bench_v1,16,32,32,0.8214285714285714,True
T21_p82,8,mix_s0,D19_edge_only_8gb,-1,0.5362443860178981,8.018603159329645,e2e_bench_v1,16,32,32,0.8214285714285714,True
T21_p82,8,mix_s0,D1_default_4gb,-1,0.5362443860178981,7.087674533985399,e2e_bench_v1,16,32,32,0.8214285714285714,True
T21_p82,8,mix_s0,D20_edge_only_16gb,-1,0.5362443860178981,7.786864183072291,e2e_bench_v1,16,32,32,0.8214285714285714,True
T21_p82,8,mix_s0,D21_default_4gb_BL0,-1,0.5362443860178981,12.670401056204632,e2e_bench_v1,16,32,32,0.8214285714285714,True
T21_p82,8,mix_s0,D22_cublas_lt_8gb_BL0,-1,0.5362443860178981,9.341952841822055,e2e_bench_v1,16,32,32,0.8214285714285714,True
T21_p82,8,mix_s0,D23_all_enabled_4gb_BL0,-1,0.5362443860178981,10.194033228470712,e2e_bench_v1,16,32,32,0.8214285714285714,True
T21_p82,8,mix_s0,D24_edge_only_4gb_BL0,-1,0.5362443860178981,14.45562988961681,e2e_bench_v1,16,32,32,0.8214285714285714,True
T21_p82,8,mix_s0,D25_default_4gb_BL3,-1,0.5362443860178981,7.909821704708954,e2e_bench_v1,16,32,32,0.8214285714285714,True
T21_p82,8,mix_s0,D26_cublas_lt_8gb_BL3,-1,0.5362443860178981,9.880661371949593,e2e_bench_v1,16,32,32,0.8214285714285714,True
T21_p82,8,mix_s0,D27_all_enabled_4gb_BL3,-1,0.5362443860178981,7.527722720850211,e2e_bench_v1,16,32,32,0.8214285714285714,True
T21_p82,8,mix_s0,D28_edge_only_4gb_BL3,-1,0.5362443860178981,8.296324811071942,e2e_bench_v1,16,32,32,0.8214285714285714,True
T21_p82,8,mix_s0,D29_default_4gb_BL5,-1,0.5362443860178981,7.786864183072291,e2e_bench_v1,16,32,32,0.8214285714285714,True
T21_p82,8,mix_s0,D2_with_cudnn_8gb,-1,0.5362443860178981,8.223474566026688,e2e_bench_v1,16,32,32,0.8214285714285714,True
T21_p82,8,mix_s0,D30_cublas_lt_8gb_BL5,-1,0.5362443860178981,8.379981899239098,e2e_bench_v1,16,32,32,0.8214285714285714,True
T21_p82,8,mix_s0,D31_all_enabled_4gb_BL5,-1,0.5362443860178981,8.366366537211087,e2e_bench_v1,16,32,32,0.8214285714285714,True
T21_p82,8,mix_s0,D32_edge_only_4gb_BL5,-1,0.5362443860178981,11.489934243106326,e2e_bench_v1,16,32,32,0.8214285714285714,True
T21_p82,8,mix_s0,D3_cublas_lt_16gb,-1,0.5362443860178981,8.239322661762621,e2e_bench_v1,16,32,32,0.8214285714285714,True
T21_p82,8,mix_s0,D4_all_enabled_1gb,-1,0.5362443860178981,7.7955872298926465,e2e_bench_v1,16,32,32,0.8214285714285714,True
T21_p82,8,mix_s0,D5_default_1gb,-1,0.5362443860178981,6.8146026030419025,e2e_bench_v1,16,32,32,0.8214285714285714,True
T21_p82,8,mix_s0,D6_default_8gb,-1,0.5362443860178981,7.865716488114902,e2e_bench_v1,16,32,32,0.8214285714285714,True
T21_p82,8,mix_s0,D7_default_16gb,-1,0.5362443860178981,7.841661177503842,e2e_bench_v1,16,32,32,0.8214285714285714,True
T21_p82,8,mix_s0,D8_with_cudnn_4gb,-1,0.5362443860178981,7.72896080257529,e2e_bench_v1,16,32,32,0.8214285714285714,True
T21_p82,8,mix_s0,D9_cublas_lt_4gb,-1,0.5362443860178981,7.890741635024793,e2e_bench_v1,16,32,32,0.8214285714285714,True
T21_p82,8,mix_s2,D10_cublas_lt_8gb,-1,0.5366935615691313,7.533126925655569,e2e_bench_v1,16,32,32,0.8214285714285714,True
T21_p82,8,mix_s2,D11_all_enabled_4gb,-1,0.5366935615691313,7.97725524983168,e2e_bench_v1,16,32,32,0.8214285714285714,True
T21_p82,8,mix_s2,D12_edge_only_4gb,-1,0.5366935615691313,7.6799488822602395,e2e_bench_v1,16,32,32,0.8214285714285714,True
T21_p82,8,mix_s2,D13_with_cudnn_1gb,-1,0.5366935615691313,8.332951406393875,e2e_bench_v1,16,32,32,0.8214285714285714,True
T21_p82,8,mix_s2,D14_with_cudnn_16gb,-1,0.5366935615691313,8.200687217588834,e2e_bench_v1,16,32,32,0.8214285714285714,True
T21_p82,8,mix_s2,D15_cublas_lt_1gb,-1,0.5366935615691313,7.923001106050955,e2e_bench_v1,16,32,32,0.8214285714285714,True
T21_p82,8,mix_s2,D16_all_enabled_8gb,-1,0.5366935615691313,8.246633724113817,e2e_bench_v1,16,32,32,0.8214285714285714,True
T21_p82,8,mix_s2,D17_all_enabled_16gb,-1,0.5366935615691313,8.294714524957552,e2e_bench_v1,16,32,32,0.8214285714285714,True
T21_p82,8,mix_s2,D18_edge_only_1gb,-1,0.5366935615691313,7.860300452124482,e2e_bench_v1,16,32,32,0.8214285714285714,True
T21_p82,8,mix_s2,D19_edge_only_8gb,-1,0.5366935615691313,7.806395155038911,e2e_bench_v1,16,32,32,0.8214285714285714,True
T21_p82,8,mix_s2,D1_default_4gb,-1,0.5366935615691313,7.5152992704898995,e2e_bench_v1,16,32,32,0.8214285714285714,True
T21_p82,8,mix_s2,D20_edge_only_16gb,-1,0.5366935615691313,7.62613047851681,e2e_bench_v1,16,32,32,0.8214285714285714,True
T21_p82,8,mix_s2,D21_default_4gb_BL0,-1,0.5366935615691313,9.612519345195182,e2e_bench_v1,16,32,32,0.8214285714285714,True
T21_p82,8,mix_s2,D22_cublas_lt_8gb_BL0,-1,0.5366935615691313,10.46241794848724,e2e_bench_v1,16,32,32,0.8214285714285714,True
T21_p82,8,mix_s2,D23_all_enabled_4gb_BL0,-1,0.5366935615691313,12.103914526997176,e2e_bench_v1,16,32,32,0.8214285714285714,True
T21_p82,8,mix_s2,D24_edge_only_4gb_BL0,-1,0.5366935615691313,9.699706777864105,e2e_bench_v1,16,32,32,0.8214285714285714,True
T21_p82,8,mix_s2,D25_default_4gb_BL3,-1,0.5366935615691313,7.7920883809832535,e2e_bench_v1,16,32,32,0.8214285714285714,True
T21_p82,8,mix_s2,D26_cublas_lt_8gb_BL3,-1,0.5366935615691313,10.389912641614508,e2e_bench_v1,16,32,32,0.8214285714285714,True
T21_p82,8,mix_s2,D27_all_enabled_4gb_BL3,-1,0.5366935615691313,7.534171233630129,e2e_bench_v1,16,32,32,0.8214285714285714,True
T21_p82,8,mix_s2,D28_edge_only_4gb_BL3,-1,0.5366935615691313,7.96648341099327,e2e_bench_v1,16,32,32,0.8214285714285714,True
T21_p82,8,mix_s2,D29_default_4gb_BL5,-1,0.5366935615691313,8.768399390070138,e2e_bench_v1,16,32,32,0.8214285714285714,True
T21_p82,8,mix_s2,D2_with_cudnn_8gb,-1,0.5366935615691313,7.736602718487464,e2e_bench_v1,16,32,32,0.8214285714285714,True
T21_p82,8,mix_s2,D30_cublas_lt_8gb_BL5,-1,0.5366935615691313,11.462644959473819,e2e_bench_v1,16,32,32,0.8214285714285714,True
T21_p82,8,mix_s2,D31_all_enabled_4gb_BL5,-1,0.5366935615691313,8.363798469257604,e2e_bench_v1,16,32,32,0.8214285714285714,True
T21_p82,8,mix_s2,D32_edge_only_4gb_BL5,-1,0.5366935615691313,8.436291237646106,e2e_bench_v1,16,32,32,0.8214285714285714,True
T21_p82,8,mix_s2,D3_cublas_lt_16gb,-1,0.5366935615691313,8.461160312758329,e2e_bench_v1,16,32,32,0.8214285714285714,True
T21_p82,8,mix_s2,D4_all_enabled_1gb,-1,0.5366935615691313,8.145206220331087,e2e_bench_v1,16,32,32,0.8214285714285714,True
T21_p82,8,mix_s2,D5_default_1gb,-1,0.5366935615691313,8.056550539547189,e2e_bench_v1,16,32,32,0.8214285714285714,True
T21_p82,8,mix_s2,D6_default_8gb,-1,0.5366935615691313,7.937944326433672,e2e_bench_v1,16,32,32,0.8214285714285714,True
T21_p82,8,mix_s2,D7_default_16gb,-1,0.5366935615691313,8.323906509211652,e2e_bench_v1,16,32,32,0.8214285714285714,True
T21_p82,8,mix_s2,D8_with_cudnn_4gb,-1,0.5366935615691313,7.8633537832954055,e2e_bench_v1,16,32,32,0.8214285714285714,True
T21_p82,8,mix_s2,D9_cublas_lt_4gb,-1,0.5366935615691313,7.805383685343128,e2e_bench_v1,16,32,32,0.8214285714285714,True
T22_p89,8,fp16,D10_cublas_lt_8gb,-1,0.5408989080616167,7.584968715796532,e2e_bench_v1,16,16,16,0.8928571428571429,True
T22_p89,8,fp16,D11_all_enabled_4gb,-1,0.5408989080616167,7.920867366660119,e2e_bench_v1,16,16,16,0.8928571428571429,True
T22_p89,8,fp16,D12_edge_only_4gb,-1,0.5408989080616167,7.746743462716861,e2e_bench_v1,16,16,16,0.8928571428571429,True
T22_p89,8,fp16,D13_with_cudnn_1gb,-1,0.5408989080616167,8.572080049512335,e2e_bench_v1,16,16,16,0.8928571428571429,True
T22_p89,8,fp16,D14_with_cudnn_16gb,-1,0.5408989080616167,8.102105980407487,e2e_bench_v1,16,16,16,0.8928571428571429,True
T22_p89,8,fp16,D15_cublas_lt_1gb,-1,0.5408989080616167,7.949454190475282,e2e_bench_v1,16,16,16,0.8928571428571429,True
T22_p89,8,fp16,D16_all_enabled_8gb,-1,0.5408989080616167,8.079476191399559,e2e_bench_v1,16,16,16,0.8928571428571429,True
T22_p89,8,fp16,D17_all_enabled_16gb,-1,0.5408989080616167,8.777442674521893,e2e_bench_v1,16,16,16,0.8928571428571429,True
T22_p89,8,fp16,D18_edge_only_1gb,-1,0.5408989080616167,9.752948072378578,e2e_bench_v1,16,16,16,0.8928571428571429,True
T22_p89,8,fp16,D19_edge_only_8gb,-1,0.5408989080616167,7.925424921657175,e2e_bench_v1,16,16,16,0.8928571428571429,True
T22_p89,8,fp16,D1_default_4gb,-1,0.5408989080616167,7.344085073881496,e2e_bench_v1,16,16,16,0.8928571428571429,True
T22_p89,8,fp16,D20_edge_only_16gb,-1,0.5408989080616167,8.184444644508647,e2e_bench_v1,16,16,16,0.8928571428571429,True
T22_p89,8,fp16,D21_default_4gb_BL0,-1,0.5408989080616167,11.825698662276967,e2e_bench_v1,16,16,16,0.8928571428571429,True
T22_p89,8,fp16,D22_cublas_lt_8gb_BL0,-1,0.5408989080616167,8.894984918553071,e2e_bench_v1,16,16,16,0.8928571428571429,True
T22_p89,8,fp16,D23_all_enabled_4gb_BL0,-1,0.5408989080616167,9.017848125009017,e2e_bench_v1,16,16,16,0.8928571428571429,True
T22_p89,8,fp16,D24_edge_only_4gb_BL0,-1,0.5408989080616167,9.15755108768813,e2e_bench_v1,16,16,16,0.8928571428571429,True
T22_p89,8,fp16,D25_default_4gb_BL3,-1,0.5408989080616167,9.913475188554298,e2e_bench_v1,16,16,16,0.8928571428571429,True
T22_p89,8,fp16,D26_cublas_lt_8gb_BL3,-1,0.5408989080616167,8.306317037169938,e2e_bench_v1,16,16,16,0.8928571428571429,True
T22_p89,8,fp16,D27_all_enabled_4gb_BL3,-1,0.5408989080616167,7.617614056630867,e2e_bench_v1,16,16,16,0.8928571428571429,True
T22_p89,8,fp16,D28_edge_only_4gb_BL3,-1,0.5408989080616167,7.895725885663572,e2e_bench_v1,16,16,16,0.8928571428571429,True
T22_p89,8,fp16,D29_default_4gb_BL5,-1,0.5408989080616167,7.645973095349872,e2e_bench_v1,16,16,16,0.8928571428571429,True
T22_p89,8,fp16,D2_with_cudnn_8gb,-1,0.5408989080616167,8.113583680662328,e2e_bench_v1,16,16,16,0.8928571428571429,True
T22_p89,8,fp16,D30_cublas_lt_8gb_BL5,-1,0.5408989080616167,9.777914234003088,e2e_bench_v1,16,16,16,0.8928571428571429,True
T22_p89,8,fp16,D31_all_enabled_4gb_BL5,-1,0.5408989080616167,11.184981701369935,e2e_bench_v1,16,16,16,0.8928571428571429,True
T22_p89,8,fp16,D32_edge_only_4gb_BL5,-1,0.5408989080616167,10.413152227789787,e2e_bench_v1,16,16,16,0.8928571428571429,True
T22_p89,8,fp16,D3_cublas_lt_16gb,-1,0.5408989080616167,8.230330744071281,e2e_bench_v1,16,16,16,0.8928571428571429,True
T22_p89,8,fp16,D4_all_enabled_1gb,-1,0.5408989080616167,7.359099010789911,e2e_bench_v1,16,16,16,0.8928571428571429,True
T22_p89,8,fp16,D5_default_1gb,-1,0.5408989080616167,7.519526329997421,e2e_bench_v1,16,16,16,0.8928571428571429,True
T22_p89,8,fp16,D6_default_8gb,-1,0.5408989080616167,7.3749630329977975,e2e_bench_v1,16,16,16,0.8928571428571429,True
T22_p89,8,fp16,D7_default_16gb,-1,0.5408989080616167,7.297363170791867,e2e_bench_v1,16,16,16,0.8928571428571429,True
T22_p89,8,fp16,D8_with_cudnn_4gb,-1,0.5408989080616167,7.934750955939121,e2e_bench_v1,16,16,16,0.8928571428571429,True
T22_p89,8,fp16,D9_cublas_lt_4gb,-1,0.5408989080616167,7.766887738181321,e2e_bench_v1,16,16,16,0.8928571428571429,True
T22_p89,8,fp32,D10_cublas_lt_8gb,-1,0.5412292349943818,9.491177950095386,e2e_bench_v1,16,16,16,0.8928571428571429,True
T22_p89,8,fp32,D11_all_enabled_4gb,-1,0.5412292349943818,9.473428926546822,e2e_bench_v1,16,16,16,0.8928571428571429,True
T22_p89,8,fp32,D12_edge_only_4gb,-1,0.5412292349943818,9.439661682525298,e2e_bench_v1,16,16,16,0.8928571428571429,True
T22_p89,8,fp32,D13_with_cudnn_1gb,-1,0.5412292349943818,10.093261738463402,e2e_bench_v1,16,16,16,0.8928571428571429,True
T22_p89,8,fp32,D14_with_cudnn_16gb,-1,0.5412292349943818,9.441729422694896,e2e_bench_v1,16,16,16,0.8928571428571429,True
T22_p89,8,fp32,D15_cublas_lt_1gb,-1,0.5412292349943818,8.745371512127207,e2e_bench_v1,16,16,16,0.8928571428571429,True
T22_p89,8,fp32,D16_all_enabled_8gb,-1,0.5412292349943818,9.360088209471286,e2e_bench_v1,16,16,16,0.8928571428571429,True
T22_p89,8,fp32,D17_all_enabled_16gb,-1,0.5412292349943818,9.223637230658262,e2e_bench_v1,16,16,16,0.8928571428571429,True
T22_p89,8,fp32,D18_edge_only_1gb,-1,0.5412292349943818,9.009041474023329,e2e_bench_v1,16,16,16,0.8928571428571429,True
T22_p89,8,fp32,D19_edge_only_8gb,-1,0.5412292349943818,9.74088277724257,e2e_bench_v1,16,16,16,0.8928571428571429,True
T22_p89,8,fp32,D1_default_4gb,-1,0.5412292349943818,9.733648443978959,e2e_bench_v1,16,16,16,0.8928571428571429,True
T22_p89,8,fp32,D20_edge_only_16gb,-1,0.5412292349943818,9.942502507996258,e2e_bench_v1,16,16,16,0.8928571428571429,True
T22_p89,8,fp32,D21_default_4gb_BL0,-1,0.5412292349943818,12.500421889238762,e2e_bench_v1,16,16,16,0.8928571428571429,True
T22_p89,8,fp32,D22_cublas_lt_8gb_BL0,-1,0.5412292349943818,13.12775272564966,e2e_bench_v1,16,16,16,0.8928571428571429,True
T22_p89,8,fp32,D23_all_enabled_4gb_BL0,-1,0.5412292349943818,12.204841172299403,e2e_bench_v1,16,16,16,0.8928571428571429,True
T22_p89,8,fp32,D24_edge_only_4gb_BL0,-1,0.5412292349943818,12.06044211168693,e2e_bench_v1,16,16,16,0.8928571428571429,True
T22_p89,8,fp32,D25_default_4gb_BL3,-1,0.5412292349943818,9.949912142275783,e2e_bench_v1,16,16,16,0.8928571428571429,True
T22_p89,8,fp32,D26_cublas_lt_8gb_BL3,-1,0.5412292349943818,11.785003818341238,e2e_bench_v1,16,16,16,0.8928571428571429,True
T22_p89,8,fp32,D27_all_enabled_4gb_BL3,-1,0.5412292349943818,8.575888033205839,e2e_bench_v1,16,16,16,0.8928571428571429,True
T22_p89,8,fp32,D28_edge_only_4gb_BL3,-1,0.5412292349943818,9.662778686615795,e2e_bench_v1,16,16,16,0.8928571428571429,True
T22_p89,8,fp32,D29_default_4gb_BL5,-1,0.5412292349943818,9.853595281310293,e2e_bench_v1,16,16,16,0.8928571428571429,True
T22_p89,8,fp32,D2_with_cudnn_8gb,-1,0.5412292349943818,9.627020350558318,e2e_bench_v1,16,16,16,0.8928571428571429,True
T22_p89,8,fp32,D30_cublas_lt_8gb_BL5,-1,0.5412292349943818,10.643234521544034,e2e_bench_v1,16,16,16,0.8928571428571429,True
T22_p89,8,fp32,D31_all_enabled_4gb_BL5,-1,0.5412292349943818,9.820356223601655,e2e_bench_v1,16,16,16,0.8928571428571429,True
T22_p89,8,fp32,D32_edge_only_4gb_BL5,-1,0.5412292349943818,9.55893177025681,e2e_bench_v1,16,16,16,0.8928571428571429,True
T22_p89,8,fp32,D3_cublas_lt_16gb,-1,0.5412292349943818,9.897041081627826,e2e_bench_v1,16,16,16,0.8928571428571429,True
T22_p89,8,fp32,D4_all_enabled_1gb,-1,0.5412292349943818,9.17899405568345,e2e_bench_v1,16,16,16,0.8928571428571429,True
T22_p89,8,fp32,D5_default_1gb,-1,0.5412292349943818,8.679696627243485,e2e_bench_v1,16,16,16,0.8928571428571429,True
T22_p89,8,fp32,D6_default_8gb,-1,0.5412292349943818,8.370575418465991,e2e_bench_v1,16,16,16,0.8928571428571429,True
T22_p89,8,fp32,D7_default_16gb,-1,0.5412292349943818,9.625973185889094,e2e_bench_v1,16,16,16,0.8928571428571429,True
T22_p89,8,fp32,D8_with_cudnn_4gb,-1,0.5412292349943818,9.95798725178472,e2e_bench_v1,16,16,16,0.8928571428571429,True
T22_p89,8,fp32,D9_cublas_lt_4gb,-1,0.5412292349943818,9.497596158412305,e2e_bench_v1,16,16,16,0.8928571428571429,True
T22_p89,8,int8_ent,D10_cublas_lt_8gb,-1,0.4583686381420471,8.121273350691203,e2e_bench_v1,16,16,16,0.8928571428571429,True
T22_p89,8,int8_ent,D11_all_enabled_4gb,-1,0.4583686381420471,7.780980948268149,e2e_bench_v1,16,16,16,0.8928571428571429,True
T22_p89,8,int8_ent,D12_edge_only_4gb,-1,0.4583686381420471,7.3826182160198375,e2e_bench_v1,16,16,16,0.8928571428571429,True
T22_p89,8,int8_ent,D13_with_cudnn_1gb,-1,0.4583686381420471,7.290781899904855,e2e_bench_v1,16,16,16,0.8928571428571429,True
T22_p89,8,int8_ent,D14_with_cudnn_16gb,-1,0.4583686381420471,7.956848419650552,e2e_bench_v1,16,16,16,0.8928571428571429,True
T22_p89,8,int8_ent,D15_cublas_lt_1gb,-1,0.4583686381420471,7.439413417130886,e2e_bench_v1,16,16,16,0.8928571428571429,True
T22_p89,8,int8_ent,D16_all_enabled_8gb,-1,0.4583686381420471,9.165230780511052,e2e_bench_v1,16,16,16,0.8928571428571429,True
T22_p89,8,int8_ent,D17_all_enabled_16gb,-1,0.4583686381420471,7.128223917472275,e2e_bench_v1,16,16,16,0.8928571428571429,True
T22_p89,8,int8_ent,D18_edge_only_1gb,-1,0.4583686381420471,7.4487007976068815,e2e_bench_v1,16,16,16,0.8928571428571429,True
T22_p89,8,int8_ent,D19_edge_only_8gb,-1,0.4583686381420471,7.431976972762548,e2e_bench_v1,16,16,16,0.8928571428571429,True
T22_p89,8,int8_ent,D1_default_4gb,-1,0.4583686381420471,6.4397388557099235,e2e_bench_v1,16,16,16,0.8928571428571429,True
T22_p89,8,int8_ent,D20_edge_only_16gb,-1,0.4583686381420471,7.071985742876743,e2e_bench_v1,16,16,16,0.8928571428571429,True
T22_p89,8,int8_ent,D21_default_4gb_BL0,-1,0.4583686381420471,7.5841115895842846,e2e_bench_v1,16,16,16,0.8928571428571429,True
T22_p89,8,int8_ent,D22_cublas_lt_8gb_BL0,-1,0.4583686381420471,6.9109885408899,e2e_bench_v1,16,16,16,0.8928571428571429,True
T22_p89,8,int8_ent,D23_all_enabled_4gb_BL0,-1,0.4583686381420471,9.094348408125255,e2e_bench_v1,16,16,16,0.8928571428571429,True
T22_p89,8,int8_ent,D24_edge_only_4gb_BL0,-1,0.4583686381420471,10.918210592629553,e2e_bench_v1,16,16,16,0.8928571428571429,True
T22_p89,8,int8_ent,D25_default_4gb_BL3,-1,0.4583686381420471,7.118653720208434,e2e_bench_v1,16,16,16,0.8928571428571429,True
T22_p89,8,int8_ent,D26_cublas_lt_8gb_BL3,-1,0.4583686381420471,10.249902882170192,e2e_bench_v1,16,16,16,0.8928571428571429,True
T22_p89,8,int8_ent,D27_all_enabled_4gb_BL3,-1,0.4583686381420471,5.596778941783424,e2e_bench_v1,16,16,16,0.8928571428571429,True
T22_p89,8,int8_ent,D28_edge_only_4gb_BL3,-1,0.4583686381420471,6.532724047937129,e2e_bench_v1,16,16,16,0.8928571428571429,True
T22_p89,8,int8_ent,D29_default_4gb_BL5,-1,0.4583686381420471,7.628032715106708,e2e_bench_v1,16,16,16,0.8928571428571429,True
T22_p89,8,int8_ent,D2_with_cudnn_8gb,-1,0.4583686381420471,6.147483036020562,e2e_bench_v1,16,16,16,0.8928571428571429,True
T22_p89,8,int8_ent,D30_cublas_lt_8gb_BL5,-1,0.4583686381420471,9.32114128053839,e2e_bench_v1,16,16,16,0.8928571428571429,True
T22_p89,8,int8_ent,D31_all_enabled_4gb_BL5,-1,0.4583686381420471,7.683235564160779,e2e_bench_v1,16,16,16,0.8928571428571429,True
T22_p89,8,int8_ent,D32_edge_only_4gb_BL5,-1,0.4583686381420471,7.418265550168246,e2e_bench_v1,16,16,16,0.8928571428571429,True
T22_p89,8,int8_ent,D3_cublas_lt_16gb,-1,0.4583686381420471,8.076911582856594,e2e_bench_v1,16,16,16,0.8928571428571429,True
T22_p89,8,int8_ent,D4_all_enabled_1gb,-1,0.4583686381420471,6.904975794607352,e2e_bench_v1,16,16,16,0.8928571428571429,True
T22_p89,8,int8_ent,D5_default_1gb,-1,0.4583686381420471,8.107998540560263,e2e_bench_v1,16,16,16,0.8928571428571429,True
T22_p89,8,int8_ent,D6_default_8gb,-1,0.4583686381420471,6.668342643451054,e2e_bench_v1,16,16,16,0.8928571428571429,True
T22_p89,8,int8_ent,D7_default_16gb,-1,0.4583686381420471,7.2959735710653355,e2e_bench_v1,16,16,16,0.8928571428571429,True
T22_p89,8,int8_ent,D8_with_cudnn_4gb,-1,0.4583686381420471,7.803550303245964,e2e_bench_v1,16,16,16,0.8928571428571429,True
T22_p89,8,int8_ent,D9_cublas_lt_4gb,-1,0.4583686381420471,7.196248164057187,e2e_bench_v1,16,16,16,0.8928571428571429,True
T22_p89,8,int8_mm,D10_cublas_lt_8gb,-1,0.5420238002553952,8.037002358860192,e2e_bench_v1,16,16,16,0.8928571428571429,True
T22_p89,8,int8_mm,D11_all_enabled_4gb,-1,0.5420238002553952,7.881295085933701,e2e_bench_v1,16,16,16,0.8928571428571429,True
T22_p89,8,int8_mm,D12_edge_only_4gb,-1,0.5420238002553952,7.62026105490322,e2e_bench_v1,16,16,16,0.8928571428571429,True
T22_p89,8,int8_mm,D13_with_cudnn_1gb,-1,0.5420238002553952,7.7610346390498,e2e_bench_v1,16,16,16,0.8928571428571429,True
T22_p89,8,int8_mm,D14_with_cudnn_16gb,-1,0.5420238002553952,7.835915920622171,e2e_bench_v1,16,16,16,0.8928571428571429,True
T22_p89,8,int8_mm,D15_cublas_lt_1gb,-1,0.5420238002553952,7.157863091552648,e2e_bench_v1,16,16,16,0.8928571428571429,True
T22_p89,8,int8_mm,D16_all_enabled_8gb,-1,0.5420238002553952,8.951758080528226,e2e_bench_v1,16,16,16,0.8928571428571429,True
T22_p89,8,int8_mm,D17_all_enabled_16gb,-1,0.5420238002553952,7.599875666034104,e2e_bench_v1,16,16,16,0.8928571428571429,True
T22_p89,8,int8_mm,D18_edge_only_1gb,-1,0.5420238002553952,8.117654030455814,e2e_bench_v1,16,16,16,0.8928571428571429,True
T22_p89,8,int8_mm,D19_edge_only_8gb,-1,0.5420238002553952,7.087684581025702,e2e_bench_v1,16,16,16,0.8928571428571429,True
T22_p89,8,int8_mm,D1_default_4gb,-1,0.5420238002553952,7.946984079806793,e2e_bench_v1,16,16,16,0.8928571428571429,True
T22_p89,8,int8_mm,D20_edge_only_16gb,-1,0.5420238002553952,7.062820254755927,e2e_bench_v1,16,16,16,0.8928571428571429,True
T22_p89,8,int8_mm,D21_default_4gb_BL0,-1,0.5420238002553952,12.71106727205243,e2e_bench_v1,16,16,16,0.8928571428571429,True
T22_p89,8,int8_mm,D22_cublas_lt_8gb_BL0,-1,0.5420238002553952,10.670434041245496,e2e_bench_v1,16,16,16,0.8928571428571429,True
T22_p89,8,int8_mm,D23_all_enabled_4gb_BL0,-1,0.5420238002553952,8.686195550583191,e2e_bench_v1,16,16,16,0.8928571428571429,True
T22_p89,8,int8_mm,D24_edge_only_4gb_BL0,-1,0.5420238002553952,8.022887694013482,e2e_bench_v1,16,16,16,0.8928571428571429,True
T22_p89,8,int8_mm,D25_default_4gb_BL3,-1,0.5420238002553952,7.508606740476271,e2e_bench_v1,16,16,16,0.8928571428571429,True
T22_p89,8,int8_mm,D26_cublas_lt_8gb_BL3,-1,0.5420238002553952,7.680656726872774,e2e_bench_v1,16,16,16,0.8928571428571429,True
T22_p89,8,int8_mm,D27_all_enabled_4gb_BL3,-1,0.5420238002553952,9.664992045711546,e2e_bench_v1,16,16,16,0.8928571428571429,True
T22_p89,8,int8_mm,D28_edge_only_4gb_BL3,-1,0.5420238002553952,7.463956553801691,e2e_bench_v1,16,16,16,0.8928571428571429,True
T22_p89,8,int8_mm,D29_default_4gb_BL5,-1,0.5420238002553952,8.651858722068555,e2e_bench_v1,16,16,16,0.8928571428571429,True
T22_p89,8,int8_mm,D2_with_cudnn_8gb,-1,0.5420238002553952,7.941733092645875,e2e_bench_v1,16,16,16,0.8928571428571429,True
T22_p89,8,int8_mm,D30_cublas_lt_8gb_BL5,-1,0.5420238002553952,7.022052756682361,e2e_bench_v1,16,16,16,0.8928571428571429,True
T22_p89,8,int8_mm,D31_all_enabled_4gb_BL5,-1,0.5420238002553952,7.931937629588031,e2e_bench_v1,16,16,16,0.8928571428571429,True
T22_p89,8,int8_mm,D32_edge_only_4gb_BL5,-1,0.5420238002553952,8.10642109615026,e2e_bench_v1,16,16,16,0.8928571428571429,True
T22_p89,8,int8_mm,D3_cublas_lt_16gb,-1,0.5420238002553952,6.8607057196331445,e2e_bench_v1,16,16,16,0.8928571428571429,True
T22_p89,8,int8_mm,D4_all_enabled_1gb,-1,0.5420238002553952,7.578662729804001,e2e_bench_v1,16,16,16,0.8928571428571429,True
T22_p89,8,int8_mm,D5_default_1gb,-1,0.5420238002553952,7.695924776952861,e2e_bench_v1,16,16,16,0.8928571428571429,True
T22_p89,8,int8_mm,D6_default_8gb,-1,0.5420238002553952,7.626508523385926,e2e_bench_v1,16,16,16,0.8928571428571429,True
T22_p89,8,int8_mm,D7_default_16gb,-1,0.5420238002553952,7.725437935762984,e2e_bench_v1,16,16,16,0.8928571428571429,True
T22_p89,8,int8_mm,D8_with_cudnn_4gb,-1,0.5420238002553952,7.439380210355914,e2e_bench_v1,16,16,16,0.8928571428571429,True
T22_p89,8,int8_mm,D9_cublas_lt_4gb,-1,0.5420238002553952,7.357810315650063,e2e_bench_v1,16,16,16,0.8928571428571429,True
T22_p89,8,int8_pc_wo,D10_cublas_lt_8gb,-1,0.5403123344935216,6.954934804441143,e2e_bench_v1,16,16,16,0.8928571428571429,True
T22_p89,8,int8_pc_wo,D11_all_enabled_4gb,-1,0.5403123344935216,6.061406901032986,e2e_bench_v1,16,16,16,0.8928571428571429,True
T22_p89,8,int8_pc_wo,D12_edge_only_4gb,-1,0.5403123344935216,8.140240055679241,e2e_bench_v1,16,16,16,0.8928571428571429,True
T22_p89,8,int8_pc_wo,D13_with_cudnn_1gb,-1,0.5403123344935216,10.438195444771507,e2e_bench_v1,16,16,16,0.8928571428571429,True
T22_p89,8,int8_pc_wo,D14_with_cudnn_16gb,-1,0.5403123344935216,8.310817942391072,e2e_bench_v1,16,16,16,0.8928571428571429,True
T22_p89,8,int8_pc_wo,D15_cublas_lt_1gb,-1,0.5403123344935216,8.213093642408474,e2e_bench_v1,16,16,16,0.8928571428571429,True
T22_p89,8,int8_pc_wo,D16_all_enabled_8gb,-1,0.5403123344935216,7.721149154070899,e2e_bench_v1,16,16,16,0.8928571428571429,True
T22_p89,8,int8_pc_wo,D17_all_enabled_16gb,-1,0.5403123344935216,7.400604333349861,e2e_bench_v1,16,16,16,0.8928571428571429,True
T22_p89,8,int8_pc_wo,D18_edge_only_1gb,-1,0.5403123344935216,8.3433523088976,e2e_bench_v1,16,16,16,0.8928571428571429,True
T22_p89,8,int8_pc_wo,D19_edge_only_8gb,-1,0.5403123344935216,8.132501215808933,e2e_bench_v1,16,16,16,0.8928571428571429,True
T22_p89,8,int8_pc_wo,D1_default_4gb,-1,0.5403123344935216,7.47629453909018,e2e_bench_v1,16,16,16,0.8928571428571429,True
T22_p89,8,int8_pc_wo,D20_edge_only_16gb,-1,0.5403123344935216,7.806254996003198,e2e_bench_v1,16,16,16,0.8928571428571429,True
T22_p89,8,int8_pc_wo,D21_default_4gb_BL0,-1,0.5403123344935216,12.928849952938986,e2e_bench_v1,16,16,16,0.8928571428571429,True
T22_p89,8,int8_pc_wo,D22_cublas_lt_8gb_BL0,-1,0.5403123344935216,9.875519081971747,e2e_bench_v1,16,16,16,0.8928571428571429,True
T22_p89,8,int8_pc_wo,D23_all_enabled_4gb_BL0,-1,0.5403123344935216,10.009028143385333,e2e_bench_v1,16,16,16,0.8928571428571429,True
T22_p89,8,int8_pc_wo,D24_edge_only_4gb_BL0,-1,0.5403123344935216,9.24309240596771,e2e_bench_v1,16,16,16,0.8928571428571429,True
T22_p89,8,int8_pc_wo,D25_default_4gb_BL3,-1,0.5403123344935216,8.025179804153511,e2e_bench_v1,16,16,16,0.8928571428571429,True
T22_p89,8,int8_pc_wo,D26_cublas_lt_8gb_BL3,-1,0.5403123344935216,10.571360914718717,e2e_bench_v1,16,16,16,0.8928571428571429,True
T22_p89,8,int8_pc_wo,D27_all_enabled_4gb_BL3,-1,0.5403123344935216,7.48597689378372,e2e_bench_v1,16,16,16,0.8928571428571429,True
T22_p89,8,int8_pc_wo,D28_edge_only_4gb_BL3,-1,0.5403123344935216,7.579185434624598,e2e_bench_v1,16,16,16,0.8928571428571429,True
T22_p89,8,int8_pc_wo,D29_default_4gb_BL5,-1,0.5403123344935216,11.469547205215433,e2e_bench_v1,16,16,16,0.8928571428571429,True
T22_p89,8,int8_pc_wo,D2_with_cudnn_8gb,-1,0.5403123344935216,7.776285594975275,e2e_bench_v1,16,16,16,0.8928571428571429,True
T22_p89,8,int8_pc_wo,D30_cublas_lt_8gb_BL5,-1,0.5403123344935216,8.120402836943935,e2e_bench_v1,16,16,16,0.8928571428571429,True
T22_p89,8,int8_pc_wo,D31_all_enabled_4gb_BL5,-1,0.5403123344935216,7.442281386705406,e2e_bench_v1,16,16,16,0.8928571428571429,True
T22_p89,8,int8_pc_wo,D32_edge_only_4gb_BL5,-1,0.5403123344935216,7.9280262068834295,e2e_bench_v1,16,16,16,0.8928571428571429,True
T22_p89,8,int8_pc_wo,D3_cublas_lt_16gb,-1,0.5403123344935216,8.010253123998718,e2e_bench_v1,16,16,16,0.8928571428571429,True
T22_p89,8,int8_pc_wo,D4_all_enabled_1gb,-1,0.5403123344935216,6.626417804919585,e2e_bench_v1,16,16,16,0.8928571428571429,True
T22_p89,8,int8_pc_wo,D5_default_1gb,-1,0.5403123344935216,7.260002468400838,e2e_bench_v1,16,16,16,0.8928571428571429,True
T22_p89,8,int8_pc_wo,D6_default_8gb,-1,0.5403123344935216,7.854200897892246,e2e_bench_v1,16,16,16,0.8928571428571429,True
T22_p89,8,int8_pc_wo,D7_default_16gb,-1,0.5403123344935216,6.68919140385391,e2e_bench_v1,16,16,16,0.8928571428571429,True
T22_p89,8,int8_pc_wo,D8_with_cudnn_4gb,-1,0.5403123344935216,7.320622780021141,e2e_bench_v1,16,16,16,0.8928571428571429,True
T22_p89,8,int8_pc_wo,D9_cublas_lt_4gb,-1,0.5403123344935216,7.674443948163735,e2e_bench_v1,16,16,16,0.8928571428571429,True
T22_p89,8,mix_s0,D10_cublas_lt_8gb,-1,0.5411294544317754,7.802563922504935,e2e_bench_v1,16,16,16,0.8928571428571429,True
T22_p89,8,mix_s0,D11_all_enabled_4gb,-1,0.5411294544317754,7.916014255158471,e2e_bench_v1,16,16,16,0.8928571428571429,True
T22_p89,8,mix_s0,D12_edge_only_4gb,-1,0.5411294544317754,7.758132462353663,e2e_bench_v1,16,16,16,0.8928571428571429,True
T22_p89,8,mix_s0,D13_with_cudnn_1gb,-1,0.5411294544317754,7.766785187808632,e2e_bench_v1,16,16,16,0.8928571428571429,True
T22_p89,8,mix_s0,D14_with_cudnn_16gb,-1,0.5411294544317754,9.508387824319223,e2e_bench_v1,16,16,16,0.8928571428571429,True
T22_p89,8,mix_s0,D15_cublas_lt_1gb,-1,0.5411294544317754,7.41678001978797,e2e_bench_v1,16,16,16,0.8928571428571429,True
T22_p89,8,mix_s0,D16_all_enabled_8gb,-1,0.5411294544317754,7.595309744326683,e2e_bench_v1,16,16,16,0.8928571428571429,True
T22_p89,8,mix_s0,D17_all_enabled_16gb,-1,0.5411294544317754,7.159005814544522,e2e_bench_v1,16,16,16,0.8928571428571429,True
T22_p89,8,mix_s0,D18_edge_only_1gb,-1,0.5411294544317754,8.429144610404936,e2e_bench_v1,16,16,16,0.8928571428571429,True
T22_p89,8,mix_s0,D19_edge_only_8gb,-1,0.5411294544317754,7.8358852199532985,e2e_bench_v1,16,16,16,0.8928571428571429,True
T22_p89,8,mix_s0,D1_default_4gb,-1,0.5411294544317754,7.7225086414871695,e2e_bench_v1,16,16,16,0.8928571428571429,True
T22_p89,8,mix_s0,D20_edge_only_16gb,-1,0.5411294544317754,7.771197300596906,e2e_bench_v1,16,16,16,0.8928571428571429,True
T22_p89,8,mix_s0,D21_default_4gb_BL0,-1,0.5411294544317754,9.396562173763108,e2e_bench_v1,16,16,16,0.8928571428571429,True
T22_p89,8,mix_s0,D22_cublas_lt_8gb_BL0,-1,0.5411294544317754,12.858147629536195,e2e_bench_v1,16,16,16,0.8928571428571429,True
T22_p89,8,mix_s0,D23_all_enabled_4gb_BL0,-1,0.5411294544317754,9.79054116237221,e2e_bench_v1,16,16,16,0.8928571428571429,True
T22_p89,8,mix_s0,D24_edge_only_4gb_BL0,-1,0.5411294544317754,10.027515502538966,e2e_bench_v1,16,16,16,0.8928571428571429,True
T22_p89,8,mix_s0,D25_default_4gb_BL3,-1,0.5411294544317754,8.276097224279752,e2e_bench_v1,16,16,16,0.8928571428571429,True
T22_p89,8,mix_s0,D26_cublas_lt_8gb_BL3,-1,0.5411294544317754,7.216871313080868,e2e_bench_v1,16,16,16,0.8928571428571429,True
T22_p89,8,mix_s0,D27_all_enabled_4gb_BL3,-1,0.5411294544317754,8.728280764353004,e2e_bench_v1,16,16,16,0.8928571428571429,True
T22_p89,8,mix_s0,D28_edge_only_4gb_BL3,-1,0.5411294544317754,7.572504840723719,e2e_bench_v1,16,16,16,0.8928571428571429,True
T22_p89,8,mix_s0,D29_default_4gb_BL5,-1,0.5411294544317754,11.26206025877962,e2e_bench_v1,16,16,16,0.8928571428571429,True
T22_p89,8,mix_s0,D2_with_cudnn_8gb,-1,0.5411294544317754,7.7816772627172055,e2e_bench_v1,16,16,16,0.8928571428571429,True
T22_p89,8,mix_s0,D30_cublas_lt_8gb_BL5,-1,0.5411294544317754,7.791396272751851,e2e_bench_v1,16,16,16,0.8928571428571429,True
T22_p89,8,mix_s0,D31_all_enabled_4gb_BL5,-1,0.5411294544317754,10.926454037871089,e2e_bench_v1,16,16,16,0.8928571428571429,True
T22_p89,8,mix_s0,D32_edge_only_4gb_BL5,-1,0.5411294544317754,8.41867059088965,e2e_bench_v1,16,16,16,0.8928571428571429,True
T22_p89,8,mix_s0,D3_cublas_lt_16gb,-1,0.5411294544317754,7.149260837921968,e2e_bench_v1,16,16,16,0.8928571428571429,True
T22_p89,8,mix_s0,D4_all_enabled_1gb,-1,0.5411294544317754,8.242371890874294,e2e_bench_v1,16,16,16,0.8928571428571429,True
T22_p89,8,mix_s0,D5_default_1gb,-1,0.5411294544317754,7.396154295612454,e2e_bench_v1,16,16,16,0.8928571428571429,True
T22_p89,8,mix_s0,D6_default_8gb,-1,0.5411294544317754,7.634712595061714,e2e_bench_v1,16,16,16,0.8928571428571429,True
T22_p89,8,mix_s0,D7_default_16gb,-1,0.5411294544317754,8.301834788506609,e2e_bench_v1,16,16,16,0.8928571428571429,True
T22_p89,8,mix_s0,D8_with_cudnn_4gb,-1,0.5411294544317754,7.809107918747794,e2e_bench_v1,16,16,16,0.8928571428571429,True
T22_p89,8,mix_s0,D9_cublas_lt_4gb,-1,0.5411294544317754,7.77221201039922,e2e_bench_v1,16,16,16,0.8928571428571429,True
T22_p89,8,mix_s2,D10_cublas_lt_8gb,-1,0.5417252795917545,6.9991202105895285,e2e_bench_v1,16,16,16,0.8928571428571429,True
T22_p89,8,mix_s2,D11_all_enabled_4gb,-1,0.5417252795917545,7.804488205076975,e2e_bench_v1,16,16,16,0.8928571428571429,True
T22_p89,8,mix_s2,D12_edge_only_4gb,-1,0.5417252795917545,8.103366543630552,e2e_bench_v1,16,16,16,0.8928571428571429,True
T22_p89,8,mix_s2,D13_with_cudnn_1gb,-1,0.5417252795917545,8.096621846466999,e2e_bench_v1,16,16,16,0.8928571428571429,True
T22_p89,8,mix_s2,D14_with_cudnn_16gb,-1,0.5417252795917545,9.215842401722258,e2e_bench_v1,16,16,16,0.8928571428571429,True
T22_p89,8,mix_s2,D15_cublas_lt_1gb,-1,0.5417252795917545,8.59466116837543,e2e_bench_v1,16,16,16,0.8928571428571429,True
T22_p89,8,mix_s2,D16_all_enabled_8gb,-1,0.5417252795917545,8.288753653268174,e2e_bench_v1,16,16,16,0.8928571428571429,True
T22_p89,8,mix_s2,D17_all_enabled_16gb,-1,0.5417252795917545,8.521436952870488,e2e_bench_v1,16,16,16,0.8928571428571429,True
T22_p89,8,mix_s2,D18_edge_only_1gb,-1,0.5417252795917545,8.096969304389367,e2e_bench_v1,16,16,16,0.8928571428571429,True
T22_p89,8,mix_s2,D19_edge_only_8gb,-1,0.5417252795917545,7.731889016465058,e2e_bench_v1,16,16,16,0.8928571428571429,True
T22_p89,8,mix_s2,D1_default_4gb,-1,0.5417252795917545,7.946081072275964,e2e_bench_v1,16,16,16,0.8928571428571429,True
T22_p89,8,mix_s2,D20_edge_only_16gb,-1,0.5417252795917545,8.131231572596448,e2e_bench_v1,16,16,16,0.8928571428571429,True
T22_p89,8,mix_s2,D21_default_4gb_BL0,-1,0.5417252795917545,9.57971858618681,e2e_bench_v1,16,16,16,0.8928571428571429,True
T22_p89,8,mix_s2,D22_cublas_lt_8gb_BL0,-1,0.5417252795917545,9.191345429143919,e2e_bench_v1,16,16,16,0.8928571428571429,True
T22_p89,8,mix_s2,D23_all_enabled_4gb_BL0,-1,0.5417252795917545,12.522211272244144,e2e_bench_v1,16,16,16,0.8928571428571429,True
T22_p89,8,mix_s2,D24_edge_only_4gb_BL0,-1,0.5417252795917545,10.149708195889367,e2e_bench_v1,16,16,16,0.8928571428571429,True
T22_p89,8,mix_s2,D25_default_4gb_BL3,-1,0.5417252795917545,7.206215216499927,e2e_bench_v1,16,16,16,0.8928571428571429,True
T22_p89,8,mix_s2,D26_cublas_lt_8gb_BL3,-1,0.5417252795917545,7.3538171458659045,e2e_bench_v1,16,16,16,0.8928571428571429,True
T22_p89,8,mix_s2,D27_all_enabled_4gb_BL3,-1,0.5417252795917545,7.205986733778422,e2e_bench_v1,16,16,16,0.8928571428571429,True
T22_p89,8,mix_s2,D28_edge_only_4gb_BL3,-1,0.5417252795917545,10.204123282135845,e2e_bench_v1,16,16,16,0.8928571428571429,True
T22_p89,8,mix_s2,D29_default_4gb_BL5,-1,0.5417252795917545,8.422215783906157,e2e_bench_v1,16,16,16,0.8928571428571429,True
T22_p89,8,mix_s2,D2_with_cudnn_8gb,-1,0.5417252795917545,7.2797899926182925,e2e_bench_v1,16,16,16,0.8928571428571429,True
T22_p89,8,mix_s2,D30_cublas_lt_8gb_BL5,-1,0.5417252795917545,8.250518751366492,e2e_bench_v1,16,16,16,0.8928571428571429,True
T22_p89,8,mix_s2,D31_all_enabled_4gb_BL5,-1,0.5417252795917545,11.458914634523648,e2e_bench_v1,16,16,16,0.8928571428571429,True
T22_p89,8,mix_s2,D32_edge_only_4gb_BL5,-1,0.5417252795917545,9.760239711487314,e2e_bench_v1,16,16,16,0.8928571428571429,True
T22_p89,8,mix_s2,D3_cublas_lt_16gb,-1,0.5417252795917545,9.208425340849864,e2e_bench_v1,16,16,16,0.8928571428571429,True
T22_p89,8,mix_s2,D4_all_enabled_1gb,-1,0.5417252795917545,7.916083185368545,e2e_bench_v1,16,16,16,0.8928571428571429,True
T22_p89,8,mix_s2,D5_default_1gb,-1,0.5417252795917545,7.33385159217918,e2e_bench_v1,16,16,16,0.8928571428571429,True
T22_p89,8,mix_s2,D6_default_8gb,-1,0.5417252795917545,7.693408441515478,e2e_bench_v1,16,16,16,0.8928571428571429,True
T22_p89,8,mix_s2,D7_default_16gb,-1,0.5417252795917545,7.658310683879486,e2e_bench_v1,16,16,16,0.8928571428571429,True
T22_p89,8,mix_s2,D8_with_cudnn_4gb,-1,0.5417252795917545,7.530608156853531,e2e_bench_v1,16,16,16,0.8928571428571429,True
T22_p89,8,mix_s2,D9_cublas_lt_4gb,-1,0.5417252795917545,7.579053315608454,e2e_bench_v1,16,16,16,0.8928571428571429,True
T2_p25,8,fp16,D10_cublas_lt_8gb,-1,0.5583755325371498,10.591739290692402,e2e_bench_v1,48,96,192,0.25,True
T2_p25,8,fp16,D11_all_enabled_4gb,-1,0.5583755325371498,9.579957196751245,e2e_bench_v1,48,96,192,0.25,True
T2_p25,8,fp16,D12_edge_only_4gb,-1,0.5583755325371498,10.69296851776209,e2e_bench_v1,48,96,192,0.25,True
T2_p25,8,fp16,D13_with_cudnn_1gb,-1,0.5583755325371498,10.681261542438255,e2e_bench_v1,48,96,192,0.25,True
T2_p25,8,fp16,D14_with_cudnn_16gb,-1,0.5583755325371498,9.772209789799767,e2e_bench_v1,48,96,192,0.25,True
T2_p25,8,fp16,D15_cublas_lt_1gb,-1,0.5583755325371498,13.740906954822645,e2e_bench_v1,48,96,192,0.25,True
T2_p25,8,fp16,D16_all_enabled_8gb,-1,0.5583755325371498,10.31102165726989,e2e_bench_v1,48,96,192,0.25,True
T2_p25,8,fp16,D17_all_enabled_16gb,-1,0.5583755325371498,9.972615198664467,e2e_bench_v1,48,96,192,0.25,True
T2_p25,8,fp16,D18_edge_only_1gb,-1,0.5583755325371498,14.25368422102903,e2e_bench_v1,48,96,192,0.25,True
T2_p25,8,fp16,D19_edge_only_8gb,-1,0.5583755325371498,9.5908357646102,e2e_bench_v1,48,96,192,0.25,True
T2_p25,8,fp16,D20_edge_only_16gb,-1,0.5583755325371498,10.154335749049809,e2e_bench_v1,48,96,192,0.25,True
T2_p25,8,fp16,D21_default_4gb_BL0,-1,0.5583755325371498,13.727947767904332,e2e_bench_v1,48,96,192,0.25,True
T2_p25,8,fp16,D22_cublas_lt_8gb_BL0,-1,0.5583755325371498,17.14280816340525,e2e_bench_v1,48,96,192,0.25,True
T2_p25,8,fp16,D23_all_enabled_4gb_BL0,-1,0.5583755325371498,18.44957178543886,e2e_bench_v1,48,96,192,0.25,True
T2_p25,8,fp16,D24_edge_only_4gb_BL0,-1,0.5583755325371498,14.22331457278141,e2e_bench_v1,48,96,192,0.25,True
T2_p25,8,fp16,D25_default_4gb_BL3,-1,0.5583755325371498,10.12971094869808,e2e_bench_v1,48,96,192,0.25,True
T2_p25,8,fp16,D26_cublas_lt_8gb_BL3,-1,0.5583755325371498,10.294314450129193,e2e_bench_v1,48,96,192,0.25,True
T2_p25,8,fp16,D27_all_enabled_4gb_BL3,-1,0.5583755325371498,12.922701568299061,e2e_bench_v1,48,96,192,0.25,True
T2_p25,8,fp16,D28_edge_only_4gb_BL3,-1,0.5583755325371498,10.429921358392958,e2e_bench_v1,48,96,192,0.25,True
T2_p25,8,fp16,D29_default_4gb_BL5,-1,0.5583755325371498,11.12701037259907,e2e_bench_v1,48,96,192,0.25,True
T2_p25,8,fp16,D2_with_cudnn_8gb,-1,0.7745133850417247,9.800174443105087,e2e_bench_v1,48,96,192,0.25,True
T2_p25,8,fp16,D30_cublas_lt_8gb_BL5,-1,0.5583755325371498,11.449376581445142,e2e_bench_v1,48,96,192,0.25,True
T2_p25,8,fp16,D31_all_enabled_4gb_BL5,-1,0.5583755325371498,11.35545527426831,e2e_bench_v1,48,96,192,0.25,True
T2_p25,8,fp16,D32_edge_only_4gb_BL5,-1,0.5583755325371498,11.938402617852926,e2e_bench_v1,48,96,192,0.25,True
T2_p25,8,fp16,D3_cublas_lt_16gb,-1,0.7745133850417247,9.894671224811878,e2e_bench_v1,48,96,192,0.25,True
T2_p25,8,fp16,D4_all_enabled_1gb,-1,0.7745133850417247,9.669178719297939,e2e_bench_v1,48,96,192,0.25,True
T2_p25,8,fp16,D5_default_1gb,-1,0.5583755325371498,9.21754984620518,e2e_bench_v1,48,96,192,0.25,True
T2_p25,8,fp16,D6_default_8gb,-1,0.5583755325371498,11.037734703631305,e2e_bench_v1,48,96,192,0.25,True
T2_p25,8,fp16,D7_default_16gb,-1,0.5583755325371498,10.245964626831721,e2e_bench_v1,48,96,192,0.25,True
T2_p25,8,fp16,D8_with_cudnn_4gb,-1,0.5583755325371498,10.576291550283392,e2e_bench_v1,48,96,192,0.25,True
T2_p25,8,fp16,D9_cublas_lt_4gb,-1,0.5583755325371498,10.667906988652549,e2e_bench_v1,48,96,192,0.25,True
T2_p25,8,fp32,D10_cublas_lt_8gb,-1,0.5577750975483565,13.825579257206929,e2e_bench_v1,48,96,192,0.25,True
T2_p25,8,fp32,D11_all_enabled_4gb,-1,0.5577750975483565,12.787870960151714,e2e_bench_v1,48,96,192,0.25,True
T2_p25,8,fp32,D12_edge_only_4gb,-1,0.5577750975483565,12.186754703782649,e2e_bench_v1,48,96,192,0.25,True
T2_p25,8,fp32,D13_with_cudnn_1gb,-1,0.5577750975483565,12.170928520136801,e2e_bench_v1,48,96,192,0.25,True
T2_p25,8,fp32,D14_with_cudnn_16gb,-1,0.5577750975483565,15.625708039895557,e2e_bench_v1,48,96,192,0.25,True
T2_p25,8,fp32,D15_cublas_lt_1gb,-1,0.5577750975483565,12.902243571134585,e2e_bench_v1,48,96,192,0.25,True
T2_p25,8,fp32,D16_all_enabled_8gb,-1,0.5577750975483565,12.022915677280897,e2e_bench_v1,48,96,192,0.25,True
T2_p25,8,fp32,D17_all_enabled_16gb,-1,0.5577750975483565,14.975014188825943,e2e_bench_v1,48,96,192,0.25,True
T2_p25,8,fp32,D18_edge_only_1gb,-1,0.5577750975483565,12.633057680014756,e2e_bench_v1,48,96,192,0.25,True
T2_p25,8,fp32,D19_edge_only_8gb,-1,0.5577750975483565,12.435026984008553,e2e_bench_v1,48,96,192,0.25,True
T2_p25,8,fp32,D20_edge_only_16gb,-1,0.5577750975483565,16.406002628241623,e2e_bench_v1,48,96,192,0.25,True
T2_p25,8,fp32,D21_default_4gb_BL0,-1,0.5577750975483565,18.542555164101614,e2e_bench_v1,48,96,192,0.25,True
T2_p25,8,fp32,D22_cublas_lt_8gb_BL0,-1,0.5577750975483565,21.82981909628915,e2e_bench_v1,48,96,192,0.25,True
T2_p25,8,fp32,D23_all_enabled_4gb_BL0,-1,0.5577750975483565,18.328412154669806,e2e_bench_v1,48,96,192,0.25,True
T2_p25,8,fp32,D24_edge_only_4gb_BL0,-1,0.5577750975483565,20.55684378443271,e2e_bench_v1,48,96,192,0.25,True
T2_p25,8,fp32,D25_default_4gb_BL3,-1,0.5577750975483565,12.546421760513903,e2e_bench_v1,48,96,192,0.25,True
T2_p25,8,fp32,D26_cublas_lt_8gb_BL3,-1,0.5577750975483565,17.29481432287343,e2e_bench_v1,48,96,192,0.25,True
T2_p25,8,fp32,D27_all_enabled_4gb_BL3,-1,0.5577750975483565,12.531579580542967,e2e_bench_v1,48,96,192,0.25,True
T2_p25,8,fp32,D28_edge_only_4gb_BL3,-1,0.5577750975483565,17.599405844058705,e2e_bench_v1,48,96,192,0.25,True
T2_p25,8,fp32,D29_default_4gb_BL5,-1,0.5577750975483565,12.360053296549815,e2e_bench_v1,48,96,192,0.25,True
T2_p25,8,fp32,D2_with_cudnn_8gb,-1,0.7739539745484993,11.711672672802802,e2e_bench_v1,48,96,192,0.25,True
T2_p25,8,fp32,D30_cublas_lt_8gb_BL5,-1,0.5577750975483565,12.759024138797768,e2e_bench_v1,48,96,192,0.25,True
T2_p25,8,fp32,D31_all_enabled_4gb_BL5,-1,0.5577750975483565,13.102296177405089,e2e_bench_v1,48,96,192,0.25,True
T2_p25,8,fp32,D32_edge_only_4gb_BL5,-1,0.5577750975483565,12.76725047047318,e2e_bench_v1,48,96,192,0.25,True
T2_p25,8,fp32,D3_cublas_lt_16gb,-1,0.7739539745484993,13.312406230738612,e2e_bench_v1,48,96,192,0.25,True
T2_p25,8,fp32,D4_all_enabled_1gb,-1,0.7739539745484993,17.00729442858042,e2e_bench_v1,48,96,192,0.25,True
T2_p25,8,fp32,D5_default_1gb,-1,0.5577750975483565,12.452989962890088,e2e_bench_v1,48,96,192,0.25,True
T2_p25,8,fp32,D6_default_8gb,-1,0.5577750975483565,12.713394323723701,e2e_bench_v1,48,96,192,0.25,True
T2_p25,8,fp32,D7_default_16gb,-1,0.5577750975483565,12.587990050452666,e2e_bench_v1,48,96,192,0.25,True
T2_p25,8,fp32,D8_with_cudnn_4gb,-1,0.5577750975483565,12.453207074417874,e2e_bench_v1,48,96,192,0.25,True
T2_p25,8,fp32,D9_cublas_lt_4gb,-1,0.5577750975483565,12.963762394977321,e2e_bench_v1,48,96,192,0.25,True
T2_p25,8,int8_ent,D10_cublas_lt_8gb,-1,0.4611413295263176,10.430563219122142,e2e_bench_v1,48,96,192,0.25,True
T2_p25,8,int8_ent,D11_all_enabled_4gb,-1,0.4611413295263176,12.298852271106059,e2e_bench_v1,48,96,192,0.25,True
T2_p25,8,int8_ent,D12_edge_only_4gb,-1,0.4611413295263176,11.712619175900114,e2e_bench_v1,48,96,192,0.25,True
T2_p25,8,int8_ent,D13_with_cudnn_1gb,-1,0.4611413295263176,12.877454281817935,e2e_bench_v1,48,96,192,0.25,True
T2_p25,8,int8_ent,D14_with_cudnn_16gb,-1,0.4611413295263176,10.033320657904902,e2e_bench_v1,48,96,192,0.25,True
T2_p25,8,int8_ent,D15_cublas_lt_1gb,-1,0.4611413295263176,10.309065792457888,e2e_bench_v1,48,96,192,0.25,True
T2_p25,8,int8_ent,D16_all_enabled_8gb,-1,0.4611413295263176,13.47213222089447,e2e_bench_v1,48,96,192,0.25,True
T2_p25,8,int8_ent,D17_all_enabled_16gb,-1,0.4611413295263176,10.25900920540896,e2e_bench_v1,48,96,192,0.25,True
T2_p25,8,int8_ent,D18_edge_only_1gb,-1,0.4611413295263176,10.331571111687383,e2e_bench_v1,48,96,192,0.25,True
T2_p25,8,int8_ent,D19_edge_only_8gb,-1,0.4611413295263176,10.183361609134069,e2e_bench_v1,48,96,192,0.25,True
T2_p25,8,int8_ent,D20_edge_only_16gb,-1,0.4611413295263176,10.236441321647412,e2e_bench_v1,48,96,192,0.25,True
T2_p25,8,int8_ent,D21_default_4gb_BL0,-1,0.4611413295263176,17.34115072407975,e2e_bench_v1,48,96,192,0.25,True
T2_p25,8,int8_ent,D22_cublas_lt_8gb_BL0,-1,0.4611413295263176,14.68726408582062,e2e_bench_v1,48,96,192,0.25,True
T2_p25,8,int8_ent,D23_all_enabled_4gb_BL0,-1,0.4611413295263176,13.171967944698808,e2e_bench_v1,48,96,192,0.25,True
T2_p25,8,int8_ent,D24_edge_only_4gb_BL0,-1,0.4611413295263176,12.671348307488007,e2e_bench_v1,48,96,192,0.25,True
T2_p25,8,int8_ent,D25_default_4gb_BL3,-1,0.4611413295263176,10.168471231361192,e2e_bench_v1,48,96,192,0.25,True
T2_p25,8,int8_ent,D26_cublas_lt_8gb_BL3,-1,0.4611413295263176,12.918160867273649,e2e_bench_v1,48,96,192,0.25,True
T2_p25,8,int8_ent,D27_all_enabled_4gb_BL3,-1,0.4611413295263176,9.876250580229721,e2e_bench_v1,48,96,192,0.25,True
T2_p25,8,int8_ent,D28_edge_only_4gb_BL3,-1,0.4611413295263176,10.588756011766225,e2e_bench_v1,48,96,192,0.25,True
T2_p25,8,int8_ent,D29_default_4gb_BL5,-1,0.4611413295263176,9.9208514471546,e2e_bench_v1,48,96,192,0.25,True
T2_p25,8,int8_ent,D2_with_cudnn_8gb,-1,0.6060305683475024,9.975878326207232,e2e_bench_v1,48,96,192,0.25,True
T2_p25,8,int8_ent,D30_cublas_lt_8gb_BL5,-1,0.4611413295263176,10.472596879375581,e2e_bench_v1,48,96,192,0.25,True
T2_p25,8,int8_ent,D31_all_enabled_4gb_BL5,-1,0.4611413295263176,9.305407186007645,e2e_bench_v1,48,96,192,0.25,True
T2_p25,8,int8_ent,D32_edge_only_4gb_BL5,-1,0.4611413295263176,9.722887969967944,e2e_bench_v1,48,96,192,0.25,True
T2_p25,8,int8_ent,D3_cublas_lt_16gb,-1,0.6060305683475024,10.512406216196045,e2e_bench_v1,48,96,192,0.25,True
T2_p25,8,int8_ent,D4_all_enabled_1gb,-1,0.6060305683475024,9.818717027520883,e2e_bench_v1,48,96,192,0.25,True
T2_p25,8,int8_ent,D5_default_1gb,-1,0.4611413295263176,10.179349967069802,e2e_bench_v1,48,96,192,0.25,True
T2_p25,8,int8_ent,D6_default_8gb,-1,0.4611413295263176,10.04205613107695,e2e_bench_v1,48,96,192,0.25,True
T2_p25,8,int8_ent,D7_default_16gb,-1,0.4611413295263176,9.499689360157923,e2e_bench_v1,48,96,192,0.25,True
T2_p25,8,int8_ent,D8_with_cudnn_4gb,-1,0.4611413295263176,9.703273884608667,e2e_bench_v1,48,96,192,0.25,True
T2_p25,8,int8_ent,D9_cublas_lt_4gb,-1,0.4611413295263176,12.926008939627783,e2e_bench_v1,48,96,192,0.25,True
T2_p25,8,int8_mm,D10_cublas_lt_8gb,-1,0.5536765547054631,10.66070804158529,e2e_bench_v1,48,96,192,0.25,True
T2_p25,8,int8_mm,D11_all_enabled_4gb,-1,0.5536765547054631,9.66392726541783,e2e_bench_v1,48,96,192,0.25,True
T2_p25,8,int8_mm,D12_edge_only_4gb,-1,0.5536765547054631,9.763813354943908,e2e_bench_v1,48,96,192,0.25,True
T2_p25,8,int8_mm,D13_with_cudnn_1gb,-1,0.5536765547054631,9.91836196268514,e2e_bench_v1,48,96,192,0.25,True
T2_p25,8,int8_mm,D14_with_cudnn_16gb,-1,0.5536765547054631,11.775747377246665,e2e_bench_v1,48,96,192,0.25,True
T2_p25,8,int8_mm,D15_cublas_lt_1gb,-1,0.5536765547054631,9.98682737469278,e2e_bench_v1,48,96,192,0.25,True
T2_p25,8,int8_mm,D16_all_enabled_8gb,-1,0.5536765547054631,14.36344102083848,e2e_bench_v1,48,96,192,0.25,True
T2_p25,8,int8_mm,D17_all_enabled_16gb,-1,0.5536765547054631,10.451679793976488,e2e_bench_v1,48,96,192,0.25,True
T2_p25,8,int8_mm,D18_edge_only_1gb,-1,0.5536765547054631,10.020401537530411,e2e_bench_v1,48,96,192,0.25,True
T2_p25,8,int8_mm,D19_edge_only_8gb,-1,0.5536765547054631,10.03929379591722,e2e_bench_v1,48,96,192,0.25,True
T2_p25,8,int8_mm,D20_edge_only_16gb,-1,0.5536765547054631,10.7076011118773,e2e_bench_v1,48,96,192,0.25,True
T2_p25,8,int8_mm,D21_default_4gb_BL0,-1,0.5536765547054631,13.296086562841959,e2e_bench_v1,48,96,192,0.25,True
T2_p25,8,int8_mm,D22_cublas_lt_8gb_BL0,-1,0.5536765547054631,14.529498514358776,e2e_bench_v1,48,96,192,0.25,True
T2_p25,8,int8_mm,D23_all_enabled_4gb_BL0,-1,0.5536765547054631,13.407180081220696,e2e_bench_v1,48,96,192,0.25,True
T2_p25,8,int8_mm,D24_edge_only_4gb_BL0,-1,0.5536765547054631,15.776628187470516,e2e_bench_v1,48,96,192,0.25,True
T2_p25,8,int8_mm,D25_default_4gb_BL3,-1,0.5536765547054631,13.092364009615032,e2e_bench_v1,48,96,192,0.25,True
T2_p25,8,int8_mm,D26_cublas_lt_8gb_BL3,-1,0.5536765547054631,14.754986078670633,e2e_bench_v1,48,96,192,0.25,True
T2_p25,8,int8_mm,D27_all_enabled_4gb_BL3,-1,0.5536765547054631,10.044547568466147,e2e_bench_v1,48,96,192,0.25,True
T2_p25,8,int8_mm,D28_edge_only_4gb_BL3,-1,0.5536765547054631,9.839604605328539,e2e_bench_v1,48,96,192,0.25,True
T2_p25,8,int8_mm,D29_default_4gb_BL5,-1,0.5536765547054631,10.324019347212255,e2e_bench_v1,48,96,192,0.25,True
T2_p25,8,int8_mm,D2_with_cudnn_8gb,-1,0.7738262014742183,9.563191657836652,e2e_bench_v1,48,96,192,0.25,True
T2_p25,8,int8_mm,D30_cublas_lt_8gb_BL5,-1,0.5536765547054631,10.681558182981501,e2e_bench_v1,48,96,192,0.25,True
T2_p25,8,int8_mm,D31_all_enabled_4gb_BL5,-1,0.5536765547054631,10.407560051621498,e2e_bench_v1,48,96,192,0.25,True
T2_p25,8,int8_mm,D32_edge_only_4gb_BL5,-1,0.5536765547054631,10.30922521017933,e2e_bench_v1,48,96,192,0.25,True
T2_p25,8,int8_mm,D3_cublas_lt_16gb,-1,0.7738262014742183,10.082525470979972,e2e_bench_v1,48,96,192,0.25,True
T2_p25,8,int8_mm,D4_all_enabled_1gb,-1,0.7738262014742183,12.234795513745182,e2e_bench_v1,48,96,192,0.25,True
T2_p25,8,int8_mm,D5_default_1gb,-1,0.5536765547054631,10.048968624105266,e2e_bench_v1,48,96,192,0.25,True
T2_p25,8,int8_mm,D6_default_8gb,-1,0.5536765547054631,9.91668005418474,e2e_bench_v1,48,96,192,0.25,True
T2_p25,8,int8_mm,D7_default_16gb,-1,0.5536765547054631,9.152941068788929,e2e_bench_v1,48,96,192,0.25,True
T2_p25,8,int8_mm,D8_with_cudnn_4gb,-1,0.5536765547054631,10.259630201889005,e2e_bench_v1,48,96,192,0.25,True
T2_p25,8,int8_mm,D9_cublas_lt_4gb,-1,0.5536765547054631,9.922328016288494,e2e_bench_v1,48,96,192,0.25,True
T2_p25,8,int8_pc_wo,D10_cublas_lt_8gb,-1,0.5547045362850451,13.362017130105961,e2e_bench_v1,48,96,192,0.25,True
T2_p25,8,int8_pc_wo,D11_all_enabled_4gb,-1,0.5547045362850451,10.550504208596129,e2e_bench_v1,48,96,192,0.25,True
T2_p25,8,int8_pc_wo,D12_edge_only_4gb,-1,0.5547045362850451,10.926143639454741,e2e_bench_v1,48,96,192,0.25,True
T2_p25,8,int8_pc_wo,D13_with_cudnn_1gb,-1,0.5547045362850451,10.093781322265166,e2e_bench_v1,48,96,192,0.25,True
T2_p25,8,int8_pc_wo,D14_with_cudnn_16gb,-1,0.5547045362850451,12.03078437104864,e2e_bench_v1,48,96,192,0.25,True
T2_p25,8,int8_pc_wo,D15_cublas_lt_1gb,-1,0.5547045362850451,10.796139732277327,e2e_bench_v1,48,96,192,0.25,True
T2_p25,8,int8_pc_wo,D16_all_enabled_8gb,-1,0.5547045362850451,10.025293816298522,e2e_bench_v1,48,96,192,0.25,True
T2_p25,8,int8_pc_wo,D17_all_enabled_16gb,-1,0.5547045362850451,9.833441173404868,e2e_bench_v1,48,96,192,0.25,True
T2_p25,8,int8_pc_wo,D18_edge_only_1gb,-1,0.5547045362850451,14.205554371759359,e2e_bench_v1,48,96,192,0.25,True
T2_p25,8,int8_pc_wo,D19_edge_only_8gb,-1,0.5547045362850451,10.448087111971105,e2e_bench_v1,48,96,192,0.25,True
T2_p25,8,int8_pc_wo,D20_edge_only_16gb,-1,0.5547045362850451,10.132625940940976,e2e_bench_v1,48,96,192,0.25,True
T2_p25,8,int8_pc_wo,D21_default_4gb_BL0,-1,0.5547045362850451,12.723390936365233,e2e_bench_v1,48,96,192,0.25,True
T2_p25,8,int8_pc_wo,D22_cublas_lt_8gb_BL0,-1,0.5547045362850451,20.042128554220973,e2e_bench_v1,48,96,192,0.25,True
T2_p25,8,int8_pc_wo,D23_all_enabled_4gb_BL0,-1,0.5547045362850451,13.867048287835548,e2e_bench_v1,48,96,192,0.25,True
T2_p25,8,int8_pc_wo,D24_edge_only_4gb_BL0,-1,0.5547045362850451,14.120404690798438,e2e_bench_v1,48,96,192,0.25,True
T2_p25,8,int8_pc_wo,D25_default_4gb_BL3,-1,0.5547045362850451,14.19164396003633,e2e_bench_v1,48,96,192,0.25,True
T2_p25,8,int8_pc_wo,D26_cublas_lt_8gb_BL3,-1,0.5547045362850451,13.136944767029421,e2e_bench_v1,48,96,192,0.25,True
T2_p25,8,int8_pc_wo,D27_all_enabled_4gb_BL3,-1,0.5547045362850451,10.450904264491484,e2e_bench_v1,48,96,192,0.25,True
T2_p25,8,int8_pc_wo,D28_edge_only_4gb_BL3,-1,0.5547045362850451,10.241945478027443,e2e_bench_v1,48,96,192,0.25,True
T2_p25,8,int8_pc_wo,D29_default_4gb_BL5,-1,0.5547045362850451,9.537971140006924,e2e_bench_v1,48,96,192,0.25,True
T2_p25,8,int8_pc_wo,D2_with_cudnn_8gb,-1,0.5547045362850451,12.103797324334563,e2e_bench_v1,48,96,192,0.25,True
T2_p25,8,int8_pc_wo,D30_cublas_lt_8gb_BL5,-1,0.5547045362850451,10.469515910523329,e2e_bench_v1,48,96,192,0.25,True
T2_p25,8,int8_pc_wo,D31_all_enabled_4gb_BL5,-1,0.5547045362850451,9.836884776633857,e2e_bench_v1,48,96,192,0.25,True
T2_p25,8,int8_pc_wo,D32_edge_only_4gb_BL5,-1,0.5547045362850451,9.730087376184638,e2e_bench_v1,48,96,192,0.25,True
T2_p25,8,int8_pc_wo,D3_cublas_lt_16gb,-1,0.5547045362850451,12.063395556327613,e2e_bench_v1,48,96,192,0.25,True
T2_p25,8,int8_pc_wo,D4_all_enabled_1gb,-1,0.5547045362850451,10.236294625126419,e2e_bench_v1,48,96,192,0.25,True
T2_p25,8,int8_pc_wo,D5_default_1gb,-1,0.5547045362850451,10.07305990347994,e2e_bench_v1,48,96,192,0.25,True
T2_p25,8,int8_pc_wo,D6_default_8gb,-1,0.5547045362850451,10.024871706704333,e2e_bench_v1,48,96,192,0.25,True
T2_p25,8,int8_pc_wo,D7_default_16gb,-1,0.5547045362850451,10.206914572207795,e2e_bench_v1,48,96,192,0.25,True
T2_p25,8,int8_pc_wo,D8_with_cudnn_4gb,-1,0.5547045362850451,9.72077085712897,e2e_bench_v1,48,96,192,0.25,True
T2_p25,8,int8_pc_wo,D9_cublas_lt_4gb,-1,0.5547045362850451,10.192453914819623,e2e_bench_v1,48,96,192,0.25,True
T2_p25,8,mix_s0,D10_cublas_lt_8gb,-1,0.5511764801753452,11.305106742817864,e2e_bench_v1,48,96,192,0.25,True
T2_p25,8,mix_s0,D11_all_enabled_4gb,-1,0.5511764801753452,11.147725195196667,e2e_bench_v1,48,96,192,0.25,True
T2_p25,8,mix_s0,D12_edge_only_4gb,-1,0.5511764801753452,10.603531824380065,e2e_bench_v1,48,96,192,0.25,True
T2_p25,8,mix_s0,D13_with_cudnn_1gb,-1,0.5511764801753452,13.394842449863104,e2e_bench_v1,48,96,192,0.25,True
T2_p25,8,mix_s0,D14_with_cudnn_16gb,-1,0.5511764801753452,11.066488569977281,e2e_bench_v1,48,96,192,0.25,True
T2_p25,8,mix_s0,D15_cublas_lt_1gb,-1,0.5511764801753452,10.94558947472116,e2e_bench_v1,48,96,192,0.25,True
T2_p25,8,mix_s0,D16_all_enabled_8gb,-1,0.5511764801753452,13.763545048771123,e2e_bench_v1,48,96,192,0.25,True
T2_p25,8,mix_s0,D17_all_enabled_16gb,-1,0.5511764801753452,11.67887303546757,e2e_bench_v1,48,96,192,0.25,True
T2_p25,8,mix_s0,D18_edge_only_1gb,-1,0.5511764801753452,11.247379360608978,e2e_bench_v1,48,96,192,0.25,True
T2_p25,8,mix_s0,D19_edge_only_8gb,-1,0.5511764801753452,10.647586192210225,e2e_bench_v1,48,96,192,0.25,True
T2_p25,8,mix_s0,D20_edge_only_16gb,-1,0.5511764801753452,10.195644216877664,e2e_bench_v1,48,96,192,0.25,True
T2_p25,8,mix_s0,D21_default_4gb_BL0,-1,0.5511764801753452,13.833420714440845,e2e_bench_v1,48,96,192,0.25,True
T2_p25,8,mix_s0,D22_cublas_lt_8gb_BL0,-1,0.5511764801753452,18.29019590628835,e2e_bench_v1,48,96,192,0.25,True
T2_p25,8,mix_s0,D23_all_enabled_4gb_BL0,-1,0.5511764801753452,14.339754675477012,e2e_bench_v1,48,96,192,0.25,True
T2_p25,8,mix_s0,D24_edge_only_4gb_BL0,-1,0.5511764801753452,18.926668622422422,e2e_bench_v1,48,96,192,0.25,True
T2_p25,8,mix_s0,D25_default_4gb_BL3,-1,0.5511764801753452,10.683395439472156,e2e_bench_v1,48,96,192,0.25,True
T2_p25,8,mix_s0,D26_cublas_lt_8gb_BL3,-1,0.5511764801753452,14.860497083627447,e2e_bench_v1,48,96,192,0.25,True
T2_p25,8,mix_s0,D27_all_enabled_4gb_BL3,-1,0.5511764801753452,15.345237145294844,e2e_bench_v1,48,96,192,0.25,True
T2_p25,8,mix_s0,D28_edge_only_4gb_BL3,-1,0.5511764801753452,13.766747248027224,e2e_bench_v1,48,96,192,0.25,True
T2_p25,8,mix_s0,D29_default_4gb_BL5,-1,0.5511764801753452,11.187309116538199,e2e_bench_v1,48,96,192,0.25,True
T2_p25,8,mix_s0,D2_with_cudnn_8gb,-1,0.5511764801753452,10.938070830571471,e2e_bench_v1,48,96,192,0.25,True
T2_p25,8,mix_s0,D30_cublas_lt_8gb_BL5,-1,0.5511764801753452,11.034397527412203,e2e_bench_v1,48,96,192,0.25,True
T2_p25,8,mix_s0,D31_all_enabled_4gb_BL5,-1,0.5511764801753452,11.192229906309842,e2e_bench_v1,48,96,192,0.25,True
T2_p25,8,mix_s0,D32_edge_only_4gb_BL5,-1,0.5511764801753452,10.566468369276937,e2e_bench_v1,48,96,192,0.25,True
T2_p25,8,mix_s0,D3_cublas_lt_16gb,-1,0.5511764801753452,11.014780734267314,e2e_bench_v1,48,96,192,0.25,True
T2_p25,8,mix_s0,D4_all_enabled_1gb,-1,0.5511764801753452,14.089368866721616,e2e_bench_v1,48,96,192,0.25,True
T2_p25,8,mix_s0,D5_default_1gb,-1,0.5511764801753452,11.086032043067018,e2e_bench_v1,48,96,192,0.25,True
T2_p25,8,mix_s0,D6_default_8gb,-1,0.5511764801753452,11.036991580982821,e2e_bench_v1,48,96,192,0.25,True
T2_p25,8,mix_s0,D7_default_16gb,-1,0.5511764801753452,10.857315333352151,e2e_bench_v1,48,96,192,0.25,True
T2_p25,8,mix_s0,D8_with_cudnn_4gb,-1,0.5511764801753452,9.777866430433415,e2e_bench_v1,48,96,192,0.25,True
T2_p25,8,mix_s0,D9_cublas_lt_4gb,-1,0.5511764801753452,10.83549230517514,e2e_bench_v1,48,96,192,0.25,True
T2_p25,8,mix_s2,D10_cublas_lt_8gb,-1,0.5575456059891,10.457242947896788,e2e_bench_v1,48,96,192,0.25,True
T2_p25,8,mix_s2,D11_all_enabled_4gb,-1,0.5575456059891,10.95314245657079,e2e_bench_v1,48,96,192,0.25,True
T2_p25,8,mix_s2,D12_edge_only_4gb,-1,0.5575456059891,11.548744362769158,e2e_bench_v1,48,96,192,0.25,True
T2_p25,8,mix_s2,D13_with_cudnn_1gb,-1,0.5575456059891,15.234961188936373,e2e_bench_v1,48,96,192,0.25,True
T2_p25,8,mix_s2,D14_with_cudnn_16gb,-1,0.5575456059891,11.590520808462008,e2e_bench_v1,48,96,192,0.25,True
T2_p25,8,mix_s2,D15_cublas_lt_1gb,-1,0.5575456059891,12.531296914042821,e2e_bench_v1,48,96,192,0.25,True
T2_p25,8,mix_s2,D16_all_enabled_8gb,-1,0.5575456059891,11.35419174050676,e2e_bench_v1,48,96,192,0.25,True
T2_p25,8,mix_s2,D17_all_enabled_16gb,-1,0.5575456059891,11.61169111508231,e2e_bench_v1,48,96,192,0.25,True
T2_p25,8,mix_s2,D18_edge_only_1gb,-1,0.5575456059891,11.924252379186456,e2e_bench_v1,48,96,192,0.25,True
T2_p25,8,mix_s2,D19_edge_only_8gb,-1,0.5575456059891,15.338434896780003,e2e_bench_v1,48,96,192,0.25,True
T2_p25,8,mix_s2,D20_edge_only_16gb,-1,0.5575456059891,11.079620367887715,e2e_bench_v1,48,96,192,0.25,True
T2_p25,8,mix_s2,D21_default_4gb_BL0,-1,0.5575456059891,14.546935687997324,e2e_bench_v1,48,96,192,0.25,True
T2_p25,8,mix_s2,D22_cublas_lt_8gb_BL0,-1,0.5575456059891,15.659794105027109,e2e_bench_v1,48,96,192,0.25,True
T2_p25,8,mix_s2,D23_all_enabled_4gb_BL0,-1,0.5575456059891,14.404385847402818,e2e_bench_v1,48,96,192,0.25,True
T2_p25,8,mix_s2,D24_edge_only_4gb_BL0,-1,0.5575456059891,17.411532005878133,e2e_bench_v1,48,96,192,0.25,True
T2_p25,8,mix_s2,D25_default_4gb_BL3,-1,0.5575456059891,12.063642954772197,e2e_bench_v1,48,96,192,0.25,True
T2_p25,8,mix_s2,D26_cublas_lt_8gb_BL3,-1,0.5575456059891,10.3928281171729,e2e_bench_v1,48,96,192,0.25,True
T2_p25,8,mix_s2,D27_all_enabled_4gb_BL3,-1,0.5575456059891,15.275454635718596,e2e_bench_v1,48,96,192,0.25,True
T2_p25,8,mix_s2,D28_edge_only_4gb_BL3,-1,0.5575456059891,11.663820694417229,e2e_bench_v1,48,96,192,0.25,True
T2_p25,8,mix_s2,D29_default_4gb_BL5,-1,0.5575456059891,11.39271367604135,e2e_bench_v1,48,96,192,0.25,True
T2_p25,8,mix_s2,D2_with_cudnn_8gb,-1,0.5575456059891,11.048173350259136,e2e_bench_v1,48,96,192,0.25,True
T2_p25,8,mix_s2,D30_cublas_lt_8gb_BL5,-1,0.5575456059891,10.913873169879894,e2e_bench_v1,48,96,192,0.25,True
T2_p25,8,mix_s2,D31_all_enabled_4gb_BL5,-1,0.5575456059891,11.95270077250305,e2e_bench_v1,48,96,192,0.25,True
T2_p25,8,mix_s2,D32_edge_only_4gb_BL5,-1,0.5575456059891,11.171324550437973,e2e_bench_v1,48,96,192,0.25,True
T2_p25,8,mix_s2,D3_cublas_lt_16gb,-1,0.5575456059891,11.272114479594654,e2e_bench_v1,48,96,192,0.25,True
T2_p25,8,mix_s2,D4_all_enabled_1gb,-1,0.5575456059891,11.204569671694903,e2e_bench_v1,48,96,192,0.25,True
T2_p25,8,mix_s2,D5_default_1gb,-1,0.5575456059891,11.282963176921376,e2e_bench_v1,48,96,192,0.25,True
T2_p25,8,mix_s2,D6_default_8gb,-1,0.5575456059891,10.719549778909286,e2e_bench_v1,48,96,192,0.25,True
T2_p25,8,mix_s2,D7_default_16gb,-1,0.5575456059891,11.435458842068309,e2e_bench_v1,48,96,192,0.25,True
T2_p25,8,mix_s2,D8_with_cudnn_4gb,-1,0.5575456059891,11.560640182010719,e2e_bench_v1,48,96,192,0.25,True
T2_p25,8,mix_s2,D9_cublas_lt_4gb,-1,0.5575456059891,10.980745263181012,e2e_bench_v1,48,96,192,0.25,True
T3_p37,8,fp16,D10_cublas_lt_8gb,-1,0.5361940921572105,10.691573756890719,e2e_bench_v1,40,80,160,0.375,True
T3_p37,8,fp16,D11_all_enabled_4gb,-1,0.5361940921572105,10.363617897553565,e2e_bench_v1,40,80,160,0.375,True
T3_p37,8,fp16,D12_edge_only_4gb,-1,0.5361940921572105,10.247140535433587,e2e_bench_v1,40,80,160,0.375,True
T3_p37,8,fp16,D13_with_cudnn_1gb,-1,0.5361940921572105,11.358163793808437,e2e_bench_v1,40,80,160,0.375,True
T3_p37,8,fp16,D14_with_cudnn_16gb,-1,0.5361940921572105,10.40038356614592,e2e_bench_v1,40,80,160,0.375,True
T3_p37,8,fp16,D15_cublas_lt_1gb,-1,0.5361940921572105,12.679944258965037,e2e_bench_v1,40,80,160,0.375,True
T3_p37,8,fp16,D16_all_enabled_8gb,-1,0.5361940921572105,10.462582144348062,e2e_bench_v1,40,80,160,0.375,True
T3_p37,8,fp16,D17_all_enabled_16gb,-1,0.5361940921572105,11.067811373504325,e2e_bench_v1,40,80,160,0.375,True
T3_p37,8,fp16,D18_edge_only_1gb,-1,0.5361940921572105,14.004464623321915,e2e_bench_v1,40,80,160,0.375,True
T3_p37,8,fp16,D19_edge_only_8gb,-1,0.5361940921572105,10.585785618786804,e2e_bench_v1,40,80,160,0.375,True
T3_p37,8,fp16,D20_edge_only_16gb,-1,0.5361940921572105,10.562852139083185,e2e_bench_v1,40,80,160,0.375,True
T3_p37,8,fp16,D21_default_4gb_BL0,-1,0.5361940921572105,12.351305718284008,e2e_bench_v1,40,80,160,0.375,True
T3_p37,8,fp16,D22_cublas_lt_8gb_BL0,-1,0.5361940921572105,16.87712440803486,e2e_bench_v1,40,80,160,0.375,True
T3_p37,8,fp16,D23_all_enabled_4gb_BL0,-1,0.5361940921572105,12.38190755667818,e2e_bench_v1,40,80,160,0.375,True
T3_p37,8,fp16,D24_edge_only_4gb_BL0,-1,0.5361940921572105,12.132256150750562,e2e_bench_v1,40,80,160,0.375,True
T3_p37,8,fp16,D25_default_4gb_BL3,-1,0.5361940921572105,10.44412601464684,e2e_bench_v1,40,80,160,0.375,True
T3_p37,8,fp16,D26_cublas_lt_8gb_BL3,-1,0.5361940921572105,10.775804009676673,e2e_bench_v1,40,80,160,0.375,True
T3_p37,8,fp16,D27_all_enabled_4gb_BL3,-1,0.5361940921572105,13.067471274431272,e2e_bench_v1,40,80,160,0.375,True
T3_p37,8,fp16,D28_edge_only_4gb_BL3,-1,0.5361940921572105,11.066010968630072,e2e_bench_v1,40,80,160,0.375,True
T3_p37,8,fp16,D29_default_4gb_BL5,-1,0.5361940921572105,15.15298453183339,e2e_bench_v1,40,80,160,0.375,True
T3_p37,8,fp16,D2_with_cudnn_8gb,-1,0.7614669153302551,10.419651462658575,e2e_bench_v1,40,80,160,0.375,True
T3_p37,8,fp16,D30_cublas_lt_8gb_BL5,-1,0.5361940921572105,15.057361016793475,e2e_bench_v1,40,80,160,0.375,True
T3_p37,8,fp16,D31_all_enabled_4gb_BL5,-1,0.5361940921572105,14.362533321077304,e2e_bench_v1,40,80,160,0.375,True
T3_p37,8,fp16,D32_edge_only_4gb_BL5,-1,0.5361940921572105,14.127785822766928,e2e_bench_v1,40,80,160,0.375,True
T3_p37,8,fp16,D3_cublas_lt_16gb,-1,0.7614669153302551,10.647858289783594,e2e_bench_v1,40,80,160,0.375,True
T3_p37,8,fp16,D4_all_enabled_1gb,-1,0.7614669153302551,10.570656913473888,e2e_bench_v1,40,80,160,0.375,True
T3_p37,8,fp16,D5_default_1gb,-1,0.5361940921572105,10.25697833521036,e2e_bench_v1,40,80,160,0.375,True
T3_p37,8,fp16,D6_default_8gb,-1,0.5361940921572105,10.639282571897612,e2e_bench_v1,40,80,160,0.375,True
T3_p37,8,fp16,D7_default_16gb,-1,0.5361940921572105,10.158853999997968,e2e_bench_v1,40,80,160,0.375,True
T3_p37,8,fp16,D8_with_cudnn_4gb,-1,0.5361940921572105,10.304625334127476,e2e_bench_v1,40,80,160,0.375,True
T3_p37,8,fp16,D9_cublas_lt_4gb,-1,0.5361940921572105,10.205539566876901,e2e_bench_v1,40,80,160,0.375,True
T3_p37,8,fp32,D10_cublas_lt_8gb,-1,0.5359171320548086,13.011887660566693,e2e_bench_v1,40,80,160,0.375,True
T3_p37,8,fp32,D11_all_enabled_4gb,-1,0.5359171320548086,12.375410554245136,e2e_bench_v1,40,80,160,0.375,True
T3_p37,8,fp32,D12_edge_only_4gb,-1,0.5359171320548086,12.34920082146884,e2e_bench_v1,40,80,160,0.375,True
T3_p37,8,fp32,D13_with_cudnn_1gb,-1,0.5359171320548086,12.553146885627024,e2e_bench_v1,40,80,160,0.375,True
T3_p37,8,fp32,D14_with_cudnn_16gb,-1,0.5359171320548086,15.029683625159691,e2e_bench_v1,40,80,160,0.375,True
T3_p37,8,fp32,D15_cublas_lt_1gb,-1,0.5359171320548086,12.815123896617834,e2e_bench_v1,40,80,160,0.375,True
T3_p37,8,fp32,D16_all_enabled_8gb,-1,0.5359171320548086,12.827551528274489,e2e_bench_v1,40,80,160,0.375,True
T3_p37,8,fp32,D17_all_enabled_16gb,-1,0.5359171320548086,13.25381047051027,e2e_bench_v1,40,80,160,0.375,True
T3_p37,8,fp32,D18_edge_only_1gb,-1,0.5359171320548086,15.113662297306895,e2e_bench_v1,40,80,160,0.375,True
T3_p37,8,fp32,D19_edge_only_8gb,-1,0.5359171320548086,12.421989903406608,e2e_bench_v1,40,80,160,0.375,True
T3_p37,8,fp32,D20_edge_only_16gb,-1,0.5359171320548086,12.84968820231577,e2e_bench_v1,40,80,160,0.375,True
T3_p37,8,fp32,D21_default_4gb_BL0,-1,0.5359171320548086,14.316228303756004,e2e_bench_v1,40,80,160,0.375,True
T3_p37,8,fp32,D22_cublas_lt_8gb_BL0,-1,0.5359171320548086,20.694893121224474,e2e_bench_v1,40,80,160,0.375,True
T3_p37,8,fp32,D23_all_enabled_4gb_BL0,-1,0.5359171320548086,17.373809676864514,e2e_bench_v1,40,80,160,0.375,True
T3_p37,8,fp32,D24_edge_only_4gb_BL0,-1,0.5359171320548086,13.964881116967051,e2e_bench_v1,40,80,160,0.375,True
T3_p37,8,fp32,D25_default_4gb_BL3,-1,0.5359171320548086,12.650061352797561,e2e_bench_v1,40,80,160,0.375,True
T3_p37,8,fp32,D26_cublas_lt_8gb_BL3,-1,0.5359171320548086,17.915335706518135,e2e_bench_v1,40,80,160,0.375,True
T3_p37,8,fp32,D27_all_enabled_4gb_BL3,-1,0.5359171320548086,12.717290810104142,e2e_bench_v1,40,80,160,0.375,True
T3_p37,8,fp32,D28_edge_only_4gb_BL3,-1,0.5359171320548086,17.206639698126715,e2e_bench_v1,40,80,160,0.375,True
T3_p37,8,fp32,D29_default_4gb_BL5,-1,0.5359171320548086,14.52462359437955,e2e_bench_v1,40,80,160,0.375,True
T3_p37,8,fp32,D2_with_cudnn_8gb,-1,0.762224275939411,12.274999263500046,e2e_bench_v1,40,80,160,0.375,True
T3_p37,8,fp32,D30_cublas_lt_8gb_BL5,-1,0.5359171320548086,13.16827341549458,e2e_bench_v1,40,80,160,0.375,True
T3_p37,8,fp32,D31_all_enabled_4gb_BL5,-1,0.5359171320548086,14.974431158796355,e2e_bench_v1,40,80,160,0.375,True
T3_p37,8,fp32,D32_edge_only_4gb_BL5,-1,0.5359171320548086,14.482112418845862,e2e_bench_v1,40,80,160,0.375,True
T3_p37,8,fp32,D3_cublas_lt_16gb,-1,0.762224275939411,12.699283506424567,e2e_bench_v1,40,80,160,0.375,True
T3_p37,8,fp32,D4_all_enabled_1gb,-1,0.762224275939411,12.03751853777855,e2e_bench_v1,40,80,160,0.375,True
T3_p37,8,fp32,D5_default_1gb,-1,0.5359171320548086,13.18068344479798,e2e_bench_v1,40,80,160,0.375,True
T3_p37,8,fp32,D6_default_8gb,-1,0.5359171320548086,12.777087105235921,e2e_bench_v1,40,80,160,0.375,True
T3_p37,8,fp32,D7_default_16gb,-1,0.5359171320548086,12.475812518479797,e2e_bench_v1,40,80,160,0.375,True
T3_p37,8,fp32,D8_with_cudnn_4gb,-1,0.5359171320548086,12.51497103409954,e2e_bench_v1,40,80,160,0.375,True
T3_p37,8,fp32,D9_cublas_lt_4gb,-1,0.5359171320548086,16.009964601968264,e2e_bench_v1,40,80,160,0.375,True
T3_p37,8,int8_ent,D10_cublas_lt_8gb,-1,0.1414251102239214,11.870774746113806,e2e_bench_v1,40,80,160,0.375,True
T3_p37,8,int8_ent,D11_all_enabled_4gb,-1,0.1414251102239214,11.168055786672266,e2e_bench_v1,40,80,160,0.375,True
T3_p37,8,int8_ent,D12_edge_only_4gb,-1,0.1414251102239214,12.396181975951407,e2e_bench_v1,40,80,160,0.375,True
T3_p37,8,int8_ent,D13_with_cudnn_1gb,-1,0.1414251102239214,11.223042252509472,e2e_bench_v1,40,80,160,0.375,True
T3_p37,8,int8_ent,D14_with_cudnn_16gb,-1,0.1414251102239214,8.73062020579818,e2e_bench_v1,40,80,160,0.375,True
T3_p37,8,int8_ent,D15_cublas_lt_1gb,-1,0.1414251102239214,10.034468398950395,e2e_bench_v1,40,80,160,0.375,True
T3_p37,8,int8_ent,D16_all_enabled_8gb,-1,0.1414251102239214,12.984314947543366,e2e_bench_v1,40,80,160,0.375,True
T3_p37,8,int8_ent,D17_all_enabled_16gb,-1,0.1414251102239214,9.050994206458608,e2e_bench_v1,40,80,160,0.375,True
T3_p37,8,int8_ent,D18_edge_only_1gb,-1,0.1414251102239214,9.484507531173204,e2e_bench_v1,40,80,160,0.375,True
T3_p37,8,int8_ent,D19_edge_only_8gb,-1,0.1414251102239214,10.316425399864649,e2e_bench_v1,40,80,160,0.375,True
T3_p37,8,int8_ent,D20_edge_only_16gb,-1,0.1414251102239214,8.877935489369559,e2e_bench_v1,40,80,160,0.375,True
T3_p37,8,int8_ent,D21_default_4gb_BL0,-1,0.1414251102239214,11.204594780227476,e2e_bench_v1,40,80,160,0.375,True
T3_p37,8,int8_ent,D22_cublas_lt_8gb_BL0,-1,0.1414251102239214,12.460438109003912,e2e_bench_v1,40,80,160,0.375,True
T3_p37,8,int8_ent,D23_all_enabled_4gb_BL0,-1,0.1414251102239214,12.323876401378795,e2e_bench_v1,40,80,160,0.375,True
T3_p37,8,int8_ent,D24_edge_only_4gb_BL0,-1,0.1414251102239214,11.575829205585569,e2e_bench_v1,40,80,160,0.375,True
T3_p37,8,int8_ent,D25_default_4gb_BL3,-1,0.1414251102239214,12.671107467463763,e2e_bench_v1,40,80,160,0.375,True
T3_p37,8,int8_ent,D26_cublas_lt_8gb_BL3,-1,0.1414251102239214,10.42790925633365,e2e_bench_v1,40,80,160,0.375,True
T3_p37,8,int8_ent,D27_all_enabled_4gb_BL3,-1,0.1414251102239214,8.907686086016179,e2e_bench_v1,40,80,160,0.375,True
T3_p37,8,int8_ent,D28_edge_only_4gb_BL3,-1,0.1414251102239214,9.202425759430186,e2e_bench_v1,40,80,160,0.375,True
T3_p37,8,int8_ent,D29_default_4gb_BL5,-1,0.1414251102239214,9.760716046129144,e2e_bench_v1,40,80,160,0.375,True
T3_p37,8,int8_ent,D2_with_cudnn_8gb,-1,0.0209524238373339,8.926260164778762,e2e_bench_v1,40,80,160,0.375,True
T3_p37,8,int8_ent,D30_cublas_lt_8gb_BL5,-1,0.1414251102239214,9.976575001895549,e2e_bench_v1,40,80,160,0.375,True
T3_p37,8,int8_ent,D31_all_enabled_4gb_BL5,-1,0.1414251102239214,9.33933541289202,e2e_bench_v1,40,80,160,0.375,True
T3_p37,8,int8_ent,D32_edge_only_4gb_BL5,-1,0.1414251102239214,9.232331625351982,e2e_bench_v1,40,80,160,0.375,True
T3_p37,8,int8_ent,D3_cublas_lt_16gb,-1,0.0209524238373339,10.289579639802975,e2e_bench_v1,40,80,160,0.375,True
T3_p37,8,int8_ent,D4_all_enabled_1gb,-1,0.0209524238373339,9.527502565280066,e2e_bench_v1,40,80,160,0.375,True
T3_p37,8,int8_ent,D5_default_1gb,-1,0.1414251102239214,9.722415320193166,e2e_bench_v1,40,80,160,0.375,True
T3_p37,8,int8_ent,D6_default_8gb,-1,0.1414251102239214,8.927096863464516,e2e_bench_v1,40,80,160,0.375,True
T3_p37,8,int8_ent,D7_default_16gb,-1,0.1414251102239214,9.04323480126135,e2e_bench_v1,40,80,160,0.375,True
T3_p37,8,int8_ent,D8_with_cudnn_4gb,-1,0.1414251102239214,9.592878247189287,e2e_bench_v1,40,80,160,0.375,True
T3_p37,8,int8_ent,D9_cublas_lt_4gb,-1,0.1414251102239214,12.094326067868518,e2e_bench_v1,40,80,160,0.375,True
T3_p37,8,int8_mm,D10_cublas_lt_8gb,-1,0.5296359311408936,9.049814705043914,e2e_bench_v1,40,80,160,0.375,True
T3_p37,8,int8_mm,D11_all_enabled_4gb,-1,0.5296359311408936,10.204456490238417,e2e_bench_v1,40,80,160,0.375,True
T3_p37,8,int8_mm,D12_edge_only_4gb,-1,0.5296359311408936,9.594129927545131,e2e_bench_v1,40,80,160,0.375,True
T3_p37,8,int8_mm,D13_with_cudnn_1gb,-1,0.5296359311408936,12.441880864013974,e2e_bench_v1,40,80,160,0.375,True
T3_p37,8,int8_mm,D14_with_cudnn_16gb,-1,0.5296359311408936,10.38560721010395,e2e_bench_v1,40,80,160,0.375,True
T3_p37,8,int8_mm,D15_cublas_lt_1gb,-1,0.5296359311408936,9.962630174216514,e2e_bench_v1,40,80,160,0.375,True
T3_p37,8,int8_mm,D16_all_enabled_8gb,-1,0.5296359311408936,13.87584174324975,e2e_bench_v1,40,80,160,0.375,True
T3_p37,8,int8_mm,D17_all_enabled_16gb,-1,0.5296359311408936,10.90901553771083,e2e_bench_v1,40,80,160,0.375,True
T3_p37,8,int8_mm,D18_edge_only_1gb,-1,0.5296359311408936,9.967953031005317,e2e_bench_v1,40,80,160,0.375,True
T3_p37,8,int8_mm,D19_edge_only_8gb,-1,0.5296359311408936,9.601914237622413,e2e_bench_v1,40,80,160,0.375,True
T3_p37,8,int8_mm,D20_edge_only_16gb,-1,0.5296359311408936,10.049544253168119,e2e_bench_v1,40,80,160,0.375,True
T3_p37,8,int8_mm,D21_default_4gb_BL0,-1,0.5296359311408936,12.235454186177119,e2e_bench_v1,40,80,160,0.375,True
T3_p37,8,int8_mm,D22_cublas_lt_8gb_BL0,-1,0.5296359311408936,18.354888090247314,e2e_bench_v1,40,80,160,0.375,True
T3_p37,8,int8_mm,D23_all_enabled_4gb_BL0,-1,0.5296359311408936,10.960874063941356,e2e_bench_v1,40,80,160,0.375,True
T3_p37,8,int8_mm,D24_edge_only_4gb_BL0,-1,0.5296359311408936,15.086232907298115,e2e_bench_v1,40,80,160,0.375,True
T3_p37,8,int8_mm,D25_default_4gb_BL3,-1,0.5296359311408936,14.268286592804504,e2e_bench_v1,40,80,160,0.375,True
T3_p37,8,int8_mm,D26_cublas_lt_8gb_BL3,-1,0.5296359311408936,13.821891111141825,e2e_bench_v1,40,80,160,0.375,True
T3_p37,8,int8_mm,D27_all_enabled_4gb_BL3,-1,0.5296359311408936,10.749440222900393,e2e_bench_v1,40,80,160,0.375,True
T3_p37,8,int8_mm,D28_edge_only_4gb_BL3,-1,0.5296359311408936,10.915243137040878,e2e_bench_v1,40,80,160,0.375,True
T3_p37,8,int8_mm,D29_default_4gb_BL5,-1,0.5296359311408936,10.04579879671422,e2e_bench_v1,40,80,160,0.375,True
T3_p37,8,int8_mm,D2_with_cudnn_8gb,-1,0.7615481809465594,10.680885060859682,e2e_bench_v1,40,80,160,0.375,True
T3_p37,8,int8_mm,D30_cublas_lt_8gb_BL5,-1,0.5296359311408936,10.058095559954296,e2e_bench_v1,40,80,160,0.375,True
T3_p37,8,int8_mm,D31_all_enabled_4gb_BL5,-1,0.5296359311408936,10.245103864862982,e2e_bench_v1,40,80,160,0.375,True
T3_p37,8,int8_mm,D32_edge_only_4gb_BL5,-1,0.5296359311408936,10.135552884274285,e2e_bench_v1,40,80,160,0.375,True
T3_p37,8,int8_mm,D3_cublas_lt_16gb,-1,0.7615481809465594,10.221970080293575,e2e_bench_v1,40,80,160,0.375,True
T3_p37,8,int8_mm,D4_all_enabled_1gb,-1,0.7615481809465594,9.89311478783226,e2e_bench_v1,40,80,160,0.375,True
T3_p37,8,int8_mm,D5_default_1gb,-1,0.5296359311408936,10.064705994840832,e2e_bench_v1,40,80,160,0.375,True
T3_p37,8,int8_mm,D6_default_8gb,-1,0.5296359311408936,9.821368941688569,e2e_bench_v1,40,80,160,0.375,True
T3_p37,8,int8_mm,D7_default_16gb,-1,0.5296359311408936,9.676476678723557,e2e_bench_v1,40,80,160,0.375,True
T3_p37,8,int8_mm,D8_with_cudnn_4gb,-1,0.5296359311408936,10.82492417140618,e2e_bench_v1,40,80,160,0.375,True
T3_p37,8,int8_mm,D9_cublas_lt_4gb,-1,0.5296359311408936,10.456564997485195,e2e_bench_v1,40,80,160,0.375,True
T3_p37,8,int8_pc_wo,D10_cublas_lt_8gb,-1,0.5287093011531845,11.007481785369515,e2e_bench_v1,40,80,160,0.375,True
T3_p37,8,int8_pc_wo,D11_all_enabled_4gb,-1,0.5287093011531845,10.161816770249452,e2e_bench_v1,40,80,160,0.375,True
T3_p37,8,int8_pc_wo,D12_edge_only_4gb,-1,0.5287093011531845,9.666029030951591,e2e_bench_v1,40,80,160,0.375,True
T3_p37,8,int8_pc_wo,D13_with_cudnn_1gb,-1,0.5287093011531845,10.366464900704816,e2e_bench_v1,40,80,160,0.375,True
T3_p37,8,int8_pc_wo,D14_with_cudnn_16gb,-1,0.5287093011531845,12.358602143228783,e2e_bench_v1,40,80,160,0.375,True
T3_p37,8,int8_pc_wo,D15_cublas_lt_1gb,-1,0.5287093011531845,10.066053442690938,e2e_bench_v1,40,80,160,0.375,True
T3_p37,8,int8_pc_wo,D16_all_enabled_8gb,-1,0.5287093011531845,10.251867890329619,e2e_bench_v1,40,80,160,0.375,True
T3_p37,8,int8_pc_wo,D17_all_enabled_16gb,-1,0.5287093011531845,10.019949719892306,e2e_bench_v1,40,80,160,0.375,True
T3_p37,8,int8_pc_wo,D18_edge_only_1gb,-1,0.5287093011531845,13.99889688692531,e2e_bench_v1,40,80,160,0.375,True
T3_p37,8,int8_pc_wo,D19_edge_only_8gb,-1,0.5287093011531845,11.024993660628645,e2e_bench_v1,40,80,160,0.375,True
T3_p37,8,int8_pc_wo,D20_edge_only_16gb,-1,0.5287093011531845,9.921737335894464,e2e_bench_v1,40,80,160,0.375,True
T3_p37,8,int8_pc_wo,D21_default_4gb_BL0,-1,0.5287093011531845,18.237592054245894,e2e_bench_v1,40,80,160,0.375,True
T3_p37,8,int8_pc_wo,D22_cublas_lt_8gb_BL0,-1,0.5287093011531845,14.758731634603322,e2e_bench_v1,40,80,160,0.375,True
T3_p37,8,int8_pc_wo,D23_all_enabled_4gb_BL0,-1,0.5287093011531845,13.21463071053748,e2e_bench_v1,40,80,160,0.375,True
T3_p37,8,int8_pc_wo,D24_edge_only_4gb_BL0,-1,0.5287093011531845,12.986254050087982,e2e_bench_v1,40,80,160,0.375,True
T3_p37,8,int8_pc_wo,D25_default_4gb_BL3,-1,0.5287093011531845,14.398122484827978,e2e_bench_v1,40,80,160,0.375,True
T3_p37,8,int8_pc_wo,D26_cublas_lt_8gb_BL3,-1,0.5287093011531845,13.300896879476582,e2e_bench_v1,40,80,160,0.375,True
T3_p37,8,int8_pc_wo,D27_all_enabled_4gb_BL3,-1,0.5287093011531845,10.753647906210984,e2e_bench_v1,40,80,160,0.375,True
T3_p37,8,int8_pc_wo,D28_edge_only_4gb_BL3,-1,0.5287093011531845,10.002130453786656,e2e_bench_v1,40,80,160,0.375,True
T3_p37,8,int8_pc_wo,D29_default_4gb_BL5,-1,0.5287093011531845,9.864588789684008,e2e_bench_v1,40,80,160,0.375,True
T3_p37,8,int8_pc_wo,D2_with_cudnn_8gb,-1,0.5287093011531845,12.801015888620922,e2e_bench_v1,40,80,160,0.375,True
T3_p37,8,int8_pc_wo,D30_cublas_lt_8gb_BL5,-1,0.5287093011531845,9.873266748022385,e2e_bench_v1,40,80,160,0.375,True
T3_p37,8,int8_pc_wo,D31_all_enabled_4gb_BL5,-1,0.5287093011531845,10.005312821108008,e2e_bench_v1,40,80,160,0.375,True
T3_p37,8,int8_pc_wo,D32_edge_only_4gb_BL5,-1,0.5287093011531845,10.185788787483702,e2e_bench_v1,40,80,160,0.375,True
T3_p37,8,int8_pc_wo,D3_cublas_lt_16gb,-1,0.5287093011531845,11.05073724993563,e2e_bench_v1,40,80,160,0.375,True
T3_p37,8,int8_pc_wo,D4_all_enabled_1gb,-1,0.5287093011531845,12.396074411155476,e2e_bench_v1,40,80,160,0.375,True
T3_p37,8,int8_pc_wo,D5_default_1gb,-1,0.5287093011531845,9.817271132412408,e2e_bench_v1,40,80,160,0.375,True
T3_p37,8,int8_pc_wo,D6_default_8gb,-1,0.5287093011531845,10.379721346000744,e2e_bench_v1,40,80,160,0.375,True
T3_p37,8,int8_pc_wo,D7_default_16gb,-1,0.5287093011531845,10.651635079242839,e2e_bench_v1,40,80,160,0.375,True
T3_p37,8,int8_pc_wo,D8_with_cudnn_4gb,-1,0.5287093011531845,10.100193923723335,e2e_bench_v1,40,80,160,0.375,True
T3_p37,8,int8_pc_wo,D9_cublas_lt_4gb,-1,0.5287093011531845,10.311457576085667,e2e_bench_v1,40,80,160,0.375,True
T3_p37,8,mix_s0,D10_cublas_lt_8gb,-1,0.5294654942023987,10.128100211474731,e2e_bench_v1,40,80,160,0.375,True
T3_p37,8,mix_s0,D11_all_enabled_4gb,-1,0.5294654942023987,10.744173703205094,e2e_bench_v1,40,80,160,0.375,True
T3_p37,8,mix_s0,D12_edge_only_4gb,-1,0.5294654942023987,10.590897970466223,e2e_bench_v1,40,80,160,0.375,True
T3_p37,8,mix_s0,D13_with_cudnn_1gb,-1,0.5294654942023987,12.87635990456042,e2e_bench_v1,40,80,160,0.375,True
T3_p37,8,mix_s0,D14_with_cudnn_16gb,-1,0.5294654942023987,10.018985978429123,e2e_bench_v1,40,80,160,0.375,True
T3_p37,8,mix_s0,D15_cublas_lt_1gb,-1,0.5294654942023987,10.377427020744477,e2e_bench_v1,40,80,160,0.375,True
T3_p37,8,mix_s0,D16_all_enabled_8gb,-1,0.5294654942023987,12.779781363500433,e2e_bench_v1,40,80,160,0.375,True
T3_p37,8,mix_s0,D17_all_enabled_16gb,-1,0.5294654942023987,10.935499145390741,e2e_bench_v1,40,80,160,0.375,True
T3_p37,8,mix_s0,D18_edge_only_1gb,-1,0.5294654942023987,10.554189960643425,e2e_bench_v1,40,80,160,0.375,True
T3_p37,8,mix_s0,D19_edge_only_8gb,-1,0.5294654942023987,13.687736198997785,e2e_bench_v1,40,80,160,0.375,True
T3_p37,8,mix_s0,D20_edge_only_16gb,-1,0.5294654942023987,9.98167364718377,e2e_bench_v1,40,80,160,0.375,True
T3_p37,8,mix_s0,D21_default_4gb_BL0,-1,0.5294654942023987,17.652032543287195,e2e_bench_v1,40,80,160,0.375,True
T3_p37,8,mix_s0,D22_cublas_lt_8gb_BL0,-1,0.5294654942023987,18.93491124260355,e2e_bench_v1,40,80,160,0.375,True
T3_p37,8,mix_s0,D23_all_enabled_4gb_BL0,-1,0.5294654942023987,13.909772867318848,e2e_bench_v1,40,80,160,0.375,True
T3_p37,8,mix_s0,D24_edge_only_4gb_BL0,-1,0.5294654942023987,13.21716327954829,e2e_bench_v1,40,80,160,0.375,True
T3_p37,8,mix_s0,D25_default_4gb_BL3,-1,0.5294654942023987,10.449397226520988,e2e_bench_v1,40,80,160,0.375,True
T3_p37,8,mix_s0,D26_cublas_lt_8gb_BL3,-1,0.5294654942023987,13.97295952872002,e2e_bench_v1,40,80,160,0.375,True
T3_p37,8,mix_s0,D27_all_enabled_4gb_BL3,-1,0.5294654942023987,14.5390045143609,e2e_bench_v1,40,80,160,0.375,True
T3_p37,8,mix_s0,D28_edge_only_4gb_BL3,-1,0.5294654942023987,13.386432850306214,e2e_bench_v1,40,80,160,0.375,True
T3_p37,8,mix_s0,D29_default_4gb_BL5,-1,0.5294654942023987,10.106114199090449,e2e_bench_v1,40,80,160,0.375,True
T3_p37,8,mix_s0,D2_with_cudnn_8gb,-1,0.5294654942023987,10.770952464555489,e2e_bench_v1,40,80,160,0.375,True
T3_p37,8,mix_s0,D30_cublas_lt_8gb_BL5,-1,0.5294654942023987,10.16698252092365,e2e_bench_v1,40,80,160,0.375,True
T3_p37,8,mix_s0,D31_all_enabled_4gb_BL5,-1,0.5294654942023987,9.919483552008348,e2e_bench_v1,40,80,160,0.375,True
T3_p37,8,mix_s0,D32_edge_only_4gb_BL5,-1,0.5294654942023987,10.70125311673997,e2e_bench_v1,40,80,160,0.375,True
T3_p37,8,mix_s0,D3_cublas_lt_16gb,-1,0.5294654942023987,9.850809490269864,e2e_bench_v1,40,80,160,0.375,True
T3_p37,8,mix_s0,D4_all_enabled_1gb,-1,0.5294654942023987,10.527734263142824,e2e_bench_v1,40,80,160,0.375,True
T3_p37,8,mix_s0,D5_default_1gb,-1,0.5294654942023987,10.105011277192585,e2e_bench_v1,40,80,160,0.375,True
T3_p37,8,mix_s0,D6_default_8gb,-1,0.5294654942023987,9.969423777275097,e2e_bench_v1,40,80,160,0.375,True
T3_p37,8,mix_s0,D7_default_16gb,-1,0.5294654942023987,10.520247267891785,e2e_bench_v1,40,80,160,0.375,True
T3_p37,8,mix_s0,D8_with_cudnn_4gb,-1,0.5294654942023987,10.079446194908268,e2e_bench_v1,40,80,160,0.375,True
T3_p37,8,mix_s0,D9_cublas_lt_4gb,-1,0.5294654942023987,10.253003104609341,e2e_bench_v1,40,80,160,0.375,True
T3_p37,8,mix_s2,D10_cublas_lt_8gb,-1,0.5359431348605856,10.061951434985204,e2e_bench_v1,40,80,160,0.375,True
T3_p37,8,mix_s2,D11_all_enabled_4gb,-1,0.5359431348605856,10.568143388569498,e2e_bench_v1,40,80,160,0.375,True
T3_p37,8,mix_s2,D12_edge_only_4gb,-1,0.5359431348605856,10.443580644285378,e2e_bench_v1,40,80,160,0.375,True
T3_p37,8,mix_s2,D13_with_cudnn_1gb,-1,0.5359431348605856,9.554164469208839,e2e_bench_v1,40,80,160,0.375,True
T3_p37,8,mix_s2,D14_with_cudnn_16gb,-1,0.5359431348605856,10.44016791966082,e2e_bench_v1,40,80,160,0.375,True
T3_p37,8,mix_s2,D15_cublas_lt_1gb,-1,0.5359431348605856,12.611676394473058,e2e_bench_v1,40,80,160,0.375,True
T3_p37,8,mix_s2,D16_all_enabled_8gb,-1,0.5359431348605856,10.15046027262106,e2e_bench_v1,40,80,160,0.375,True
T3_p37,8,mix_s2,D17_all_enabled_16gb,-1,0.5359431348605856,10.244600071302417,e2e_bench_v1,40,80,160,0.375,True
T3_p37,8,mix_s2,D18_edge_only_1gb,-1,0.5359431348605856,10.345166479591573,e2e_bench_v1,40,80,160,0.375,True
T3_p37,8,mix_s2,D19_edge_only_8gb,-1,0.5359431348605856,14.231553060922431,e2e_bench_v1,40,80,160,0.375,True
T3_p37,8,mix_s2,D20_edge_only_16gb,-1,0.5359431348605856,10.822733367893928,e2e_bench_v1,40,80,160,0.375,True
T3_p37,8,mix_s2,D21_default_4gb_BL0,-1,0.5359431348605856,13.587565746833757,e2e_bench_v1,40,80,160,0.375,True
T3_p37,8,mix_s2,D22_cublas_lt_8gb_BL0,-1,0.5359431348605856,18.928997331011377,e2e_bench_v1,40,80,160,0.375,True
T3_p37,8,mix_s2,D23_all_enabled_4gb_BL0,-1,0.5359431348605856,13.936077997441334,e2e_bench_v1,40,80,160,0.375,True
T3_p37,8,mix_s2,D24_edge_only_4gb_BL0,-1,0.5359431348605856,13.047403827586386,e2e_bench_v1,40,80,160,0.375,True
T3_p37,8,mix_s2,D25_default_4gb_BL3,-1,0.5359431348605856,10.534255291356434,e2e_bench_v1,40,80,160,0.375,True
T3_p37,8,mix_s2,D26_cublas_lt_8gb_BL3,-1,0.5359431348605856,10.778928488276836,e2e_bench_v1,40,80,160,0.375,True
T3_p37,8,mix_s2,D27_all_enabled_4gb_BL3,-1,0.5359431348605856,11.114445444744534,e2e_bench_v1,40,80,160,0.375,True
T3_p37,8,mix_s2,D28_edge_only_4gb_BL3,-1,0.5359431348605856,15.375153751537514,e2e_bench_v1,40,80,160,0.375,True
T3_p37,8,mix_s2,D29_default_4gb_BL5,-1,0.5359431348605856,10.926286898070854,e2e_bench_v1,40,80,160,0.375,True
T3_p37,8,mix_s2,D2_with_cudnn_8gb,-1,0.5359431348605856,10.908587130703419,e2e_bench_v1,40,80,160,0.375,True
T3_p37,8,mix_s2,D30_cublas_lt_8gb_BL5,-1,0.5359431348605856,10.450882420257155,e2e_bench_v1,40,80,160,0.375,True
T3_p37,8,mix_s2,D31_all_enabled_4gb_BL5,-1,0.5359431348605856,10.587803062627913,e2e_bench_v1,40,80,160,0.375,True
T3_p37,8,mix_s2,D32_edge_only_4gb_BL5,-1,0.5359431348605856,11.270158086507479,e2e_bench_v1,40,80,160,0.375,True
T3_p37,8,mix_s2,D3_cublas_lt_16gb,-1,0.5359431348605856,10.334923878118175,e2e_bench_v1,40,80,160,0.375,True
T3_p37,8,mix_s2,D4_all_enabled_1gb,-1,0.5359431348605856,10.801247328041441,e2e_bench_v1,40,80,160,0.375,True
T3_p37,8,mix_s2,D5_default_1gb,-1,0.5359431348605856,10.167447696107189,e2e_bench_v1,40,80,160,0.375,True
T3_p37,8,mix_s2,D6_default_8gb,-1,0.5359431348605856,10.79368094742614,e2e_bench_v1,40,80,160,0.375,True
T3_p37,8,mix_s2,D7_default_16gb,-1,0.5359431348605856,10.782508183923712,e2e_bench_v1,40,80,160,0.375,True
T3_p37,8,mix_s2,D8_with_cudnn_4gb,-1,0.5359431348605856,9.835946252455297,e2e_bench_v1,40,80,160,0.375,True
T3_p37,8,mix_s2,D9_cublas_lt_4gb,-1,0.5359431348605856,10.124152481885359,e2e_bench_v1,40,80,160,0.375,True
T4_p50,8,fp16,D10_cublas_lt_8gb,-1,0.5675947438954067,8.241719750209958,e2e_bench_v1,32,64,128,0.5,True
T4_p50,8,fp16,D11_all_enabled_4gb,-1,0.5675947438954067,8.760802068951016,e2e_bench_v1,32,64,128,0.5,True
T4_p50,8,fp16,D12_edge_only_4gb,-1,0.5675947438954067,7.776255359784007,e2e_bench_v1,32,64,128,0.5,True
T4_p50,8,fp16,D13_with_cudnn_1gb,-1,0.5675947438954067,7.743012511933919,e2e_bench_v1,32,64,128,0.5,True
T4_p50,8,fp16,D14_with_cudnn_16gb,-1,0.5675947438954067,10.317351412084301,e2e_bench_v1,32,64,128,0.5,True
T4_p50,8,fp16,D15_cublas_lt_1gb,-1,0.5675947438954067,8.907448051762962,e2e_bench_v1,32,64,128,0.5,True
T4_p50,8,fp16,D16_all_enabled_8gb,-1,0.5675947438954067,7.5714441469708165,e2e_bench_v1,32,64,128,0.5,True
T4_p50,8,fp16,D17_all_enabled_16gb,-1,0.5675947438954067,8.623960812722066,e2e_bench_v1,32,64,128,0.5,True
T4_p50,8,fp16,D18_edge_only_1gb,-1,0.5675947438954067,11.894495822058342,e2e_bench_v1,32,64,128,0.5,True
T4_p50,8,fp16,D19_edge_only_8gb,-1,0.5675947438954067,8.268398841101218,e2e_bench_v1,32,64,128,0.5,True
T4_p50,8,fp16,D20_edge_only_16gb,-1,0.5675947438954067,8.12096337364309,e2e_bench_v1,32,64,128,0.5,True
T4_p50,8,fp16,D21_default_4gb_BL0,-1,0.5675947438954067,9.603242054517604,e2e_bench_v1,32,64,128,0.5,True
T4_p50,8,fp16,D22_cublas_lt_8gb_BL0,-1,0.5675947438954067,12.123710340312549,e2e_bench_v1,32,64,128,0.5,True
T4_p50,8,fp16,D23_all_enabled_4gb_BL0,-1,0.5675947438954067,9.444948699761138,e2e_bench_v1,32,64,128,0.5,True
T4_p50,8,fp16,D24_edge_only_4gb_BL0,-1,0.5675947438954067,12.175329616611045,e2e_bench_v1,32,64,128,0.5,True
T4_p50,8,fp16,D25_default_4gb_BL3,-1,0.5675947438954067,11.239844800222999,e2e_bench_v1,32,64,128,0.5,True
T4_p50,8,fp16,D26_cublas_lt_8gb_BL3,-1,0.5675947438954067,10.686877689753528,e2e_bench_v1,32,64,128,0.5,True
T4_p50,8,fp16,D27_all_enabled_4gb_BL3,-1,0.5675947438954067,8.619114437706212,e2e_bench_v1,32,64,128,0.5,True
T4_p50,8,fp16,D28_edge_only_4gb_BL3,-1,0.5675947438954067,10.47043672191567,e2e_bench_v1,32,64,128,0.5,True
T4_p50,8,fp16,D29_default_4gb_BL5,-1,0.5675947438954067,7.837346838649406,e2e_bench_v1,32,64,128,0.5,True
T4_p50,8,fp16,D2_with_cudnn_8gb,-1,0.754808979163423,8.331306048861444,e2e_bench_v1,32,64,128,0.5,True
T4_p50,8,fp16,D30_cublas_lt_8gb_BL5,-1,0.5675947438954067,8.38595520222731,e2e_bench_v1,32,64,128,0.5,True
T4_p50,8,fp16,D31_all_enabled_4gb_BL5,-1,0.5675947438954067,8.273775936219117,e2e_bench_v1,32,64,128,0.5,True
T4_p50,8,fp16,D32_edge_only_4gb_BL5,-1,0.5675947438954067,7.829333066092098,e2e_bench_v1,32,64,128,0.5,True
T4_p50,8,fp16,D3_cublas_lt_16gb,-1,0.754808979163423,8.218932640093762,e2e_bench_v1,32,64,128,0.5,True
T4_p50,8,fp16,D4_all_enabled_1gb,-1,0.754808979163423,8.580472389326921,e2e_bench_v1,32,64,128,0.5,True
T4_p50,8,fp16,D5_default_1gb,-1,0.5675947438954067,10.228086325048583,e2e_bench_v1,32,64,128,0.5,True
T4_p50,8,fp16,D6_default_8gb,-1,0.5675947438954067,8.22870534487327,e2e_bench_v1,32,64,128,0.5,True
T4_p50,8,fp16,D7_default_16gb,-1,0.5675947438954067,8.79858026108907,e2e_bench_v1,32,64,128,0.5,True
T4_p50,8,fp16,D8_with_cudnn_4gb,-1,0.5675947438954067,8.056440197447236,e2e_bench_v1,32,64,128,0.5,True
T4_p50,8,fp16,D9_cublas_lt_4gb,-1,0.5675947438954067,7.9431082812464,e2e_bench_v1,32,64,128,0.5,True
T4_p50,8,fp32,D10_cublas_lt_8gb,-1,0.5675808257328142,11.919007957129711,e2e_bench_v1,32,64,128,0.5,True
T4_p50,8,fp32,D11_all_enabled_4gb,-1,0.5675808257328142,9.974147010947624,e2e_bench_v1,32,64,128,0.5,True
T4_p50,8,fp32,D12_edge_only_4gb,-1,0.5675808257328142,10.100550985056236,e2e_bench_v1,32,64,128,0.5,True
T4_p50,8,fp32,D13_with_cudnn_1gb,-1,0.5675808257328142,10.032817345537252,e2e_bench_v1,32,64,128,0.5,True
T4_p50,8,fp32,D14_with_cudnn_16gb,-1,0.5675808257328142,12.609450026227657,e2e_bench_v1,32,64,128,0.5,True
T4_p50,8,fp32,D15_cublas_lt_1gb,-1,0.5675808257328142,10.405968030785017,e2e_bench_v1,32,64,128,0.5,True
T4_p50,8,fp32,D16_all_enabled_8gb,-1,0.5675808257328142,10.059248976471416,e2e_bench_v1,32,64,128,0.5,True
T4_p50,8,fp32,D17_all_enabled_16gb,-1,0.5675808257328142,13.153498699118979,e2e_bench_v1,32,64,128,0.5,True
T4_p50,8,fp32,D18_edge_only_1gb,-1,0.5675808257328142,10.374143484778537,e2e_bench_v1,32,64,128,0.5,True
T4_p50,8,fp32,D19_edge_only_8gb,-1,0.5675808257328142,10.178158486141418,e2e_bench_v1,32,64,128,0.5,True
T4_p50,8,fp32,D20_edge_only_16gb,-1,0.5675808257328142,9.918460337564879,e2e_bench_v1,32,64,128,0.5,True
T4_p50,8,fp32,D21_default_4gb_BL0,-1,0.5675808257328142,12.785483873029916,e2e_bench_v1,32,64,128,0.5,True
T4_p50,8,fp32,D22_cublas_lt_8gb_BL0,-1,0.5675808257328142,20.09953288685571,e2e_bench_v1,32,64,128,0.5,True
T4_p50,8,fp32,D23_all_enabled_4gb_BL0,-1,0.5675808257328142,12.331794325401523,e2e_bench_v1,32,64,128,0.5,True
T4_p50,8,fp32,D24_edge_only_4gb_BL0,-1,0.5675808257328142,16.76091890061781,e2e_bench_v1,32,64,128,0.5,True
T4_p50,8,fp32,D25_default_4gb_BL3,-1,0.5675808257328142,10.654756070014534,e2e_bench_v1,32,64,128,0.5,True
T4_p50,8,fp32,D26_cublas_lt_8gb_BL3,-1,0.5675808257328142,10.34347580092119,e2e_bench_v1,32,64,128,0.5,True
T4_p50,8,fp32,D27_all_enabled_4gb_BL3,-1,0.5675808257328142,13.957396443097089,e2e_bench_v1,32,64,128,0.5,True
T4_p50,8,fp32,D28_edge_only_4gb_BL3,-1,0.5675808257328142,10.774004481985864,e2e_bench_v1,32,64,128,0.5,True
T4_p50,8,fp32,D29_default_4gb_BL5,-1,0.5675808257328142,9.672583063307055,e2e_bench_v1,32,64,128,0.5,True
T4_p50,8,fp32,D2_with_cudnn_8gb,-1,0.7555299940555549,10.137607889491964,e2e_bench_v1,32,64,128,0.5,True
T4_p50,8,fp32,D30_cublas_lt_8gb_BL5,-1,0.5675808257328142,10.162622281752606,e2e_bench_v1,32,64,128,0.5,True
T4_p50,8,fp32,D31_all_enabled_4gb_BL5,-1,0.5675808257328142,9.887588011892792,e2e_bench_v1,32,64,128,0.5,True
T4_p50,8,fp32,D32_edge_only_4gb_BL5,-1,0.5675808257328142,10.22528344485709,e2e_bench_v1,32,64,128,0.5,True
T4_p50,8,fp32,D3_cublas_lt_16gb,-1,0.7555299940555549,10.044386142363104,e2e_bench_v1,32,64,128,0.5,True
T4_p50,8,fp32,D4_all_enabled_1gb,-1,0.7555299940555549,10.552630718074862,e2e_bench_v1,32,64,128,0.5,True
T4_p50,8,fp32,D5_default_1gb,-1,0.5675808257328142,10.25097461141118,e2e_bench_v1,32,64,128,0.5,True
T4_p50,8,fp32,D6_default_8gb,-1,0.5675808257328142,10.45787723916224,e2e_bench_v1,32,64,128,0.5,True
T4_p50,8,fp32,D7_default_16gb,-1,0.5675808257328142,10.259314431572426,e2e_bench_v1,32,64,128,0.5,True
T4_p50,8,fp32,D8_with_cudnn_4gb,-1,0.5675808257328142,9.816962729900995,e2e_bench_v1,32,64,128,0.5,True
T4_p50,8,fp32,D9_cublas_lt_4gb,-1,0.5675808257328142,10.509379095373667,e2e_bench_v1,32,64,128,0.5,True
T4_p50,8,int8_ent,D10_cublas_lt_8gb,-1,0.2663258641382376,8.441846231770889,e2e_bench_v1,32,64,128,0.5,True
T4_p50,8,int8_ent,D11_all_enabled_4gb,-1,0.2663258641382376,11.632803575458507,e2e_bench_v1,32,64,128,0.5,True
T4_p50,8,int8_ent,D12_edge_only_4gb,-1,0.2663258641382376,9.093116238214185,e2e_bench_v1,32,64,128,0.5,True
T4_p50,8,int8_ent,D13_with_cudnn_1gb,-1,0.2663258641382376,7.619337879538268,e2e_bench_v1,32,64,128,0.5,True
T4_p50,8,int8_ent,D14_with_cudnn_16gb,-1,0.2663258641382376,7.405630056193921,e2e_bench_v1,32,64,128,0.5,True
T4_p50,8,int8_ent,D15_cublas_lt_1gb,-1,0.2663258641382376,8.606592649969878,e2e_bench_v1,32,64,128,0.5,True
T4_p50,8,int8_ent,D16_all_enabled_8gb,-1,0.2663258641382376,8.153394706653089,e2e_bench_v1,32,64,128,0.5,True
T4_p50,8,int8_ent,D17_all_enabled_16gb,-1,0.2663258641382376,8.077896774172702,e2e_bench_v1,32,64,128,0.5,True
T4_p50,8,int8_ent,D18_edge_only_1gb,-1,0.2663258641382376,11.513945691020965,e2e_bench_v1,32,64,128,0.5,True
T4_p50,8,int8_ent,D19_edge_only_8gb,-1,0.2663258641382376,7.648113363395517,e2e_bench_v1,32,64,128,0.5,True
T4_p50,8,int8_ent,D20_edge_only_16gb,-1,0.2663258641382376,7.480550568521843,e2e_bench_v1,32,64,128,0.5,True
T4_p50,8,int8_ent,D21_default_4gb_BL0,-1,0.2663258641382376,9.472836640932128,e2e_bench_v1,32,64,128,0.5,True
T4_p50,8,int8_ent,D22_cublas_lt_8gb_BL0,-1,0.2663258641382376,13.302683949513655,e2e_bench_v1,32,64,128,0.5,True
T4_p50,8,int8_ent,D23_all_enabled_4gb_BL0,-1,0.2663258641382376,8.919659732820511,e2e_bench_v1,32,64,128,0.5,True
T4_p50,8,int8_ent,D24_edge_only_4gb_BL0,-1,0.2663258641382376,9.217320451206271,e2e_bench_v1,32,64,128,0.5,True
T4_p50,8,int8_ent,D25_default_4gb_BL3,-1,0.2663258641382376,10.914528328658278,e2e_bench_v1,32,64,128,0.5,True
T4_p50,8,int8_ent,D26_cublas_lt_8gb_BL3,-1,0.2663258641382376,8.184002566503205,e2e_bench_v1,32,64,128,0.5,True
T4_p50,8,int8_ent,D27_all_enabled_4gb_BL3,-1,0.2663258641382376,7.797088567129035,e2e_bench_v1,32,64,128,0.5,True
T4_p50,8,int8_ent,D28_edge_only_4gb_BL3,-1,0.2663258641382376,7.3899998522000026,e2e_bench_v1,32,64,128,0.5,True
T4_p50,8,int8_ent,D29_default_4gb_BL5,-1,0.2663258641382376,7.839386646388786,e2e_bench_v1,32,64,128,0.5,True
T4_p50,8,int8_ent,D2_with_cudnn_8gb,-1,0.1975309734729663,7.8652401218483,e2e_bench_v1,32,64,128,0.5,True
T4_p50,8,int8_ent,D30_cublas_lt_8gb_BL5,-1,0.2663258641382376,8.175906258329205,e2e_bench_v1,32,64,128,0.5,True
T4_p50,8,int8_ent,D31_all_enabled_4gb_BL5,-1,0.2663258641382376,7.832570963092926,e2e_bench_v1,32,64,128,0.5,True
T4_p50,8,int8_ent,D32_edge_only_4gb_BL5,-1,0.2663258641382376,7.255898864379268,e2e_bench_v1,32,64,128,0.5,True
T4_p50,8,int8_ent,D3_cublas_lt_16gb,-1,0.1975309734729663,7.699468197731583,e2e_bench_v1,32,64,128,0.5,True
T4_p50,8,int8_ent,D4_all_enabled_1gb,-1,0.1975309734729663,8.15039765790173,e2e_bench_v1,32,64,128,0.5,True
T4_p50,8,int8_ent,D5_default_1gb,-1,0.2663258641382376,7.889789113826777,e2e_bench_v1,32,64,128,0.5,True
T4_p50,8,int8_ent,D6_default_8gb,-1,0.2663258641382376,7.8990750972968575,e2e_bench_v1,32,64,128,0.5,True
T4_p50,8,int8_ent,D7_default_16gb,-1,0.2663258641382376,7.924664964976944,e2e_bench_v1,32,64,128,0.5,True
T4_p50,8,int8_ent,D8_with_cudnn_4gb,-1,0.2663258641382376,7.9114299593194275,e2e_bench_v1,32,64,128,0.5,True
T4_p50,8,int8_ent,D9_cublas_lt_4gb,-1,0.2663258641382376,10.594567105988048,e2e_bench_v1,32,64,128,0.5,True
T4_p50,8,int8_mm,D10_cublas_lt_8gb,-1,0.5543529529755181,8.274255151551257,e2e_bench_v1,32,64,128,0.5,True
T4_p50,8,int8_mm,D11_all_enabled_4gb,-1,0.5543529529755181,7.965011298368527,e2e_bench_v1,32,64,128,0.5,True
T4_p50,8,int8_mm,D12_edge_only_4gb,-1,0.5543529529755181,7.85132110254532,e2e_bench_v1,32,64,128,0.5,True
T4_p50,8,int8_mm,D13_with_cudnn_1gb,-1,0.5543529529755181,7.242776416940564,e2e_bench_v1,32,64,128,0.5,True
T4_p50,8,int8_mm,D14_with_cudnn_16gb,-1,0.5543529529755181,7.959039598609715,e2e_bench_v1,32,64,128,0.5,True
T4_p50,8,int8_mm,D15_cublas_lt_1gb,-1,0.5543529529755181,7.943348041766124,e2e_bench_v1,32,64,128,0.5,True
T4_p50,8,int8_mm,D16_all_enabled_8gb,-1,0.5543529529755181,11.960163088783878,e2e_bench_v1,32,64,128,0.5,True
T4_p50,8,int8_mm,D17_all_enabled_16gb,-1,0.5543529529755181,8.117159838241239,e2e_bench_v1,32,64,128,0.5,True
T4_p50,8,int8_mm,D18_edge_only_1gb,-1,0.5543529529755181,8.079874406432227,e2e_bench_v1,32,64,128,0.5,True
T4_p50,8,int8_mm,D19_edge_only_8gb,-1,0.5543529529755181,7.70562657146622,e2e_bench_v1,32,64,128,0.5,True
T4_p50,8,int8_mm,D20_edge_only_16gb,-1,0.5543529529755181,7.667318133130712,e2e_bench_v1,32,64,128,0.5,True
T4_p50,8,int8_mm,D21_default_4gb_BL0,-1,0.5543529529755181,9.048479945853897,e2e_bench_v1,32,64,128,0.5,True
T4_p50,8,int8_mm,D22_cublas_lt_8gb_BL0,-1,0.5543529529755181,9.605861881154356,e2e_bench_v1,32,64,128,0.5,True
T4_p50,8,int8_mm,D23_all_enabled_4gb_BL0,-1,0.5543529529755181,11.226166847782158,e2e_bench_v1,32,64,128,0.5,True
T4_p50,8,int8_mm,D24_edge_only_4gb_BL0,-1,0.5543529529755181,9.62104623105135,e2e_bench_v1,32,64,128,0.5,True
T4_p50,8,int8_mm,D25_default_4gb_BL3,-1,0.5543529529755181,8.055453743570741,e2e_bench_v1,32,64,128,0.5,True
T4_p50,8,int8_mm,D26_cublas_lt_8gb_BL3,-1,0.5543529529755181,8.489829184636806,e2e_bench_v1,32,64,128,0.5,True
T4_p50,8,int8_mm,D27_all_enabled_4gb_BL3,-1,0.5543529529755181,7.944218872763007,e2e_bench_v1,32,64,128,0.5,True
T4_p50,8,int8_mm,D28_edge_only_4gb_BL3,-1,0.5543529529755181,10.43472090773724,e2e_bench_v1,32,64,128,0.5,True
T4_p50,8,int8_mm,D29_default_4gb_BL5,-1,0.5543529529755181,7.576773552211167,e2e_bench_v1,32,64,128,0.5,True
T4_p50,8,int8_mm,D2_with_cudnn_8gb,-1,0.7438172556171293,7.580271282748667,e2e_bench_v1,32,64,128,0.5,True
T4_p50,8,int8_mm,D30_cublas_lt_8gb_BL5,-1,0.5543529529755181,8.009688519232864,e2e_bench_v1,32,64,128,0.5,True
T4_p50,8,int8_mm,D31_all_enabled_4gb_BL5,-1,0.5543529529755181,8.3519582001196,e2e_bench_v1,32,64,128,0.5,True
T4_p50,8,int8_mm,D32_edge_only_4gb_BL5,-1,0.5543529529755181,7.919982829477226,e2e_bench_v1,32,64,128,0.5,True
T4_p50,8,int8_mm,D3_cublas_lt_16gb,-1,0.7438172556171293,8.210686208099842,e2e_bench_v1,32,64,128,0.5,True
T4_p50,8,int8_mm,D4_all_enabled_1gb,-1,0.7438172556171293,8.047706805945646,e2e_bench_v1,32,64,128,0.5,True
T4_p50,8,int8_mm,D5_default_1gb,-1,0.5543529529755181,7.7442357717092225,e2e_bench_v1,32,64,128,0.5,True
T4_p50,8,int8_mm,D6_default_8gb,-1,0.5543529529755181,8.30106295111089,e2e_bench_v1,32,64,128,0.5,True
T4_p50,8,int8_mm,D7_default_16gb,-1,0.5543529529755181,7.813745315659683,e2e_bench_v1,32,64,128,0.5,True
T4_p50,8,int8_mm,D8_with_cudnn_4gb,-1,0.5543529529755181,7.6970976553870845,e2e_bench_v1,32,64,128,0.5,True
T4_p50,8,int8_mm,D9_cublas_lt_4gb,-1,0.5543529529755181,7.917418161607173,e2e_bench_v1,32,64,128,0.5,True
T4_p50,8,int8_pc_wo,D10_cublas_lt_8gb,-1,0.5556769834119208,10.536464068023411,e2e_bench_v1,32,64,128,0.5,True
T4_p50,8,int8_pc_wo,D11_all_enabled_4gb,-1,0.5556769834119208,7.919161202445437,e2e_bench_v1,32,64,128,0.5,True
T4_p50,8,int8_pc_wo,D12_edge_only_4gb,-1,0.5556769834119208,7.692579891288462,e2e_bench_v1,32,64,128,0.5,True
T4_p50,8,int8_pc_wo,D13_with_cudnn_1gb,-1,0.5556769834119208,7.9471672322400675,e2e_bench_v1,32,64,128,0.5,True
T4_p50,8,int8_pc_wo,D14_with_cudnn_16gb,-1,0.5556769834119208,11.557887680447521,e2e_bench_v1,32,64,128,0.5,True
T4_p50,8,int8_pc_wo,D15_cublas_lt_1gb,-1,0.5556769834119208,8.596567390640917,e2e_bench_v1,32,64,128,0.5,True
T4_p50,8,int8_pc_wo,D16_all_enabled_8gb,-1,0.5556769834119208,8.507438053089816,e2e_bench_v1,32,64,128,0.5,True
T4_p50,8,int8_pc_wo,D17_all_enabled_16gb,-1,0.5556769834119208,8.27417984260855,e2e_bench_v1,32,64,128,0.5,True
T4_p50,8,int8_pc_wo,D18_edge_only_1gb,-1,0.5556769834119208,7.587011643028067,e2e_bench_v1,32,64,128,0.5,True
T4_p50,8,int8_pc_wo,D19_edge_only_8gb,-1,0.5556769834119208,7.773214900631108,e2e_bench_v1,32,64,128,0.5,True
T4_p50,8,int8_pc_wo,D20_edge_only_16gb,-1,0.5556769834119208,7.038233797457931,e2e_bench_v1,32,64,128,0.5,True
T4_p50,8,int8_pc_wo,D21_default_4gb_BL0,-1,0.5556769834119208,9.585172887763378,e2e_bench_v1,32,64,128,0.5,True
T4_p50,8,int8_pc_wo,D22_cublas_lt_8gb_BL0,-1,0.5556769834119208,9.309860072803106,e2e_bench_v1,32,64,128,0.5,True
T4_p50,8,int8_pc_wo,D23_all_enabled_4gb_BL0,-1,0.5556769834119208,13.498355225415782,e2e_bench_v1,32,64,128,0.5,True
T4_p50,8,int8_pc_wo,D24_edge_only_4gb_BL0,-1,0.5556769834119208,10.112890193226992,e2e_bench_v1,32,64,128,0.5,True
T4_p50,8,int8_pc_wo,D25_default_4gb_BL3,-1,0.5556769834119208,10.312031769307474,e2e_bench_v1,32,64,128,0.5,True
T4_p50,8,int8_pc_wo,D26_cublas_lt_8gb_BL3,-1,0.5556769834119208,8.167225577136994,e2e_bench_v1,32,64,128,0.5,True
T4_p50,8,int8_pc_wo,D27_all_enabled_4gb_BL3,-1,0.5556769834119208,7.7620286217043395,e2e_bench_v1,32,64,128,0.5,True
T4_p50,8,int8_pc_wo,D28_edge_only_4gb_BL3,-1,0.5556769834119208,7.670682268834401,e2e_bench_v1,32,64,128,0.5,True
T4_p50,8,int8_pc_wo,D29_default_4gb_BL5,-1,0.5556769834119208,8.465852138812885,e2e_bench_v1,32,64,128,0.5,True
T4_p50,8,int8_pc_wo,D2_with_cudnn_8gb,-1,0.5556769834119208,9.77804808648488,e2e_bench_v1,32,64,128,0.5,True
T4_p50,8,int8_pc_wo,D30_cublas_lt_8gb_BL5,-1,0.5556769834119208,8.376002083949318,e2e_bench_v1,32,64,128,0.5,True
T4_p50,8,int8_pc_wo,D31_all_enabled_4gb_BL5,-1,0.5556769834119208,8.441233399259366,e2e_bench_v1,32,64,128,0.5,True
T4_p50,8,int8_pc_wo,D32_edge_only_4gb_BL5,-1,0.5556769834119208,7.95501913977605,e2e_bench_v1,32,64,128,0.5,True
T4_p50,8,int8_pc_wo,D3_cublas_lt_16gb,-1,0.5556769834119208,9.787254450019917,e2e_bench_v1,32,64,128,0.5,True
T4_p50,8,int8_pc_wo,D4_all_enabled_1gb,-1,0.5556769834119208,9.354230684682916,e2e_bench_v1,32,64,128,0.5,True
T4_p50,8,int8_pc_wo,D5_default_1gb,-1,0.5556769834119208,8.093921869372195,e2e_bench_v1,32,64,128,0.5,True
T4_p50,8,int8_pc_wo,D6_default_8gb,-1,0.5556769834119208,7.744667602738824,e2e_bench_v1,32,64,128,0.5,True
T4_p50,8,int8_pc_wo,D7_default_16gb,-1,0.5556769834119208,7.894261109001589,e2e_bench_v1,32,64,128,0.5,True
T4_p50,8,int8_pc_wo,D8_with_cudnn_4gb,-1,0.5556769834119208,7.948986583700444,e2e_bench_v1,32,64,128,0.5,True
T4_p50,8,int8_pc_wo,D9_cublas_lt_4gb,-1,0.5556769834119208,7.50154906988293,e2e_bench_v1,32,64,128,0.5,True
T4_p50,8,mix_s0,D10_cublas_lt_8gb,-1,0.5679267914008888,8.037389937991536,e2e_bench_v1,32,64,128,0.5,True
T4_p50,8,mix_s0,D11_all_enabled_4gb,-1,0.5679267914008888,7.9037387845946645,e2e_bench_v1,32,64,128,0.5,True
T4_p50,8,mix_s0,D12_edge_only_4gb,-1,0.5679267914008888,8.995086883544207,e2e_bench_v1,32,64,128,0.5,True
T4_p50,8,mix_s0,D13_with_cudnn_1gb,-1,0.5679267914008888,8.679395289171413,e2e_bench_v1,32,64,128,0.5,True
T4_p50,8,mix_s0,D14_with_cudnn_16gb,-1,0.5679267914008888,7.9049321243003146,e2e_bench_v1,32,64,128,0.5,True
T4_p50,8,mix_s0,D15_cublas_lt_1gb,-1,0.5679267914008888,8.63933124664686,e2e_bench_v1,32,64,128,0.5,True
T4_p50,8,mix_s0,D16_all_enabled_8gb,-1,0.5679267914008888,8.737264345059033,e2e_bench_v1,32,64,128,0.5,True
T4_p50,8,mix_s0,D17_all_enabled_16gb,-1,0.5679267914008888,8.562970802838453,e2e_bench_v1,32,64,128,0.5,True
T4_p50,8,mix_s0,D18_edge_only_1gb,-1,0.5679267914008888,8.280003212641246,e2e_bench_v1,32,64,128,0.5,True
T4_p50,8,mix_s0,D19_edge_only_8gb,-1,0.5679267914008888,8.375083122699992,e2e_bench_v1,32,64,128,0.5,True
T4_p50,8,mix_s0,D20_edge_only_16gb,-1,0.5679267914008888,7.763480896402558,e2e_bench_v1,32,64,128,0.5,True
T4_p50,8,mix_s0,D21_default_4gb_BL0,-1,0.5679267914008888,9.639864309269983,e2e_bench_v1,32,64,128,0.5,True
T4_p50,8,mix_s0,D22_cublas_lt_8gb_BL0,-1,0.5679267914008888,12.591318537694631,e2e_bench_v1,32,64,128,0.5,True
T4_p50,8,mix_s0,D23_all_enabled_4gb_BL0,-1,0.5679267914008888,10.049756343657448,e2e_bench_v1,32,64,128,0.5,True
T4_p50,8,mix_s0,D24_edge_only_4gb_BL0,-1,0.5679267914008888,14.3561620236446,e2e_bench_v1,32,64,128,0.5,True
T4_p50,8,mix_s0,D25_default_4gb_BL3,-1,0.5679267914008888,8.321828405562643,e2e_bench_v1,32,64,128,0.5,True
T4_p50,8,mix_s0,D26_cublas_lt_8gb_BL3,-1,0.5679267914008888,8.46490619190958,e2e_bench_v1,32,64,128,0.5,True
T4_p50,8,mix_s0,D27_all_enabled_4gb_BL3,-1,0.5679267914008888,10.305889094205103,e2e_bench_v1,32,64,128,0.5,True
T4_p50,8,mix_s0,D28_edge_only_4gb_BL3,-1,0.5679267914008888,8.33882305851352,e2e_bench_v1,32,64,128,0.5,True
T4_p50,8,mix_s0,D29_default_4gb_BL5,-1,0.5679267914008888,8.273016151409433,e2e_bench_v1,32,64,128,0.5,True
T4_p50,8,mix_s0,D2_with_cudnn_8gb,-1,0.5679267914008888,8.14033282564791,e2e_bench_v1,32,64,128,0.5,True
T4_p50,8,mix_s0,D30_cublas_lt_8gb_BL5,-1,0.5679267914008888,8.172044416695813,e2e_bench_v1,32,64,128,0.5,True
T4_p50,8,mix_s0,D31_all_enabled_4gb_BL5,-1,0.5679267914008888,8.10228978811702,e2e_bench_v1,32,64,128,0.5,True
T4_p50,8,mix_s0,D32_edge_only_4gb_BL5,-1,0.5679267914008888,8.362385654829152,e2e_bench_v1,32,64,128,0.5,True
T4_p50,8,mix_s0,D3_cublas_lt_16gb,-1,0.5679267914008888,7.964072476245162,e2e_bench_v1,32,64,128,0.5,True
T4_p50,8,mix_s0,D4_all_enabled_1gb,-1,0.5679267914008888,7.665026095581342,e2e_bench_v1,32,64,128,0.5,True
T4_p50,8,mix_s0,D5_default_1gb,-1,0.5679267914008888,8.390732938912947,e2e_bench_v1,32,64,128,0.5,True
T4_p50,8,mix_s0,D6_default_8gb,-1,0.5679267914008888,8.594897553118615,e2e_bench_v1,32,64,128,0.5,True
T4_p50,8,mix_s0,D7_default_16gb,-1,0.5679267914008888,8.157465181899237,e2e_bench_v1,32,64,128,0.5,True
T4_p50,8,mix_s0,D8_with_cudnn_4gb,-1,0.5679267914008888,7.431855459329542,e2e_bench_v1,32,64,128,0.5,True
T4_p50,8,mix_s0,D9_cublas_lt_4gb,-1,0.5679267914008888,8.167018801293983,e2e_bench_v1,32,64,128,0.5,True
T4_p50,8,mix_s2,D10_cublas_lt_8gb,-1,0.5670943725074309,8.106414524749288,e2e_bench_v1,32,64,128,0.5,True
T4_p50,8,mix_s2,D11_all_enabled_4gb,-1,0.5670943725074309,8.488676106074497,e2e_bench_v1,32,64,128,0.5,True
T4_p50,8,mix_s2,D12_edge_only_4gb,-1,0.5670943725074309,8.070829600574642,e2e_bench_v1,32,64,128,0.5,True
T4_p50,8,mix_s2,D13_with_cudnn_1gb,-1,0.5670943725074309,7.460665506284491,e2e_bench_v1,32,64,128,0.5,True
T4_p50,8,mix_s2,D14_with_cudnn_16gb,-1,0.5670943725074309,12.561867195940005,e2e_bench_v1,32,64,128,0.5,True
T4_p50,8,mix_s2,D15_cublas_lt_1gb,-1,0.5670943725074309,8.066793046424394,e2e_bench_v1,32,64,128,0.5,True
T4_p50,8,mix_s2,D16_all_enabled_8gb,-1,0.5670943725074309,8.270169910640814,e2e_bench_v1,32,64,128,0.5,True
T4_p50,8,mix_s2,D17_all_enabled_16gb,-1,0.5670943725074309,7.867306855649867,e2e_bench_v1,32,64,128,0.5,True
T4_p50,8,mix_s2,D18_edge_only_1gb,-1,0.5670943725074309,8.377124752979535,e2e_bench_v1,32,64,128,0.5,True
T4_p50,8,mix_s2,D19_edge_only_8gb,-1,0.5670943725074309,8.383382124617299,e2e_bench_v1,32,64,128,0.5,True
T4_p50,8,mix_s2,D20_edge_only_16gb,-1,0.5670943725074309,8.037835700208019,e2e_bench_v1,32,64,128,0.5,True
T4_p50,8,mix_s2,D21_default_4gb_BL0,-1,0.5670943725074309,10.797620204506927,e2e_bench_v1,32,64,128,0.5,True
T4_p50,8,mix_s2,D22_cublas_lt_8gb_BL0,-1,0.5670943725074309,10.830586877011104,e2e_bench_v1,32,64,128,0.5,True
T4_p50,8,mix_s2,D23_all_enabled_4gb_BL0,-1,0.5670943725074309,13.027160326564855,e2e_bench_v1,32,64,128,0.5,True
T4_p50,8,mix_s2,D24_edge_only_4gb_BL0,-1,0.5670943725074309,10.052009095057828,e2e_bench_v1,32,64,128,0.5,True
T4_p50,8,mix_s2,D25_default_4gb_BL3,-1,0.5670943725074309,8.743689242289378,e2e_bench_v1,32,64,128,0.5,True
T4_p50,8,mix_s2,D26_cublas_lt_8gb_BL3,-1,0.5670943725074309,8.438085128465627,e2e_bench_v1,32,64,128,0.5,True
T4_p50,8,mix_s2,D27_all_enabled_4gb_BL3,-1,0.5670943725074309,13.864222127021229,e2e_bench_v1,32,64,128,0.5,True
T4_p50,8,mix_s2,D28_edge_only_4gb_BL3,-1,0.5670943725074309,8.193705759109967,e2e_bench_v1,32,64,128,0.5,True
T4_p50,8,mix_s2,D29_default_4gb_BL5,-1,0.5670943725074309,7.561162241370446,e2e_bench_v1,32,64,128,0.5,True
T4_p50,8,mix_s2,D2_with_cudnn_8gb,-1,0.5670943725074309,8.461303497649027,e2e_bench_v1,32,64,128,0.5,True
T4_p50,8,mix_s2,D30_cublas_lt_8gb_BL5,-1,0.5670943725074309,8.382166437973225,e2e_bench_v1,32,64,128,0.5,True
T4_p50,8,mix_s2,D31_all_enabled_4gb_BL5,-1,0.5670943725074309,8.910781689412921,e2e_bench_v1,32,64,128,0.5,True
T4_p50,8,mix_s2,D32_edge_only_4gb_BL5,-1,0.5670943725074309,8.442943851890503,e2e_bench_v1,32,64,128,0.5,True
T4_p50,8,mix_s2,D3_cublas_lt_16gb,-1,0.5670943725074309,8.281758681146494,e2e_bench_v1,32,64,128,0.5,True
T4_p50,8,mix_s2,D4_all_enabled_1gb,-1,0.5670943725074309,8.69482805542779,e2e_bench_v1,32,64,128,0.5,True
T4_p50,8,mix_s2,D5_default_1gb,-1,0.5670943725074309,7.9710491494890565,e2e_bench_v1,32,64,128,0.5,True
T4_p50,8,mix_s2,D6_default_8gb,-1,0.5670943725074309,8.368494959655486,e2e_bench_v1,32,64,128,0.5,True
T4_p50,8,mix_s2,D7_default_16gb,-1,0.5670943725074309,8.58820255791025,e2e_bench_v1,32,64,128,0.5,True
T4_p50,8,mix_s2,D8_with_cudnn_4gb,-1,0.5670943725074309,8.1276033729554,e2e_bench_v1,32,64,128,0.5,True
T4_p50,8,mix_s2,D9_cublas_lt_4gb,-1,0.5670943725074309,8.551525506635128,e2e_bench_v1,32,64,128,0.5,True
T5_p62,8,fp16,D10_cublas_lt_8gb,-1,0.5445084005480897,9.174572854824312,e2e_bench_v1,24,56,128,0.5357142857142857,True
T5_p62,8,fp16,D11_all_enabled_4gb,-1,0.5445084005480897,9.056117135441477,e2e_bench_v1,24,56,128,0.5357142857142857,True
T5_p62,8,fp16,D12_edge_only_4gb,-1,0.5445084005480897,9.026142416280273,e2e_bench_v1,24,56,128,0.5357142857142857,True
T5_p62,8,fp16,D13_with_cudnn_1gb,-1,0.5445084005480897,8.654659192502988,e2e_bench_v1,24,56,128,0.5357142857142857,True
T5_p62,8,fp16,D14_with_cudnn_16gb,-1,0.5445084005480897,8.923352860603844,e2e_bench_v1,24,56,128,0.5357142857142857,True
T5_p62,8,fp16,D15_cublas_lt_1gb,-1,0.5445084005480897,8.492893571304212,e2e_bench_v1,24,56,128,0.5357142857142857,True
T5_p62,8,fp16,D16_all_enabled_8gb,-1,0.5445084005480897,8.970613168321895,e2e_bench_v1,24,56,128,0.5357142857142857,True
T5_p62,8,fp16,D17_all_enabled_16gb,-1,0.5445084005480897,9.434976969221218,e2e_bench_v1,24,56,128,0.5357142857142857,True
T5_p62,8,fp16,D18_edge_only_1gb,-1,0.5445084005480897,12.626677138390907,e2e_bench_v1,24,56,128,0.5357142857142857,True
T5_p62,8,fp16,D19_edge_only_8gb,-1,0.5445084005480897,8.892287718861432,e2e_bench_v1,24,56,128,0.5357142857142857,True
T5_p62,8,fp16,D20_edge_only_16gb,-1,0.5445084005480897,8.628834977845466,e2e_bench_v1,24,56,128,0.5357142857142857,True
T5_p62,8,fp16,D21_default_4gb_BL0,-1,0.5445084005480897,12.402885407261145,e2e_bench_v1,24,56,128,0.5357142857142857,True
T5_p62,8,fp16,D22_cublas_lt_8gb_BL0,-1,0.5445084005480897,11.044549294032409,e2e_bench_v1,24,56,128,0.5357142857142857,True
T5_p62,8,fp16,D23_all_enabled_4gb_BL0,-1,0.5445084005480897,10.081193935960224,e2e_bench_v1,24,56,128,0.5357142857142857,True
T5_p62,8,fp16,D24_edge_only_4gb_BL0,-1,0.5445084005480897,10.118108682652604,e2e_bench_v1,24,56,128,0.5357142857142857,True
T5_p62,8,fp16,D25_default_4gb_BL3,-1,0.5445084005480897,15.028125136192385,e2e_bench_v1,24,56,128,0.5357142857142857,True
T5_p62,8,fp16,D26_cublas_lt_8gb_BL3,-1,0.5445084005480897,8.420308099073345,e2e_bench_v1,24,56,128,0.5357142857142857,True
T5_p62,8,fp16,D27_all_enabled_4gb_BL3,-1,0.5445084005480897,8.611795748873147,e2e_bench_v1,24,56,128,0.5357142857142857,True
T5_p62,8,fp16,D28_edge_only_4gb_BL3,-1,0.5445084005480897,9.17045024159551,e2e_bench_v1,24,56,128,0.5357142857142857,True
T5_p62,8,fp16,D29_default_4gb_BL5,-1,0.5445084005480897,7.52150586564635,e2e_bench_v1,24,56,128,0.5357142857142857,True
T5_p62,8,fp16,D2_with_cudnn_8gb,-1,0.7437518283767943,8.01604491550287,e2e_bench_v1,24,56,128,0.5357142857142857,True
T5_p62,8,fp16,D30_cublas_lt_8gb_BL5,-1,0.5445084005480897,7.921124609587571,e2e_bench_v1,24,56,128,0.5357142857142857,True
T5_p62,8,fp16,D31_all_enabled_4gb_BL5,-1,0.5445084005480897,7.46042060359279,e2e_bench_v1,24,56,128,0.5357142857142857,True
T5_p62,8,fp16,D32_edge_only_4gb_BL5,-1,0.5445084005480897,8.590976725325856,e2e_bench_v1,24,56,128,0.5357142857142857,True
T5_p62,8,fp16,D3_cublas_lt_16gb,-1,0.7437518283767943,8.468870549079222,e2e_bench_v1,24,56,128,0.5357142857142857,True
T5_p62,8,fp16,D4_all_enabled_1gb,-1,0.7437518283767943,8.923830643542047,e2e_bench_v1,24,56,128,0.5357142857142857,True
T5_p62,8,fp16,D5_default_1gb,-1,0.5445084005480897,8.232607382014388,e2e_bench_v1,24,56,128,0.5357142857142857,True
T5_p62,8,fp16,D6_default_8gb,-1,0.5445084005480897,9.09596975771975,e2e_bench_v1,24,56,128,0.5357142857142857,True
T5_p62,8,fp16,D7_default_16gb,-1,0.5445084005480897,8.063755274703919,e2e_bench_v1,24,56,128,0.5357142857142857,True
T5_p62,8,fp16,D8_with_cudnn_4gb,-1,0.5445084005480897,7.835713300653185,e2e_bench_v1,24,56,128,0.5357142857142857,True
T5_p62,8,fp16,D9_cublas_lt_4gb,-1,0.5445084005480897,8.970460274316675,e2e_bench_v1,24,56,128,0.5357142857142857,True
T5_p62,8,fp32,D10_cublas_lt_8gb,-1,0.5440968430414329,11.24186650958032,e2e_bench_v1,24,56,128,0.5357142857142857,True
T5_p62,8,fp32,D11_all_enabled_4gb,-1,0.5440968430414329,10.309395261183374,e2e_bench_v1,24,56,128,0.5357142857142857,True
T5_p62,8,fp32,D12_edge_only_4gb,-1,0.5440968430414329,9.836729956187204,e2e_bench_v1,24,56,128,0.5357142857142857,True
T5_p62,8,fp32,D13_with_cudnn_1gb,-1,0.5440968430414329,11.018276014425126,e2e_bench_v1,24,56,128,0.5357142857142857,True
T5_p62,8,fp32,D14_with_cudnn_16gb,-1,0.5440968430414329,10.891668200576605,e2e_bench_v1,24,56,128,0.5357142857142857,True
T5_p62,8,fp32,D15_cublas_lt_1gb,-1,0.5440968430414329,10.63911278310679,e2e_bench_v1,24,56,128,0.5357142857142857,True
T5_p62,8,fp32,D16_all_enabled_8gb,-1,0.5440968430414329,10.722239318237134,e2e_bench_v1,24,56,128,0.5357142857142857,True
T5_p62,8,fp32,D17_all_enabled_16gb,-1,0.5440968430414329,11.422749090178035,e2e_bench_v1,24,56,128,0.5357142857142857,True
T5_p62,8,fp32,D18_edge_only_1gb,-1,0.5440968430414329,15.44158294755112,e2e_bench_v1,24,56,128,0.5357142857142857,True
T5_p62,8,fp32,D19_edge_only_8gb,-1,0.5440968430414329,11.291792334905526,e2e_bench_v1,24,56,128,0.5357142857142857,True
T5_p62,8,fp32,D20_edge_only_16gb,-1,0.5440968430414329,11.04611088527951,e2e_bench_v1,24,56,128,0.5357142857142857,True
T5_p62,8,fp32,D21_default_4gb_BL0,-1,0.5440968430414329,13.090701543786432,e2e_bench_v1,24,56,128,0.5357142857142857,True
T5_p62,8,fp32,D22_cublas_lt_8gb_BL0,-1,0.5440968430414329,14.869158836815444,e2e_bench_v1,24,56,128,0.5357142857142857,True
T5_p62,8,fp32,D23_all_enabled_4gb_BL0,-1,0.5440968430414329,16.122947145754665,e2e_bench_v1,24,56,128,0.5357142857142857,True
T5_p62,8,fp32,D24_edge_only_4gb_BL0,-1,0.5440968430414329,13.256147206863503,e2e_bench_v1,24,56,128,0.5357142857142857,True
T5_p62,8,fp32,D25_default_4gb_BL3,-1,0.5440968430414329,11.429969150513262,e2e_bench_v1,24,56,128,0.5357142857142857,True
T5_p62,8,fp32,D26_cublas_lt_8gb_BL3,-1,0.5440968430414329,17.926512056475683,e2e_bench_v1,24,56,128,0.5357142857142857,True
T5_p62,8,fp32,D27_all_enabled_4gb_BL3,-1,0.5440968430414329,11.253416818681572,e2e_bench_v1,24,56,128,0.5357142857142857,True
T5_p62,8,fp32,D28_edge_only_4gb_BL3,-1,0.5440968430414329,10.950755547378993,e2e_bench_v1,24,56,128,0.5357142857142857,True
T5_p62,8,fp32,D29_default_4gb_BL5,-1,0.5440968430414329,10.446089819658704,e2e_bench_v1,24,56,128,0.5357142857142857,True
T5_p62,8,fp32,D2_with_cudnn_8gb,-1,0.7434494603466519,10.935750279955206,e2e_bench_v1,24,56,128,0.5357142857142857,True
T5_p62,8,fp32,D30_cublas_lt_8gb_BL5,-1,0.5440968430414329,9.709341162946046,e2e_bench_v1,24,56,128,0.5357142857142857,True
T5_p62,8,fp32,D31_all_enabled_4gb_BL5,-1,0.5440968430414329,10.089585429024307,e2e_bench_v1,24,56,128,0.5357142857142857,True
T5_p62,8,fp32,D32_edge_only_4gb_BL5,-1,0.5440968430414329,10.113432256185375,e2e_bench_v1,24,56,128,0.5357142857142857,True
T5_p62,8,fp32,D3_cublas_lt_16gb,-1,0.7434494603466519,10.424963199879905,e2e_bench_v1,24,56,128,0.5357142857142857,True
T5_p62,8,fp32,D4_all_enabled_1gb,-1,0.7434494603466519,10.760023499891323,e2e_bench_v1,24,56,128,0.5357142857142857,True
T5_p62,8,fp32,D5_default_1gb,-1,0.5440968430414329,10.264832683227263,e2e_bench_v1,24,56,128,0.5357142857142857,True
T5_p62,8,fp32,D6_default_8gb,-1,0.5440968430414329,10.852036818790518,e2e_bench_v1,24,56,128,0.5357142857142857,True
T5_p62,8,fp32,D7_default_16gb,-1,0.5440968430414329,10.815557963819796,e2e_bench_v1,24,56,128,0.5357142857142857,True
T5_p62,8,fp32,D8_with_cudnn_4gb,-1,0.5440968430414329,10.594129369151378,e2e_bench_v1,24,56,128,0.5357142857142857,True
T5_p62,8,fp32,D9_cublas_lt_4gb,-1,0.5440968430414329,13.718794886182017,e2e_bench_v1,24,56,128,0.5357142857142857,True
T5_p62,8,int8_ent,D10_cublas_lt_8gb,-1,0.5336840632145856,8.579051671628218,e2e_bench_v1,24,56,128,0.5357142857142857,True
T5_p62,8,int8_ent,D11_all_enabled_4gb,-1,0.5336840632145856,10.272973450527415,e2e_bench_v1,24,56,128,0.5357142857142857,True
T5_p62,8,int8_ent,D12_edge_only_4gb,-1,0.5336840632145856,11.028167041440543,e2e_bench_v1,24,56,128,0.5357142857142857,True
T5_p62,8,int8_ent,D13_with_cudnn_1gb,-1,0.5336840632145856,8.442965236934933,e2e_bench_v1,24,56,128,0.5357142857142857,True
T5_p62,8,int8_ent,D14_with_cudnn_16gb,-1,0.5336840632145856,7.812774667859417,e2e_bench_v1,24,56,128,0.5357142857142857,True
T5_p62,8,int8_ent,D15_cublas_lt_1gb,-1,0.5336840632145856,8.658503429633209,e2e_bench_v1,24,56,128,0.5357142857142857,True
T5_p62,8,int8_ent,D16_all_enabled_8gb,-1,0.5336840632145856,9.185933396471317,e2e_bench_v1,24,56,128,0.5357142857142857,True
T5_p62,8,int8_ent,D17_all_enabled_16gb,-1,0.5336840632145856,8.365701627212623,e2e_bench_v1,24,56,128,0.5357142857142857,True
T5_p62,8,int8_ent,D18_edge_only_1gb,-1,0.5336840632145856,8.633968102668241,e2e_bench_v1,24,56,128,0.5357142857142857,True
T5_p62,8,int8_ent,D19_edge_only_8gb,-1,0.5336840632145856,12.161559014573196,e2e_bench_v1,24,56,128,0.5357142857142857,True
T5_p62,8,int8_ent,D20_edge_only_16gb,-1,0.5336840632145856,8.352760462041298,e2e_bench_v1,24,56,128,0.5357142857142857,True
T5_p62,8,int8_ent,D21_default_4gb_BL0,-1,0.5336840632145856,9.781433860389594,e2e_bench_v1,24,56,128,0.5357142857142857,True
T5_p62,8,int8_ent,D22_cublas_lt_8gb_BL0,-1,0.5336840632145856,11.070261844903419,e2e_bench_v1,24,56,128,0.5357142857142857,True
T5_p62,8,int8_ent,D23_all_enabled_4gb_BL0,-1,0.5336840632145856,9.728383531792357,e2e_bench_v1,24,56,128,0.5357142857142857,True
T5_p62,8,int8_ent,D24_edge_only_4gb_BL0,-1,0.5336840632145856,9.587672554136793,e2e_bench_v1,24,56,128,0.5357142857142857,True
T5_p62,8,int8_ent,D25_default_4gb_BL3,-1,0.5336840632145856,8.60865238433845,e2e_bench_v1,24,56,128,0.5357142857142857,True
T5_p62,8,int8_ent,D26_cublas_lt_8gb_BL3,-1,0.5336840632145856,14.731141928660026,e2e_bench_v1,24,56,128,0.5357142857142857,True
T5_p62,8,int8_ent,D27_all_enabled_4gb_BL3,-1,0.5336840632145856,8.888715065127615,e2e_bench_v1,24,56,128,0.5357142857142857,True
T5_p62,8,int8_ent,D28_edge_only_4gb_BL3,-1,0.5336840632145856,10.713795940756995,e2e_bench_v1,24,56,128,0.5357142857142857,True
T5_p62,8,int8_ent,D29_default_4gb_BL5,-1,0.5336840632145856,8.626006547138969,e2e_bench_v1,24,56,128,0.5357142857142857,True
T5_p62,8,int8_ent,D2_with_cudnn_8gb,-1,0.0206821325726492,8.982506568457929,e2e_bench_v1,24,56,128,0.5357142857142857,True
T5_p62,8,int8_ent,D30_cublas_lt_8gb_BL5,-1,0.5336840632145856,9.037472977955796,e2e_bench_v1,24,56,128,0.5357142857142857,True
T5_p62,8,int8_ent,D31_all_enabled_4gb_BL5,-1,0.5336840632145856,7.743144413514884,e2e_bench_v1,24,56,128,0.5357142857142857,True
T5_p62,8,int8_ent,D32_edge_only_4gb_BL5,-1,0.5336840632145856,7.510433870254251,e2e_bench_v1,24,56,128,0.5357142857142857,True
T5_p62,8,int8_ent,D3_cublas_lt_16gb,-1,0.0206821325726492,8.466619084267412,e2e_bench_v1,24,56,128,0.5357142857142857,True
T5_p62,8,int8_ent,D4_all_enabled_1gb,-1,0.0206821325726492,8.896987124280233,e2e_bench_v1,24,56,128,0.5357142857142857,True
T5_p62,8,int8_ent,D5_default_1gb,-1,0.5336840632145856,8.302689490206562,e2e_bench_v1,24,56,128,0.5357142857142857,True
T5_p62,8,int8_ent,D6_default_8gb,-1,0.5336840632145856,8.263786681916107,e2e_bench_v1,24,56,128,0.5357142857142857,True
T5_p62,8,int8_ent,D7_default_16gb,-1,0.5336840632145856,9.123804553508377,e2e_bench_v1,24,56,128,0.5357142857142857,True
T5_p62,8,int8_ent,D8_with_cudnn_4gb,-1,0.5336840632145856,8.717688975523345,e2e_bench_v1,24,56,128,0.5357142857142857,True
T5_p62,8,int8_ent,D9_cublas_lt_4gb,-1,0.5336840632145856,8.6355860410933,e2e_bench_v1,24,56,128,0.5357142857142857,True
T5_p62,8,int8_mm,D10_cublas_lt_8gb,-1,0.5330507756153846,8.367948747987509,e2e_bench_v1,24,56,128,0.5357142857142857,True
T5_p62,8,int8_mm,D11_all_enabled_4gb,-1,0.5330507756153846,8.953601541452041,e2e_bench_v1,24,56,128,0.5357142857142857,True
T5_p62,8,int8_mm,D12_edge_only_4gb,-1,0.5330507756153846,8.413868073914148,e2e_bench_v1,24,56,128,0.5357142857142857,True
T5_p62,8,int8_mm,D13_with_cudnn_1gb,-1,0.5330507756153846,8.869997764760564,e2e_bench_v1,24,56,128,0.5357142857142857,True
T5_p62,8,int8_mm,D14_with_cudnn_16gb,-1,0.5330507756153846,8.589213150772471,e2e_bench_v1,24,56,128,0.5357142857142857,True
T5_p62,8,int8_mm,D15_cublas_lt_1gb,-1,0.5330507756153846,8.103799952835885,e2e_bench_v1,24,56,128,0.5357142857142857,True
T5_p62,8,int8_mm,D16_all_enabled_8gb,-1,0.5330507756153846,8.737088767074455,e2e_bench_v1,24,56,128,0.5357142857142857,True
T5_p62,8,int8_mm,D17_all_enabled_16gb,-1,0.5330507756153846,12.01852294756679,e2e_bench_v1,24,56,128,0.5357142857142857,True
T5_p62,8,int8_mm,D18_edge_only_1gb,-1,0.5330507756153846,8.818839863978214,e2e_bench_v1,24,56,128,0.5357142857142857,True
T5_p62,8,int8_mm,D19_edge_only_8gb,-1,0.5330507756153846,8.65598518095337,e2e_bench_v1,24,56,128,0.5357142857142857,True
T5_p62,8,int8_mm,D20_edge_only_16gb,-1,0.5330507756153846,8.626653945227648,e2e_bench_v1,24,56,128,0.5357142857142857,True
T5_p62,8,int8_mm,D21_default_4gb_BL0,-1,0.5330507756153846,8.839192981680773,e2e_bench_v1,24,56,128,0.5357142857142857,True
T5_p62,8,int8_mm,D22_cublas_lt_8gb_BL0,-1,0.5330507756153846,13.746989409319358,e2e_bench_v1,24,56,128,0.5357142857142857,True
T5_p62,8,int8_mm,D23_all_enabled_4gb_BL0,-1,0.5330507756153846,8.147973721155154,e2e_bench_v1,24,56,128,0.5357142857142857,True
T5_p62,8,int8_mm,D24_edge_only_4gb_BL0,-1,0.5330507756153846,13.436399474905508,e2e_bench_v1,24,56,128,0.5357142857142857,True
T5_p62,8,int8_mm,D25_default_4gb_BL3,-1,0.5330507756153846,11.168005896707113,e2e_bench_v1,24,56,128,0.5357142857142857,True
T5_p62,8,int8_mm,D26_cublas_lt_8gb_BL3,-1,0.5330507756153846,8.605807543162427,e2e_bench_v1,24,56,128,0.5357142857142857,True
T5_p62,8,int8_mm,D27_all_enabled_4gb_BL3,-1,0.5330507756153846,8.894700092949616,e2e_bench_v1,24,56,128,0.5357142857142857,True
T5_p62,8,int8_mm,D28_edge_only_4gb_BL3,-1,0.5330507756153846,8.98541218332038,e2e_bench_v1,24,56,128,0.5357142857142857,True
T5_p62,8,int8_mm,D29_default_4gb_BL5,-1,0.5330507756153846,8.682846862366457,e2e_bench_v1,24,56,128,0.5357142857142857,True
T5_p62,8,int8_mm,D2_with_cudnn_8gb,-1,0.7311139405354333,8.379764210194654,e2e_bench_v1,24,56,128,0.5357142857142857,True
T5_p62,8,int8_mm,D30_cublas_lt_8gb_BL5,-1,0.5330507756153846,8.688625720069856,e2e_bench_v1,24,56,128,0.5357142857142857,True
T5_p62,8,int8_mm,D31_all_enabled_4gb_BL5,-1,0.5330507756153846,8.348980714689448,e2e_bench_v1,24,56,128,0.5357142857142857,True
T5_p62,8,int8_mm,D32_edge_only_4gb_BL5,-1,0.5330507756153846,8.134492444276693,e2e_bench_v1,24,56,128,0.5357142857142857,True
T5_p62,8,int8_mm,D3_cublas_lt_16gb,-1,0.7311139405354333,9.401314867897424,e2e_bench_v1,24,56,128,0.5357142857142857,True
T5_p62,8,int8_mm,D4_all_enabled_1gb,-1,0.7311139405354333,8.275028859163147,e2e_bench_v1,24,56,128,0.5357142857142857,True
T5_p62,8,int8_mm,D5_default_1gb,-1,0.5330507756153846,8.20615165953005,e2e_bench_v1,24,56,128,0.5357142857142857,True
T5_p62,8,int8_mm,D6_default_8gb,-1,0.5330507756153846,7.657982259518298,e2e_bench_v1,24,56,128,0.5357142857142857,True
T5_p62,8,int8_mm,D7_default_16gb,-1,0.5330507756153846,7.5591789219854935,e2e_bench_v1,24,56,128,0.5357142857142857,True
T5_p62,8,int8_mm,D8_with_cudnn_4gb,-1,0.5330507756153846,8.81197018029291,e2e_bench_v1,24,56,128,0.5357142857142857,True
T5_p62,8,int8_mm,D9_cublas_lt_4gb,-1,0.5330507756153846,7.303758952582537,e2e_bench_v1,24,56,128,0.5357142857142857,True
T5_p62,8,int8_pc_wo,D10_cublas_lt_8gb,-1,0.5385085333497419,11.706764285471788,e2e_bench_v1,24,56,128,0.5357142857142857,True
T5_p62,8,int8_pc_wo,D11_all_enabled_4gb,-1,0.5385085333497419,7.989817776225977,e2e_bench_v1,24,56,128,0.5357142857142857,True
T5_p62,8,int8_pc_wo,D12_edge_only_4gb,-1,0.5385085333497419,8.75914454690697,e2e_bench_v1,24,56,128,0.5357142857142857,True
T5_p62,8,int8_pc_wo,D13_with_cudnn_1gb,-1,0.5385085333497419,8.415185033088507,e2e_bench_v1,24,56,128,0.5357142857142857,True
T5_p62,8,int8_pc_wo,D14_with_cudnn_16gb,-1,0.5385085333497419,8.175779253960144,e2e_bench_v1,24,56,128,0.5357142857142857,True
T5_p62,8,int8_pc_wo,D15_cublas_lt_1gb,-1,0.5385085333497419,8.348750692946307,e2e_bench_v1,24,56,128,0.5357142857142857,True
T5_p62,8,int8_pc_wo,D16_all_enabled_8gb,-1,0.5385085333497419,12.926092481021266,e2e_bench_v1,24,56,128,0.5357142857142857,True
T5_p62,8,int8_pc_wo,D17_all_enabled_16gb,-1,0.5385085333497419,8.004418438978316,e2e_bench_v1,24,56,128,0.5357142857142857,True
T5_p62,8,int8_pc_wo,D18_edge_only_1gb,-1,0.5385085333497419,8.55767272378742,e2e_bench_v1,24,56,128,0.5357142857142857,True
T5_p62,8,int8_pc_wo,D19_edge_only_8gb,-1,0.5385085333497419,8.296806642091525,e2e_bench_v1,24,56,128,0.5357142857142857,True
T5_p62,8,int8_pc_wo,D20_edge_only_16gb,-1,0.5385085333497419,8.38247559651792,e2e_bench_v1,24,56,128,0.5357142857142857,True
T5_p62,8,int8_pc_wo,D21_default_4gb_BL0,-1,0.5385085333497419,15.007015779877094,e2e_bench_v1,24,56,128,0.5357142857142857,True
T5_p62,8,int8_pc_wo,D22_cublas_lt_8gb_BL0,-1,0.5385085333497419,11.769718397717615,e2e_bench_v1,24,56,128,0.5357142857142857,True
T5_p62,8,int8_pc_wo,D23_all_enabled_4gb_BL0,-1,0.5385085333497419,10.4407347353848,e2e_bench_v1,24,56,128,0.5357142857142857,True
T5_p62,8,int8_pc_wo,D24_edge_only_4gb_BL0,-1,0.5385085333497419,12.963510311176101,e2e_bench_v1,24,56,128,0.5357142857142857,True
T5_p62,8,int8_pc_wo,D25_default_4gb_BL3,-1,0.5385085333497419,8.965401618613608,e2e_bench_v1,24,56,128,0.5357142857142857,True
T5_p62,8,int8_pc_wo,D26_cublas_lt_8gb_BL3,-1,0.5385085333497419,9.310336801433792,e2e_bench_v1,24,56,128,0.5357142857142857,True
T5_p62,8,int8_pc_wo,D27_all_enabled_4gb_BL3,-1,0.5385085333497419,8.972625417114923,e2e_bench_v1,24,56,128,0.5357142857142857,True
T5_p62,8,int8_pc_wo,D28_edge_only_4gb_BL3,-1,0.5385085333497419,11.03800273963228,e2e_bench_v1,24,56,128,0.5357142857142857,True
T5_p62,8,int8_pc_wo,D29_default_4gb_BL5,-1,0.5385085333497419,8.818116644283347,e2e_bench_v1,24,56,128,0.5357142857142857,True
T5_p62,8,int8_pc_wo,D2_with_cudnn_8gb,-1,0.5385085333497419,10.204529382411677,e2e_bench_v1,24,56,128,0.5357142857142857,True
T5_p62,8,int8_pc_wo,D30_cublas_lt_8gb_BL5,-1,0.5385085333497419,8.293689497535116,e2e_bench_v1,24,56,128,0.5357142857142857,True
T5_p62,8,int8_pc_wo,D31_all_enabled_4gb_BL5,-1,0.5385085333497419,8.93325341049282,e2e_bench_v1,24,56,128,0.5357142857142857,True
T5_p62,8,int8_pc_wo,D32_edge_only_4gb_BL5,-1,0.5385085333497419,8.574343848337007,e2e_bench_v1,24,56,128,0.5357142857142857,True
T5_p62,8,int8_pc_wo,D3_cublas_lt_16gb,-1,0.5385085333497419,9.952655219122633,e2e_bench_v1,24,56,128,0.5357142857142857,True
T5_p62,8,int8_pc_wo,D4_all_enabled_1gb,-1,0.5385085333497419,9.09626761947038,e2e_bench_v1,24,56,128,0.5357142857142857,True
T5_p62,8,int8_pc_wo,D5_default_1gb,-1,0.5385085333497419,8.810844387271855,e2e_bench_v1,24,56,128,0.5357142857142857,True
T5_p62,8,int8_pc_wo,D6_default_8gb,-1,0.5385085333497419,8.906599166520449,e2e_bench_v1,24,56,128,0.5357142857142857,True
T5_p62,8,int8_pc_wo,D7_default_16gb,-1,0.5385085333497419,9.12535315116695,e2e_bench_v1,24,56,128,0.5357142857142857,True
T5_p62,8,int8_pc_wo,D8_with_cudnn_4gb,-1,0.5385085333497419,9.050666536337069,e2e_bench_v1,24,56,128,0.5357142857142857,True
T5_p62,8,int8_pc_wo,D9_cublas_lt_4gb,-1,0.5385085333497419,8.404894001679297,e2e_bench_v1,24,56,128,0.5357142857142857,True
T5_p62,8,mix_s0,D10_cublas_lt_8gb,-1,0.5352044240361392,8.943527881895347,e2e_bench_v1,24,56,128,0.5357142857142857,True
T5_p62,8,mix_s0,D11_all_enabled_4gb,-1,0.5352044240361392,9.330116309229911,e2e_bench_v1,24,56,128,0.5357142857142857,True
T5_p62,8,mix_s0,D12_edge_only_4gb,-1,0.5352044240361392,8.81522495131792,e2e_bench_v1,24,56,128,0.5357142857142857,True
T5_p62,8,mix_s0,D13_with_cudnn_1gb,-1,0.5352044240361392,8.870414771724311,e2e_bench_v1,24,56,128,0.5357142857142857,True
T5_p62,8,mix_s0,D14_with_cudnn_16gb,-1,0.5352044240361392,8.612159163035923,e2e_bench_v1,24,56,128,0.5357142857142857,True
T5_p62,8,mix_s0,D15_cublas_lt_1gb,-1,0.5352044240361392,9.437844245368849,e2e_bench_v1,24,56,128,0.5357142857142857,True
T5_p62,8,mix_s0,D16_all_enabled_8gb,-1,0.5352044240361392,7.838845871044715,e2e_bench_v1,24,56,128,0.5357142857142857,True
T5_p62,8,mix_s0,D17_all_enabled_16gb,-1,0.5352044240361392,8.42837733508194,e2e_bench_v1,24,56,128,0.5357142857142857,True
T5_p62,8,mix_s0,D18_edge_only_1gb,-1,0.5352044240361392,8.970548791263404,e2e_bench_v1,24,56,128,0.5357142857142857,True
T5_p62,8,mix_s0,D19_edge_only_8gb,-1,0.5352044240361392,9.028171506368473,e2e_bench_v1,24,56,128,0.5357142857142857,True
T5_p62,8,mix_s0,D20_edge_only_16gb,-1,0.5352044240361392,8.477866833058933,e2e_bench_v1,24,56,128,0.5357142857142857,True
T5_p62,8,mix_s0,D21_default_4gb_BL0,-1,0.5352044240361392,13.455889575587786,e2e_bench_v1,24,56,128,0.5357142857142857,True
T5_p62,8,mix_s0,D22_cublas_lt_8gb_BL0,-1,0.5352044240361392,15.798112757449996,e2e_bench_v1,24,56,128,0.5357142857142857,True
T5_p62,8,mix_s0,D23_all_enabled_4gb_BL0,-1,0.5352044240361392,10.755810826799179,e2e_bench_v1,24,56,128,0.5357142857142857,True
T5_p62,8,mix_s0,D24_edge_only_4gb_BL0,-1,0.5352044240361392,11.458940895928752,e2e_bench_v1,24,56,128,0.5357142857142857,True
T5_p62,8,mix_s0,D25_default_4gb_BL3,-1,0.5352044240361392,9.119902088731175,e2e_bench_v1,24,56,128,0.5357142857142857,True
T5_p62,8,mix_s0,D26_cublas_lt_8gb_BL3,-1,0.5352044240361392,8.850849902861922,e2e_bench_v1,24,56,128,0.5357142857142857,True
T5_p62,8,mix_s0,D27_all_enabled_4gb_BL3,-1,0.5352044240361392,8.71550837560355,e2e_bench_v1,24,56,128,0.5357142857142857,True
T5_p62,8,mix_s0,D28_edge_only_4gb_BL3,-1,0.5352044240361392,8.280551716599774,e2e_bench_v1,24,56,128,0.5357142857142857,True
T5_p62,8,mix_s0,D29_default_4gb_BL5,-1,0.5352044240361392,8.718783485577823,e2e_bench_v1,24,56,128,0.5357142857142857,True
T5_p62,8,mix_s0,D2_with_cudnn_8gb,-1,0.5352044240361392,8.47409511493839,e2e_bench_v1,24,56,128,0.5357142857142857,True
T5_p62,8,mix_s0,D30_cublas_lt_8gb_BL5,-1,0.5352044240361392,8.463566462271537,e2e_bench_v1,24,56,128,0.5357142857142857,True
T5_p62,8,mix_s0,D31_all_enabled_4gb_BL5,-1,0.5352044240361392,8.906741958325354,e2e_bench_v1,24,56,128,0.5357142857142857,True
T5_p62,8,mix_s0,D32_edge_only_4gb_BL5,-1,0.5352044240361392,9.200258343254278,e2e_bench_v1,24,56,128,0.5357142857142857,True
T5_p62,8,mix_s0,D3_cublas_lt_16gb,-1,0.5352044240361392,8.666277261941698,e2e_bench_v1,24,56,128,0.5357142857142857,True
T5_p62,8,mix_s0,D4_all_enabled_1gb,-1,0.5352044240361392,9.062707592645795,e2e_bench_v1,24,56,128,0.5357142857142857,True
T5_p62,8,mix_s0,D5_default_1gb,-1,0.5352044240361392,8.649643591435815,e2e_bench_v1,24,56,128,0.5357142857142857,True
T5_p62,8,mix_s0,D6_default_8gb,-1,0.5352044240361392,9.294068989874111,e2e_bench_v1,24,56,128,0.5357142857142857,True
T5_p62,8,mix_s0,D7_default_16gb,-1,0.5352044240361392,8.3656806317762,e2e_bench_v1,24,56,128,0.5357142857142857,True
T5_p62,8,mix_s0,D8_with_cudnn_4gb,-1,0.5352044240361392,8.798185462230268,e2e_bench_v1,24,56,128,0.5357142857142857,True
T5_p62,8,mix_s0,D9_cublas_lt_4gb,-1,0.5352044240361392,8.95628794107479,e2e_bench_v1,24,56,128,0.5357142857142857,True
T5_p62,8,mix_s2,D10_cublas_lt_8gb,-1,0.5431937433092768,9.02642757465307,e2e_bench_v1,24,56,128,0.5357142857142857,True
T5_p62,8,mix_s2,D11_all_enabled_4gb,-1,0.5431937433092768,9.295209342057197,e2e_bench_v1,24,56,128,0.5357142857142857,True
T5_p62,8,mix_s2,D12_edge_only_4gb,-1,0.5431937433092768,8.988828683711883,e2e_bench_v1,24,56,128,0.5357142857142857,True
T5_p62,8,mix_s2,D13_with_cudnn_1gb,-1,0.5431937433092768,8.689599678832396,e2e_bench_v1,24,56,128,0.5357142857142857,True
T5_p62,8,mix_s2,D14_with_cudnn_16gb,-1,0.5431937433092768,8.695508508989851,e2e_bench_v1,24,56,128,0.5357142857142857,True
T5_p62,8,mix_s2,D15_cublas_lt_1gb,-1,0.5431937433092768,12.141447867658218,e2e_bench_v1,24,56,128,0.5357142857142857,True
T5_p62,8,mix_s2,D16_all_enabled_8gb,-1,0.5431937433092768,8.543824694387391,e2e_bench_v1,24,56,128,0.5357142857142857,True
T5_p62,8,mix_s2,D17_all_enabled_16gb,-1,0.5431937433092768,7.503254536655275,e2e_bench_v1,24,56,128,0.5357142857142857,True
T5_p62,8,mix_s2,D18_edge_only_1gb,-1,0.5431937433092768,9.13994907220377,e2e_bench_v1,24,56,128,0.5357142857142857,True
T5_p62,8,mix_s2,D19_edge_only_8gb,-1,0.5431937433092768,8.902674185271772,e2e_bench_v1,24,56,128,0.5357142857142857,True
T5_p62,8,mix_s2,D20_edge_only_16gb,-1,0.5431937433092768,8.9742922424423,e2e_bench_v1,24,56,128,0.5357142857142857,True
T5_p62,8,mix_s2,D21_default_4gb_BL0,-1,0.5431937433092768,12.90812256520538,e2e_bench_v1,24,56,128,0.5357142857142857,True
T5_p62,8,mix_s2,D22_cublas_lt_8gb_BL0,-1,0.5431937433092768,11.499579690362317,e2e_bench_v1,24,56,128,0.5357142857142857,True
T5_p62,8,mix_s2,D23_all_enabled_4gb_BL0,-1,0.5431937433092768,10.920142092888913,e2e_bench_v1,24,56,128,0.5357142857142857,True
T5_p62,8,mix_s2,D24_edge_only_4gb_BL0,-1,0.5431937433092768,10.557610770452204,e2e_bench_v1,24,56,128,0.5357142857142857,True
T5_p62,8,mix_s2,D25_default_4gb_BL3,-1,0.5431937433092768,9.447340054171047,e2e_bench_v1,24,56,128,0.5357142857142857,True
T5_p62,8,mix_s2,D26_cublas_lt_8gb_BL3,-1,0.5431937433092768,7.927831365513458,e2e_bench_v1,24,56,128,0.5357142857142857,True
T5_p62,8,mix_s2,D27_all_enabled_4gb_BL3,-1,0.5431937433092768,7.6525907463342175,e2e_bench_v1,24,56,128,0.5357142857142857,True
T5_p62,8,mix_s2,D28_edge_only_4gb_BL3,-1,0.5431937433092768,9.118039402695475,e2e_bench_v1,24,56,128,0.5357142857142857,True
T5_p62,8,mix_s2,D29_default_4gb_BL5,-1,0.5431937433092768,8.931514043466107,e2e_bench_v1,24,56,128,0.5357142857142857,True
T5_p62,8,mix_s2,D2_with_cudnn_8gb,-1,0.5431937433092768,9.335839072540404,e2e_bench_v1,24,56,128,0.5357142857142857,True
T5_p62,8,mix_s2,D30_cublas_lt_8gb_BL5,-1,0.5431937433092768,7.792604506619039,e2e_bench_v1,24,56,128,0.5357142857142857,True
T5_p62,8,mix_s2,D31_all_enabled_4gb_BL5,-1,0.5431937433092768,8.796459600939814,e2e_bench_v1,24,56,128,0.5357142857142857,True
T5_p62,8,mix_s2,D32_edge_only_4gb_BL5,-1,0.5431937433092768,8.64569509227118,e2e_bench_v1,24,56,128,0.5357142857142857,True
T5_p62,8,mix_s2,D3_cublas_lt_16gb,-1,0.5431937433092768,9.243135123543745,e2e_bench_v1,24,56,128,0.5357142857142857,True
T5_p62,8,mix_s2,D4_all_enabled_1gb,-1,0.5431937433092768,9.175035828514911,e2e_bench_v1,24,56,128,0.5357142857142857,True
T5_p62,8,mix_s2,D5_default_1gb,-1,0.5431937433092768,9.22519437484548,e2e_bench_v1,24,56,128,0.5357142857142857,True
T5_p62,8,mix_s2,D6_default_8gb,-1,0.5431937433092768,8.289509459988196,e2e_bench_v1,24,56,128,0.5357142857142857,True
T5_p62,8,mix_s2,D7_default_16gb,-1,0.5431937433092768,8.410153073196085,e2e_bench_v1,24,56,128,0.5357142857142857,True
T5_p62,8,mix_s2,D8_with_cudnn_4gb,-1,0.5431937433092768,8.83441392939713,e2e_bench_v1,24,56,128,0.5357142857142857,True
T5_p62,8,mix_s2,D9_cublas_lt_4gb,-1,0.5431937433092768,8.559423368766494,e2e_bench_v1,24,56,128,0.5357142857142857,True
T6_p75,8,fp16,D10_cublas_lt_8gb,-1,0.5416659965450401,8.132296194491996,e2e_bench_v1,16,32,64,0.75,True
T6_p75,8,fp16,D11_all_enabled_4gb,-1,0.5416659965450401,8.606400063343104,e2e_bench_v1,16,32,64,0.75,True
T6_p75,8,fp16,D12_edge_only_4gb,-1,0.5416659965450401,7.396515353686571,e2e_bench_v1,16,32,64,0.75,True
T6_p75,8,fp16,D13_with_cudnn_1gb,-1,0.5416659965450401,6.472010173999993,e2e_bench_v1,16,32,64,0.75,True
T6_p75,8,fp16,D14_with_cudnn_16gb,-1,0.5416659965450401,10.84713993461344,e2e_bench_v1,16,32,64,0.75,True
T6_p75,8,fp16,D15_cublas_lt_1gb,-1,0.5416659965450401,8.450306703881818,e2e_bench_v1,16,32,64,0.75,True
T6_p75,8,fp16,D16_all_enabled_8gb,-1,0.5416659965450401,7.8583670784712965,e2e_bench_v1,16,32,64,0.75,True
T6_p75,8,fp16,D17_all_enabled_16gb,-1,0.5416659965450401,7.654670267423561,e2e_bench_v1,16,32,64,0.75,True
T6_p75,8,fp16,D18_edge_only_1gb,-1,0.5416659965450401,8.193954172853102,e2e_bench_v1,16,32,64,0.75,True
T6_p75,8,fp16,D19_edge_only_8gb,-1,0.5416659965450401,7.758716335899657,e2e_bench_v1,16,32,64,0.75,True
T6_p75,8,fp16,D20_edge_only_16gb,-1,0.5416659965450401,8.32069281416648,e2e_bench_v1,16,32,64,0.75,True
T6_p75,8,fp16,D21_default_4gb_BL0,-1,0.5416659965450401,13.248946377539326,e2e_bench_v1,16,32,64,0.75,True
T6_p75,8,fp16,D22_cublas_lt_8gb_BL0,-1,0.5416659965450401,8.87835324304048,e2e_bench_v1,16,32,64,0.75,True
T6_p75,8,fp16,D23_all_enabled_4gb_BL0,-1,0.5416659965450401,8.987447232450437,e2e_bench_v1,16,32,64,0.75,True
T6_p75,8,fp16,D24_edge_only_4gb_BL0,-1,0.5416659965450401,8.737852200977592,e2e_bench_v1,16,32,64,0.75,True
T6_p75,8,fp16,D25_default_4gb_BL3,-1,0.5416659965450401,7.564256467628385,e2e_bench_v1,16,32,64,0.75,True
T6_p75,8,fp16,D26_cublas_lt_8gb_BL3,-1,0.5416659965450401,7.990354044597362,e2e_bench_v1,16,32,64,0.75,True
T6_p75,8,fp16,D27_all_enabled_4gb_BL3,-1,0.5416659965450401,7.7828158539072065,e2e_bench_v1,16,32,64,0.75,True
T6_p75,8,fp16,D28_edge_only_4gb_BL3,-1,0.5416659965450401,11.01206371580066,e2e_bench_v1,16,32,64,0.75,True
T6_p75,8,fp16,D29_default_4gb_BL5,-1,0.5416659965450401,6.6919801970922,e2e_bench_v1,16,32,64,0.75,True
T6_p75,8,fp16,D2_with_cudnn_8gb,-1,0.7503186473806216,8.245015475894048,e2e_bench_v1,16,32,64,0.75,True
T6_p75,8,fp16,D30_cublas_lt_8gb_BL5,-1,0.5416659965450401,7.3262917900841575,e2e_bench_v1,16,32,64,0.75,True
T6_p75,8,fp16,D31_all_enabled_4gb_BL5,-1,0.5416659965450401,7.998138033465809,e2e_bench_v1,16,32,64,0.75,True
T6_p75,8,fp16,D32_edge_only_4gb_BL5,-1,0.5416659965450401,7.665008469834359,e2e_bench_v1,16,32,64,0.75,True
T6_p75,8,fp16,D3_cublas_lt_16gb,-1,0.7503186473806216,8.167712542257702,e2e_bench_v1,16,32,64,0.75,True
T6_p75,8,fp16,D4_all_enabled_1gb,-1,0.7503186473806216,8.095979455642533,e2e_bench_v1,16,32,64,0.75,True
T6_p75,8,fp16,D5_default_1gb,-1,0.5416659965450401,7.057367220928764,e2e_bench_v1,16,32,64,0.75,True
T6_p75,8,fp16,D6_default_8gb,-1,0.5416659965450401,7.615490822191236,e2e_bench_v1,16,32,64,0.75,True
T6_p75,8,fp16,D7_default_16gb,-1,0.5416659965450401,8.041804516599088,e2e_bench_v1,16,32,64,0.75,True
T6_p75,8,fp16,D8_with_cudnn_4gb,-1,0.5416659965450401,8.00064645223334,e2e_bench_v1,16,32,64,0.75,True
T6_p75,8,fp16,D9_cublas_lt_4gb,-1,0.5416659965450401,7.668646966935094,e2e_bench_v1,16,32,64,0.75,True
T6_p75,8,fp32,D10_cublas_lt_8gb,-1,0.5406137925459135,9.933662998496043,e2e_bench_v1,16,32,64,0.75,True
T6_p75,8,fp32,D11_all_enabled_4gb,-1,0.5406137925459135,9.754365566309202,e2e_bench_v1,16,32,64,0.75,True
T6_p75,8,fp32,D12_edge_only_4gb,-1,0.5406137925459135,10.031750490301805,e2e_bench_v1,16,32,64,0.75,True
T6_p75,8,fp32,D13_with_cudnn_1gb,-1,0.5406137925459135,9.384578135059094,e2e_bench_v1,16,32,64,0.75,True
T6_p75,8,fp32,D14_with_cudnn_16gb,-1,0.5406137925459135,10.36373604393395,e2e_bench_v1,16,32,64,0.75,True
T6_p75,8,fp32,D15_cublas_lt_1gb,-1,0.5406137925459135,9.652435116331148,e2e_bench_v1,16,32,64,0.75,True
T6_p75,8,fp32,D16_all_enabled_8gb,-1,0.5406137925459135,9.582454143165698,e2e_bench_v1,16,32,64,0.75,True
T6_p75,8,fp32,D17_all_enabled_16gb,-1,0.5406137925459135,9.856567233616413,e2e_bench_v1,16,32,64,0.75,True
T6_p75,8,fp32,D18_edge_only_1gb,-1,0.5406137925459135,9.760906593004359,e2e_bench_v1,16,32,64,0.75,True
T6_p75,8,fp32,D19_edge_only_8gb,-1,0.5406137925459135,10.036845258945588,e2e_bench_v1,16,32,64,0.75,True
T6_p75,8,fp32,D20_edge_only_16gb,-1,0.5406137925459135,9.726784354272832,e2e_bench_v1,16,32,64,0.75,True
T6_p75,8,fp32,D21_default_4gb_BL0,-1,0.5406137925459135,11.142557885588216,e2e_bench_v1,16,32,64,0.75,True
T6_p75,8,fp32,D22_cublas_lt_8gb_BL0,-1,0.5406137925459135,12.930688921244345,e2e_bench_v1,16,32,64,0.75,True
T6_p75,8,fp32,D23_all_enabled_4gb_BL0,-1,0.5406137925459135,11.553748035862833,e2e_bench_v1,16,32,64,0.75,True
T6_p75,8,fp32,D24_edge_only_4gb_BL0,-1,0.5406137925459135,11.802334501764449,e2e_bench_v1,16,32,64,0.75,True
T6_p75,8,fp32,D25_default_4gb_BL3,-1,0.5406137925459135,15.30383468185623,e2e_bench_v1,16,32,64,0.75,True
T6_p75,8,fp32,D26_cublas_lt_8gb_BL3,-1,0.5406137925459135,10.032223501888065,e2e_bench_v1,16,32,64,0.75,True
T6_p75,8,fp32,D27_all_enabled_4gb_BL3,-1,0.5406137925459135,16.160702020895787,e2e_bench_v1,16,32,64,0.75,True
T6_p75,8,fp32,D28_edge_only_4gb_BL3,-1,0.5406137925459135,9.921156568748158,e2e_bench_v1,16,32,64,0.75,True
T6_p75,8,fp32,D29_default_4gb_BL5,-1,0.5406137925459135,9.48744099997628,e2e_bench_v1,16,32,64,0.75,True
T6_p75,8,fp32,D2_with_cudnn_8gb,-1,0.7509555501283122,9.638080441346979,e2e_bench_v1,16,32,64,0.75,True
T6_p75,8,fp32,D30_cublas_lt_8gb_BL5,-1,0.5406137925459135,10.35762818600643,e2e_bench_v1,16,32,64,0.75,True
T6_p75,8,fp32,D31_all_enabled_4gb_BL5,-1,0.5406137925459135,10.14544510096747,e2e_bench_v1,16,32,64,0.75,True
T6_p75,8,fp32,D32_edge_only_4gb_BL5,-1,0.5406137925459135,8.832377375688704,e2e_bench_v1,16,32,64,0.75,True
T6_p75,8,fp32,D3_cublas_lt_16gb,-1,0.7509555501283122,10.020993982393113,e2e_bench_v1,16,32,64,0.75,True
T6_p75,8,fp32,D4_all_enabled_1gb,-1,0.7509555501283122,9.433401599716243,e2e_bench_v1,16,32,64,0.75,True
T6_p75,8,fp32,D5_default_1gb,-1,0.5406137925459135,9.571557924197089,e2e_bench_v1,16,32,64,0.75,True
T6_p75,8,fp32,D6_default_8gb,-1,0.5406137925459135,9.72961402621158,e2e_bench_v1,16,32,64,0.75,True
T6_p75,8,fp32,D7_default_16gb,-1,0.5406137925459135,9.727711623934452,e2e_bench_v1,16,32,64,0.75,True
T6_p75,8,fp32,D8_with_cudnn_4gb,-1,0.5406137925459135,9.632009092616585,e2e_bench_v1,16,32,64,0.75,True
T6_p75,8,fp32,D9_cublas_lt_4gb,-1,0.5406137925459135,12.121447203824559,e2e_bench_v1,16,32,64,0.75,True
T6_p75,8,int8_ent,D10_cublas_lt_8gb,-1,0.455116580713024,7.718932070310208,e2e_bench_v1,16,32,64,0.75,True
T6_p75,8,int8_ent,D11_all_enabled_4gb,-1,0.455116580713024,4.688753508945908,e2e_bench_v1,16,32,64,0.75,True
T6_p75,8,int8_ent,D12_edge_only_4gb,-1,0.455116580713024,4.975941323699911,e2e_bench_v1,16,32,64,0.75,True
T6_p75,8,int8_ent,D13_with_cudnn_1gb,-1,0.455116580713024,8.013835084890555,e2e_bench_v1,16,32,64,0.75,True
T6_p75,8,int8_ent,D14_with_cudnn_16gb,-1,0.455116580713024,7.946554652032292,e2e_bench_v1,16,32,64,0.75,True
T6_p75,8,int8_ent,D15_cublas_lt_1gb,-1,0.455116580713024,20.52932819826404,e2e_bench_v1,16,32,64,0.75,True
T6_p75,8,int8_ent,D16_all_enabled_8gb,-1,0.455116580713024,2.8712093217830326,e2e_bench_v1,16,32,64,0.75,True
T6_p75,8,int8_ent,D17_all_enabled_16gb,-1,0.455116580713024,3.324969925647023,e2e_bench_v1,16,32,64,0.75,True
T6_p75,8,int8_ent,D18_edge_only_1gb,-1,0.455116580713024,19.41691018708193,e2e_bench_v1,16,32,64,0.75,True
T6_p75,8,int8_ent,D19_edge_only_8gb,-1,0.455116580713024,7.528686176504024,e2e_bench_v1,16,32,64,0.75,True
T6_p75,8,int8_ent,D20_edge_only_16gb,-1,0.455116580713024,3.1596215531688476,e2e_bench_v1,16,32,64,0.75,True
T6_p75,8,int8_ent,D21_default_4gb_BL0,-1,0.455116580713024,8.063365148684422,e2e_bench_v1,16,32,64,0.75,True
T6_p75,8,int8_ent,D22_cublas_lt_8gb_BL0,-1,0.455116580713024,4.981419305988662,e2e_bench_v1,16,32,64,0.75,True
T6_p75,8,int8_ent,D23_all_enabled_4gb_BL0,-1,0.455116580713024,4.485757272085402,e2e_bench_v1,16,32,64,0.75,True
T6_p75,8,int8_ent,D24_edge_only_4gb_BL0,-1,0.455116580713024,4.4482204893932185,e2e_bench_v1,16,32,64,0.75,True
T6_p75,8,int8_ent,D25_default_4gb_BL3,-1,0.455116580713024,17.984285331477356,e2e_bench_v1,16,32,64,0.75,True
T6_p75,8,int8_ent,D26_cublas_lt_8gb_BL3,-1,0.455116580713024,4.3628913404460095,e2e_bench_v1,16,32,64,0.75,True
T6_p75,8,int8_ent,D27_all_enabled_4gb_BL3,-1,0.455116580713024,18.37667779068229,e2e_bench_v1,16,32,64,0.75,True
T6_p75,8,int8_ent,D28_edge_only_4gb_BL3,-1,0.455116580713024,19.85048613840553,e2e_bench_v1,16,32,64,0.75,True
T6_p75,8,int8_ent,D29_default_4gb_BL5,-1,0.455116580713024,17.872845428483597,e2e_bench_v1,16,32,64,0.75,True
T6_p75,8,int8_ent,D2_with_cudnn_8gb,-1,0.7482052756333069,18.682265112551306,e2e_bench_v1,16,32,64,0.75,True
T6_p75,8,int8_ent,D30_cublas_lt_8gb_BL5,-1,0.455116580713024,8.136756086903809,e2e_bench_v1,16,32,64,0.75,True
T6_p75,8,int8_ent,D31_all_enabled_4gb_BL5,-1,0.455116580713024,6.617165854630131,e2e_bench_v1,16,32,64,0.75,True
T6_p75,8,int8_ent,D32_edge_only_4gb_BL5,-1,0.455116580713024,3.1018447290972886,e2e_bench_v1,16,32,64,0.75,True
T6_p75,8,int8_ent,D3_cublas_lt_16gb,-1,0.7482052756333069,17.84920633504031,e2e_bench_v1,16,32,64,0.75,True
T6_p75,8,int8_ent,D4_all_enabled_1gb,-1,0.7482052756333069,17.74320612637421,e2e_bench_v1,16,32,64,0.75,True
T6_p75,8,int8_ent,D5_default_1gb,-1,0.455116580713024,16.31574224390403,e2e_bench_v1,16,32,64,0.75,True
T6_p75,8,int8_ent,D6_default_8gb,-1,0.455116580713024,7.669058646058372,e2e_bench_v1,16,32,64,0.75,True
T6_p75,8,int8_ent,D7_default_16gb,-1,0.455116580713024,3.0028497043694466,e2e_bench_v1,16,32,64,0.75,True
T6_p75,8,int8_ent,D8_with_cudnn_4gb,-1,0.455116580713024,17.873771848451863,e2e_bench_v1,16,32,64,0.75,True
T6_p75,8,int8_ent,D9_cublas_lt_4gb,-1,0.455116580713024,18.955621099880958,e2e_bench_v1,16,32,64,0.75,True
T6_p75,8,int8_mm,D10_cublas_lt_8gb,-1,0.5401847208096268,7.77597720705561,e2e_bench_v1,16,32,64,0.75,True
T6_p75,8,int8_mm,D11_all_enabled_4gb,-1,0.5401847208096268,7.2998455352684735,e2e_bench_v1,16,32,64,0.75,True
T6_p75,8,int8_mm,D12_edge_only_4gb,-1,0.5401847208096268,7.849885077682463,e2e_bench_v1,16,32,64,0.75,True
T6_p75,8,int8_mm,D13_with_cudnn_1gb,-1,0.5401847208096268,8.022900567379528,e2e_bench_v1,16,32,64,0.75,True
T6_p75,8,int8_mm,D14_with_cudnn_16gb,-1,0.5401847208096268,6.905333403307379,e2e_bench_v1,16,32,64,0.75,True
T6_p75,8,int8_mm,D15_cublas_lt_1gb,-1,0.5401847208096268,7.845136995704787,e2e_bench_v1,16,32,64,0.75,True
T6_p75,8,int8_mm,D16_all_enabled_8gb,-1,0.5401847208096268,10.800582367401251,e2e_bench_v1,16,32,64,0.75,True
T6_p75,8,int8_mm,D17_all_enabled_16gb,-1,0.5401847208096268,7.611021977587063,e2e_bench_v1,16,32,64,0.75,True
T6_p75,8,int8_mm,D18_edge_only_1gb,-1,0.5401847208096268,8.289289574726288,e2e_bench_v1,16,32,64,0.75,True
T6_p75,8,int8_mm,D19_edge_only_8gb,-1,0.5401847208096268,7.907357400693475,e2e_bench_v1,16,32,64,0.75,True
T6_p75,8,int8_mm,D20_edge_only_16gb,-1,0.5401847208096268,7.713793574255677,e2e_bench_v1,16,32,64,0.75,True
T6_p75,8,int8_mm,D21_default_4gb_BL0,-1,0.5401847208096268,8.237639422047218,e2e_bench_v1,16,32,64,0.75,True
T6_p75,8,int8_mm,D22_cublas_lt_8gb_BL0,-1,0.5401847208096268,9.221536344841196,e2e_bench_v1,16,32,64,0.75,True
T6_p75,8,int8_mm,D23_all_enabled_4gb_BL0,-1,0.5401847208096268,12.54424984131524,e2e_bench_v1,16,32,64,0.75,True
T6_p75,8,int8_mm,D24_edge_only_4gb_BL0,-1,0.5401847208096268,10.651964115663286,e2e_bench_v1,16,32,64,0.75,True
T6_p75,8,int8_mm,D25_default_4gb_BL3,-1,0.5401847208096268,7.493965484293773,e2e_bench_v1,16,32,64,0.75,True
T6_p75,8,int8_mm,D26_cublas_lt_8gb_BL3,-1,0.5401847208096268,10.683874827722518,e2e_bench_v1,16,32,64,0.75,True
T6_p75,8,int8_mm,D27_all_enabled_4gb_BL3,-1,0.5401847208096268,7.7452674479576125,e2e_bench_v1,16,32,64,0.75,True
T6_p75,8,int8_mm,D28_edge_only_4gb_BL3,-1,0.5401847208096268,8.05981673588706,e2e_bench_v1,16,32,64,0.75,True
T6_p75,8,int8_mm,D29_default_4gb_BL5,-1,0.5401847208096268,8.178146194176996,e2e_bench_v1,16,32,64,0.75,True
T6_p75,8,int8_mm,D2_with_cudnn_8gb,-1,0.7482493421935453,7.98083960028763,e2e_bench_v1,16,32,64,0.75,True
T6_p75,8,int8_mm,D30_cublas_lt_8gb_BL5,-1,0.5401847208096268,8.125668336220654,e2e_bench_v1,16,32,64,0.75,True
T6_p75,8,int8_mm,D31_all_enabled_4gb_BL5,-1,0.5401847208096268,7.344807881860234,e2e_bench_v1,16,32,64,0.75,True
T6_p75,8,int8_mm,D32_edge_only_4gb_BL5,-1,0.5401847208096268,7.201295657114628,e2e_bench_v1,16,32,64,0.75,True
T6_p75,8,int8_mm,D3_cublas_lt_16gb,-1,0.7482493421935453,7.76264923693158,e2e_bench_v1,16,32,64,0.75,True
T6_p75,8,int8_mm,D4_all_enabled_1gb,-1,0.7482493421935453,7.8524000075383045,e2e_bench_v1,16,32,64,0.75,True
T6_p75,8,int8_mm,D5_default_1gb,-1,0.5401847208096268,7.026434147907843,e2e_bench_v1,16,32,64,0.75,True
T6_p75,8,int8_mm,D6_default_8gb,-1,0.5401847208096268,7.548138251700218,e2e_bench_v1,16,32,64,0.75,True
T6_p75,8,int8_mm,D7_default_16gb,-1,0.5401847208096268,8.102874089439524,e2e_bench_v1,16,32,64,0.75,True
T6_p75,8,int8_mm,D8_with_cudnn_4gb,-1,0.5401847208096268,8.461847644433162,e2e_bench_v1,16,32,64,0.75,True
T6_p75,8,int8_mm,D9_cublas_lt_4gb,-1,0.5401847208096268,8.26973904011485,e2e_bench_v1,16,32,64,0.75,True
T6_p75,8,int8_pc_wo,D10_cublas_lt_8gb,-1,0.5401019385613368,9.242742136737128,e2e_bench_v1,16,32,64,0.75,True
T6_p75,8,int8_pc_wo,D11_all_enabled_4gb,-1,0.5401019385613368,8.347057286688864,e2e_bench_v1,16,32,64,0.75,True
T6_p75,8,int8_pc_wo,D12_edge_only_4gb,-1,0.5401019385613368,7.954879921087591,e2e_bench_v1,16,32,64,0.75,True
T6_p75,8,int8_pc_wo,D13_with_cudnn_1gb,-1,0.5401019385613368,8.516451228838749,e2e_bench_v1,16,32,64,0.75,True
T6_p75,8,int8_pc_wo,D14_with_cudnn_16gb,-1,0.5401019385613368,7.507659689798516,e2e_bench_v1,16,32,64,0.75,True
T6_p75,8,int8_pc_wo,D15_cublas_lt_1gb,-1,0.5401019385613368,7.852387675520496,e2e_bench_v1,16,32,64,0.75,True
T6_p75,8,int8_pc_wo,D16_all_enabled_8gb,-1,0.5401019385613368,7.359283146947222,e2e_bench_v1,16,32,64,0.75,True
T6_p75,8,int8_pc_wo,D17_all_enabled_16gb,-1,0.5401019385613368,12.170958146509125,e2e_bench_v1,16,32,64,0.75,True
T6_p75,8,int8_pc_wo,D18_edge_only_1gb,-1,0.5401019385613368,7.6455931183545465,e2e_bench_v1,16,32,64,0.75,True
T6_p75,8,int8_pc_wo,D19_edge_only_8gb,-1,0.5401019385613368,8.4144769392845,e2e_bench_v1,16,32,64,0.75,True
T6_p75,8,int8_pc_wo,D20_edge_only_16gb,-1,0.5401019385613368,6.823260495027549,e2e_bench_v1,16,32,64,0.75,True
T6_p75,8,int8_pc_wo,D21_default_4gb_BL0,-1,0.5401019385613368,9.989740536469046,e2e_bench_v1,16,32,64,0.75,True
T6_p75,8,int8_pc_wo,D22_cublas_lt_8gb_BL0,-1,0.5401019385613368,14.473958453949653,e2e_bench_v1,16,32,64,0.75,True
T6_p75,8,int8_pc_wo,D23_all_enabled_4gb_BL0,-1,0.5401019385613368,9.957471638631405,e2e_bench_v1,16,32,64,0.75,True
T6_p75,8,int8_pc_wo,D24_edge_only_4gb_BL0,-1,0.5401019385613368,10.238097188208988,e2e_bench_v1,16,32,64,0.75,True
T6_p75,8,int8_pc_wo,D25_default_4gb_BL3,-1,0.5401019385613368,9.780773737448822,e2e_bench_v1,16,32,64,0.75,True
T6_p75,8,int8_pc_wo,D26_cublas_lt_8gb_BL3,-1,0.5401019385613368,7.92470264534499,e2e_bench_v1,16,32,64,0.75,True
T6_p75,8,int8_pc_wo,D27_all_enabled_4gb_BL3,-1,0.5401019385613368,8.400678774845007,e2e_bench_v1,16,32,64,0.75,True
T6_p75,8,int8_pc_wo,D28_edge_only_4gb_BL3,-1,0.5401019385613368,7.781973991086526,e2e_bench_v1,16,32,64,0.75,True
T6_p75,8,int8_pc_wo,D29_default_4gb_BL5,-1,0.5401019385613368,8.138206274231509,e2e_bench_v1,16,32,64,0.75,True
T6_p75,8,int8_pc_wo,D2_with_cudnn_8gb,-1,0.5401019385613368,10.761806778216382,e2e_bench_v1,16,32,64,0.75,True
T6_p75,8,int8_pc_wo,D30_cublas_lt_8gb_BL5,-1,0.5401019385613368,7.726297457816347,e2e_bench_v1,16,32,64,0.75,True
T6_p75,8,int8_pc_wo,D31_all_enabled_4gb_BL5,-1,0.5401019385613368,7.583185650792784,e2e_bench_v1,16,32,64,0.75,True
T6_p75,8,int8_pc_wo,D32_edge_only_4gb_BL5,-1,0.5401019385613368,7.835142337113267,e2e_bench_v1,16,32,64,0.75,True
T6_p75,8,int8_pc_wo,D3_cublas_lt_16gb,-1,0.5401019385613368,10.61628601973143,e2e_bench_v1,16,32,64,0.75,True
T6_p75,8,int8_pc_wo,D4_all_enabled_1gb,-1,0.5401019385613368,10.49619722774439,e2e_bench_v1,16,32,64,0.75,True
T6_p75,8,int8_pc_wo,D5_default_1gb,-1,0.5401019385613368,8.308511654764724,e2e_bench_v1,16,32,64,0.75,True
T6_p75,8,int8_pc_wo,D6_default_8gb,-1,0.5401019385613368,8.233237745443109,e2e_bench_v1,16,32,64,0.75,True
T6_p75,8,int8_pc_wo,D7_default_16gb,-1,0.5401019385613368,7.959584414178567,e2e_bench_v1,16,32,64,0.75,True
T6_p75,8,int8_pc_wo,D8_with_cudnn_4gb,-1,0.5401019385613368,7.90560705180149,e2e_bench_v1,16,32,64,0.75,True
T6_p75,8,int8_pc_wo,D9_cublas_lt_4gb,-1,0.5401019385613368,7.588042156127002,e2e_bench_v1,16,32,64,0.75,True
T6_p75,8,mix_s0,D10_cublas_lt_8gb,-1,0.5427297000425811,7.961941917633711,e2e_bench_v1,16,32,64,0.75,True
T6_p75,8,mix_s0,D11_all_enabled_4gb,-1,0.5427297000425811,8.375342656206422,e2e_bench_v1,16,32,64,0.75,True
T6_p75,8,mix_s0,D12_edge_only_4gb,-1,0.5427297000425811,8.263773023904617,e2e_bench_v1,16,32,64,0.75,True
T6_p75,8,mix_s0,D13_with_cudnn_1gb,-1,0.5427297000425811,8.130782002351422,e2e_bench_v1,16,32,64,0.75,True
T6_p75,8,mix_s0,D14_with_cudnn_16gb,-1,0.5427297000425811,7.9498333714925336,e2e_bench_v1,16,32,64,0.75,True
T6_p75,8,mix_s0,D15_cublas_lt_1gb,-1,0.5427297000425811,7.726906401664684,e2e_bench_v1,16,32,64,0.75,True
T6_p75,8,mix_s0,D16_all_enabled_8gb,-1,0.5427297000425811,7.958684875076503,e2e_bench_v1,16,32,64,0.75,True
T6_p75,8,mix_s0,D17_all_enabled_16gb,-1,0.5427297000425811,7.672942366228004,e2e_bench_v1,16,32,64,0.75,True
T6_p75,8,mix_s0,D18_edge_only_1gb,-1,0.5427297000425811,8.340297481730579,e2e_bench_v1,16,32,64,0.75,True
T6_p75,8,mix_s0,D19_edge_only_8gb,-1,0.5427297000425811,8.014689322590444,e2e_bench_v1,16,32,64,0.75,True
T6_p75,8,mix_s0,D20_edge_only_16gb,-1,0.5427297000425811,7.924991540071531,e2e_bench_v1,16,32,64,0.75,True
T6_p75,8,mix_s0,D21_default_4gb_BL0,-1,0.5427297000425811,12.291006793239456,e2e_bench_v1,16,32,64,0.75,True
T6_p75,8,mix_s0,D22_cublas_lt_8gb_BL0,-1,0.5427297000425811,14.068259193607384,e2e_bench_v1,16,32,64,0.75,True
T6_p75,8,mix_s0,D23_all_enabled_4gb_BL0,-1,0.5427297000425811,9.66220916750406,e2e_bench_v1,16,32,64,0.75,True
T6_p75,8,mix_s0,D24_edge_only_4gb_BL0,-1,0.5427297000425811,9.793973963699615,e2e_bench_v1,16,32,64,0.75,True
T6_p75,8,mix_s0,D25_default_4gb_BL3,-1,0.5427297000425811,8.2000685525731,e2e_bench_v1,16,32,64,0.75,True
T6_p75,8,mix_s0,D26_cublas_lt_8gb_BL3,-1,0.5427297000425811,7.658744716423488,e2e_bench_v1,16,32,64,0.75,True
T6_p75,8,mix_s0,D27_all_enabled_4gb_BL3,-1,0.5427297000425811,8.851844901514374,e2e_bench_v1,16,32,64,0.75,True
T6_p75,8,mix_s0,D28_edge_only_4gb_BL3,-1,0.5427297000425811,7.778003339874634,e2e_bench_v1,16,32,64,0.75,True
T6_p75,8,mix_s0,D29_default_4gb_BL5,-1,0.5427297000425811,8.236133234280103,e2e_bench_v1,16,32,64,0.75,True
T6_p75,8,mix_s0,D2_with_cudnn_8gb,-1,0.5427297000425811,8.28907657200265,e2e_bench_v1,16,32,64,0.75,True
T6_p75,8,mix_s0,D30_cublas_lt_8gb_BL5,-1,0.5427297000425811,8.14721031371648,e2e_bench_v1,16,32,64,0.75,True
T6_p75,8,mix_s0,D31_all_enabled_4gb_BL5,-1,0.5427297000425811,7.3571607245331885,e2e_bench_v1,16,32,64,0.75,True
T6_p75,8,mix_s0,D32_edge_only_4gb_BL5,-1,0.5427297000425811,7.511522675784653,e2e_bench_v1,16,32,64,0.75,True
T6_p75,8,mix_s0,D3_cublas_lt_16gb,-1,0.5427297000425811,8.17837359955575,e2e_bench_v1,16,32,64,0.75,True
T6_p75,8,mix_s0,D4_all_enabled_1gb,-1,0.5427297000425811,7.98247686678204,e2e_bench_v1,16,32,64,0.75,True
T6_p75,8,mix_s0,D5_default_1gb,-1,0.5427297000425811,7.47589211689604,e2e_bench_v1,16,32,64,0.75,True
T6_p75,8,mix_s0,D6_default_8gb,-1,0.5427297000425811,7.124034426183961,e2e_bench_v1,16,32,64,0.75,True
T6_p75,8,mix_s0,D7_default_16gb,-1,0.5427297000425811,8.641690452919638,e2e_bench_v1,16,32,64,0.75,True
T6_p75,8,mix_s0,D8_with_cudnn_4gb,-1,0.5427297000425811,8.439630479219097,e2e_bench_v1,16,32,64,0.75,True
T6_p75,8,mix_s0,D9_cublas_lt_4gb,-1,0.5427297000425811,8.29305672119075,e2e_bench_v1,16,32,64,0.75,True
T6_p75,8,mix_s2,D10_cublas_lt_8gb,-1,0.5410461853268135,8.069748449801322,e2e_bench_v1,16,32,64,0.75,True
T6_p75,8,mix_s2,D11_all_enabled_4gb,-1,0.5410461853268135,7.8643494098985425,e2e_bench_v1,16,32,64,0.75,True
T6_p75,8,mix_s2,D12_edge_only_4gb,-1,0.5410461853268135,8.026886860227016,e2e_bench_v1,16,32,64,0.75,True
T6_p75,8,mix_s2,D13_with_cudnn_1gb,-1,0.5410461853268135,7.9609024160542745,e2e_bench_v1,16,32,64,0.75,True
T6_p75,8,mix_s2,D14_with_cudnn_16gb,-1,0.5410461853268135,7.952621462375751,e2e_bench_v1,16,32,64,0.75,True
T6_p75,8,mix_s2,D15_cublas_lt_1gb,-1,0.5410461853268135,11.32546440066775,e2e_bench_v1,16,32,64,0.75,True
T6_p75,8,mix_s2,D16_all_enabled_8gb,-1,0.5410461853268135,8.259711769098105,e2e_bench_v1,16,32,64,0.75,True
T6_p75,8,mix_s2,D17_all_enabled_16gb,-1,0.5410461853268135,8.611128333367779,e2e_bench_v1,16,32,64,0.75,True
T6_p75,8,mix_s2,D18_edge_only_1gb,-1,0.5410461853268135,7.541011792634241,e2e_bench_v1,16,32,64,0.75,True
T6_p75,8,mix_s2,D19_edge_only_8gb,-1,0.5410461853268135,7.629918436171918,e2e_bench_v1,16,32,64,0.75,True
T6_p75,8,mix_s2,D20_edge_only_16gb,-1,0.5410461853268135,8.017979517269525,e2e_bench_v1,16,32,64,0.75,True
T6_p75,8,mix_s2,D21_default_4gb_BL0,-1,0.5410461853268135,10.508208487059665,e2e_bench_v1,16,32,64,0.75,True
T6_p75,8,mix_s2,D22_cublas_lt_8gb_BL0,-1,0.5410461853268135,11.882355177855093,e2e_bench_v1,16,32,64,0.75,True
T6_p75,8,mix_s2,D23_all_enabled_4gb_BL0,-1,0.5410461853268135,10.145331879169097,e2e_bench_v1,16,32,64,0.75,True
T6_p75,8,mix_s2,D24_edge_only_4gb_BL0,-1,0.5410461853268135,10.2392608072838,e2e_bench_v1,16,32,64,0.75,True
T6_p75,8,mix_s2,D25_default_4gb_BL3,-1,0.5410461853268135,8.109958055296937,e2e_bench_v1,16,32,64,0.75,True
T6_p75,8,mix_s2,D26_cublas_lt_8gb_BL3,-1,0.5410461853268135,8.531265809501953,e2e_bench_v1,16,32,64,0.75,True
T6_p75,8,mix_s2,D27_all_enabled_4gb_BL3,-1,0.5410461853268135,9.732795823462656,e2e_bench_v1,16,32,64,0.75,True
T6_p75,8,mix_s2,D28_edge_only_4gb_BL3,-1,0.5410461853268135,8.358960513106432,e2e_bench_v1,16,32,64,0.75,True
T6_p75,8,mix_s2,D29_default_4gb_BL5,-1,0.5410461853268135,7.897777486437541,e2e_bench_v1,16,32,64,0.75,True
T6_p75,8,mix_s2,D2_with_cudnn_8gb,-1,0.5410461853268135,8.318540196018082,e2e_bench_v1,16,32,64,0.75,True
T6_p75,8,mix_s2,D30_cublas_lt_8gb_BL5,-1,0.5410461853268135,7.811389318081335,e2e_bench_v1,16,32,64,0.75,True
T6_p75,8,mix_s2,D31_all_enabled_4gb_BL5,-1,0.5410461853268135,8.27429622973418,e2e_bench_v1,16,32,64,0.75,True
T6_p75,8,mix_s2,D32_edge_only_4gb_BL5,-1,0.5410461853268135,8.234152960919063,e2e_bench_v1,16,32,64,0.75,True
T6_p75,8,mix_s2,D3_cublas_lt_16gb,-1,0.5410461853268135,7.961897543117656,e2e_bench_v1,16,32,64,0.75,True
T6_p75,8,mix_s2,D4_all_enabled_1gb,-1,0.5410461853268135,8.282979719124157,e2e_bench_v1,16,32,64,0.75,True
T6_p75,8,mix_s2,D5_default_1gb,-1,0.5410461853268135,8.240578752326932,e2e_bench_v1,16,32,64,0.75,True
T6_p75,8,mix_s2,D6_default_8gb,-1,0.5410461853268135,8.322417096242097,e2e_bench_v1,16,32,64,0.75,True
T6_p75,8,mix_s2,D7_default_16gb,-1,0.5410461853268135,8.082610747932469,e2e_bench_v1,16,32,64,0.75,True
T6_p75,8,mix_s2,D8_with_cudnn_4gb,-1,0.5410461853268135,8.131641518209998,e2e_bench_v1,16,32,64,0.75,True
T6_p75,8,mix_s2,D9_cublas_lt_4gb,-1,0.5410461853268135,8.534884633964403,e2e_bench_v1,16,32,64,0.75,True
T7_wide_shallow,8,fp16,D10_cublas_lt_8gb,-1,0.5296669815617807,9.099744115195481,e2e_bench_v1,48,64,128,0.4642857142857143,True
T7_wide_shallow,8,fp16,D11_all_enabled_4gb,-1,0.5296669815617807,9.50860481192455,e2e_bench_v1,48,64,128,0.4642857142857143,True
T7_wide_shallow,8,fp16,D12_edge_only_4gb,-1,0.5296669815617807,9.20922248376414,e2e_bench_v1,48,64,128,0.4642857142857143,True
T7_wide_shallow,8,fp16,D13_with_cudnn_1gb,-1,0.5296669815617807,8.449499874102452,e2e_bench_v1,48,64,128,0.4642857142857143,True
T7_wide_shallow,8,fp16,D14_with_cudnn_16gb,-1,0.5296669815617807,9.4196816712776,e2e_bench_v1,48,64,128,0.4642857142857143,True
T7_wide_shallow,8,fp16,D15_cublas_lt_1gb,-1,0.5296669815617807,9.225798654325008,e2e_bench_v1,48,64,128,0.4642857142857143,True
T7_wide_shallow,8,fp16,D16_all_enabled_8gb,-1,0.5296669815617807,8.866788910129774,e2e_bench_v1,48,64,128,0.4642857142857143,True
T7_wide_shallow,8,fp16,D17_all_enabled_16gb,-1,0.5296669815617807,12.482851682501165,e2e_bench_v1,48,64,128,0.4642857142857143,True
T7_wide_shallow,8,fp16,D18_edge_only_1gb,-1,0.5296669815617807,8.957547495156206,e2e_bench_v1,48,64,128,0.4642857142857143,True
T7_wide_shallow,8,fp16,D19_edge_only_8gb,-1,0.5296669815617807,8.96435682084464,e2e_bench_v1,48,64,128,0.4642857142857143,True
T7_wide_shallow,8,fp16,D20_edge_only_16gb,-1,0.5296669815617807,9.418829936432317,e2e_bench_v1,48,64,128,0.4642857142857143,True
T7_wide_shallow,8,fp16,D21_default_4gb_BL0,-1,0.5296669815617807,13.297023594238665,e2e_bench_v1,48,64,128,0.4642857142857143,True
T7_wide_shallow,8,fp16,D22_cublas_lt_8gb_BL0,-1,0.5296669815617807,15.726138729705418,e2e_bench_v1,48,64,128,0.4642857142857143,True
T7_wide_shallow,8,fp16,D23_all_enabled_4gb_BL0,-1,0.5296669815617807,11.018530965377572,e2e_bench_v1,48,64,128,0.4642857142857143,True
T7_wide_shallow,8,fp16,D24_edge_only_4gb_BL0,-1,0.5296669815617807,9.569487879286651,e2e_bench_v1,48,64,128,0.4642857142857143,True
T7_wide_shallow,8,fp16,D25_default_4gb_BL3,-1,0.5296669815617807,9.988722732035532,e2e_bench_v1,48,64,128,0.4642857142857143,True
T7_wide_shallow,8,fp16,D26_cublas_lt_8gb_BL3,-1,0.5296669815617807,8.142155521684188,e2e_bench_v1,48,64,128,0.4642857142857143,True
T7_wide_shallow,8,fp16,D27_all_enabled_4gb_BL3,-1,0.5296669815617807,10.968556439255586,e2e_bench_v1,48,64,128,0.4642857142857143,True
T7_wide_shallow,8,fp16,D28_edge_only_4gb_BL3,-1,0.5296669815617807,9.733762138001385,e2e_bench_v1,48,64,128,0.4642857142857143,True
T7_wide_shallow,8,fp16,D29_default_4gb_BL5,-1,0.5296669815617807,8.742840706316615,e2e_bench_v1,48,64,128,0.4642857142857143,True
T7_wide_shallow,8,fp16,D2_with_cudnn_8gb,-1,0.7612860710037067,8.818847641178728,e2e_bench_v1,48,64,128,0.4642857142857143,True
T7_wide_shallow,8,fp16,D30_cublas_lt_8gb_BL5,-1,0.5296669815617807,8.198818058388703,e2e_bench_v1,48,64,128,0.4642857142857143,True
T7_wide_shallow,8,fp16,D31_all_enabled_4gb_BL5,-1,0.5296669815617807,8.34803979677532,e2e_bench_v1,48,64,128,0.4642857142857143,True
T7_wide_shallow,8,fp16,D32_edge_only_4gb_BL5,-1,0.5296669815617807,8.118023066550741,e2e_bench_v1,48,64,128,0.4642857142857143,True
T7_wide_shallow,8,fp16,D3_cublas_lt_16gb,-1,0.7612860710037067,7.8212744923210735,e2e_bench_v1,48,64,128,0.4642857142857143,True
T7_wide_shallow,8,fp16,D4_all_enabled_1gb,-1,0.7612860710037067,9.274863358075578,e2e_bench_v1,48,64,128,0.4642857142857143,True
T7_wide_shallow,8,fp16,D5_default_1gb,-1,0.5296669815617807,8.925925529218125,e2e_bench_v1,48,64,128,0.4642857142857143,True
T7_wide_shallow,8,fp16,D6_default_8gb,-1,0.5296669815617807,9.448205880185412,e2e_bench_v1,48,64,128,0.4642857142857143,True
T7_wide_shallow,8,fp16,D7_default_16gb,-1,0.5296669815617807,9.23676602347986,e2e_bench_v1,48,64,128,0.4642857142857143,True
T7_wide_shallow,8,fp16,D8_with_cudnn_4gb,-1,0.5296669815617807,8.914340320987566,e2e_bench_v1,48,64,128,0.4642857142857143,True
T7_wide_shallow,8,fp16,D9_cublas_lt_4gb,-1,0.5296669815617807,8.809121316576036,e2e_bench_v1,48,64,128,0.4642857142857143,True
T7_wide_shallow,8,fp32,D10_cublas_lt_8gb,-1,0.5290685506014853,11.303701057800344,e2e_bench_v1,48,64,128,0.4642857142857143,True
T7_wide_shallow,8,fp32,D11_all_enabled_4gb,-1,0.5290685506014853,11.409000103821901,e2e_bench_v1,48,64,128,0.4642857142857143,True
T7_wide_shallow,8,fp32,D12_edge_only_4gb,-1,0.5290685506014853,11.056663187503316,e2e_bench_v1,48,64,128,0.4642857142857143,True
T7_wide_shallow,8,fp32,D13_with_cudnn_1gb,-1,0.5290685506014853,11.282326686538603,e2e_bench_v1,48,64,128,0.4642857142857143,True
T7_wide_shallow,8,fp32,D14_with_cudnn_16gb,-1,0.5290685506014853,11.178667525188331,e2e_bench_v1,48,64,128,0.4642857142857143,True
T7_wide_shallow,8,fp32,D15_cublas_lt_1gb,-1,0.5290685506014853,11.211918718074061,e2e_bench_v1,48,64,128,0.4642857142857143,True
T7_wide_shallow,8,fp32,D16_all_enabled_8gb,-1,0.5290685506014853,10.9551823490102,e2e_bench_v1,48,64,128,0.4642857142857143,True
T7_wide_shallow,8,fp32,D17_all_enabled_16gb,-1,0.5290685506014853,11.541200354084026,e2e_bench_v1,48,64,128,0.4642857142857143,True
T7_wide_shallow,8,fp32,D18_edge_only_1gb,-1,0.5290685506014853,10.828499310766018,e2e_bench_v1,48,64,128,0.4642857142857143,True
T7_wide_shallow,8,fp32,D19_edge_only_8gb,-1,0.5290685506014853,11.043878433403757,e2e_bench_v1,48,64,128,0.4642857142857143,True
T7_wide_shallow,8,fp32,D20_edge_only_16gb,-1,0.5290685506014853,9.454816378011122,e2e_bench_v1,48,64,128,0.4642857142857143,True
T7_wide_shallow,8,fp32,D21_default_4gb_BL0,-1,0.5290685506014853,16.176334992486094,e2e_bench_v1,48,64,128,0.4642857142857143,True
T7_wide_shallow,8,fp32,D22_cublas_lt_8gb_BL0,-1,0.5290685506014853,16.088603155296852,e2e_bench_v1,48,64,128,0.4642857142857143,True
T7_wide_shallow,8,fp32,D23_all_enabled_4gb_BL0,-1,0.5290685506014853,12.605953035261372,e2e_bench_v1,48,64,128,0.4642857142857143,True
T7_wide_shallow,8,fp32,D24_edge_only_4gb_BL0,-1,0.5290685506014853,13.414068138100516,e2e_bench_v1,48,64,128,0.4642857142857143,True
T7_wide_shallow,8,fp32,D25_default_4gb_BL3,-1,0.5290685506014853,11.110469172892232,e2e_bench_v1,48,64,128,0.4642857142857143,True
T7_wide_shallow,8,fp32,D26_cublas_lt_8gb_BL3,-1,0.5290685506014853,13.325764299211382,e2e_bench_v1,48,64,128,0.4642857142857143,True
T7_wide_shallow,8,fp32,D27_all_enabled_4gb_BL3,-1,0.5290685506014853,11.1543030512596,e2e_bench_v1,48,64,128,0.4642857142857143,True
T7_wide_shallow,8,fp32,D28_edge_only_4gb_BL3,-1,0.5290685506014853,13.27106549403532,e2e_bench_v1,48,64,128,0.4642857142857143,True
T7_wide_shallow,8,fp32,D29_default_4gb_BL5,-1,0.5290685506014853,10.898244183879534,e2e_bench_v1,48,64,128,0.4642857142857143,True
T7_wide_shallow,8,fp32,D2_with_cudnn_8gb,-1,0.76157420070967,11.346371827412607,e2e_bench_v1,48,64,128,0.4642857142857143,True
T7_wide_shallow,8,fp32,D30_cublas_lt_8gb_BL5,-1,0.5290685506014853,10.493454707626118,e2e_bench_v1,48,64,128,0.4642857142857143,True
T7_wide_shallow,8,fp32,D31_all_enabled_4gb_BL5,-1,0.5290685506014853,11.201406896706226,e2e_bench_v1,48,64,128,0.4642857142857143,True
T7_wide_shallow,8,fp32,D32_edge_only_4gb_BL5,-1,0.5290685506014853,10.941996476677135,e2e_bench_v1,48,64,128,0.4642857142857143,True
T7_wide_shallow,8,fp32,D3_cublas_lt_16gb,-1,0.76157420070967,10.94497849858974,e2e_bench_v1,48,64,128,0.4642857142857143,True
T7_wide_shallow,8,fp32,D4_all_enabled_1gb,-1,0.76157420070967,10.814598843270508,e2e_bench_v1,48,64,128,0.4642857142857143,True
T7_wide_shallow,8,fp32,D5_default_1gb,-1,0.5290685506014853,10.992163686507888,e2e_bench_v1,48,64,128,0.4642857142857143,True
T7_wide_shallow,8,fp32,D6_default_8gb,-1,0.5290685506014853,10.847069338806042,e2e_bench_v1,48,64,128,0.4642857142857143,True
T7_wide_shallow,8,fp32,D7_default_16gb,-1,0.5290685506014853,11.427213222656963,e2e_bench_v1,48,64,128,0.4642857142857143,True
T7_wide_shallow,8,fp32,D8_with_cudnn_4gb,-1,0.5290685506014853,11.31895222723023,e2e_bench_v1,48,64,128,0.4642857142857143,True
T7_wide_shallow,8,fp32,D9_cublas_lt_4gb,-1,0.5290685506014853,13.7138092573698,e2e_bench_v1,48,64,128,0.4642857142857143,True
T7_wide_shallow,8,int8_ent,D10_cublas_lt_8gb,-1,0.4739395120558148,8.904037624901388,e2e_bench_v1,48,64,128,0.4642857142857143,True
T7_wide_shallow,8,int8_ent,D11_all_enabled_4gb,-1,0.4739395120558148,10.68284761986155,e2e_bench_v1,48,64,128,0.4642857142857143,True
T7_wide_shallow,8,int8_ent,D12_edge_only_4gb,-1,0.4739395120558148,10.743850488576602,e2e_bench_v1,48,64,128,0.4642857142857143,True
T7_wide_shallow,8,int8_ent,D13_with_cudnn_1gb,-1,0.4739395120558148,8.046657740241013,e2e_bench_v1,48,64,128,0.4642857142857143,True
T7_wide_shallow,8,int8_ent,D14_with_cudnn_16gb,-1,0.4739395120558148,9.065977652365087,e2e_bench_v1,48,64,128,0.4642857142857143,True
T7_wide_shallow,8,int8_ent,D15_cublas_lt_1gb,-1,0.4739395120558148,9.039515337345673,e2e_bench_v1,48,64,128,0.4642857142857143,True
T7_wide_shallow,8,int8_ent,D16_all_enabled_8gb,-1,0.4739395120558148,8.368964198408056,e2e_bench_v1,48,64,128,0.4642857142857143,True
T7_wide_shallow,8,int8_ent,D17_all_enabled_16gb,-1,0.4739395120558148,8.977265076194538,e2e_bench_v1,48,64,128,0.4642857142857143,True
T7_wide_shallow,8,int8_ent,D18_edge_only_1gb,-1,0.4739395120558148,12.247442427835008,e2e_bench_v1,48,64,128,0.4642857142857143,True
T7_wide_shallow,8,int8_ent,D19_edge_only_8gb,-1,0.4739395120558148,8.56969259655687,e2e_bench_v1,48,64,128,0.4642857142857143,True
T7_wide_shallow,8,int8_ent,D20_edge_only_16gb,-1,0.4739395120558148,8.31457012009565,e2e_bench_v1,48,64,128,0.4642857142857143,True
T7_wide_shallow,8,int8_ent,D21_default_4gb_BL0,-1,0.4739395120558148,9.758458631942167,e2e_bench_v1,48,64,128,0.4642857142857143,True
T7_wide_shallow,8,int8_ent,D22_cublas_lt_8gb_BL0,-1,0.4739395120558148,11.650354229020333,e2e_bench_v1,48,64,128,0.4642857142857143,True
T7_wide_shallow,8,int8_ent,D23_all_enabled_4gb_BL0,-1,0.4739395120558148,10.224133453569143,e2e_bench_v1,48,64,128,0.4642857142857143,True
T7_wide_shallow,8,int8_ent,D24_edge_only_4gb_BL0,-1,0.4739395120558148,12.045536947877757,e2e_bench_v1,48,64,128,0.4642857142857143,True
T7_wide_shallow,8,int8_ent,D25_default_4gb_BL3,-1,0.4739395120558148,32.18963558113559,e2e_bench_v1,48,64,128,0.4642857142857143,True
T7_wide_shallow,8,int8_ent,D26_cublas_lt_8gb_BL3,-1,0.4739395120558148,11.797238502411355,e2e_bench_v1,48,64,128,0.4642857142857143,True
T7_wide_shallow,8,int8_ent,D27_all_enabled_4gb_BL3,-1,0.4739395120558148,8.499339601312979,e2e_bench_v1,48,64,128,0.4642857142857143,True
T7_wide_shallow,8,int8_ent,D28_edge_only_4gb_BL3,-1,0.4739395120558148,68.08232514756844,e2e_bench_v1,48,64,128,0.4642857142857143,True
T7_wide_shallow,8,int8_ent,D29_default_4gb_BL5,-1,0.4739395120558148,8.455572729763277,e2e_bench_v1,48,64,128,0.4642857142857143,True
T7_wide_shallow,8,int8_ent,D2_with_cudnn_8gb,-1,0.0208345422586507,7.546805286386166,e2e_bench_v1,48,64,128,0.4642857142857143,True
T7_wide_shallow,8,int8_ent,D30_cublas_lt_8gb_BL5,-1,0.4739395120558148,8.66782468804499,e2e_bench_v1,48,64,128,0.4642857142857143,True
T7_wide_shallow,8,int8_ent,D31_all_enabled_4gb_BL5,-1,0.4739395120558148,8.85565460113246,e2e_bench_v1,48,64,128,0.4642857142857143,True
T7_wide_shallow,8,int8_ent,D32_edge_only_4gb_BL5,-1,0.4739395120558148,8.231767047577968,e2e_bench_v1,48,64,128,0.4642857142857143,True
T7_wide_shallow,8,int8_ent,D3_cublas_lt_16gb,-1,0.0208345422586507,9.046736344629993,e2e_bench_v1,48,64,128,0.4642857142857143,True
T7_wide_shallow,8,int8_ent,D4_all_enabled_1gb,-1,0.0208345422586507,8.508465923593976,e2e_bench_v1,48,64,128,0.4642857142857143,True
T7_wide_shallow,8,int8_ent,D5_default_1gb,-1,0.4739395120558148,8.543861193013514,e2e_bench_v1,48,64,128,0.4642857142857143,True
T7_wide_shallow,8,int8_ent,D6_default_8gb,-1,0.4739395120558148,8.634594329489213,e2e_bench_v1,48,64,128,0.4642857142857143,True
T7_wide_shallow,8,int8_ent,D7_default_16gb,-1,0.4739395120558148,8.62333612729424,e2e_bench_v1,48,64,128,0.4642857142857143,True
T7_wide_shallow,8,int8_ent,D8_with_cudnn_4gb,-1,0.4739395120558148,9.11607775285037,e2e_bench_v1,48,64,128,0.4642857142857143,True
T7_wide_shallow,8,int8_ent,D9_cublas_lt_4gb,-1,0.4739395120558148,10.726885974274783,e2e_bench_v1,48,64,128,0.4642857142857143,True
T7_wide_shallow,8,int8_mm,D10_cublas_lt_8gb,-1,0.5279191093525223,9.11372654810316,e2e_bench_v1,48,64,128,0.4642857142857143,True
T7_wide_shallow,8,int8_mm,D11_all_enabled_4gb,-1,0.5279191093525223,8.847200878350103,e2e_bench_v1,48,64,128,0.4642857142857143,True
T7_wide_shallow,8,int8_mm,D12_edge_only_4gb,-1,0.5279191093525223,8.439730198705007,e2e_bench_v1,48,64,128,0.4642857142857143,True
T7_wide_shallow,8,int8_mm,D13_with_cudnn_1gb,-1,0.5279191093525223,8.51147133549241,e2e_bench_v1,48,64,128,0.4642857142857143,True
T7_wide_shallow,8,int8_mm,D14_with_cudnn_16gb,-1,0.5279191093525223,8.725485747791579,e2e_bench_v1,48,64,128,0.4642857142857143,True
T7_wide_shallow,8,int8_mm,D15_cublas_lt_1gb,-1,0.5279191093525223,8.444419674146733,e2e_bench_v1,48,64,128,0.4642857142857143,True
T7_wide_shallow,8,int8_mm,D16_all_enabled_8gb,-1,0.5279191093525223,12.239587476943678,e2e_bench_v1,48,64,128,0.4642857142857143,True
T7_wide_shallow,8,int8_mm,D17_all_enabled_16gb,-1,0.5279191093525223,8.291289585725716,e2e_bench_v1,48,64,128,0.4642857142857143,True
T7_wide_shallow,8,int8_mm,D18_edge_only_1gb,-1,0.5279191093525223,8.93347686452829,e2e_bench_v1,48,64,128,0.4642857142857143,True
T7_wide_shallow,8,int8_mm,D19_edge_only_8gb,-1,0.5279191093525223,8.742771913320661,e2e_bench_v1,48,64,128,0.4642857142857143,True
T7_wide_shallow,8,int8_mm,D20_edge_only_16gb,-1,0.5279191093525223,9.338035968246944,e2e_bench_v1,48,64,128,0.4642857142857143,True
T7_wide_shallow,8,int8_mm,D21_default_4gb_BL0,-1,0.5279191093525223,9.036533802510169,e2e_bench_v1,48,64,128,0.4642857142857143,True
T7_wide_shallow,8,int8_mm,D22_cublas_lt_8gb_BL0,-1,0.5279191093525223,14.316740708077363,e2e_bench_v1,48,64,128,0.4642857142857143,True
T7_wide_shallow,8,int8_mm,D23_all_enabled_4gb_BL0,-1,0.5279191093525223,13.474274241903645,e2e_bench_v1,48,64,128,0.4642857142857143,True
T7_wide_shallow,8,int8_mm,D24_edge_only_4gb_BL0,-1,0.5279191093525223,9.704733483756701,e2e_bench_v1,48,64,128,0.4642857142857143,True
T7_wide_shallow,8,int8_mm,D25_default_4gb_BL3,-1,0.5279191093525223,9.69609528546759,e2e_bench_v1,48,64,128,0.4642857142857143,True
T7_wide_shallow,8,int8_mm,D26_cublas_lt_8gb_BL3,-1,0.5279191093525223,12.290795300491508,e2e_bench_v1,48,64,128,0.4642857142857143,True
T7_wide_shallow,8,int8_mm,D27_all_enabled_4gb_BL3,-1,0.5279191093525223,8.592918232367976,e2e_bench_v1,48,64,128,0.4642857142857143,True
T7_wide_shallow,8,int8_mm,D28_edge_only_4gb_BL3,-1,0.5279191093525223,8.226559447175205,e2e_bench_v1,48,64,128,0.4642857142857143,True
T7_wide_shallow,8,int8_mm,D29_default_4gb_BL5,-1,0.5279191093525223,8.465536799688469,e2e_bench_v1,48,64,128,0.4642857142857143,True
T7_wide_shallow,8,int8_mm,D2_with_cudnn_8gb,-1,0.7460887360006894,8.81444016846158,e2e_bench_v1,48,64,128,0.4642857142857143,True
T7_wide_shallow,8,int8_mm,D30_cublas_lt_8gb_BL5,-1,0.5279191093525223,8.131092729420814,e2e_bench_v1,48,64,128,0.4642857142857143,True
T7_wide_shallow,8,int8_mm,D31_all_enabled_4gb_BL5,-1,0.5279191093525223,8.553207795051456,e2e_bench_v1,48,64,128,0.4642857142857143,True
T7_wide_shallow,8,int8_mm,D32_edge_only_4gb_BL5,-1,0.5279191093525223,8.950428054221693,e2e_bench_v1,48,64,128,0.4642857142857143,True
T7_wide_shallow,8,int8_mm,D3_cublas_lt_16gb,-1,0.7460887360006894,9.4001836795891,e2e_bench_v1,48,64,128,0.4642857142857143,True
T7_wide_shallow,8,int8_mm,D4_all_enabled_1gb,-1,0.7460887360006894,8.606881546071346,e2e_bench_v1,48,64,128,0.4642857142857143,True
T7_wide_shallow,8,int8_mm,D5_default_1gb,-1,0.5279191093525223,8.685546729109959,e2e_bench_v1,48,64,128,0.4642857142857143,True
T7_wide_shallow,8,int8_mm,D6_default_8gb,-1,0.5279191093525223,8.209365079495386,e2e_bench_v1,48,64,128,0.4642857142857143,True
T7_wide_shallow,8,int8_mm,D7_default_16gb,-1,0.5279191093525223,8.414746000891963,e2e_bench_v1,48,64,128,0.4642857142857143,True
T7_wide_shallow,8,int8_mm,D8_with_cudnn_4gb,-1,0.5279191093525223,8.35006826180804,e2e_bench_v1,48,64,128,0.4642857142857143,True
T7_wide_shallow,8,int8_mm,D9_cublas_lt_4gb,-1,0.5279191093525223,7.971417684749562,e2e_bench_v1,48,64,128,0.4642857142857143,True
T7_wide_shallow,8,int8_pc_wo,D10_cublas_lt_8gb,-1,0.5279677695490502,10.62541173470472,e2e_bench_v1,48,64,128,0.4642857142857143,True
T7_wide_shallow,8,int8_pc_wo,D11_all_enabled_4gb,-1,0.5279677695490502,8.298720752196049,e2e_bench_v1,48,64,128,0.4642857142857143,True
T7_wide_shallow,8,int8_pc_wo,D12_edge_only_4gb,-1,0.5279677695490502,8.92612471402928,e2e_bench_v1,48,64,128,0.4642857142857143,True
T7_wide_shallow,8,int8_pc_wo,D13_with_cudnn_1gb,-1,0.5279677695490502,8.847576604530136,e2e_bench_v1,48,64,128,0.4642857142857143,True
T7_wide_shallow,8,int8_pc_wo,D14_with_cudnn_16gb,-1,0.5279677695490502,12.68948574590066,e2e_bench_v1,48,64,128,0.4642857142857143,True
T7_wide_shallow,8,int8_pc_wo,D15_cublas_lt_1gb,-1,0.5279677695490502,8.671522719389525,e2e_bench_v1,48,64,128,0.4642857142857143,True
T7_wide_shallow,8,int8_pc_wo,D16_all_enabled_8gb,-1,0.5279677695490502,8.874098724348308,e2e_bench_v1,48,64,128,0.4642857142857143,True
T7_wide_shallow,8,int8_pc_wo,D17_all_enabled_16gb,-1,0.5279677695490502,8.029671241170373,e2e_bench_v1,48,64,128,0.4642857142857143,True
T7_wide_shallow,8,int8_pc_wo,D18_edge_only_1gb,-1,0.5279677695490502,8.575307060307562,e2e_bench_v1,48,64,128,0.4642857142857143,True
T7_wide_shallow,8,int8_pc_wo,D19_edge_only_8gb,-1,0.5279677695490502,8.628827532172583,e2e_bench_v1,48,64,128,0.4642857142857143,True
T7_wide_shallow,8,int8_pc_wo,D20_edge_only_16gb,-1,0.5279677695490502,9.005309530499183,e2e_bench_v1,48,64,128,0.4642857142857143,True
T7_wide_shallow,8,int8_pc_wo,D21_default_4gb_BL0,-1,0.5279677695490502,12.451082808416434,e2e_bench_v1,48,64,128,0.4642857142857143,True
T7_wide_shallow,8,int8_pc_wo,D22_cublas_lt_8gb_BL0,-1,0.5279677695490502,12.12122681360826,e2e_bench_v1,48,64,128,0.4642857142857143,True
T7_wide_shallow,8,int8_pc_wo,D23_all_enabled_4gb_BL0,-1,0.5279677695490502,10.924174214360702,e2e_bench_v1,48,64,128,0.4642857142857143,True
T7_wide_shallow,8,int8_pc_wo,D24_edge_only_4gb_BL0,-1,0.5279677695490502,10.879557854768782,e2e_bench_v1,48,64,128,0.4642857142857143,True
T7_wide_shallow,8,int8_pc_wo,D25_default_4gb_BL3,-1,0.5279677695490502,11.016394598441401,e2e_bench_v1,48,64,128,0.4642857142857143,True
T7_wide_shallow,8,int8_pc_wo,D26_cublas_lt_8gb_BL3,-1,0.5279677695490502,67.04614786357449,e2e_bench_v1,48,64,128,0.4642857142857143,True
T7_wide_shallow,8,int8_pc_wo,D27_all_enabled_4gb_BL3,-1,0.5279677695490502,9.215426254933709,e2e_bench_v1,48,64,128,0.4642857142857143,True
T7_wide_shallow,8,int8_pc_wo,D28_edge_only_4gb_BL3,-1,0.5279677695490502,8.127411809454456,e2e_bench_v1,48,64,128,0.4642857142857143,True
T7_wide_shallow,8,int8_pc_wo,D29_default_4gb_BL5,-1,0.5279677695490502,9.205882190484433,e2e_bench_v1,48,64,128,0.4642857142857143,True
T7_wide_shallow,8,int8_pc_wo,D2_with_cudnn_8gb,-1,0.5279677695490502,12.215903885268231,e2e_bench_v1,48,64,128,0.4642857142857143,True
T7_wide_shallow,8,int8_pc_wo,D30_cublas_lt_8gb_BL5,-1,0.5279677695490502,8.744667938724362,e2e_bench_v1,48,64,128,0.4642857142857143,True
T7_wide_shallow,8,int8_pc_wo,D31_all_enabled_4gb_BL5,-1,0.5279677695490502,8.594927102125784,e2e_bench_v1,48,64,128,0.4642857142857143,True
T7_wide_shallow,8,int8_pc_wo,D32_edge_only_4gb_BL5,-1,0.5279677695490502,8.248109739450461,e2e_bench_v1,48,64,128,0.4642857142857143,True
T7_wide_shallow,8,int8_pc_wo,D3_cublas_lt_16gb,-1,0.5279677695490502,11.19602675402553,e2e_bench_v1,48,64,128,0.4642857142857143,True
T7_wide_shallow,8,int8_pc_wo,D4_all_enabled_1gb,-1,0.5279677695490502,10.945026415821253,e2e_bench_v1,48,64,128,0.4642857142857143,True
T7_wide_shallow,8,int8_pc_wo,D5_default_1gb,-1,0.5279677695490502,8.948377703864178,e2e_bench_v1,48,64,128,0.4642857142857143,True
T7_wide_shallow,8,int8_pc_wo,D6_default_8gb,-1,0.5279677695490502,8.526697516258281,e2e_bench_v1,48,64,128,0.4642857142857143,True
T7_wide_shallow,8,int8_pc_wo,D7_default_16gb,-1,0.5279677695490502,8.77349212184275,e2e_bench_v1,48,64,128,0.4642857142857143,True
T7_wide_shallow,8,int8_pc_wo,D8_with_cudnn_4gb,-1,0.5279677695490502,8.587634664846089,e2e_bench_v1,48,64,128,0.4642857142857143,True
T7_wide_shallow,8,int8_pc_wo,D9_cublas_lt_4gb,-1,0.5279677695490502,8.574711460959339,e2e_bench_v1,48,64,128,0.4642857142857143,True
T7_wide_shallow,8,mix_s0,D10_cublas_lt_8gb,-1,0.5284690674474677,8.56471628092612,e2e_bench_v1,48,64,128,0.4642857142857143,True
T7_wide_shallow,8,mix_s0,D11_all_enabled_4gb,-1,0.5284690674474677,8.989547852711652,e2e_bench_v1,48,64,128,0.4642857142857143,True
T7_wide_shallow,8,mix_s0,D12_edge_only_4gb,-1,0.5284690674474677,9.079559641357394,e2e_bench_v1,48,64,128,0.4642857142857143,True
T7_wide_shallow,8,mix_s0,D13_with_cudnn_1gb,-1,0.5284690674474677,8.641496292366016,e2e_bench_v1,48,64,128,0.4642857142857143,True
T7_wide_shallow,8,mix_s0,D14_with_cudnn_16gb,-1,0.5284690674474677,9.46346864516251,e2e_bench_v1,48,64,128,0.4642857142857143,True
T7_wide_shallow,8,mix_s0,D15_cublas_lt_1gb,-1,0.5284690674474677,9.390491376242244,e2e_bench_v1,48,64,128,0.4642857142857143,True
T7_wide_shallow,8,mix_s0,D16_all_enabled_8gb,-1,0.5284690674474677,8.597550385944036,e2e_bench_v1,48,64,128,0.4642857142857143,True
T7_wide_shallow,8,mix_s0,D17_all_enabled_16gb,-1,0.5284690674474677,8.53218296754443,e2e_bench_v1,48,64,128,0.4642857142857143,True
T7_wide_shallow,8,mix_s0,D18_edge_only_1gb,-1,0.5284690674474677,8.730079050865806,e2e_bench_v1,48,64,128,0.4642857142857143,True
T7_wide_shallow,8,mix_s0,D19_edge_only_8gb,-1,0.5284690674474677,8.90863041388606,e2e_bench_v1,48,64,128,0.4642857142857143,True
T7_wide_shallow,8,mix_s0,D20_edge_only_16gb,-1,0.5284690674474677,8.917671168009816,e2e_bench_v1,48,64,128,0.4642857142857143,True
T7_wide_shallow,8,mix_s0,D21_default_4gb_BL0,-1,0.5284690674474677,10.809887587978972,e2e_bench_v1,48,64,128,0.4642857142857143,True
T7_wide_shallow,8,mix_s0,D22_cublas_lt_8gb_BL0,-1,0.5284690674474677,16.702186650276253,e2e_bench_v1,48,64,128,0.4642857142857143,True
T7_wide_shallow,8,mix_s0,D23_all_enabled_4gb_BL0,-1,0.5284690674474677,9.987116619560766,e2e_bench_v1,48,64,128,0.4642857142857143,True
T7_wide_shallow,8,mix_s0,D24_edge_only_4gb_BL0,-1,0.5284690674474677,10.759108930598368,e2e_bench_v1,48,64,128,0.4642857142857143,True
T7_wide_shallow,8,mix_s0,D25_default_4gb_BL3,-1,0.5284690674474677,12.574266763069378,e2e_bench_v1,48,64,128,0.4642857142857143,True
T7_wide_shallow,8,mix_s0,D26_cublas_lt_8gb_BL3,-1,0.5284690674474677,36.43345611408044,e2e_bench_v1,48,64,128,0.4642857142857143,True
T7_wide_shallow,8,mix_s0,D27_all_enabled_4gb_BL3,-1,0.5284690674474677,28.663314969702878,e2e_bench_v1,48,64,128,0.4642857142857143,True
T7_wide_shallow,8,mix_s0,D28_edge_only_4gb_BL3,-1,0.5284690674474677,11.273944448766123,e2e_bench_v1,48,64,128,0.4642857142857143,True
T7_wide_shallow,8,mix_s0,D29_default_4gb_BL5,-1,0.5284690674474677,8.405459177626685,e2e_bench_v1,48,64,128,0.4642857142857143,True
T7_wide_shallow,8,mix_s0,D2_with_cudnn_8gb,-1,0.5284690674474677,8.925670585631098,e2e_bench_v1,48,64,128,0.4642857142857143,True
T7_wide_shallow,8,mix_s0,D30_cublas_lt_8gb_BL5,-1,0.5284690674474677,8.891536590895956,e2e_bench_v1,48,64,128,0.4642857142857143,True
T7_wide_shallow,8,mix_s0,D31_all_enabled_4gb_BL5,-1,0.5284690674474677,9.02427711028208,e2e_bench_v1,48,64,128,0.4642857142857143,True
T7_wide_shallow,8,mix_s0,D32_edge_only_4gb_BL5,-1,0.5284690674474677,8.867614496421474,e2e_bench_v1,48,64,128,0.4642857142857143,True
T7_wide_shallow,8,mix_s0,D3_cublas_lt_16gb,-1,0.5284690674474677,8.824193821652454,e2e_bench_v1,48,64,128,0.4642857142857143,True
T7_wide_shallow,8,mix_s0,D4_all_enabled_1gb,-1,0.5284690674474677,8.903609523300746,e2e_bench_v1,48,64,128,0.4642857142857143,True
T7_wide_shallow,8,mix_s0,D5_default_1gb,-1,0.5284690674474677,9.124761957772426,e2e_bench_v1,48,64,128,0.4642857142857143,True
T7_wide_shallow,8,mix_s0,D6_default_8gb,-1,0.5284690674474677,8.534753516318448,e2e_bench_v1,48,64,128,0.4642857142857143,True
T7_wide_shallow,8,mix_s0,D7_default_16gb,-1,0.5284690674474677,9.060695788951024,e2e_bench_v1,48,64,128,0.4642857142857143,True
T7_wide_shallow,8,mix_s0,D8_with_cudnn_4gb,-1,0.5284690674474677,7.948658028065122,e2e_bench_v1,48,64,128,0.4642857142857143,True
T7_wide_shallow,8,mix_s0,D9_cublas_lt_4gb,-1,0.5284690674474677,8.718319805407102,e2e_bench_v1,48,64,128,0.4642857142857143,True
T7_wide_shallow,8,mix_s2,D10_cublas_lt_8gb,-1,0.5293986757321205,8.832408580154992,e2e_bench_v1,48,64,128,0.4642857142857143,True
T7_wide_shallow,8,mix_s2,D11_all_enabled_4gb,-1,0.5293986757321205,8.875083203905037,e2e_bench_v1,48,64,128,0.4642857142857143,True
T7_wide_shallow,8,mix_s2,D12_edge_only_4gb,-1,0.5293986757321205,9.366619802345589,e2e_bench_v1,48,64,128,0.4642857142857143,True
T7_wide_shallow,8,mix_s2,D13_with_cudnn_1gb,-1,0.5293986757321205,9.183554458018758,e2e_bench_v1,48,64,128,0.4642857142857143,True
T7_wide_shallow,8,mix_s2,D14_with_cudnn_16gb,-1,0.5293986757321205,9.080112012261784,e2e_bench_v1,48,64,128,0.4642857142857143,True
T7_wide_shallow,8,mix_s2,D15_cublas_lt_1gb,-1,0.5293986757321205,12.692739245442036,e2e_bench_v1,48,64,128,0.4642857142857143,True
T7_wide_shallow,8,mix_s2,D16_all_enabled_8gb,-1,0.5293986757321205,8.67093623566911,e2e_bench_v1,48,64,128,0.4642857142857143,True
T7_wide_shallow,8,mix_s2,D17_all_enabled_16gb,-1,0.5293986757321205,8.980207622400231,e2e_bench_v1,48,64,128,0.4642857142857143,True
T7_wide_shallow,8,mix_s2,D18_edge_only_1gb,-1,0.5293986757321205,8.616789814954439,e2e_bench_v1,48,64,128,0.4642857142857143,True
T7_wide_shallow,8,mix_s2,D19_edge_only_8gb,-1,0.5293986757321205,9.181244187124774,e2e_bench_v1,48,64,128,0.4642857142857143,True
T7_wide_shallow,8,mix_s2,D20_edge_only_16gb,-1,0.5293986757321205,9.112364567481617,e2e_bench_v1,48,64,128,0.4642857142857143,True
T7_wide_shallow,8,mix_s2,D21_default_4gb_BL0,-1,0.5293986757321205,11.294496079115685,e2e_bench_v1,48,64,128,0.4642857142857143,True
T7_wide_shallow,8,mix_s2,D22_cublas_lt_8gb_BL0,-1,0.5293986757321205,12.346898459107072,e2e_bench_v1,48,64,128,0.4642857142857143,True
T7_wide_shallow,8,mix_s2,D23_all_enabled_4gb_BL0,-1,0.5293986757321205,11.440076877316615,e2e_bench_v1,48,64,128,0.4642857142857143,True
T7_wide_shallow,8,mix_s2,D24_edge_only_4gb_BL0,-1,0.5293986757321205,14.90812865715031,e2e_bench_v1,48,64,128,0.4642857142857143,True
T7_wide_shallow,8,mix_s2,D25_default_4gb_BL3,-1,0.5293986757321205,9.470692468621229,e2e_bench_v1,48,64,128,0.4642857142857143,True
T7_wide_shallow,8,mix_s2,D26_cublas_lt_8gb_BL3,-1,0.5293986757321205,9.506625167078937,e2e_bench_v1,48,64,128,0.4642857142857143,True
T7_wide_shallow,8,mix_s2,D27_all_enabled_4gb_BL3,-1,0.5293986757321205,13.450604671933025,e2e_bench_v1,48,64,128,0.4642857142857143,True
T7_wide_shallow,8,mix_s2,D28_edge_only_4gb_BL3,-1,0.5293986757321205,68.67848852382457,e2e_bench_v1,48,64,128,0.4642857142857143,True
T7_wide_shallow,8,mix_s2,D29_default_4gb_BL5,-1,0.5293986757321205,8.906908554551253,e2e_bench_v1,48,64,128,0.4642857142857143,True
T7_wide_shallow,8,mix_s2,D2_with_cudnn_8gb,-1,0.5293986757321205,8.944807852110126,e2e_bench_v1,48,64,128,0.4642857142857143,True
T7_wide_shallow,8,mix_s2,D30_cublas_lt_8gb_BL5,-1,0.5293986757321205,8.854486258280051,e2e_bench_v1,48,64,128,0.4642857142857143,True
T7_wide_shallow,8,mix_s2,D31_all_enabled_4gb_BL5,-1,0.5293986757321205,7.9690037629635775,e2e_bench_v1,48,64,128,0.4642857142857143,True
T7_wide_shallow,8,mix_s2,D32_edge_only_4gb_BL5,-1,0.5293986757321205,9.106116305138672,e2e_bench_v1,48,64,128,0.4642857142857143,True
T7_wide_shallow,8,mix_s2,D3_cublas_lt_16gb,-1,0.5293986757321205,8.624421948118927,e2e_bench_v1,48,64,128,0.4642857142857143,True
T7_wide_shallow,8,mix_s2,D4_all_enabled_1gb,-1,0.5293986757321205,8.855623232196212,e2e_bench_v1,48,64,128,0.4642857142857143,True
T7_wide_shallow,8,mix_s2,D5_default_1gb,-1,0.5293986757321205,9.40736427290011,e2e_bench_v1,48,64,128,0.4642857142857143,True
T7_wide_shallow,8,mix_s2,D6_default_8gb,-1,0.5293986757321205,9.090966942516907,e2e_bench_v1,48,64,128,0.4642857142857143,True
T7_wide_shallow,8,mix_s2,D7_default_16gb,-1,0.5293986757321205,9.187562245734215,e2e_bench_v1,48,64,128,0.4642857142857143,True
T7_wide_shallow,8,mix_s2,D8_with_cudnn_4gb,-1,0.5293986757321205,8.887103568527568,e2e_bench_v1,48,64,128,0.4642857142857143,True
T7_wide_shallow,8,mix_s2,D9_cublas_lt_4gb,-1,0.5293986757321205,8.888256835069507,e2e_bench_v1,48,64,128,0.4642857142857143,True
T8_narrow_deep,8,fp16,D10_cublas_lt_8gb,-1,0.5438153899369492,9.777006046100539,e2e_bench_v1,24,48,192,0.4107142857142857,True
T8_narrow_deep,8,fp16,D11_all_enabled_4gb,-1,0.5438153899369492,9.461149681064644,e2e_bench_v1,24,48,192,0.4107142857142857,True
T8_narrow_deep,8,fp16,D12_edge_only_4gb,-1,0.5438153899369492,9.509590421940528,e2e_bench_v1,24,48,192,0.4107142857142857,True
T8_narrow_deep,8,fp16,D13_with_cudnn_1gb,-1,0.5438153899369492,9.168936742588519,e2e_bench_v1,24,48,192,0.4107142857142857,True
T8_narrow_deep,8,fp16,D14_with_cudnn_16gb,-1,0.5438153899369492,9.62149981863473,e2e_bench_v1,24,48,192,0.4107142857142857,True
T8_narrow_deep,8,fp16,D15_cublas_lt_1gb,-1,0.5438153899369492,9.97786908636644,e2e_bench_v1,24,48,192,0.4107142857142857,True
T8_narrow_deep,8,fp16,D16_all_enabled_8gb,-1,0.5438153899369492,9.236911066096564,e2e_bench_v1,24,48,192,0.4107142857142857,True
T8_narrow_deep,8,fp16,D17_all_enabled_16gb,-1,0.5438153899369492,13.284870127109636,e2e_bench_v1,24,48,192,0.4107142857142857,True
T8_narrow_deep,8,fp16,D18_edge_only_1gb,-1,0.5438153899369492,9.984932736500621,e2e_bench_v1,24,48,192,0.4107142857142857,True
T8_narrow_deep,8,fp16,D19_edge_only_8gb,-1,0.5438153899369492,9.166726250387294,e2e_bench_v1,24,48,192,0.4107142857142857,True
T8_narrow_deep,8,fp16,D20_edge_only_16gb,-1,0.5438153899369492,9.938796888759022,e2e_bench_v1,24,48,192,0.4107142857142857,True
T8_narrow_deep,8,fp16,D21_default_4gb_BL0,-1,0.5438153899369492,16.969544758022778,e2e_bench_v1,24,48,192,0.4107142857142857,True
T8_narrow_deep,8,fp16,D22_cublas_lt_8gb_BL0,-1,0.5438153899369492,13.501052407035129,e2e_bench_v1,24,48,192,0.4107142857142857,True
T8_narrow_deep,8,fp16,D23_all_enabled_4gb_BL0,-1,0.5438153899369492,13.812459943866164,e2e_bench_v1,24,48,192,0.4107142857142857,True
T8_narrow_deep,8,fp16,D24_edge_only_4gb_BL0,-1,0.5438153899369492,12.380267339492928,e2e_bench_v1,24,48,192,0.4107142857142857,True
T8_narrow_deep,8,fp16,D25_default_4gb_BL3,-1,0.5438153899369492,12.579629051898518,e2e_bench_v1,24,48,192,0.4107142857142857,True
T8_narrow_deep,8,fp16,D26_cublas_lt_8gb_BL3,-1,0.5438153899369492,52.60361597256195,e2e_bench_v1,24,48,192,0.4107142857142857,True
T8_narrow_deep,8,fp16,D27_all_enabled_4gb_BL3,-1,0.5438153899369492,8.596537830354203,e2e_bench_v1,24,48,192,0.4107142857142857,True
T8_narrow_deep,8,fp16,D28_edge_only_4gb_BL3,-1,0.5438153899369492,9.811982785857401,e2e_bench_v1,24,48,192,0.4107142857142857,True
T8_narrow_deep,8,fp16,D29_default_4gb_BL5,-1,0.5438153899369492,10.070341334219522,e2e_bench_v1,24,48,192,0.4107142857142857,True
T8_narrow_deep,8,fp16,D2_with_cudnn_8gb,-1,0.7573819395306761,9.270409501798923,e2e_bench_v1,24,48,192,0.4107142857142857,True
T8_narrow_deep,8,fp16,D30_cublas_lt_8gb_BL5,-1,0.5438153899369492,10.1938461789387,e2e_bench_v1,24,48,192,0.4107142857142857,True
T8_narrow_deep,8,fp16,D31_all_enabled_4gb_BL5,-1,0.5438153899369492,9.209892529764069,e2e_bench_v1,24,48,192,0.4107142857142857,True
T8_narrow_deep,8,fp16,D32_edge_only_4gb_BL5,-1,0.5438153899369492,10.496770143826746,e2e_bench_v1,24,48,192,0.4107142857142857,True
T8_narrow_deep,8,fp16,D3_cublas_lt_16gb,-1,0.7573819395306761,9.661229004941719,e2e_bench_v1,24,48,192,0.4107142857142857,True
T8_narrow_deep,8,fp16,D4_all_enabled_1gb,-1,0.7573819395306761,9.253330273565457,e2e_bench_v1,24,48,192,0.4107142857142857,True
T8_narrow_deep,8,fp16,D5_default_1gb,-1,0.5438153899369492,10.029124577773857,e2e_bench_v1,24,48,192,0.4107142857142857,True
T8_narrow_deep,8,fp16,D6_default_8gb,-1,0.5438153899369492,9.713632403123516,e2e_bench_v1,24,48,192,0.4107142857142857,True
T8_narrow_deep,8,fp16,D7_default_16gb,-1,0.5438153899369492,9.246220376265692,e2e_bench_v1,24,48,192,0.4107142857142857,True
T8_narrow_deep,8,fp16,D8_with_cudnn_4gb,-1,0.5438153899369492,9.691565914762677,e2e_bench_v1,24,48,192,0.4107142857142857,True
T8_narrow_deep,8,fp16,D9_cublas_lt_4gb,-1,0.5438153899369492,9.653590556471574,e2e_bench_v1,24,48,192,0.4107142857142857,True
T8_narrow_deep,8,fp32,D10_cublas_lt_8gb,-1,0.5432097147992858,11.416294019802704,e2e_bench_v1,24,48,192,0.4107142857142857,True
T8_narrow_deep,8,fp32,D11_all_enabled_4gb,-1,0.5432097147992858,11.243547609115819,e2e_bench_v1,24,48,192,0.4107142857142857,True
T8_narrow_deep,8,fp32,D12_edge_only_4gb,-1,0.5432097147992858,11.920229822030969,e2e_bench_v1,24,48,192,0.4107142857142857,True
T8_narrow_deep,8,fp32,D13_with_cudnn_1gb,-1,0.5432097147992858,11.63385918376844,e2e_bench_v1,24,48,192,0.4107142857142857,True
T8_narrow_deep,8,fp32,D14_with_cudnn_16gb,-1,0.5432097147992858,11.348586590283114,e2e_bench_v1,24,48,192,0.4107142857142857,True
T8_narrow_deep,8,fp32,D15_cublas_lt_1gb,-1,0.5432097147992858,12.082591764263801,e2e_bench_v1,24,48,192,0.4107142857142857,True
T8_narrow_deep,8,fp32,D16_all_enabled_8gb,-1,0.5432097147992858,11.13985192908816,e2e_bench_v1,24,48,192,0.4107142857142857,True
T8_narrow_deep,8,fp32,D17_all_enabled_16gb,-1,0.5432097147992858,11.272254247949014,e2e_bench_v1,24,48,192,0.4107142857142857,True
T8_narrow_deep,8,fp32,D18_edge_only_1gb,-1,0.5432097147992858,11.558208292783284,e2e_bench_v1,24,48,192,0.4107142857142857,True
T8_narrow_deep,8,fp32,D19_edge_only_8gb,-1,0.5432097147992858,15.485221678690943,e2e_bench_v1,24,48,192,0.4107142857142857,True
T8_narrow_deep,8,fp32,D20_edge_only_16gb,-1,0.5432097147992858,11.46355163756835,e2e_bench_v1,24,48,192,0.4107142857142857,True
T8_narrow_deep,8,fp32,D21_default_4gb_BL0,-1,0.5432097147992858,14.232707616064172,e2e_bench_v1,24,48,192,0.4107142857142857,True
T8_narrow_deep,8,fp32,D22_cublas_lt_8gb_BL0,-1,0.5432097147992858,19.348909205243555,e2e_bench_v1,24,48,192,0.4107142857142857,True
T8_narrow_deep,8,fp32,D23_all_enabled_4gb_BL0,-1,0.5432097147992858,17.506114010318104,e2e_bench_v1,24,48,192,0.4107142857142857,True
T8_narrow_deep,8,fp32,D24_edge_only_4gb_BL0,-1,0.5432097147992858,14.246150690083539,e2e_bench_v1,24,48,192,0.4107142857142857,True
T8_narrow_deep,8,fp32,D25_default_4gb_BL3,-1,0.5432097147992858,11.878614810969664,e2e_bench_v1,24,48,192,0.4107142857142857,True
T8_narrow_deep,8,fp32,D26_cublas_lt_8gb_BL3,-1,0.5432097147992858,16.896458502297918,e2e_bench_v1,24,48,192,0.4107142857142857,True
T8_narrow_deep,8,fp32,D27_all_enabled_4gb_BL3,-1,0.5432097147992858,16.183822327524958,e2e_bench_v1,24,48,192,0.4107142857142857,True
T8_narrow_deep,8,fp32,D28_edge_only_4gb_BL3,-1,0.5432097147992858,57.954216169226314,e2e_bench_v1,24,48,192,0.4107142857142857,True
T8_narrow_deep,8,fp32,D29_default_4gb_BL5,-1,0.5432097147992858,11.045708245289834,e2e_bench_v1,24,48,192,0.4107142857142857,True
T8_narrow_deep,8,fp32,D2_with_cudnn_8gb,-1,0.7574466340810343,11.832429138539997,e2e_bench_v1,24,48,192,0.4107142857142857,True
T8_narrow_deep,8,fp32,D30_cublas_lt_8gb_BL5,-1,0.5432097147992858,10.755706709087175,e2e_bench_v1,24,48,192,0.4107142857142857,True
T8_narrow_deep,8,fp32,D31_all_enabled_4gb_BL5,-1,0.5432097147992858,10.39404878342856,e2e_bench_v1,24,48,192,0.4107142857142857,True
T8_narrow_deep,8,fp32,D32_edge_only_4gb_BL5,-1,0.5432097147992858,10.60386913977172,e2e_bench_v1,24,48,192,0.4107142857142857,True
T8_narrow_deep,8,fp32,D3_cublas_lt_16gb,-1,0.7574466340810343,11.470862861246149,e2e_bench_v1,24,48,192,0.4107142857142857,True
T8_narrow_deep,8,fp32,D4_all_enabled_1gb,-1,0.7574466340810343,11.78967224711153,e2e_bench_v1,24,48,192,0.4107142857142857,True
T8_narrow_deep,8,fp32,D5_default_1gb,-1,0.5432097147992858,11.069955476639073,e2e_bench_v1,24,48,192,0.4107142857142857,True
T8_narrow_deep,8,fp32,D6_default_8gb,-1,0.5432097147992858,11.320784620940508,e2e_bench_v1,24,48,192,0.4107142857142857,True
T8_narrow_deep,8,fp32,D7_default_16gb,-1,0.5432097147992858,11.066182410524382,e2e_bench_v1,24,48,192,0.4107142857142857,True
T8_narrow_deep,8,fp32,D8_with_cudnn_4gb,-1,0.5432097147992858,10.881274414859469,e2e_bench_v1,24,48,192,0.4107142857142857,True
T8_narrow_deep,8,fp32,D9_cublas_lt_4gb,-1,0.5432097147992858,11.952872215429005,e2e_bench_v1,24,48,192,0.4107142857142857,True
T8_narrow_deep,8,int8_ent,D10_cublas_lt_8gb,-1,0.2013437649179316,9.553726335419867,e2e_bench_v1,24,48,192,0.4107142857142857,True
T8_narrow_deep,8,int8_ent,D11_all_enabled_4gb,-1,0.2013437649179316,11.760555098200635,e2e_bench_v1,24,48,192,0.4107142857142857,True
T8_narrow_deep,8,int8_ent,D12_edge_only_4gb,-1,0.2013437649179316,10.073800663661988,e2e_bench_v1,24,48,192,0.4107142857142857,True
T8_narrow_deep,8,int8_ent,D13_with_cudnn_1gb,-1,0.2013437649179316,9.45181370853253,e2e_bench_v1,24,48,192,0.4107142857142857,True
T8_narrow_deep,8,int8_ent,D14_with_cudnn_16gb,-1,0.2013437649179316,9.064161574118556,e2e_bench_v1,24,48,192,0.4107142857142857,True
T8_narrow_deep,8,int8_ent,D15_cublas_lt_1gb,-1,0.2013437649179316,9.682754240078083,e2e_bench_v1,24,48,192,0.4107142857142857,True
T8_narrow_deep,8,int8_ent,D16_all_enabled_8gb,-1,0.2013437649179316,8.92512091307557,e2e_bench_v1,24,48,192,0.4107142857142857,True
T8_narrow_deep,8,int8_ent,D17_all_enabled_16gb,-1,0.2013437649179316,8.893197148840994,e2e_bench_v1,24,48,192,0.4107142857142857,True
T8_narrow_deep,8,int8_ent,D18_edge_only_1gb,-1,0.2013437649179316,11.295082911556113,e2e_bench_v1,24,48,192,0.4107142857142857,True
T8_narrow_deep,8,int8_ent,D19_edge_only_8gb,-1,0.2013437649179316,9.022013713460844,e2e_bench_v1,24,48,192,0.4107142857142857,True
T8_narrow_deep,8,int8_ent,D20_edge_only_16gb,-1,0.2013437649179316,8.801189920877302,e2e_bench_v1,24,48,192,0.4107142857142857,True
T8_narrow_deep,8,int8_ent,D21_default_4gb_BL0,-1,0.2013437649179316,14.657834832585541,e2e_bench_v1,24,48,192,0.4107142857142857,True
T8_narrow_deep,8,int8_ent,D22_cublas_lt_8gb_BL0,-1,0.2013437649179316,12.290553603405959,e2e_bench_v1,24,48,192,0.4107142857142857,True
T8_narrow_deep,8,int8_ent,D23_all_enabled_4gb_BL0,-1,0.2013437649179316,10.772542082935647,e2e_bench_v1,24,48,192,0.4107142857142857,True
T8_narrow_deep,8,int8_ent,D24_edge_only_4gb_BL0,-1,0.2013437649179316,11.14660686140532,e2e_bench_v1,24,48,192,0.4107142857142857,True
T8_narrow_deep,8,int8_ent,D25_default_4gb_BL3,-1,0.2013437649179316,67.54383594953124,e2e_bench_v1,24,48,192,0.4107142857142857,True
T8_narrow_deep,8,int8_ent,D26_cublas_lt_8gb_BL3,-1,0.2013437649179316,9.977152321184487,e2e_bench_v1,24,48,192,0.4107142857142857,True
T8_narrow_deep,8,int8_ent,D27_all_enabled_4gb_BL3,-1,0.2013437649179316,10.210186907681532,e2e_bench_v1,24,48,192,0.4107142857142857,True
T8_narrow_deep,8,int8_ent,D28_edge_only_4gb_BL3,-1,0.2013437649179316,11.111876595943277,e2e_bench_v1,24,48,192,0.4107142857142857,True
T8_narrow_deep,8,int8_ent,D29_default_4gb_BL5,-1,0.2013437649179316,9.37002510229725,e2e_bench_v1,24,48,192,0.4107142857142857,True
T8_narrow_deep,8,int8_ent,D2_with_cudnn_8gb,-1,0.0202723519674919,8.524553270785844,e2e_bench_v1,24,48,192,0.4107142857142857,True
T8_narrow_deep,8,int8_ent,D30_cublas_lt_8gb_BL5,-1,0.2013437649179316,9.623240510763114,e2e_bench_v1,24,48,192,0.4107142857142857,True
T8_narrow_deep,8,int8_ent,D31_all_enabled_4gb_BL5,-1,0.2013437649179316,8.810347577022261,e2e_bench_v1,24,48,192,0.4107142857142857,True
T8_narrow_deep,8,int8_ent,D32_edge_only_4gb_BL5,-1,0.2013437649179316,8.500632872117329,e2e_bench_v1,24,48,192,0.4107142857142857,True
T8_narrow_deep,8,int8_ent,D3_cublas_lt_16gb,-1,0.0202723519674919,8.82758231058436,e2e_bench_v1,24,48,192,0.4107142857142857,True
T8_narrow_deep,8,int8_ent,D4_all_enabled_1gb,-1,0.0202723519674919,9.130518942174596,e2e_bench_v1,24,48,192,0.4107142857142857,True
T8_narrow_deep,8,int8_ent,D5_default_1gb,-1,0.2013437649179316,8.345810319761377,e2e_bench_v1,24,48,192,0.4107142857142857,True
T8_narrow_deep,8,int8_ent,D6_default_8gb,-1,0.2013437649179316,9.011282125220777,e2e_bench_v1,24,48,192,0.4107142857142857,True
T8_narrow_deep,8,int8_ent,D7_default_16gb,-1,0.2013437649179316,9.299548692901933,e2e_bench_v1,24,48,192,0.4107142857142857,True
T8_narrow_deep,8,int8_ent,D8_with_cudnn_4gb,-1,0.2013437649179316,9.102875234171465,e2e_bench_v1,24,48,192,0.4107142857142857,True
T8_narrow_deep,8,int8_ent,D9_cublas_lt_4gb,-1,0.2013437649179316,10.863543035925737,e2e_bench_v1,24,48,192,0.4107142857142857,True
T8_narrow_deep,8,int8_mm,D10_cublas_lt_8gb,-1,0.5371899314656721,9.700083129712421,e2e_bench_v1,24,48,192,0.4107142857142857,True
T8_narrow_deep,8,int8_mm,D11_all_enabled_4gb,-1,0.5371899314656721,8.946744503343846,e2e_bench_v1,24,48,192,0.4107142857142857,True
T8_narrow_deep,8,int8_mm,D12_edge_only_4gb,-1,0.5371899314656721,9.624027732598314,e2e_bench_v1,24,48,192,0.4107142857142857,True
T8_narrow_deep,8,int8_mm,D13_with_cudnn_1gb,-1,0.5371899314656721,9.305684284188153,e2e_bench_v1,24,48,192,0.4107142857142857,True
T8_narrow_deep,8,int8_mm,D14_with_cudnn_16gb,-1,0.5371899314656721,9.497451833673026,e2e_bench_v1,24,48,192,0.4107142857142857,True
T8_narrow_deep,8,int8_mm,D15_cublas_lt_1gb,-1,0.5371899314656721,9.462725378461702,e2e_bench_v1,24,48,192,0.4107142857142857,True
T8_narrow_deep,8,int8_mm,D16_all_enabled_8gb,-1,0.5371899314656721,11.890026764450246,e2e_bench_v1,24,48,192,0.4107142857142857,True
T8_narrow_deep,8,int8_mm,D17_all_enabled_16gb,-1,0.5371899314656721,8.647354817398131,e2e_bench_v1,24,48,192,0.4107142857142857,True
T8_narrow_deep,8,int8_mm,D18_edge_only_1gb,-1,0.5371899314656721,9.341071476944833,e2e_bench_v1,24,48,192,0.4107142857142857,True
T8_narrow_deep,8,int8_mm,D19_edge_only_8gb,-1,0.5371899314656721,9.459493973829364,e2e_bench_v1,24,48,192,0.4107142857142857,True
T8_narrow_deep,8,int8_mm,D20_edge_only_16gb,-1,0.5371899314656721,9.765424732500602,e2e_bench_v1,24,48,192,0.4107142857142857,True
T8_narrow_deep,8,int8_mm,D21_default_4gb_BL0,-1,0.5371899314656721,11.707175444901935,e2e_bench_v1,24,48,192,0.4107142857142857,True
T8_narrow_deep,8,int8_mm,D22_cublas_lt_8gb_BL0,-1,0.5371899314656721,12.705204941308306,e2e_bench_v1,24,48,192,0.4107142857142857,True
T8_narrow_deep,8,int8_mm,D23_all_enabled_4gb_BL0,-1,0.5371899314656721,15.637241027742029,e2e_bench_v1,24,48,192,0.4107142857142857,True
T8_narrow_deep,8,int8_mm,D24_edge_only_4gb_BL0,-1,0.5371899314656721,12.090261052916654,e2e_bench_v1,24,48,192,0.4107142857142857,True
T8_narrow_deep,8,int8_mm,D25_default_4gb_BL3,-1,0.5371899314656721,62.02627432980611,e2e_bench_v1,24,48,192,0.4107142857142857,True
T8_narrow_deep,8,int8_mm,D26_cublas_lt_8gb_BL3,-1,0.5371899314656721,14.00338601873933,e2e_bench_v1,24,48,192,0.4107142857142857,True
T8_narrow_deep,8,int8_mm,D27_all_enabled_4gb_BL3,-1,0.5371899314656721,11.389469751846233,e2e_bench_v1,24,48,192,0.4107142857142857,True
T8_narrow_deep,8,int8_mm,D28_edge_only_4gb_BL3,-1,0.5371899314656721,8.953898169106903,e2e_bench_v1,24,48,192,0.4107142857142857,True
T8_narrow_deep,8,int8_mm,D29_default_4gb_BL5,-1,0.5371899314656721,9.12907693164421,e2e_bench_v1,24,48,192,0.4107142857142857,True
T8_narrow_deep,8,int8_mm,D2_with_cudnn_8gb,-1,0.7464392709306562,9.284042494919309,e2e_bench_v1,24,48,192,0.4107142857142857,True
T8_narrow_deep,8,int8_mm,D30_cublas_lt_8gb_BL5,-1,0.5371899314656721,9.536952352432351,e2e_bench_v1,24,48,192,0.4107142857142857,True
T8_narrow_deep,8,int8_mm,D31_all_enabled_4gb_BL5,-1,0.5371899314656721,9.31423914309,e2e_bench_v1,24,48,192,0.4107142857142857,True
T8_narrow_deep,8,int8_mm,D32_edge_only_4gb_BL5,-1,0.5371899314656721,9.053214796574263,e2e_bench_v1,24,48,192,0.4107142857142857,True
T8_narrow_deep,8,int8_mm,D3_cublas_lt_16gb,-1,0.7464392709306562,9.19966586813567,e2e_bench_v1,24,48,192,0.4107142857142857,True
T8_narrow_deep,8,int8_mm,D4_all_enabled_1gb,-1,0.7464392709306562,9.506236566499451,e2e_bench_v1,24,48,192,0.4107142857142857,True
T8_narrow_deep,8,int8_mm,D5_default_1gb,-1,0.5371899314656721,8.605489097275589,e2e_bench_v1,24,48,192,0.4107142857142857,True
T8_narrow_deep,8,int8_mm,D6_default_8gb,-1,0.5371899314656721,8.428320505429525,e2e_bench_v1,24,48,192,0.4107142857142857,True
T8_narrow_deep,8,int8_mm,D7_default_16gb,-1,0.5371899314656721,8.926100811382563,e2e_bench_v1,24,48,192,0.4107142857142857,True
T8_narrow_deep,8,int8_mm,D8_with_cudnn_4gb,-1,0.5371899314656721,9.512620869738926,e2e_bench_v1,24,48,192,0.4107142857142857,True
T8_narrow_deep,8,int8_mm,D9_cublas_lt_4gb,-1,0.5371899314656721,9.311845319075035,e2e_bench_v1,24,48,192,0.4107142857142857,True
T8_narrow_deep,8,int8_pc_wo,D10_cublas_lt_8gb,-1,0.5364402176715186,9.637820349101128,e2e_bench_v1,24,48,192,0.4107142857142857,True
T8_narrow_deep,8,int8_pc_wo,D11_all_enabled_4gb,-1,0.5364402176715186,9.088075263804104,e2e_bench_v1,24,48,192,0.4107142857142857,True
T8_narrow_deep,8,int8_pc_wo,D12_edge_only_4gb,-1,0.5364402176715186,9.056371383677702,e2e_bench_v1,24,48,192,0.4107142857142857,True
T8_narrow_deep,8,int8_pc_wo,D13_with_cudnn_1gb,-1,0.5364402176715186,9.567336348319929,e2e_bench_v1,24,48,192,0.4107142857142857,True
T8_narrow_deep,8,int8_pc_wo,D14_with_cudnn_16gb,-1,0.5364402176715186,9.300456838439903,e2e_bench_v1,24,48,192,0.4107142857142857,True
T8_narrow_deep,8,int8_pc_wo,D15_cublas_lt_1gb,-1,0.5364402176715186,8.978256458508783,e2e_bench_v1,24,48,192,0.4107142857142857,True
T8_narrow_deep,8,int8_pc_wo,D16_all_enabled_8gb,-1,0.5364402176715186,9.064753157706763,e2e_bench_v1,24,48,192,0.4107142857142857,True
T8_narrow_deep,8,int8_pc_wo,D17_all_enabled_16gb,-1,0.5364402176715186,9.10396914846935,e2e_bench_v1,24,48,192,0.4107142857142857,True
T8_narrow_deep,8,int8_pc_wo,D18_edge_only_1gb,-1,0.5364402176715186,11.350583192964454,e2e_bench_v1,24,48,192,0.4107142857142857,True
T8_narrow_deep,8,int8_pc_wo,D19_edge_only_8gb,-1,0.5364402176715186,9.005001377765211,e2e_bench_v1,24,48,192,0.4107142857142857,True
T8_narrow_deep,8,int8_pc_wo,D20_edge_only_16gb,-1,0.5364402176715186,9.503381778405846,e2e_bench_v1,24,48,192,0.4107142857142857,True
T8_narrow_deep,8,int8_pc_wo,D21_default_4gb_BL0,-1,0.5364402176715186,16.884362378939123,e2e_bench_v1,24,48,192,0.4107142857142857,True
T8_narrow_deep,8,int8_pc_wo,D22_cublas_lt_8gb_BL0,-1,0.5364402176715186,16.89939956433348,e2e_bench_v1,24,48,192,0.4107142857142857,True
T8_narrow_deep,8,int8_pc_wo,D23_all_enabled_4gb_BL0,-1,0.5364402176715186,12.914023596503917,e2e_bench_v1,24,48,192,0.4107142857142857,True
T8_narrow_deep,8,int8_pc_wo,D24_edge_only_4gb_BL0,-1,0.5364402176715186,12.497125661097947,e2e_bench_v1,24,48,192,0.4107142857142857,True
T8_narrow_deep,8,int8_pc_wo,D25_default_4gb_BL3,-1,0.5364402176715186,9.276007606326237,e2e_bench_v1,24,48,192,0.4107142857142857,True
T8_narrow_deep,8,int8_pc_wo,D26_cublas_lt_8gb_BL3,-1,0.5364402176715186,13.767183165488426,e2e_bench_v1,24,48,192,0.4107142857142857,True
T8_narrow_deep,8,int8_pc_wo,D27_all_enabled_4gb_BL3,-1,0.5364402176715186,9.711255247719555,e2e_bench_v1,24,48,192,0.4107142857142857,True
T8_narrow_deep,8,int8_pc_wo,D28_edge_only_4gb_BL3,-1,0.5364402176715186,11.391960921017256,e2e_bench_v1,24,48,192,0.4107142857142857,True
T8_narrow_deep,8,int8_pc_wo,D29_default_4gb_BL5,-1,0.5364402176715186,9.520744750737382,e2e_bench_v1,24,48,192,0.4107142857142857,True
T8_narrow_deep,8,int8_pc_wo,D2_with_cudnn_8gb,-1,0.5364402176715186,9.135114741608712,e2e_bench_v1,24,48,192,0.4107142857142857,True
T8_narrow_deep,8,int8_pc_wo,D30_cublas_lt_8gb_BL5,-1,0.5364402176715186,9.676551586664162,e2e_bench_v1,24,48,192,0.4107142857142857,True
T8_narrow_deep,8,int8_pc_wo,D31_all_enabled_4gb_BL5,-1,0.5364402176715186,9.314456035767511,e2e_bench_v1,24,48,192,0.4107142857142857,True
T8_narrow_deep,8,int8_pc_wo,D32_edge_only_4gb_BL5,-1,0.5364402176715186,8.954916473016597,e2e_bench_v1,24,48,192,0.4107142857142857,True
T8_narrow_deep,8,int8_pc_wo,D3_cublas_lt_16gb,-1,0.5364402176715186,9.348459140222213,e2e_bench_v1,24,48,192,0.4107142857142857,True
T8_narrow_deep,8,int8_pc_wo,D4_all_enabled_1gb,-1,0.5364402176715186,8.88839903934183,e2e_bench_v1,24,48,192,0.4107142857142857,True
T8_narrow_deep,8,int8_pc_wo,D5_default_1gb,-1,0.5364402176715186,8.769545123694433,e2e_bench_v1,24,48,192,0.4107142857142857,True
T8_narrow_deep,8,int8_pc_wo,D6_default_8gb,-1,0.5364402176715186,9.07516779985262,e2e_bench_v1,24,48,192,0.4107142857142857,True
T8_narrow_deep,8,int8_pc_wo,D7_default_16gb,-1,0.5364402176715186,9.256893608670376,e2e_bench_v1,24,48,192,0.4107142857142857,True
T8_narrow_deep,8,int8_pc_wo,D8_with_cudnn_4gb,-1,0.5364402176715186,9.17665239391331,e2e_bench_v1,24,48,192,0.4107142857142857,True
T8_narrow_deep,8,int8_pc_wo,D9_cublas_lt_4gb,-1,0.5364402176715186,9.864997509088129,e2e_bench_v1,24,48,192,0.4107142857142857,True
T8_narrow_deep,8,mix_s0,D10_cublas_lt_8gb,-1,0.5366115352622377,10.57013176726261,e2e_bench_v1,24,48,192,0.4107142857142857,True
T8_narrow_deep,8,mix_s0,D11_all_enabled_4gb,-1,0.5366115352622377,9.042081848924896,e2e_bench_v1,24,48,192,0.4107142857142857,True
T8_narrow_deep,8,mix_s0,D12_edge_only_4gb,-1,0.5366115352622377,11.294751216162338,e2e_bench_v1,24,48,192,0.4107142857142857,True
T8_narrow_deep,8,mix_s0,D13_with_cudnn_1gb,-1,0.5366115352622377,9.96661185030149,e2e_bench_v1,24,48,192,0.4107142857142857,True
T8_narrow_deep,8,mix_s0,D14_with_cudnn_16gb,-1,0.5366115352622377,10.09479007884031,e2e_bench_v1,24,48,192,0.4107142857142857,True
T8_narrow_deep,8,mix_s0,D15_cublas_lt_1gb,-1,0.5366115352622377,9.814987485890954,e2e_bench_v1,24,48,192,0.4107142857142857,True
T8_narrow_deep,8,mix_s0,D16_all_enabled_8gb,-1,0.5366115352622377,9.532606758046235,e2e_bench_v1,24,48,192,0.4107142857142857,True
T8_narrow_deep,8,mix_s0,D17_all_enabled_16gb,-1,0.5366115352622377,9.918962079807969,e2e_bench_v1,24,48,192,0.4107142857142857,True
T8_narrow_deep,8,mix_s0,D18_edge_only_1gb,-1,0.5366115352622377,9.528201571009875,e2e_bench_v1,24,48,192,0.4107142857142857,True
T8_narrow_deep,8,mix_s0,D19_edge_only_8gb,-1,0.5366115352622377,11.804898088314804,e2e_bench_v1,24,48,192,0.4107142857142857,True
T8_narrow_deep,8,mix_s0,D20_edge_only_16gb,-1,0.5366115352622377,9.178732875926478,e2e_bench_v1,24,48,192,0.4107142857142857,True
T8_narrow_deep,8,mix_s0,D21_default_4gb_BL0,-1,0.5366115352622377,12.116438978584194,e2e_bench_v1,24,48,192,0.4107142857142857,True
T8_narrow_deep,8,mix_s0,D22_cublas_lt_8gb_BL0,-1,0.5366115352622377,18.63432741258637,e2e_bench_v1,24,48,192,0.4107142857142857,True
T8_narrow_deep,8,mix_s0,D23_all_enabled_4gb_BL0,-1,0.5366115352622377,12.866336773791787,e2e_bench_v1,24,48,192,0.4107142857142857,True
T8_narrow_deep,8,mix_s0,D24_edge_only_4gb_BL0,-1,0.5366115352622377,15.48519769951903,e2e_bench_v1,24,48,192,0.4107142857142857,True
T8_narrow_deep,8,mix_s0,D25_default_4gb_BL3,-1,0.5366115352622377,15.073884645590361,e2e_bench_v1,24,48,192,0.4107142857142857,True
T8_narrow_deep,8,mix_s0,D26_cublas_lt_8gb_BL3,-1,0.5366115352622377,10.619792319341403,e2e_bench_v1,24,48,192,0.4107142857142857,True
T8_narrow_deep,8,mix_s0,D27_all_enabled_4gb_BL3,-1,0.5366115352622377,69.42612366181146,e2e_bench_v1,24,48,192,0.4107142857142857,True
T8_narrow_deep,8,mix_s0,D28_edge_only_4gb_BL3,-1,0.5366115352622377,9.036117361092286,e2e_bench_v1,24,48,192,0.4107142857142857,True
T8_narrow_deep,8,mix_s0,D29_default_4gb_BL5,-1,0.5366115352622377,9.552476049554425,e2e_bench_v1,24,48,192,0.4107142857142857,True
T8_narrow_deep,8,mix_s0,D2_with_cudnn_8gb,-1,0.5366115352622377,10.154830703739922,e2e_bench_v1,24,48,192,0.4107142857142857,True
T8_narrow_deep,8,mix_s0,D30_cublas_lt_8gb_BL5,-1,0.5366115352622377,10.246678539151533,e2e_bench_v1,24,48,192,0.4107142857142857,True
T8_narrow_deep,8,mix_s0,D31_all_enabled_4gb_BL5,-1,0.5366115352622377,9.939626707379379,e2e_bench_v1,24,48,192,0.4107142857142857,True
T8_narrow_deep,8,mix_s0,D32_edge_only_4gb_BL5,-1,0.5366115352622377,11.093644783712755,e2e_bench_v1,24,48,192,0.4107142857142857,True
T8_narrow_deep,8,mix_s0,D3_cublas_lt_16gb,-1,0.5366115352622377,10.27188656550228,e2e_bench_v1,24,48,192,0.4107142857142857,True
T8_narrow_deep,8,mix_s0,D4_all_enabled_1gb,-1,0.5366115352622377,10.435896980999363,e2e_bench_v1,24,48,192,0.4107142857142857,True
T8_narrow_deep,8,mix_s0,D5_default_1gb,-1,0.5366115352622377,10.678273237791263,e2e_bench_v1,24,48,192,0.4107142857142857,True
T8_narrow_deep,8,mix_s0,D6_default_8gb,-1,0.5366115352622377,9.376667288652264,e2e_bench_v1,24,48,192,0.4107142857142857,True
T8_narrow_deep,8,mix_s0,D7_default_16gb,-1,0.5366115352622377,9.908887776891483,e2e_bench_v1,24,48,192,0.4107142857142857,True
T8_narrow_deep,8,mix_s0,D8_with_cudnn_4gb,-1,0.5366115352622377,10.258577709752009,e2e_bench_v1,24,48,192,0.4107142857142857,True
T8_narrow_deep,8,mix_s0,D9_cublas_lt_4gb,-1,0.5366115352622377,10.220329871366928,e2e_bench_v1,24,48,192,0.4107142857142857,True
T8_narrow_deep,8,mix_s2,D10_cublas_lt_8gb,-1,0.5433459868070168,9.9660456823602,e2e_bench_v1,24,48,192,0.4107142857142857,True
T8_narrow_deep,8,mix_s2,D11_all_enabled_4gb,-1,0.5433459868070168,10.47390217794322,e2e_bench_v1,24,48,192,0.4107142857142857,True
T8_narrow_deep,8,mix_s2,D12_edge_only_4gb,-1,0.5433459868070168,10.996478927447432,e2e_bench_v1,24,48,192,0.4107142857142857,True
T8_narrow_deep,8,mix_s2,D13_with_cudnn_1gb,-1,0.5433459868070168,9.342380494604308,e2e_bench_v1,24,48,192,0.4107142857142857,True
T8_narrow_deep,8,mix_s2,D14_with_cudnn_16gb,-1,0.5433459868070168,10.39983193871587,e2e_bench_v1,24,48,192,0.4107142857142857,True
T8_narrow_deep,8,mix_s2,D15_cublas_lt_1gb,-1,0.5433459868070168,9.032273215426038,e2e_bench_v1,24,48,192,0.4107142857142857,True
T8_narrow_deep,8,mix_s2,D16_all_enabled_8gb,-1,0.5433459868070168,10.233989946128277,e2e_bench_v1,24,48,192,0.4107142857142857,True
T8_narrow_deep,8,mix_s2,D17_all_enabled_16gb,-1,0.5433459868070168,10.819091802157761,e2e_bench_v1,24,48,192,0.4107142857142857,True
T8_narrow_deep,8,mix_s2,D18_edge_only_1gb,-1,0.5433459868070168,13.404376528936696,e2e_bench_v1,24,48,192,0.4107142857142857,True
T8_narrow_deep,8,mix_s2,D19_edge_only_8gb,-1,0.5433459868070168,10.808567302786882,e2e_bench_v1,24,48,192,0.4107142857142857,True
T8_narrow_deep,8,mix_s2,D20_edge_only_16gb,-1,0.5433459868070168,10.24319390980663,e2e_bench_v1,24,48,192,0.4107142857142857,True
T8_narrow_deep,8,mix_s2,D21_default_4gb_BL0,-1,0.5433459868070168,12.112593827179934,e2e_bench_v1,24,48,192,0.4107142857142857,True
T8_narrow_deep,8,mix_s2,D22_cublas_lt_8gb_BL0,-1,0.5433459868070168,14.011842809542625,e2e_bench_v1,24,48,192,0.4107142857142857,True
T8_narrow_deep,8,mix_s2,D23_all_enabled_4gb_BL0,-1,0.5433459868070168,12.592682140554482,e2e_bench_v1,24,48,192,0.4107142857142857,True
T8_narrow_deep,8,mix_s2,D24_edge_only_4gb_BL0,-1,0.5433459868070168,12.62266070540477,e2e_bench_v1,24,48,192,0.4107142857142857,True
T8_narrow_deep,8,mix_s2,D25_default_4gb_BL3,-1,0.5433459868070168,15.19881570828001,e2e_bench_v1,24,48,192,0.4107142857142857,True
T8_narrow_deep,8,mix_s2,D26_cublas_lt_8gb_BL3,-1,0.5433459868070168,9.750589666910106,e2e_bench_v1,24,48,192,0.4107142857142857,True
T8_narrow_deep,8,mix_s2,D27_all_enabled_4gb_BL3,-1,0.5433459868070168,13.063493805291237,e2e_bench_v1,24,48,192,0.4107142857142857,True
T8_narrow_deep,8,mix_s2,D28_edge_only_4gb_BL3,-1,0.5433459868070168,72.52578291582658,e2e_bench_v1,24,48,192,0.4107142857142857,True
T8_narrow_deep,8,mix_s2,D29_default_4gb_BL5,-1,0.5433459868070168,10.123926990288117,e2e_bench_v1,24,48,192,0.4107142857142857,True
T8_narrow_deep,8,mix_s2,D2_with_cudnn_8gb,-1,0.5433459868070168,10.952914515788079,e2e_bench_v1,24,48,192,0.4107142857142857,True
T8_narrow_deep,8,mix_s2,D30_cublas_lt_8gb_BL5,-1,0.5433459868070168,10.425680536297007,e2e_bench_v1,24,48,192,0.4107142857142857,True
T8_narrow_deep,8,mix_s2,D31_all_enabled_4gb_BL5,-1,0.5433459868070168,9.323644202278325,e2e_bench_v1,24,48,192,0.4107142857142857,True
T8_narrow_deep,8,mix_s2,D32_edge_only_4gb_BL5,-1,0.5433459868070168,13.252686319516966,e2e_bench_v1,24,48,192,0.4107142857142857,True
T8_narrow_deep,8,mix_s2,D3_cublas_lt_16gb,-1,0.5433459868070168,10.19566500715226,e2e_bench_v1,24,48,192,0.4107142857142857,True
T8_narrow_deep,8,mix_s2,D4_all_enabled_1gb,-1,0.5433459868070168,11.093792468424294,e2e_bench_v1,24,48,192,0.4107142857142857,True
T8_narrow_deep,8,mix_s2,D5_default_1gb,-1,0.5433459868070168,11.170750506872805,e2e_bench_v1,24,48,192,0.4107142857142857,True
T8_narrow_deep,8,mix_s2,D6_default_8gb,-1,0.5433459868070168,10.727691497338995,e2e_bench_v1,24,48,192,0.4107142857142857,True
T8_narrow_deep,8,mix_s2,D7_default_16gb,-1,0.5433459868070168,10.512936694249108,e2e_bench_v1,24,48,192,0.4107142857142857,True
T8_narrow_deep,8,mix_s2,D8_with_cudnn_4gb,-1,0.5433459868070168,10.885609659454587,e2e_bench_v1,24,48,192,0.4107142857142857,True
T8_narrow_deep,8,mix_s2,D9_cublas_lt_4gb,-1,0.5433459868070168,9.95515204005953,e2e_bench_v1,24,48,192,0.4107142857142857,True
