tree
version=v4
num_class=1
num_tree_per_iteration=1
label_index=0
max_feature_idx=80
objective=regression
feature_names=Column_0 Column_1 Column_2 Column_3 Column_4 Column_5 Column_6 Column_7 Column_8 Column_9 Column_10 Column_11 Column_12 Column_13 Column_14 Column_15 Column_16 Column_17 Column_18 Column_19 Column_20 Column_21 Column_22 Column_23 Column_24 Column_25 Column_26 Column_27 Column_28 Column_29 Column_30 Column_31 Column_32 Column_33 Column_34 Column_35 Column_36 Column_37 Column_38 Column_39 Column_40 Column_41 Column_42 Column_43 Column_44 Column_45 Column_46 Column_47 Column_48 Column_49 Column_50 Column_51 Column_52 Column_53 Column_54 Column_55 Column_56 Column_57 Column_58 Column_59 Column_60 Column_61 Column_62 Column_63 Column_64 Column_65 Column_66 Column_67 Column_68 Column_69 Column_70 Column_71 Column_72 Column_73 Column_74 Column_75 Column_76 Column_77 Column_78 Column_79 Column_80
feature_infos=[0:0.75] [0:1] none none none [0:1] [0:1] [0:1] [0:1] [0:1] none [0:0.80000000000000004] [0:1] none none none [0:1] [0:1] [0:1] [0:1] [0:1] none [0:0.90000000000000002] [0:1] none none none [0:1] [0:1] [0:1] [0:1] [0:1] none [0:0.75] [0:1] none none none [0:1] [0:1] [0:1] [0:1] [0:1] none [0:0.90000000000000002] [0:1] none none none [0:1] [0:1] [0:1] [0:1] [0:1] none [0:1] [0:1] none none [0:1] [0:1] [0:1] [0:1] [0:1] [0:1] none none none none [0:1] [0:1] [0:1] none [0:1] none [0:1] [0:1] [0:1] [0:1] [0:1] [0:1]
tree_sizes=1335 1354 1575 1454 1274 1400 1404 1534 1538 1411 1557 1633 1504 1464 1206 1358 1557 1376 1407 1444 1251 1362 1400 1286 1475 1317 1202 1319 1362 1397 1372 1399 1438 1515 1444 1409 1520 1261 1127 1277 1166 1300 1168 1265 1399 1305 1357 1250 1275 1484 1332 1047 1274 1490 1250 1362 1570 1255 1178 1322 1357 1472 1238 1393 1229 1337 1517 1340 1209 1222 1501 1447 1296 1351 1252 1349 1287 1373 1331 1278 1264 1347 1373 1332 1528 1339 1369 1241 1287 1497 1521 1405 1493 1270 1318 1358 1312 1282 1467 1157 1354 1429 1389 1204 1265 1352 1333 1488 1299 1338 1459 1166 1429 1629 1445 1205 1353 1331 1371 1387 1325 1173 1246 1392 1458 1171 1564 1335 1256 1430 1274 1536 1428 1388 1448 1152 1314 1270 1426 1476 1320 1463 1429 1277 1337 1120 1358 1313 1414 1356 1342 1314 1372 1388 1126 1352 1490 1189 1408 1398 1073 1152 1227 1314 1392 1415 1288 1416 1354 1301 1193 1396 1249 1530 1476 1241 1360 1491 1439 1152 1347 1308 1459 1294 1353 1315 1376 1225 1473 1254 1252 1356 1308 1360 1222 1399 1446 1318 1394 1496

Tree=0
num_leaves=14
num_cat=0
split_feature=78 80 5 11 73 11 17 6 22 22 0 76 22
split_gain=7.72548e+06 2.90426e+06 37093.5 60700.2 4410.88 499.344 759.717 368.193 361.237 107.052 3.2269 1.92238 0.16539
threshold=1.0000000180025095e-35 1.0000000180025095e-35 1.0000000180025095e-35 1.0000000180025095e-35 1.0000000180025095e-35 0.35000000000000003 1.0000000180025095e-35 1.0000000180025095e-35 0.35000000000000003 0.27500000000000008 1.0000000180025095e-35 1.0000000180025095e-35 0.65000000000000002
decision_type=2 2 2 2 2 2 2 2 2 2 2 2 2
left_child=1 2 5 -4 7 6 -1 11 -7 -5 -6 12 -3
right_child=-2 4 3 9 10 8 -8 -9 -10 -11 -12 -13 -14
leaf_value=385.34475161364037 455.99193080849943 360.80208095498386 377.64036952920259 384.8885141113152 359.18739704079928 385.53382966307299 386.29576407062513 360.30706569619474 384.83981975503264 385.31091299640633 359.11879746702812 360.85218852944672 360.81761135049163
leaf_weight=7.0000000000000018 2.9999999999999991 4.0000000000000053 5.0000000000000018 3 3.9999999999999991 3 3 4.9999999999999991 5 3 3 4 3
leaf_count=7 3 4 5 3 4 3 3 5 5 3 3 4 3
internal_value=377.974 373.473 383.997 381.709 360.205 385.395 385.63 360.663 385.1 385.1 359.158 360.825 360.809
internal_weight=55 52 29 11 23 18 10 16 8 6 7 11 7
internal_count=55 52 29 11 23 18 10 16 8 6 7 11 7
is_linear=0
shrinkage=1


Tree=1
num_leaves=14
num_cat=0
split_feature=64 80 5 70 73 11 18 23 5 11 11 0 44
split_gain=6.80229e+06 2.61655e+06 40435.8 78318.3 3743.66 2593.93 3831.83 431.809 330.785 40.1833 31.966 1.52167 0.147435
threshold=1.0000000180025095e-35 1.0000000180025095e-35 1.0000000180025095e-35 1.0000000180025095e-35 1.0000000180025095e-35 1.0000000180025095e-35 1.0000000180025095e-35 1.0000000180025095e-35 1.0000000180025095e-35 0.35000000000000003 0.55000000000000016 1.0000000180025095e-35 0.22500000000000003
decision_type=2 2 2 2 2 2 2 2 2 2 2 2 2
left_child=1 2 5 9 8 6 -1 -7 -3 -4 -9 -6 -10
right_child=-2 4 3 -5 11 7 -8 10 12 -11 -12 -13 -14
leaf_value=9.1225624084472603 74.20040690104166 -16.712060241699216 6.8929532368977808 -2.0157690048217769 -17.781965255737305 7.1676800537109386 7.0463125610351556 6.4231250762939442 -16.19578450520833 6.6508774757385245 6.6539426167805971 -17.829072570800776 -16.209359995524085
leaf_weight=4.0000000000000018 2.9999999999999991 5.0000000000000009 3.0000000000000018 4 3.9999999999999991 4.9999999999999982 5 3 3 4 3 3 6
leaf_count=4 3 5 3 4 4 5 5 3 3 4 3 3 6
internal_value=0.992601 -3.23093 6.00035 3.56539 -16.858 7.33957 7.96909 6.82451 -16.386 6.75462 6.53853 -17.8022 -16.2048
internal_weight=55 52 31 11 21 20 9 11 14 7 6 7 9
internal_count=55 52 31 11 21 20 9 11 14 7 6 7 9
is_linear=0
shrinkage=0.05


Tree=2
num_leaves=17
num_cat=0
split_feature=64 80 22 5 70 73 6 7 5 6 11 11 0 22 44 22
split_gain=6.18465e+06 2.57683e+06 25008.1 30772.6 4737.67 3285.88 513.747 495.111 321.752 40.8527 28.8495 7.88042 3.17361 1.12372 0.259985 0.00509456
threshold=1.0000000180025095e-35 1.0000000180025095e-35 0.27500000000000008 1.0000000180025095e-35 1.0000000180025095e-35 1.0000000180025095e-35 1.0000000180025095e-35 1.0000000180025095e-35 1.0000000180025095e-35 1.0000000180025095e-35 0.55000000000000016 1.0000000180025095e-35 1.0000000180025095e-35 0.35000000000000003 0.62500000000000011 1.0000000180025095e-35
decision_type=2 2 2 2 2 2 2 2 2 2 2 2 2 2 2 2
left_child=1 2 4 10 7 8 -6 9 -3 -1 -4 -9 -7 15 -15 -10
right_child=-2 5 3 -5 6 12 -8 11 13 -11 -12 -13 -14 14 -16 -17
leaf_value=6.2415640513102124 70.490381876627609 -15.877235107421861 6.1019685109456399 0.0095283508300781222 7.9414398193359368 -16.864891052246094 8.7690844217936181 6.9450565338134753 -15.385994974772132 6.5025006612141913 6.3212455749511705 7.052258555094399 -16.937619018554681 -15.425547281901039 -15.404731241861976 -15.383081054687494
leaf_weight=3.0000000000000036 2.9999999999999991 5.0000000000000044 2.9999999999999982 3 5 2.9999999999999991 3 4 3 3 3 3 3 3 3 3
leaf_count=3 3 5 3 3 5 3 3 4 3 3 3 3 3 3 3 3
internal_value=0.649308 -3.30396 6.3494 4.14425 7.29446 -15.8953 8.25181 6.70532 -15.5402 6.37203 6.21161 6.991 -16.9013 -15.3998 -15.4151 -15.3845
internal_weight=56 53 30 9 21 23 8 13 17 6 6 7 6 12 6 6
internal_count=56 53 30 9 21 23 8 13 17 6 6 7 6 12 6 6
is_linear=0
shrinkage=0.05


Tree=3
num_leaves=15
num_cat=0
split_feature=64 79 5 70 73 17 5 22 70 22 11 44 0 0
split_gain=5.58667e+06 2.17839e+06 39548.6 88048.2 2993.25 2045.69 297.043 293.419 281.674 202.028 160.513 2.69991 2.40138 0.000306845
threshold=1.0000000180025095e-35 1.0000000180025095e-35 1.0000000180025095e-35 1.0000000180025095e-35 1.0000000180025095e-35 1.0000000180025095e-35 1.0000000180025095e-35 0.27500000000000008 1.0000000180025095e-35 0.35000000000000003 1.0000000180025095e-35 0.22500000000000003 1.0000000180025095e-35 0.35000000000000003
decision_type=2 2 2 2 2 2 2 2 2 2 2 2 2 2
left_child=1 4 5 7 6 8 13 -4 9 10 -3 -8 -6 -1
right_child=-2 2 3 -5 12 -7 11 -9 -10 -11 -12 -13 -14 -15
leaf_value=-15.076917012532546 66.965866088867188 6.182420730590815 6.062240219116207 -2.9566535949707027 -16.031560134887695 7.466029167175293 -14.592475891113279 6.7163824717203759 6.7919998168945312 6.0106934356689443 6.6996454874674463 -14.647588500976561 -16.090737915039057 -15.077632141113277
leaf_weight=3.0000000000000009 2.9999999999999991 3.0000000000000018 4.0000000000000018 4 3.9999999999999991 5.9999999999999991 4 3 2.9999999999999991 5 3 5 3 3
leaf_count=3 3 3 4 4 4 6 4 3 3 5 3 5 3 3
internal_value=0.586982 -3.17031 5.36914 2.96104 -15.2032 6.69359 -14.8048 6.34259 6.36255 6.24542 6.44103 -14.6231 -16.0569 -15.0773
internal_weight=56 53 31 11 22 20 15 7 14 11 6 9 7 6
internal_count=56 53 31 11 22 20 15 7 14 11 6 9 7 6
is_linear=0
shrinkage=0.05


Tree=4
num_leaves=13
num_cat=0
split_feature=64 79 5 70 73 12 17 6 5 22 22 22
split_gain=4.93305e+06 1.80938e+06 24870.2 46071.4 2416.5 2280.37 3452.82 291.481 204.465 83.9538 83.4367 2.47187
threshold=1.0000000180025095e-35 1.0000000180025095e-35 1.0000000180025095e-35 1.0000000180025095e-35 1.0000000180025095e-35 1.0000000180025095e-35 1.0000000180025095e-35 1.0000000180025095e-35 1.0000000180025095e-35 0.27500000000000008 0.35000000000000003 0.35000000000000003
decision_type=2 2 2 2 2 2 2 2 2 2 2 2
left_child=1 4 5 9 8 6 -3 10 -1 -4 -7 -10
right_child=-2 2 3 -5 -6 7 -8 -9 11 -11 -12 -13
leaf_value=-14.318792114257807 63.617574055989593 6.203568744659421 5.7591282844543423 -0.19715118408203125 -15.243550109863282 6.3646633148193343 8.4475290934244764 5.5762666066487618 -13.874425506591795 6.0830762863159169 6.0158388137817376 -13.934465535481767
leaf_weight=5.0000000000000018 2.9999999999999991 4.0000000000000009 4.0000000000000018 4.9999999999999991 6.9999999999999991 3 3 3 4 4 4 3
leaf_count=5 3 4 4 5 7 3 3 3 4 4 4 3
internal_value=1.37844 -2.43212 5.2142 3.56793 -14.5053 6.47312 7.16527 5.98861 -14.0746 5.9211 6.16534 -13.9002
internal_weight=52 49 30 13 19 17 7 10 12 8 7 7
internal_count=52 49 30 13 19 17 7 10 12 8 7 7
is_linear=0
shrinkage=0.05


Tree=5
num_leaves=14
num_cat=0
split_feature=64 79 12 70 73 18 11 5 69 22 55 76 22
split_gain=4.65553e+06 1.93447e+06 17052.3 37715.6 2970.22 2890.19 313.764 236.618 108.979 91.3841 1.95281 1.5615 0.222082
threshold=1.0000000180025095e-35 1.0000000180025095e-35 1.0000000180025095e-35 1.0000000180025095e-35 1.0000000180025095e-35 1.0000000180025095e-35 0.35000000000000003 1.0000000180025095e-35 1.0000000180025095e-35 0.35000000000000003 1.0000000180025095e-35 1.0000000180025095e-35 0.65000000000000002
decision_type=2 2 2 2 2 2 2 2 2 2 2 2 2
left_child=1 4 5 6 7 -3 -4 -1 9 -8 -6 12 -9
right_child=-2 2 3 -5 10 -7 8 11 -10 -11 -12 -13 -14
leaf_value=-13.612788085937495 60.436692301432288 7.8642422993977839 5.8816412353515544 -0.55600827534993491 -14.524023437499986 5.9635218302408841 5.4765625953674331 -13.222599792480466 5.6609443664550767 5.1385831832885733 -14.472996520996091 -13.177885818481441 -13.205391947428382
leaf_weight=5.0000000000000009 2.9999999999999991 6.0000000000000018 5.0000000000000062 2.9999999999999991 3.0000000000000018 3 3.9999999999999982 5 3 4 5 4.0000000000000009 3
leaf_count=5 3 6 5 3 3 3 4 5 3 4 5 4 3
internal_value=-0.158429 -3.58834 5.43784 4.58861 -13.6977 7.23067 5.55323 -13.3238 5.40395 5.30757 -14.4921 -13.2034 -13.2161
internal_weight=56 53 28 19 25 9 16 17 11 8 8 12 8
internal_count=56 53 28 19 25 9 16 17 11 8 8 12 8
is_linear=0
shrinkage=0.05


Tree=6
num_leaves=15
num_cat=0
split_feature=64 79 5 70 73 55 17 6 6 11 69 44 0 22
split_gain=4.17445e+06 1.49676e+06 39985.7 64308.4 2454.47 1682.39 1820.45 259.558 198.445 21.4359 14.4531 2.70258 1.76242 0.0310215
threshold=1.0000000180025095e-35 1.0000000180025095e-35 1.0000000180025095e-35 1.0000000180025095e-35 1.0000000180025095e-35 1.0000000180025095e-35 1.0000000180025095e-35 1.0000000180025095e-35 1.0000000180025095e-35 0.55000000000000016 1.0000000180025095e-35 0.22500000000000003 1.0000000180025095e-35 0.65000000000000002
decision_type=2 2 2 2 2 2 2 2 2 2 2 2 2 2
left_child=1 4 5 10 8 7 -7 9 11 -3 -4 -1 -6 -13
right_child=-2 2 3 -5 12 6 -8 -9 -10 -11 -12 13 -14 -15
leaf_value=-12.490595245361334 57.414860026041666 5.6373378753662102 5.1752962748209592 -3.0869224548339838 -13.749346923828123 5.5533945083618157 7.0618902206420886 5.0228567123413077 -12.922213134765622 5.4483231862386052 5.0200915018717431 -12.552312978108722 -13.797822570800779 -12.545122528076169
leaf_weight=2.9999999999999982 2.9999999999999991 3 3.0000000000000018 4 5 4 4 4 5.0000000000000009 3 3 3 3 3
leaf_count=3 3 3 3 4 5 4 4 4 5 3 3 3 3 3
internal_value=0.127872 -3.30935 4.35886 1.82385 -13.0689 5.7672 6.30764 5.33484 -12.6697 5.54283 5.09769 -12.5293 -13.7675 -12.5487
internal_weight=53 50 28 10 22 18 8 10 14 6 6 9 8 6
internal_count=53 50 28 10 22 18 8 10 14 6 6 9 8 6
is_linear=0
shrinkage=0.05


Tree=7
num_leaves=16
num_cat=0
split_feature=64 79 22 11 70 73 7 5 8 6 22 0 0 22 0
split_gain=3.73155e+06 1.59317e+06 16304.8 23578.1 5230.96 2128.78 407.296 201.427 198.547 29.3085 8.88277 1.23284 0.761811 0.222448 0.00027726
threshold=1.0000000180025095e-35 1.0000000180025095e-35 0.27500000000000008 0.35000000000000003 1.0000000180025095e-35 1.0000000180025095e-35 1.0000000180025095e-35 1.0000000180025095e-35 1.0000000180025095e-35 1.0000000180025095e-35 1.0000000180025095e-35 1.0000000180025095e-35 1.0000000180025095e-35 0.65000000000000002 0.35000000000000003
decision_type=2 2 2 2 2 2 2 2 2 2 2 2 2 2 2
left_child=1 5 4 -4 6 7 10 14 -5 -6 -3 -7 13 -9 -1
right_child=-2 2 3 8 9 11 -8 12 -10 -11 -12 -13 -14 -15 -16
leaf_value=-12.280380757649718 54.544114176432288 4.989491653442375 -0.37852312723795573 5.0683146476745593 6.9953857421875005 -13.065530014038087 5.5315693664550771 -11.935088500976562 4.5701338768005364 6.7886454264322893 4.8756758371988917 -13.107931518554686 -11.899085235595697 -11.917866516113278 -12.281060536702471
leaf_weight=3.0000000000000044 2.9999999999999991 4.0000000000000053 2.9999999999999991 4 3.9999999999999991 3.9999999999999991 5 5 4 3 3 3 3.0000000000000009 3 3
leaf_count=3 3 4 3 4 4 4 5 5 4 3 3 3 3 3 3
internal_value=0.267445 -2.74793 4.93362 3.40166 5.82054 -12.3499 5.1869 -12.0477 4.81922 6.90678 4.94071 -13.0837 -11.9206 -11.9286 -12.2807
internal_weight=57 54 30 11 19 24 12 17 8 7 7 7 11 8 6
internal_count=57 54 30 11 19 24 12 17 8 7 7 7 11 8 6
is_linear=0
shrinkage=0.05


Tree=8
num_leaves=16
num_cat=0
split_feature=44 5 79 79 22 73 70 70 73 7 5 6 12 22 44
split_gain=1.23748e+06 1.30345e+06 4.29162e+06 938342 30152.7 28835.9 6077.23 1957.18 954.791 633.254 91.8773 77.8912 86.433 115.818 0.0145974
threshold=1.0000000180025095e-35 1.0000000180025095e-35 1.0000000180025095e-35 1.0000000180025095e-35 0.27500000000000008 1.0000000180025095e-35 1.0000000180025095e-35 1.0000000180025095e-35 1.0000000180025095e-35 1.0000000180025095e-35 1.0000000180025095e-35 1.0000000180025095e-35 1.0000000180025095e-35 0.35000000000000003 0.33750000000000008
decision_type=2 2 2 2 2 2 2 2 2 2 2 2 2 2 2
left_child=1 3 -3 5 6 -1 -4 11 10 -9 -2 12 -5 -14 -12
right_child=8 2 4 7 -6 -7 -8 9 -10 -11 14 -13 13 -15 -16
leaf_value=-18.920543861389145 -11.667007446289066 71.423857879638717 4.6604029655456536 4.6549372355143195 0.49437179565429679 -12.435766855875649 7.6374186197916645 6.3979039510091154 -12.452534484863282 5.3705657958984361 -11.333647918701169 4.6184148788452148 5.2105556488037097 4.7995793342590325 -11.338261795043943
leaf_weight=4.0000000000000027 2.9999999999999982 2.9999999999999973 4 3.0000000000000018 4 3 3 2.9999999999999991 2.9999999999999991 3 3 3.9999999999999991 3 4 4
leaf_count=4 3 3 4 3 4 3 3 3 3 3 3 4 3 4 4
internal_value=1.77175 6.03384 18.4145 -0.385763 3.9574 -16.1414 5.93627 5.12869 -11.6702 5.88423 -11.4355 4.80489 4.87948 4.97571 -11.3363
internal_weight=54 41 14 27 11 7 7 20 13 6 10 14 10 7 7
internal_count=54 41 14 27 11 7 7 20 13 6 10 14 10 7 7
is_linear=0
shrinkage=0.05


Tree=9
num_leaves=15
num_cat=0
split_feature=79 55 61 22 70 70 73 73 6 8 5 5 22 22
split_gain=1.7365e+06 95208.1 297230 9503.42 29105.5 1834.8 836.014 790.929 336.051 253.384 85.1874 81.0868 17.4695 0.69821
threshold=1.0000000180025095e-35 1.0000000180025095e-35 1.0000000180025095e-35 0.27500000000000008 1.0000000180025095e-35 1.0000000180025095e-35 1.0000000180025095e-35 1.0000000180025095e-35 1.0000000180025095e-35 1.0000000180025095e-35 1.0000000180025095e-35 1.0000000180025095e-35 1.0000000180025095e-35 0.35000000000000003
decision_type=2 2 2 2 2 2 2 2 2 2 2 2 2 2
left_child=1 6 -3 5 11 9 10 -4 -7 12 -1 -5 -2 -12
right_child=3 2 7 4 -6 8 -8 -9 -10 -11 13 -13 -14 -15
leaf_value=-11.083657073974614 4.558485221862786 -28.419770050048825 -10.720334625244138 4.6881856282552103 -1.0016882578531898 5.3809290568033852 -11.829907735188796 -11.794317054748532 6.1293177286783838 4.9561116027832028 -10.74028142293294 5.0320629119873033 4.3988718668619784 -10.774394226074216
leaf_weight=2.9999999999999982 4.0000000000000053 4 3 2.9999999999999982 3 2.9999999999999991 3.0000000000000009 4 3 5 3 4 3 3
leaf_count=3 4 4 3 3 3 3 3 4 3 5 3 4 3 3
internal_value=-4.0073 -14.187 -17.547 4.35463 3.11877 5.04121 -11.1071 -11.334 5.75512 4.68426 -10.8661 4.88469 4.49008 -10.7573
internal_weight=51 23 11 28 10 18 12 7 6 12 9 7 7 6
internal_count=51 23 11 28 10 18 12 7 6 12 9 7 7 6
is_linear=0
shrinkage=0.05


Tree=10
num_leaves=16
num_cat=0
split_feature=64 79 16 70 22 6 17 6 77 22 8 55 22 0 22
split_gain=3.33775e+06 1.21584e+06 7548.61 23537.3 4851.74 8850.73 1683.81 636.688 301.556 117.188 40.1564 37.0364 33.3044 0.659273 0.359127
threshold=1.0000000180025095e-35 1.0000000180025095e-35 1.0000000180025095e-35 1.0000000180025095e-35 1.0000000180025095e-35 1.0000000180025095e-35 1.0000000180025095e-35 1.0000000180025095e-35 1.0000000180025095e-35 0.27500000000000008 1.0000000180025095e-35 1.0000000180025095e-35 0.35000000000000003 1.0000000180025095e-35 0.65000000000000002
decision_type=2 2 2 2 2 2 2 2 2 2 2 2 2 2 2
left_child=1 4 6 9 5 -1 10 13 -9 -4 -3 12 -12 14 -6
right_child=-2 2 3 -5 7 -7 -8 8 -10 -11 11 -13 -14 -15 -16
leaf_value=-13.728613662719718 51.172442626953128 4.3079614003499325 4.3670607248942019 -0.69016494750976554 -10.240805562337243 -10.692248789469401 5.6333236694335938 -11.238412475585939 -10.529474131266273 4.7804598808288565 4.7022223154703759 4.3645141601562472 4.4914952850341789 -10.199865976969399 -10.216340382893877
leaf_weight=4.0000000000000018 2.9999999999999991 3.0000000000000009 3.0000000000000018 3 2.9999999999999982 6 3.9999999999999991 2.9999999999999991 3 4 3 3.0000000000000009 5 3 3
leaf_count=4 3 3 3 3 3 6 4 3 3 4 3 3 5 3 3
internal_value=-0.134963 -3.03916 4.11669 3.01525 -11.0537 -11.9068 4.7286 -10.485 -10.8839 4.60329 4.47011 4.51434 4.57052 -10.219 -10.2286
internal_weight=56 53 28 10 25 10 18 15 6 7 14 11 8 9 6
internal_count=56 53 28 10 25 10 18 15 6 7 14 11 8 9 6
is_linear=0
shrinkage=0.05


Tree=11
num_leaves=17
num_cat=0
split_feature=64 79 5 70 22 5 70 73 73 22 11 22 8 5 0 22
split_gain=3.02374e+06 1.0363e+06 24510.1 49873.1 3153.13 7133.08 1913.62 768.471 713.814 622.396 154.886 241.073 132.248 78.2942 0.595006 0.324112
threshold=1.0000000180025095e-35 1.0000000180025095e-35 1.0000000180025095e-35 1.0000000180025095e-35 1.0000000180025095e-35 1.0000000180025095e-35 1.0000000180025095e-35 1.0000000180025095e-35 1.0000000180025095e-35 0.27500000000000008 0.35000000000000003 0.35000000000000003 1.0000000180025095e-35 1.0000000180025095e-35 1.0000000180025095e-35 0.65000000000000002
decision_type=2 2 2 2 2 2 2 2 2 2 2 2 2 2 2 2
left_child=1 4 6 9 5 8 10 13 -1 -4 12 -12 -3 -6 15 -15
right_child=-2 2 3 -5 7 -7 -8 -9 -10 -11 11 -13 -14 14 -16 -17
leaf_value=-9.6497055053710863 48.613821411132818 4.1082633972167937 3.8422074635823535 -2.8562601089477533 -10.003000386555996 -13.146787770589189 5.366215591430664 -10.676491800944012 -10.669988822937009 4.8606994628906239 4.3515841166178388 3.7177159627278638 4.5281813049316399 -9.7287653605143216 -9.6898724873860651 -9.7055234273274706
leaf_weight=3.0000000000000018 2.9999999999999991 3.0000000000000018 3.0000000000000018 4 2.9999999999999973 3 4.9999999999999991 2.9999999999999991 4 3 2.9999999999999991 3 5 3 3 3
leaf_count=3 3 3 3 4 3 3 5 3 4 3 3 3 5 3 3 3
internal_value=-0.244747 -2.95911 3.47201 1.46837 -10.4192 -11.1069 4.52656 -9.96073 -10.2327 4.35145 4.22669 4.03465 4.37071 -9.78179 -9.70805 -9.71714
internal_weight=57 54 29 10 25 10 19 15 7 6 14 6 8 12 9 6
internal_count=57 54 29 10 25 10 19 15 7 6 14 6 8 12 9 6
is_linear=0
shrinkage=0.05


Tree=12
num_leaves=16
num_cat=0
split_feature=78 79 5 70 56 5 70 73 6 22 6 22 17 11 22
split_gain=2.61953e+06 853323 17113 26213 2805.7 6424.83 1169.42 572.293 458.246 364.913 124.041 47.5851 38.704 151.365 0.303847
threshold=1.0000000180025095e-35 1.0000000180025095e-35 1.0000000180025095e-35 1.0000000180025095e-35 1.0000000180025095e-35 1.0000000180025095e-35 1.0000000180025095e-35 1.0000000180025095e-35 1.0000000180025095e-35 0.35000000000000003 1.0000000180025095e-35 0.27500000000000008 1.0000000180025095e-35 1.0000000180025095e-35 0.65000000000000002
decision_type=2 2 2 2 2 2 2 2 2 2 2 2 2 2 2
left_child=1 4 6 11 5 7 9 -1 14 12 -8 -4 13 -3 -6
right_child=-2 2 3 -5 8 -7 10 -9 -10 -11 -12 -13 -14 -15 -16
leaf_value=-9.16722005208333 46.183131917317709 3.7443185170491504 3.8047634124755825 -0.95632644653320298 -9.2197132873535139 -12.489448547363278 4.4507152557373049 -10.14385782877604 -9.9367851257324169 3.4948068618774415 4.8760307312011708 4.0863810221354155 4.2154081980387366 4.2465886433919264 -9.1995854695637984
leaf_weight=3 2.9999999999999991 3.0000000000000018 3.0000000000000018 5 5 3 2.9999999999999991 3 3.0000000000000009 3.9999999999999991 4 3 3 3 3
leaf_count=3 3 3 3 5 5 3 3 3 3 4 4 3 3 3 3
internal_value=0.777526 -1.89339 3.30149 1.71744 -9.94546 -10.6002 4.17272 -9.65554 -9.40979 3.89217 4.69375 3.94557 4.06877 3.99545 -9.21217
internal_weight=54 51 31 11 20 9 20 6 11 13 7 6 9 6 8
internal_count=54 51 31 11 20 9 20 6 11 13 7 6 9 6 8
is_linear=0
shrinkage=0.05


Tree=13
num_leaves=15
num_cat=0
split_feature=64 79 16 70 22 70 73 73 11 8 6 11 0 22
split_gain=2.36418e+06 817151 3978.99 8437.38 2029.16 877.823 659.851 602.867 309.655 119.721 111.947 49.5477 18.8093 0.0265526
threshold=1.0000000180025095e-35 1.0000000180025095e-35 1.0000000180025095e-35 1.0000000180025095e-35 1.0000000180025095e-35 1.0000000180025095e-35 1.0000000180025095e-35 1.0000000180025095e-35 0.35000000000000003 1.0000000180025095e-35 1.0000000180025095e-35 0.35000000000000003 0.35000000000000003 0.65000000000000002
decision_type=2 2 2 2 2 2 2 2 2 2 2 2 2 2
left_child=1 4 5 11 7 8 12 -1 9 -3 -7 -4 13 -6
right_child=-2 2 3 -5 6 10 -8 -9 -10 -11 -12 -13 -14 -15
leaf_value=-10.566942596435535 43.873975626627612 3.7077827453613246 3.9678938547770146 0.57663917541503895 -8.7721050262451197 4.228179550170899 -9.6458279927571624 -9.6292963027954084 3.4559001922607422 4.107317886352539 4.6322293281555167 3.6805273056030261 -8.9160313924153609 -8.766343879699706
leaf_weight=3.0000000000000027 2.9999999999999991 3.0000000000000018 3.0000000000000018 3 3.9999999999999982 2.9999999999999991 2.9999999999999991 4 4.9999999999999991 5 4 3 3 4
leaf_count=3 3 3 3 3 4 3 3 4 5 5 4 3 3 4
internal_value=0.762125 -1.82459 3.61476 2.74169 -9.33607 4.00764 -8.98853 -10.0311 3.76457 3.95749 4.45907 3.82421 -8.80926 -8.76922
internal_weight=53 50 29 9 21 20 14 7 13 8 7 6 11 8
internal_count=53 50 29 9 21 20 14 7 13 8 7 6 11 8
is_linear=0
shrinkage=0.05


Tree=14
num_leaves=12
num_cat=0
split_feature=80 5 55 62 69 22 5 73 50 44 11
split_gain=1.55178e+06 1.08529e+06 1.76978e+06 159985 19803.1 2973.36 5594.2 516.408 61.1402 10.9029 9.53609
threshold=1.0000000180025095e-35 1.0000000180025095e-35 1.0000000180025095e-35 1.0000000180025095e-35 1.0000000180025095e-35 1.0000000180025095e-35 1.0000000180025095e-35 1.0000000180025095e-35 1.0000000180025095e-35 0.33750000000000008 0.35000000000000003
decision_type=2 2 2 2 2 2 2 2 2 2 2
left_child=1 3 4 8 -3 6 -2 9 10 -7 -1
right_child=5 2 -4 -5 -6 7 -8 -9 -10 -11 -12
leaf_value=3.7089699745178204 -8.8297662099202441 -1.8766798019409163 39.399165344238277 -6.8156475067138675 3.8683288574218739 -8.3189481099446638 -11.2437442779541 -9.1635365804036422 3.9065320332845057 -8.4395184326171861 3.6093033790588374
leaf_weight=4.0000000000000018 6.0000000000000018 3.0000000000000018 6 4.9999999999999991 3 2.9999999999999982 4 3 2.9999999999999991 5 6
leaf_count=4 6 3 6 5 3 3 4 3 3 5 6
internal_value=1.25303 8.5501 20.1975 0.78517 0.995825 -9.17136 -9.79536 -8.6041 3.70856 -8.3943 3.64917
internal_weight=51 30 12 18 6 21 10 11 13 8 10
internal_count=51 30 12 18 6 21 10 11 13 8 10
is_linear=0
shrinkage=0.05


Tree=15
num_leaves=14
num_cat=0
split_feature=78 79 5 11 22 5 18 11 73 71 22 11 6
split_gain=2.00429e+06 610369 31299.1 73619.9 1771.93 4632.12 1724.75 1287.39 414.811 220.095 72.6754 54.9429 39.7655
threshold=1.0000000180025095e-35 1.0000000180025095e-35 1.0000000180025095e-35 1.0000000180025095e-35 1.0000000180025095e-35 1.0000000180025095e-35 1.0000000180025095e-35 1.0000000180025095e-35 1.0000000180025095e-35 1.0000000180025095e-35 0.27500000000000008 0.35000000000000003 1.0000000180025095e-35
decision_type=2 2 2 2 2 2 2 2 2 2 2 2 2
left_child=1 4 6 -4 5 -1 7 -3 12 -8 -5 -11 -6
right_child=-2 2 3 10 8 -7 9 -9 -10 11 -12 -13 -14
leaf_value=-8.3784099578857383 40.480560302734375 5.0018277168273908 -4.9297227859497088 3.3874947230021153 -7.8994291305542008 -10.784682973225909 3.8329831441243494 3.6316303253173814 -8.7053599039713525 3.4722437286376948 3.7130479812622066 3.2478237787882485 -8.1402430216471338
leaf_weight=6.0000000000000018 2.9999999999999991 4.0000000000000009 3.9999999999999982 3 3.9999999999999982 3 2.9999999999999991 3 3 5 4 6 3
leaf_count=6 3 4 4 3 4 3 3 3 3 5 4 6 3
internal_value=0.763477 -1.57282 2.64203 0.481435 -8.67153 -9.1805 3.77378 4.4146 -8.21345 3.45337 3.57353 3.34983 -8.00264
internal_weight=54 51 32 11 19 9 21 7 10 14 7 11 7
internal_count=54 51 32 11 19 9 21 7 10 14 7 11 7
is_linear=0
shrinkage=0.05


Tree=16
num_leaves=16
num_cat=0
split_feature=64 79 5 70 44 5 17 11 73 73 69 23 11 5 0
split_gain=1.86139e+06 636307 18163.2 36407.5 2461.3 5206.06 2076.23 1161.87 584.479 465.471 291.938 238.704 98.3234 45.3381 0.295408
threshold=1.0000000180025095e-35 1.0000000180025095e-35 1.0000000180025095e-35 1.0000000180025095e-35 1.0000000180025095e-35 1.0000000180025095e-35 1.0000000180025095e-35 1.0000000180025095e-35 1.0000000180025095e-35 1.0000000180025095e-35 1.0000000180025095e-35 1.0000000180025095e-35 1.0000000180025095e-35 1.0000000180025095e-35 1.0000000180025095e-35
decision_type=2 2 2 2 2 2 2 2 2 2 2 2 2 2 2
left_child=1 4 6 10 5 8 11 -8 -1 13 -4 12 -3 -6 -15
right_child=-2 2 3 -5 9 -7 7 -9 -10 -11 -12 -13 -14 14 -16
leaf_value=-7.3201032002766873 38.456533813476568 3.1517723401387521 2.8008581797281913 -2.2480557250976561 -7.7332308451334688 -10.142322921752928 4.7517364501953123 3.4500488281249995 -8.3070841471354147 -8.270091756184895 3.4247581100463864 2.8044151782989504 3.5023494084676097 -7.5127479553222649 -7.4929016113281222
leaf_weight=3.0000000000000018 2.9999999999999991 6.0000000000000018 2.9999999999999982 5 2.9999999999999973 4 3.9999999999999991 3 3 2.9999999999999991 5 3.9999999999999991 3 5 3
leaf_count=3 3 6 3 5 3 4 4 3 3 3 5 4 3 5 3
internal_value=0.069081 -1.95131 2.55389 1.09893 -8.14597 -8.74509 3.49962 4.19387 -7.81359 -7.71803 3.1908 3.1258 3.26863 -7.56747 -7.50531
internal_weight=60 57 33 13 24 10 20 7 6 14 8 13 9 11 8
internal_count=60 57 33 13 24 10 20 7 6 14 8 13 9 11 8
is_linear=0
shrinkage=0.05


Tree=17
num_leaves=14
num_cat=0
split_feature=64 80 5 11 22 5 5 17 59 22 11 71 22
split_gain=1.68351e+06 486566 21920.5 35530.1 2545.74 3969.74 311.516 224.205 303.293 169.521 141.505 63.0945 0.403221
threshold=1.0000000180025095e-35 1.0000000180025095e-35 1.0000000180025095e-35 1.0000000180025095e-35 1.0000000180025095e-35 1.0000000180025095e-35 1.0000000180025095e-35 1.0000000180025095e-35 1.0000000180025095e-35 0.35000000000000003 1.0000000180025095e-35 1.0000000180025095e-35 0.35000000000000003
decision_type=2 2 2 2 2 2 2 2 2 2 2 2 2
left_child=1 2 7 -4 5 -3 -6 8 9 10 -1 -9 -8
right_child=-2 4 3 -5 6 -7 12 11 -10 -11 -12 -13 -14
leaf_value=2.8415966669718404 36.533705647786455 -7.5219267272949182 -2.7071912765502919 3.2535202789306639 -7.6501557922363297 -9.63520698547363 -7.1195653279622384 3.2559717178344729 3.4895346323649088 2.6641943454742427 3.3272319793701168 3.5802516937255855 -7.1438146591186511
leaf_weight=3.0000000000000018 2.9999999999999991 5.0000000000000018 5.0000000000000018 5 4.9999999999999982 4 3 2.9999999999999991 2.9999999999999991 4 3 3 4
leaf_count=3 3 5 5 5 5 4 3 3 3 4 3 3 4
internal_value=0.153549 -2.02926 2.16801 0.273165 -7.82549 -8.46116 -7.34873 3.16529 3.04861 2.91633 3.08441 3.41811 -7.13342
internal_weight=53 50 29 10 21 9 12 19 13 10 6 6 7
internal_count=53 50 29 10 21 9 12 19 13 10 6 6 7
is_linear=0
shrinkage=0.05


Tree=18
num_leaves=14
num_cat=0
split_feature=64 79 23 11 5 71 73 76 17 11 0 44 0
split_gain=1.48839e+06 455598 7936.55 18605.1 2640.34 649.69 568.856 393.376 150.403 81.6977 46.5257 11.105 0.328661
threshold=1.0000000180025095e-35 1.0000000180025095e-35 1.0000000180025095e-35 0.27350000000000002 1.0000000180025095e-35 1.0000000180025095e-35 1.0000000180025095e-35 1.0000000180025095e-35 1.0000000180025095e-35 1.0000000180025095e-35 0.35000000000000003 0.33750000000000008 1.0000000180025095e-35
decision_type=2 2 2 2 2 2 2 2 2 2 2 2 2
left_child=1 6 4 -4 8 -5 7 10 9 -3 11 -1 -8
right_child=-2 2 3 5 -6 -7 12 -9 -10 -11 -12 -13 -14
leaf_value=-6.6571189880371042 34.707021077473961 2.841304906209309 -1.7111358006795232 3.4122846603393548 4.7045334498087561 2.4389071146647132 -7.4959722518920904 -7.4420641581217453 3.2898503494262701 3.1608703613281239 -6.9640619913736987 -6.7788018798828125 -7.4740793863932273
leaf_weight=3.0000000000000018 2.9999999999999991 6.0000000000000018 3.0000000000000018 4 2.9999999999999991 3 3.9999999999999991 2.9999999999999991 4.9999999999999991 3 2.9999999999999991 5 3
leaf_count=3 3 6 3 4 3 3 4 3 5 3 3 5 3
internal_value=0.540332 -1.59509 2.70095 1.58325 3.35843 2.99512 -7.11857 -6.93455 3.06998 2.94783 -6.79614 -6.73317 -7.48659
internal_weight=51 48 27 10 17 7 21 14 14 9 11 8 7
internal_count=51 48 27 10 17 7 21 14 14 9 11 8 7
is_linear=0
shrinkage=0.05


Tree=19
num_leaves=15
num_cat=0
split_feature=64 79 5 70 22 5 70 7 22 6 11 11 22 44
split_gain=1.3862e+06 443946 22066.5 42980.9 1846.5 4297.97 1014.41 433.195 418.822 272.905 76.9779 222.836 232.74 0.370019
threshold=1.0000000180025095e-35 1.0000000180025095e-35 1.0000000180025095e-35 1.0000000180025095e-35 1.0000000180025095e-35 1.0000000180025095e-35 1.0000000180025095e-35 1.0000000180025095e-35 0.27500000000000008 1.0000000180025095e-35 1.0000000180025095e-35 0.35000000000000003 0.35000000000000003 0.33750000000000008
decision_type=2 2 2 2 2 2 2 2 2 2 2 2 2 2
left_child=1 4 6 8 5 -1 10 -8 -4 13 -3 -12 -13 -6
right_child=-2 2 3 -5 9 -7 7 -9 -10 -11 11 12 -14 -15
leaf_value=-6.7457332066127211 32.971669514973961 2.640938504536944 2.2413418451944969 -3.8092553138732903 -6.4176502227783221 -8.8002931594848626 3.9582990169525147 3.1634764353434237 3.0228673934936516 -6.9024203491210931 3.2852446873982757 3.068878746032714 2.4460627237955723 -6.4398619079589841
leaf_weight=7.0000000000000018 2.9999999999999991 3.0000000000000027 3.0000000000000018 4 2.9999999999999982 4 3.9999999999999991 3 4 5 2.9999999999999982 3 3 5
leaf_count=7 3 3 3 4 3 4 4 3 4 5 3 3 3 5
internal_value=-0.109565 -1.94741 2.10752 0.325316 -7.01607 -7.49285 3.13932 3.61766 2.68793 -6.61264 2.86028 2.9334 2.75747 -6.43153
internal_weight=57 54 30 11 24 11 19 7 7 13 12 9 6 8
internal_count=57 54 30 11 24 11 19 7 7 13 12 9 6 8
is_linear=0
shrinkage=0.05


Tree=20
num_leaves=13
num_cat=0
split_feature=64 79 23 71 70 44 5 73 39 73 6 76
split_gain=1.21522e+06 374782 7186.6 4097.16 2736.48 1024.22 3542.43 526.234 471.811 341.539 135.646 4.98437
threshold=1.0000000180025095e-35 1.0000000180025095e-35 1.0000000180025095e-35 1.0000000180025095e-35 1.0000000180025095e-35 1.0000000180025095e-35 1.0000000180025095e-35 1.0000000180025095e-35 1.0000000180025095e-35 1.0000000180025095e-35 1.0000000180025095e-35 1.0000000180025095e-35
decision_type=2 2 2 2 2 2 2 2 2 2 2 2
left_child=1 5 4 -4 8 6 7 -1 -3 11 -6 -7
right_child=-2 2 3 -5 10 9 -8 -9 -10 -11 -12 -13
leaf_value=-5.9078591664632114 31.323085530598959 2.2200936889648433 0.58576463063557938 2.5237362289428709 3.6805946350097645 -6.1541462898254409 -8.4620246887207013 -6.7838869094848624 3.013240496317545 -6.7552543640136706 4.1253602345784497 -6.0688886006673162
leaf_weight=3.0000000000000018 2.9999999999999991 5 6 5 4.0000000000000009 3.9999999999999982 3 4 3 3 3 3
leaf_count=3 3 5 6 5 4 4 3 4 3 3 3 3
internal_value=0.489938 -1.52092 2.43738 1.46666 3.14924 -6.66671 -7.02452 -6.40845 2.51752 -6.3089 3.87121 -6.11761
internal_weight=49 46 26 11 15 20 10 7 8 10 7 7
internal_count=49 46 26 11 15 20 10 7 8 10 7 7
is_linear=0
shrinkage=0.05


Tree=21
num_leaves=14
num_cat=0
split_feature=80 16 12 8 22 22 5 18 73 11 22 76 22
split_gain=848669 1.03935e+06 1.51203e+06 381430 13557.1 1913.62 3001.57 1117.16 315.416 90.3785 9.19965 7.80973 0.131083
threshold=1.0000000180025095e-35 1.0000000180025095e-35 1.0000000180025095e-35 1.0000000180025095e-35 0.35000000000000003 1.0000000180025095e-35 1.0000000180025095e-35 1.0000000180025095e-35 1.0000000180025095e-35 1.0000000180025095e-35 0.35000000000000003 1.0000000180025095e-35 0.65000000000000002
decision_type=2 2 2 2 2 2 2 2 2 2 2 2 2
left_child=1 3 -3 -1 -4 6 -2 -5 11 -9 -11 12 -7
right_child=5 2 4 7 -6 8 -8 9 -10 10 -12 -13 -14
leaf_value=-14.388691568374623 -6.0995803070068328 35.782824182510382 -2.090714518229166 3.4131282488505059 2.6627231597900387 -5.8677920341491721 -7.9371772766113269 2.3660300254821776 -6.4174915313720708 2.734772109985351 2.6109466552734371 -5.7654440561930329 -5.8539658864339179
leaf_weight=4.0000000000000027 5.0000000000000018 5.9999999999999982 3 5.9999999999999973 3 3.9999999999999982 4 4 2.9999999999999991 3 3 3 3
leaf_count=4 5 6 3 6 3 4 4 4 3 3 3 3 3
internal_value=1.20388 6.4012 18.0344 -0.578736 0.286004 -6.35584 -6.91629 2.87375 -5.96784 2.55013 2.67286 -5.83294 -5.86187
internal_weight=54 32 12 20 6 22 9 16 13 10 6 10 7
internal_count=54 32 12 20 6 22 9 16 13 10 6 10 7
is_linear=0
shrinkage=0.05


Tree=22
num_leaves=15
num_cat=0
split_feature=64 79 5 70 39 55 5 73 70 5 12 22 22 22
split_gain=1.07802e+06 294175 35306.3 69754.9 1820.88 1297.49 3176.16 411.156 211.203 131.175 53.494 18.4803 5.35436 0.581939
threshold=1.0000000180025095e-35 1.0000000180025095e-35 1.0000000180025095e-35 1.0000000180025095e-35 1.0000000180025095e-35 1.0000000180025095e-35 1.0000000180025095e-35 1.0000000180025095e-35 1.0000000180025095e-35 1.0000000180025095e-35 1.0000000180025095e-35 0.27500000000000008 0.35000000000000003 0.35000000000000003
decision_type=2 2 2 2 2 2 2 2 2 2 2 2 2 2
left_child=1 5 4 11 10 9 7 -7 -6 -1 -3 -4 -12 -11
right_child=-2 2 3 -5 8 6 -8 -9 -10 13 12 -13 -14 -15
leaf_value=-5.8511743927001945 29.343477376302083 2.4485971832275384 2.7508060455322241 -5.8611087799072257 3.3241610209147137 -5.307487233479816 -7.5403184890747061 -6.1352917989095035 3.9174608230590806 -5.4888406117757143 2.59803352355957 2.5753053029378248 2.6798439661661781 -5.5199838002522768
leaf_weight=5 2.9999999999999991 5.0000000000000009 3.0000000000000018 4 2.9999999999999991 3 4 3 3 3 3 3 6 3
leaf_count=5 3 5 3 4 3 3 4 3 3 3 3 3 6 3
internal_value=0.215433 -1.49798 1.67916 -0.74661 2.89205 -6.03676 -6.44896 -5.72139 3.62081 -5.66203 2.57973 2.66306 2.65257 -5.50441
internal_weight=54 51 30 10 20 21 10 6 6 11 14 6 9 6
internal_count=54 51 30 10 20 21 10 6 6 11 14 6 9 6
is_linear=0
shrinkage=0.05


Tree=23
num_leaves=13
num_cat=0
split_feature=17 56 79 79 73 77 11 79 70 22 11 8
split_gain=1.06905e+06 1.18467e+06 3.47423e+06 446371 325339 1.00248e+06 88910 55117.1 2668.24 1558.48 559.826 336.536
threshold=1.0000000180025095e-35 1.0000000180025095e-35 1.0000000180025095e-35 1.0000000180025095e-35 1.0000000180025095e-35 1.0000000180025095e-35 1.0000000180025095e-35 1.0000000180025095e-35 1.0000000180025095e-35 0.65000000000000002 0.35000000000000003 1.0000000180025095e-35
decision_type=2 2 2 2 2 2 2 2 2 2 2 2
left_child=1 2 -1 4 5 -2 9 -8 -4 -3 -9 -12
right_child=3 6 8 -5 -6 -7 7 10 -10 -11 11 -13
leaf_value=64.79652252197269 -43.537191645304326 -6.7424134254455517 1.8955417442321776 3.2138293457031253 -5.8217184066772454 -5.3017528533935536 -5.2022108713785844 3.0260278701782211 3.6281035900115963 -5.2348372141520167 2.4763090896606443 1.80644785563151
leaf_weight=2.9999999999999973 3.0000000000000018 4.0000000000000027 5 4.9999999999999991 6 4 2.9999999999999973 3.0000000000000009 4 3 5 3
leaf_count=3 3 4 5 5 6 4 3 3 4 3 5 3
internal_value=0.319571 5.666 18.1983 -9.48221 -14.3653 -21.6884 -1.49533 0.805167 2.66557 -6.09631 2.44354 2.22511
internal_weight=51 33 12 18 13 7 21 14 9 7 11 8
internal_count=51 33 12 18 13 7 21 14 9 7 11 8
is_linear=0
shrinkage=0.05


Tree=24
num_leaves=15
num_cat=0
split_feature=78 79 5 11 22 5 39 73 11 22 11 5 70 22
split_gain=1.01586e+06 300947 23311.4 33888.5 9286.19 28413.3 1071.68 250.48 200.212 48.8264 27.6548 24.755 1.84755 0.299276
threshold=1.0000000180025095e-35 1.0000000180025095e-35 1.0000000180025095e-35 1.0000000180025095e-35 1.0000000180025095e-35 1.0000000180025095e-35 1.0000000180025095e-35 1.0000000180025095e-35 1.0000000180025095e-35 0.35000000000000003 0.55000000000000016 1.0000000180025095e-35 1.0000000180025095e-35 0.35000000000000003
decision_type=2 2 2 2 2 2 2 2 2 2 2 2 2 2
left_child=1 4 6 -4 5 -1 8 11 -3 -5 -10 -6 -8 -13
right_child=-2 2 3 9 7 -7 12 -9 10 -11 -12 13 -14 -15
leaf_value=-4.9627949714660629 28.247607421875003 1.9872074127197248 -2.8945298910140997 2.5622733434041334 -5.1122248331705746 -10.403128433227536 3.0192329406738283 -5.5129725138346357 2.4743257840474451 2.2770062764485668 2.2883995691935217 -4.9286179860432933 3.0711399555206293 -4.9495092391967761
leaf_weight=6.0000000000000018 2.9999999999999991 4.0000000000000027 5.9999999999999982 3 2.9999999999999982 4 2.9999999999999991 2.9999999999999991 5.9999999999999982 3 3 3 4 4
leaf_count=6 3 4 6 3 3 4 3 3 6 3 3 3 4 4
internal_value=-0.0853973 -1.63083 1.50478 -0.237445 -5.99342 -7.13893 2.55011 -5.11227 2.28154 2.41964 2.41235 -4.99206 3.04889 -4.94056
internal_weight=58 55 32 12 23 10 20 13 13 6 9 10 7 7
internal_count=58 55 32 12 23 10 20 13 13 6 9 10 7 7
is_linear=0
shrinkage=0.05


Tree=25
num_leaves=14
num_cat=0
split_feature=62 70 80 55 5 11 5 22 73 71 50 1 44
split_gain=933975 1.1585e+06 1.01927e+06 686800 1.58695e+06 10607.2 8082.12 25689.1 1157.43 337.025 77.3659 2.18119 0.58467
threshold=1.0000000180025095e-35 1.0000000180025095e-35 1.0000000180025095e-35 1.0000000180025095e-35 1.0000000180025095e-35 0.27350000000000002 1.0000000180025095e-35 1.0000000180025095e-35 1.0000000180025095e-35 1.0000000180025095e-35 1.0000000180025095e-35 1.0000000180025095e-35 0.62500000000000011
decision_type=2 2 2 2 2 2 2 2 2 2 2 2 2
left_child=2 -2 3 5 10 -1 8 -8 -4 -7 -5 -10 -9
right_child=1 -3 6 4 -6 9 7 12 11 -11 -12 -13 -14
leaf_value=-0.80605988502502413 -40.702877171834309 3.2383142153422031 -4.2735201263427731 2.1598963737487789 39.185350313186639 2.5307376289367682 -9.882972145080565 -4.6944035847981764 -5.2937232971191399 1.9501992797851562 2.4957911173502598 -5.2373237609863272 -4.7256197611490869
leaf_weight=4.0000000000000009 2.9999999999999991 3 5 4 5 4.9999999999999982 4 3 4 5 3 3 3
leaf_count=4 3 3 5 4 5 5 4 3 4 5 3 3 3
internal_value=-0.133444 -18.7323 2.19141 8.89362 17.6711 1.37003 -5.72938 -6.7792 -4.85454 2.24047 2.30385 -5.26955 -4.71001
internal_weight=54 6 48 26 12 14 22 10 12 10 7 7 6
internal_count=54 6 48 26 12 14 22 10 12 10 7 7 6
is_linear=0
shrinkage=0.05


Tree=26
num_leaves=12
num_cat=0
split_feature=64 79 5 11 44 5 18 5 23 11 44
split_gain=967189 198932 31819.5 57256.5 5812.03 14944.6 4239.92 110.041 33.0551 38.9022 0.181239
threshold=1.0000000180025095e-35 1.0000000180025095e-35 1.0000000180025095e-35 1.0000000180025095e-35 1.0000000180025095e-35 1.0000000180025095e-35 1.0000000180025095e-35 1.0000000180025095e-35 1.0000000180025095e-35 1.0000000180025095e-35 0.33750000000000008
decision_type=2 2 2 2 2 2 2 2 2 2 2
left_child=1 4 6 -4 5 -1 -3 -6 9 -8 -9
right_child=-2 2 3 -5 7 -7 8 10 -10 -11 -12
leaf_value=-4.795469093322752 27.538897705078128 3.7458859634399424 -4.3758092562357573 2.2804367201668874 -4.7672612762451188 -9.1175903320312468 1.9575444412231442 -4.4607231140136712 1.8483335494995108 2.185293324788411 -4.4757746696472163
leaf_weight=6.0000000000000018 2.9999999999999991 4.9999999999999973 6.0000000000000018 7 4.9999999999999973 3 5 4 3.0000000000000009 3 4
leaf_count=6 3 5 6 7 5 3 5 4 3 3 4
internal_value=-0.0512029 -1.67415 1.04573 -0.791677 -5.25945 -6.23618 2.53863 -4.58325 1.98987 2.04295 -4.46825
internal_weight=54 51 29 13 22 9 16 13 11 8 8
internal_count=54 51 29 13 22 9 16 13 11 8 8
is_linear=0
shrinkage=0.05


Tree=27
num_leaves=14
num_cat=0
split_feature=64 79 5 55 5 22 73 39 0 11 70 0 22
split_gain=885380 200306 29302.1 37036.1 5899.4 22372.6 923.895 678.981 560.352 183.771 110.845 1.86626 0.923434
threshold=1.0000000180025095e-35 1.0000000180025095e-35 1.0000000180025095e-35 1.0000000180025095e-35 1.0000000180025095e-35 1.0000000180025095e-35 1.0000000180025095e-35 1.0000000180025095e-35 0.35000000000000003 1.0000000180025095e-35 1.0000000180025095e-35 1.0000000180025095e-35 0.35000000000000003
decision_type=2 2 2 2 2 2 2 2 2 2 2 2 2
left_child=1 4 7 -4 6 -6 8 9 -1 -3 -9 -8 -7
right_child=-2 2 3 -5 5 12 11 10 -10 -11 -12 -13 -14
leaf_value=-3.4381788253784173 26.161954752604171 1.8404035091400137 2.1209100246429431 -4.6831451892852778 -8.9329439163208004 -4.2244305928548167 -4.7892637252807608 2.9704290390014649 -4.4045744578043609 2.265244102478027 2.568373012542724 -4.7370944976806628 -4.2611276626586907
leaf_weight=3 2.9999999999999991 4.0000000000000018 4.0000000000000018 4 4 3 4 2.9999999999999991 3 7 4 3 4
leaf_count=3 3 4 4 4 4 3 4 3 3 7 4 3 4
internal_value=-0.220871 -1.80384 1.2367 -1.28112 -5.09776 -5.94996 -4.37666 2.35573 -3.92138 2.11076 2.74068 -4.76691 -4.2454
internal_weight=53 50 26 8 24 11 13 18 6 11 7 7 7
internal_count=53 50 26 8 24 11 13 18 6 11 7 7 7
is_linear=0
shrinkage=0.05


Tree=28
num_leaves=14
num_cat=0
split_feature=17 56 79 79 55 11 0 5 11 70 71 8 11
split_gain=791889 754295 3.43257e+06 396482 232192 67717.8 36618 19134 363.974 241.163 52.9489 252.927 8.50319
threshold=1.0000000180025095e-35 1.0000000180025095e-35 1.0000000180025095e-35 1.0000000180025095e-35 1.0000000180025095e-35 1.0000000180025095e-35 1.0000000180025095e-35 1.0000000180025095e-35 0.35000000000000003 1.0000000180025095e-35 1.0000000180025095e-35 1.0000000180025095e-35 0.35000000000000003
decision_type=2 2 2 2 2 2 2 2 2 2 2 2 2
left_child=1 2 -1 4 12 -3 8 -4 -7 -5 -10 -12 -2
right_child=3 5 7 9 -6 6 -8 -9 10 -11 11 -13 -14
leaf_value=61.154660034179727 -4.282769775390622 -5.1165925343831349 1.9749053478240963 3.5636967341105144 -17.040507147047251 2.5181430816650363 -4.0257317860921225 -2.6646800231933589 2.0509325981140147 2.9297108014424635 2.1910833994547523 1.6103628730773925 -4.401815923055012
leaf_weight=2.9999999999999973 3.0000000000000009 6.0000000000000027 4 2.9999999999999991 9 3.0000000000000027 2.9999999999999991 5 3.9999999999999973 3 3 5 3
leaf_count=3 3 6 4 3 9 3 3 5 4 3 3 5 3
internal_value=0.10015 4.6013 14.8367 -7.6161 -11.9612 -0.516397 1.017 -0.602642 2.02555 3.2467 1.9024 1.82813 -4.34229
internal_weight=57 36 12 21 15 24 18 9 15 6 12 8 6
internal_count=57 36 12 21 15 24 18 9 15 6 12 8 6
is_linear=0
shrinkage=0.05


Tree=29
num_leaves=15
num_cat=0
split_feature=78 80 5 22 5 55 62 0 73 8 22 22 73 22
split_gain=759507 215266 21462 61465.7 15045.4 21807.6 2350.89 1234.78 1129.68 401.237 172.776 122.147 59.1237 1.04681
threshold=1.0000000180025095e-35 1.0000000180025095e-35 1.0000000180025095e-35 1.0000000180025095e-35 1.0000000180025095e-35 1.0000000180025095e-35 1.0000000180025095e-35 1.0000000180025095e-35 1.0000000180025095e-35 1.0000000180025095e-35 0.35000000000000003 0.35000000000000003 1.0000000180025095e-35 0.65000000000000002
decision_type=2 2 2 2 2 2 2 2 2 2 2 2 2 2
left_child=1 4 7 -4 6 11 9 8 -3 -1 -11 -6 -9 -5
right_child=-2 2 3 13 5 -7 -8 12 -10 10 -12 -13 -14 -15
leaf_value=2.4110781987508125 24.402628580729168 -2.4142444610595697 -11.544029998779294 -3.7575923919677727 2.1652009010314925 -2.5314460754394528 3.1615515327453618 -3.9682231903076159 -3.697775268554687 1.6089379583086285 2.0208731412887571 1.714005057017008 -4.2821332295735663 -3.7966641743977854
leaf_weight=3.0000000000000009 2.9999999999999991 3 4 4 3.0000000000000018 5 4.9999999999999991 3 4 7 4 3 3 3
leaf_count=3 3 3 4 4 3 5 5 3 4 7 4 3 3 3
internal_value=-0.0843169 -1.4447 -4.97422 -6.59968 1.37891 -0.092692 2.2309 -3.59884 -3.14769 1.89852 1.75873 1.9396 -4.12518 -3.77434
internal_weight=57 54 24 11 30 11 19 13 7 14 11 6 6 7
internal_count=57 54 24 11 30 11 19 13 7 14 11 6 6 7
is_linear=0
shrinkage=0.05


Tree=30
num_leaves=15
num_cat=0
split_feature=62 70 80 12 70 50 5 22 11 0 11 69 73 0
split_gain=710038 806391 742186 692255 1.36965e+06 2.4209e+06 11409.4 46886.8 9299.74 903.493 252.873 91.8869 53.3591 3.10639
threshold=1.0000000180025095e-35 1.0000000180025095e-35 1.0000000180025095e-35 1.0000000180025095e-35 1.0000000180025095e-35 1.0000000180025095e-35 1.0000000180025095e-35 1.0000000180025095e-35 0.27350000000000002 1.0000000180025095e-35 0.55000000000000016 1.0000000180025095e-35 1.0000000180025095e-35 1.0000000180025095e-35
decision_type=2 2 2 2 2 2 2 2 2 2 2 2 2 2
left_child=2 -2 3 4 5 -1 9 -8 -5 -4 11 -10 -11 -9
right_child=1 -3 6 8 -6 -7 7 13 10 12 -12 -13 -14 -15
leaf_value=65.41492195129392 -29.613440608978266 2.1353912234306334 -3.0088632392883294 -1.0296145915985102 -1.7784195899963375 1.8945899327596025 -11.068574523925779 -3.5686079025268551 1.8100211620330815 -3.7698120117187486 1.4685504436492918 2.1760835647583003 -4.0680264790852858 -3.6359143575032542
leaf_weight=3 4 4 5 4.0000000000000009 5 3 3 4 3.9999999999999982 3 4 3 3 3
leaf_count=3 4 4 5 4 5 3 3 4 4 3 4 3 3 3
internal_value=0.0309562 -13.739 2.37478 8.02156 17.5488 33.6548 -4.61646 -5.83879 1.03494 -3.50526 1.78569 1.96691 -3.91892 -3.59745
internal_weight=55 8 47 26 11 6 21 10 15 11 11 7 6 7
internal_count=55 8 47 26 11 6 21 10 15 11 11 7 6 7
is_linear=0
shrinkage=0.05


Tree=31
num_leaves=15
num_cat=0
split_feature=78 79 11 5 5 22 17 17 0 22 7 7 73 0
split_gain=704575 120173 47411.4 85053.9 15884.5 49660.9 4797.67 4656.3 1026.35 385.572 240.396 115.031 48.1566 1.26723
threshold=1.0000000180025095e-35 1.0000000180025095e-35 1.0000000180025095e-35 1.0000000180025095e-35 1.0000000180025095e-35 0.27500000000000008 1.0000000180025095e-35 1.0000000180025095e-35 1.0000000180025095e-35 0.35000000000000003 1.0000000180025095e-35 1.0000000180025095e-35 1.0000000180025095e-35 1.0000000180025095e-35
decision_type=2 2 2 2 2 2 2 2 2 2 2 2 2 2
left_child=1 4 3 7 8 -6 9 -3 -1 11 -11 -4 -10 -7
right_child=-2 2 6 -5 5 13 -8 -9 12 10 -12 -13 -14 -15
leaf_value=-2.7530140304565425 23.079361979166666 -0.33978080749511691 2.1870447794596362 -7.9904778480529774 -10.413399696350096 -3.4111297607421869 3.8922582308451332 2.2660650372505184 -3.5813213348388668 1.0835532824198404 1.6756495952606199 1.7491890907287595 -3.8646251678466785 -3.4541186014811189
leaf_weight=5 2.9999999999999991 3.0000000000000018 2.9999999999999982 4 4 4 2.9999999999999991 4 3 3 4 3 3 3
leaf_count=5 3 3 3 4 4 4 3 4 3 3 4 3 3 3
internal_value=-0.442376 -1.88248 0.352657 -2.17427 -4.62561 -5.96913 2.08992 1.14927 -3.28208 1.674 1.42189 1.96812 -3.72297 -3.42955
internal_weight=52 49 27 11 22 11 16 7 11 13 7 6 6 7
internal_count=52 49 27 11 22 11 16 7 11 13 7 6 6 7
is_linear=0
shrinkage=0.05


Tree=32
num_leaves=15
num_cat=0
split_feature=79 56 61 11 5 17 51 11 5 63 71 8 77 22
split_gain=528896 420826 818509 23735.9 38383.9 4188.38 3487.06 459.88 143.225 128.416 123.926 381.548 43.4613 13.8841
threshold=1.0000000180025095e-35 1.0000000180025095e-35 1.0000000180025095e-35 1.0000000180025095e-35 1.0000000180025095e-35 1.0000000180025095e-35 1.0000000180025095e-35 0.35000000000000003 1.0000000180025095e-35 1.0000000180025095e-35 1.0000000180025095e-35 1.0000000180025095e-35 1.0000000180025095e-35 0.65000000000000002
decision_type=2 2 2 2 2 2 2 2 2 2 2 2 2 2
left_child=1 2 -1 4 6 7 9 -5 12 -2 -9 -12 -3 -10
right_child=3 8 -4 5 -6 -7 -8 10 13 -11 11 -13 -14 -15
leaf_value=-31.086556091308587 2.2360495726267504 -3.6713938395182293 -2.4769621562957762 2.1101984262466416 -3.8162014643351236 3.6976453463236489 0.098861742019653309 1.7061551809310918 -3.1626385116577147 1.7734186808268224 1.7835323333740232 1.0375937461853026 -3.4022552490234368 -3.2986979166666659
leaf_weight=5 2.9999999999999982 2.9999999999999991 5 4.0000000000000027 5.9999999999999991 2.9999999999999991 4 3.9999999999999982 5 3 3 4 3 3
leaf_count=5 3 3 5 4 6 3 4 4 5 3 3 4 3 3
internal_value=-3.26486 -8.94783 -16.7818 0.746646 -0.654585 1.99218 1.24239 1.65109 -3.35216 2.00473 1.48414 1.35728 -3.53682 -3.21366
internal_weight=58 24 10 34 16 18 10 15 14 6 11 7 6 8
internal_count=58 24 10 34 16 18 10 15 14 6 11 7 6 8
is_linear=0
shrinkage=0.05


Tree=33
num_leaves=16
num_cat=0
split_feature=79 55 61 11 16 17 50 73 71 8 22 73 0 22 6
split_gain=427990 336024 784668 23305.5 27186.9 3931.06 2022.82 885.636 163.003 160.773 287.169 147.415 31.1956 14.4392 7.40984
threshold=1.0000000180025095e-35 1.0000000180025095e-35 1.0000000180025095e-35 1.0000000180025095e-35 1.0000000180025095e-35 1.0000000180025095e-35 1.0000000180025095e-35 1.0000000180025095e-35 1.0000000180025095e-35 1.0000000180025095e-35 0.35000000000000003 1.0000000180025095e-35 1.0000000180025095e-35 0.65000000000000002 1.0000000180025095e-35
decision_type=2 2 2 2 2 2 2 2 2 2 2 2 2 2 2
left_child=1 11 -3 4 6 8 -2 -4 -5 -10 -11 12 13 -1 -14
right_child=3 2 7 5 -6 -7 -8 -9 9 10 -12 -13 14 -15 -16
leaf_value=-2.937778917948406 -0.32773488362630182 -29.30844085693359 -1.8815902709960932 1.7319407939910887 -4.3498436927795412 3.5127630233764648 1.3145473432540893 -3.0965225855509431 1.6943557103474931 1.591973241170247 0.90015350977579733 -3.4878241221110002 -3.121013132731119 -3.0929090499877923 -3.23214251200358
leaf_weight=2.9999999999999982 3.0000000000000018 5 3 6.0000000000000009 3.9999999999999991 2.9999999999999991 5 3 3 3 3 3.0000000000000009 3 3 3
leaf_count=3 3 5 3 6 4 3 5 3 3 3 3 3 3 3 3
internal_value=-3.34664 -8.04198 -14.6797 0.722651 -0.984154 1.86052 0.698692 -2.48906 1.53007 1.39549 1.24606 -3.17433 -3.09596 -3.01534 -3.17658
internal_weight=56 26 11 30 12 18 8 6 15 9 6 15 12 6 6
internal_count=56 26 11 30 12 18 8 6 15 9 6 15 12 6 6
is_linear=0
shrinkage=0.05


Tree=34
num_leaves=15
num_cat=0
split_feature=62 70 80 12 5 11 56 50 7 73 73 0 22 69
split_gain=820441 1.10041e+06 582364 602907 1.57732e+06 8732.44 1843.77 1560.84 157.334 140.537 75.3531 20.8101 13.0314 1.08893
threshold=1.0000000180025095e-35 1.0000000180025095e-35 1.0000000180025095e-35 1.0000000180025095e-35 1.0000000180025095e-35 0.35000000000000003 1.0000000180025095e-35 1.0000000180025095e-35 1.0000000180025095e-35 1.0000000180025095e-35 1.0000000180025095e-35 1.0000000180025095e-35 0.65000000000000002 1.0000000180025095e-35
decision_type=2 2 2 2 2 2 2 2 2 2 2 2 2 2
left_child=2 -2 3 4 7 -5 10 -1 13 11 -4 12 -8 -7
right_child=1 -3 6 5 -6 8 9 -9 -10 -11 -12 -13 -14 -15
leaf_value=0.11030535697937011 -38.387710062662762 1.6717134654521939 -3.8145082473754863 -1.5867696126302073 37.526342544555654 1.2626089413960779 -2.7908899307250987 1.6190204302469884 1.6636764526367185 -3.313432947794595 -4.1460047245025633 -3.0026925659179682 -2.9382637023925775 1.3052104155222573
leaf_weight=4 2.9999999999999991 4 3.0000000000000009 3.0000000000000009 5 2.9999999999999982 2.9999999999999982 3 5 3.0000000000000009 4 5 3 3
leaf_count=4 3 4 3 3 5 3 3 3 5 3 4 5 3 3
internal_value=0.473083 -15.4966 2.85155 7.85352 16.0775 0.804395 -3.34137 0.756898 1.45653 -3.01009 -4.00393 -2.92736 -2.86458 1.28391
internal_weight=54 7 47 26 12 14 21 7 11 14 7 11 6 6
internal_count=54 7 47 26 12 14 21 7 11 14 7 11 6 6
is_linear=0
shrinkage=0.05


Tree=35
num_leaves=15
num_cat=0
split_feature=64 79 27 11 62 55 6 56 11 50 0 22 11 22
split_gain=803583 73819.6 36812.7 51325.9 7545.87 4099.54 3378.65 13866.3 1134.23 1408.66 654.752 280.349 163.868 9.94624
threshold=1.0000000180025095e-35 1.0000000180025095e-35 1.0000000180025095e-35 1.0000000180025095e-35 1.0000000180025095e-35 1.0000000180025095e-35 1.0000000180025095e-35 1.0000000180025095e-35 1.0000000180025095e-35 1.0000000180025095e-35 0.35000000000000003 0.35000000000000003 0.55000000000000016 0.35000000000000003
decision_type=2 2 2 2 2 2 2 2 2 2 2 2 2 2
left_child=1 6 4 -4 8 -6 7 -1 9 -3 -8 -5 -10 -9
right_child=-2 2 3 11 5 -7 10 13 12 -11 -12 -13 -14 -15
leaf_value=-6.736773935953777 25.599294026692711 0.10479011535644522 -4.9582737445831313 1.92350533803304 4.5888534228006996 1.9749341368675226 -2.2464373548825578 -2.6787607192993157 1.76584659576416 1.5380694071451819 -3.0211562347412109 1.2399499098459876 1.2984170913696287 -2.7939199829101558
leaf_weight=2.9999999999999991 2.9999999999999991 4.0000000000000027 5.9999999999999982 3 2.9999999999999991 3 6 3 5 3 5 3 3 5
leaf_count=3 3 4 6 3 3 3 6 3 5 3 5 3 3 5
internal_value=0.39978 -0.974739 0.520907 -1.68827 1.7833 3.28189 -3.21821 -3.83784 1.18386 0.719053 -2.59858 1.58173 1.59056 -2.75074
internal_weight=58 55 33 12 21 6 22 11 15 7 11 6 8 8
internal_count=58 55 33 12 21 6 22 11 15 7 11 6 8 8
is_linear=0
shrinkage=0.05


Tree=36
num_leaves=16
num_cat=0
split_feature=64 79 11 5 17 5 56 51 0 73 71 8 23 71 0
split_gain=725417 64398.1 29499.4 49617.7 9177.18 3536.93 12772.7 2363.67 498.181 894.335 196.062 125.308 297.977 103.346 7.61087
threshold=1.0000000180025095e-35 1.0000000180025095e-35 1.0000000180025095e-35 1.0000000180025095e-35 1.0000000180025095e-35 1.0000000180025095e-35 1.0000000180025095e-35 1.0000000180025095e-35 0.35000000000000003 1.0000000180025095e-35 1.0000000180025095e-35 1.0000000180025095e-35 1.0000000180025095e-35 1.0000000180025095e-35 1.0000000180025095e-35
decision_type=2 2 2 2 2 2 2 2 2 2 2 2 2 2 2
left_child=1 5 3 7 10 8 -7 13 9 -1 -4 -12 -13 -3 -8
right_child=-2 2 4 -5 -6 6 14 -9 -10 -11 11 12 -14 -15 -16
leaf_value=-1.4844634890556332 24.319329833984376 1.8761873821417496 1.5514183600743607 -4.7103601455688482 4.3594108025232954 -6.4416369120279953 -2.5782340621948237 0.099550580978393532 -2.8365425109863276 -2.6264962196350092 1.4462754567464189 1.402862993876139 0.69814457893371573 1.4611659049987791 -2.6789704640706375
leaf_weight=3 2.9999999999999991 2.9999999999999982 6.0000000000000009 5.9999999999999991 2.9999999999999991 2.9999999999999991 5 4 4 4 3 3 3 3 3
leaf_count=3 3 3 6 6 3 3 5 4 4 4 3 3 3 3 3
internal_value=0.365697 -0.917533 0.446373 -1.11574 1.83492 -3.02539 -3.65936 1.04103 -2.39141 -2.13705 1.33002 1.18243 1.0505 1.66868 -2.61601
internal_weight=59 56 34 16 18 22 11 10 11 7 15 9 6 6 8
internal_count=59 56 34 16 18 22 11 10 11 7 15 9 6 6 8
is_linear=0
shrinkage=0.05


Tree=37
num_leaves=13
num_cat=0
split_feature=80 5 55 71 18 69 5 56 0 73 12 22
split_gain=314417 721148 1.55061e+06 182069 13068.1 9385.88 4451.18 13351.6 435.76 807.138 104.55 9.44201
threshold=1.0000000180025095e-35 1.0000000180025095e-35 1.0000000180025095e-35 1.0000000180025095e-35 1.0000000180025095e-35 1.0000000180025095e-35 1.0000000180025095e-35 1.0000000180025095e-35 1.0000000180025095e-35 1.0000000180025095e-35 1.0000000180025095e-35 0.65000000000000002
decision_type=2 2 2 2 2 2 2 2 2 2 2 2
left_child=1 3 5 -1 -5 -3 8 -8 9 -2 -6 -9
right_child=6 2 -4 4 10 -7 7 11 -10 -11 -12 -13
leaf_value=-8.8714030784865194 -1.410240276654561 -2.1681072552998844 35.53758327484131 4.6538704872131351 0.60233459472656237 1.3694779682159421 -6.0191901206970222 -2.426921081542968 -2.6844016075134274 -2.495171451568603 0.96384101708730052 -2.5355604648590084
leaf_weight=6.0000000000000009 3 3.0000000000000018 4.9999999999999991 2.9999999999999991 3 5 3.9999999999999991 4 4 4 6 4
leaf_count=6 3 3 5 3 3 5 4 4 4 4 6 4
internal_value=1.43479 4.7211 13.6947 -1.75982 1.79597 0.0428835 -2.9946 -3.66056 -2.26809 -2.0302 0.843339 -2.48124
internal_weight=54 31 13 18 12 8 23 12 11 7 9 8
internal_count=54 31 13 18 12 8 23 12 11 7 9 8
is_linear=0
shrinkage=0.05


Tree=38
num_leaves=12
num_cat=0
split_feature=62 80 71 12 55 50 11 6 22 1 7
split_gain=738340 376773 405088 854041 8474.06 13592.5 7047.87 1315.56 3757.52 168.61 166.089
threshold=1.0000000180025095e-35 1.0000000180025095e-35 1.0000000180025095e-35 1.0000000180025095e-35 1.0000000180025095e-35 1.0000000180025095e-35 0.35000000000000003 1.0000000180025095e-35 0.27500000000000008 1.0000000180025095e-35 1.0000000180025095e-35
decision_type=2 2 2 2 2 2 2 2 2 2 2
left_child=1 2 3 -1 10 -6 -5 8 -3 -9 -4
right_child=-2 7 4 6 5 -7 -8 9 -10 -11 -12
leaf_value=24.708532578604562 -14.748539536339898 -4.6639652252197257 1.1022921880086261 -1.8222074508666986 -3.4691657384236638 1.2904652913411456 1.3837468504905699 -2.2436449368794755 -2.4256560516357419 -2.6367847824096677 1.5728793334960935
leaf_weight=7 6.9999999999999991 3 3 3 3.0000000000000009 3 4 6 5 5 5
leaf_count=7 7 3 3 3 3 3 4 6 5 5 5
internal_value=0.401065 2.65739 6.34512 12.3591 0.331084 -1.08935 0.00976644 -2.77716 -3.26502 -2.42234 1.39641
internal_weight=54 47 28 14 14 6 7 19 8 11 8
internal_count=54 47 28 14 14 6 7 19 8 11 8
is_linear=0
shrinkage=0.05


Tree=39
num_leaves=13
num_cat=0
split_feature=17 79 56 79 55 11 5 71 11 69 11 0
split_gain=238033 594963 2.13473e+06 209992 100956 52645.7 58355.4 2230.11 209.242 143.898 156.714 15.7978
threshold=1.0000000180025095e-35 1.0000000180025095e-35 1.0000000180025095e-35 1.0000000180025095e-35 1.0000000180025095e-35 1.0000000180025095e-35 1.0000000180025095e-35 1.0000000180025095e-35 0.35000000000000003 1.0000000180025095e-35 0.55000000000000016 1.0000000180025095e-35
decision_type=2 2 2 2 2 2 2 2 2 2 2 2
left_child=1 2 -1 4 -2 6 -3 -5 -7 10 -10 -4
right_child=3 5 11 7 -6 8 -8 -9 9 -11 -12 -13
leaf_value=42.526134490966818 -2.4539609909057605 0.25645301342010485 -2.1554488372802729 2.9633750915527344 -12.073873822887737 1.7285525957743328 -6.7170301119486489 4.8912871996561673 1.1717299580574039 0.96272025903065972 1.6497901598612463 -2.3005824406941726
leaf_weight=3.9999999999999973 5.0000000000000018 6.0000000000000018 5 2.9999999999999991 6 2.9999999999999991 6 3 3.9999999999999982 3 3 3
leaf_count=4 5 6 5 3 6 3 6 3 4 3 3 3
internal_value=1.30043 3.5506 12.7021 -3.597 -7.70119 -0.842134 -3.23029 3.92733 1.36232 1.25245 1.37661 -2.20987
internal_weight=54 37 12 17 11 25 12 6 13 10 7 8
internal_count=54 37 12 17 11 25 12 6 13 10 7 8
is_linear=0
shrinkage=0.05


Tree=40
num_leaves=12
num_cat=0
split_feature=62 11 63 69 5 22 55 50 0 22 0
split_gain=304159 539196 50775.2 35445.3 15775.2 32495.6 855.35 897.159 704.293 65.1164 14.2575
threshold=1.0000000180025095e-35 1.0000000180025095e-35 1.0000000180025095e-35 1.0000000180025095e-35 1.0000000180025095e-35 1.0000000180025095e-35 1.0000000180025095e-35 1.0000000180025095e-35 1.0000000180025095e-35 0.35000000000000003 1.0000000180025095e-35
decision_type=2 2 2 2 2 2 2 2 2 2 2
left_child=2 -2 3 4 8 -6 9 -8 -1 -4 -7
right_child=1 -3 6 -5 5 10 7 -9 -10 -11 -12
leaf_value=-1.5277690410614007 -22.153680114746091 4.6591623306274403 1.1300493240356448 1.2324831581115723 -6.6060150623321539 -2.0476763916015623 -0.086938301722208636 1.1358721733093258 -2.331262855529785 1.4247047662734984 -2.1855532964070634
leaf_weight=6.0000000000000018 5 3 2.9999999999999982 4.9999999999999991 7.9999999999999991 5 3 3 5 5 3
leaf_count=6 5 3 3 5 8 5 3 3 5 5 3
internal_value=-3.10063 -12.0989 -1.53572 -2.63449 -3.3506 -4.3527 0.975748 0.524467 -1.89299 1.31421 -2.09938
internal_weight=54 8 46 32 27 16 14 6 11 8 8
internal_count=54 8 46 32 27 16 14 6 11 8 8
is_linear=0
shrinkage=0.05


Tree=41
num_leaves=13
num_cat=0
split_feature=64 16 55 62 61 69 11 0 11 50 70 11
split_gain=633487 88327 59216.9 36030 15279.2 11888.4 3387.7 1507.27 708.099 809.686 561.93 151.995
threshold=1.0000000180025095e-35 1.0000000180025095e-35 1.0000000180025095e-35 1.0000000180025095e-35 1.0000000180025095e-35 1.0000000180025095e-35 0.27350000000000002 1.0000000180025095e-35 1.0000000180025095e-35 1.0000000180025095e-35 1.0000000180025095e-35 1.0000000180025095e-35
decision_type=2 2 2 2 2 2 2 2 2 2 2 2
left_child=1 3 5 4 8 6 -3 -6 9 -1 -4 -5
right_child=-2 2 10 11 7 -7 -8 -9 -10 -11 -12 -13
leaf_value=-0.082591422398884951 22.688694254557291 -3.2922262191772447 -6.9146812438964851 3.9228904724121096 -1.0362519454956052 1.2098893443743388 -1.3400060415267943 -2.2639603042602534 1.2167990684509278 1.0790785789489743 -7.8199329376220676 4.4262041409810378
leaf_weight=3.0000000000000044 2.9999999999999991 5.0000000000000018 3.9999999999999991 2.9999999999999991 5 2.9999999999999991 4 5 7.9999999999999991 3 3 3
leaf_count=3 3 5 4 3 5 3 4 5 8 3 3 3
internal_value=0.385118 -0.980407 -3.6479 0.709003 -0.157384 -1.51596 -2.42457 -1.65011 0.908847 0.498244 -7.30265 4.17455
internal_weight=52 49 19 30 24 12 9 10 14 6 7 6
internal_count=52 49 19 30 24 12 9 10 14 6 7 6
is_linear=0
shrinkage=0.05


Tree=42
num_leaves=13
num_cat=0
split_feature=62 12 80 71 12 12 50 6 22 22 0 22
split_gain=591175 500095 315576 401547 744561 5587.2 9534.99 4967.84 8441.57 4203.34 1091.62 0.0192118
threshold=1.0000000180025095e-35 1.0000000180025095e-35 1.0000000180025095e-35 1.0000000180025095e-35 1.0000000180025095e-35 1.0000000180025095e-35 1.0000000180025095e-35 1.0000000180025095e-35 0.27500000000000008 0.35000000000000003 0.35000000000000003 0.35000000000000003
decision_type=2 2 2 2 2 2 2 2 2 2 2 2
left_child=2 -2 3 4 -1 6 -5 8 -4 -6 -9 -7
right_child=1 -3 7 5 9 11 -8 10 -10 -11 -12 -13
leaf_value=23.657316432680403 -21.617454681396481 4.2048939228057849 -5.2726924896240224 -2.9613094011942538 -1.6691790898640946 1.1142177104949949 1.0251246452331539 -1.0776838461558023 -1.9177814483642575 0.97762291828791281 -2.1440342426300045 1.1089245796203613
leaf_weight=7 5 3 3 3 3 3 3 6 5 3 4 4
leaf_count=7 5 3 3 3 3 3 3 6 5 3 4 4
internal_value=0.568741 -11.9341 2.84198 6.36524 12.579 0.151523 -0.968092 -2.24718 -3.17587 -0.345778 -1.50422 1.11119
internal_weight=52 8 44 26 13 13 6 18 8 6 10 7
internal_count=52 8 44 26 13 13 6 18 8 6 10 7
is_linear=0
shrinkage=0.05


Tree=43
num_leaves=13
num_cat=0
split_feature=62 70 63 69 5 55 22 44 55 0 73 22
split_gain=280789 722906 21944.5 19929.4 6853.19 20523.7 8840.13 3145.78 2597.37 1117.78 646.532 70.7388
threshold=1.0000000180025095e-35 1.0000000180025095e-35 1.0000000180025095e-35 1.0000000180025095e-35 1.0000000180025095e-35 1.0000000180025095e-35 0.27500000000000008 0.22500000000000003 1.0000000180025095e-35 1.0000000180025095e-35 1.0000000180025095e-35 0.35000000000000003
decision_type=2 2 2 2 2 2 2 2 2 2 2 2
left_child=2 -2 3 4 9 6 -6 -8 11 10 -1 -4
right_child=1 -3 8 -5 5 -7 7 -9 -10 -11 -12 -13
leaf_value=-0.44176708857218361 -26.367607784271236 3.6928668498992914 0.95699597994486529 1.3948528885841371 0.49639844894409202 -5.6978147125244121 -3.9715915679931628 -1.8297255039215086 -0.30376615762710568 -2.0398481369018553 -1.4798200925191241 1.264109010696411
leaf_weight=3.0000000000000036 4 4 2.9999999999999982 3.9999999999999991 2.9999999999999982 5.0000000000000009 3 4 5 4 3 5
leaf_count=3 4 4 3 4 3 5 3 4 5 4 3 5
internal_value=-2.75209 -11.3374 -1.1168 -1.88201 -2.40631 -3.08224 -1.77445 -2.74767 0.590208 -1.39242 -0.960794 1.14894
internal_weight=50 8 42 29 25 15 10 7 13 10 6 8
internal_count=50 8 42 29 25 15 10 7 13 10 6 8
is_linear=0
shrinkage=0.05


Tree=44
num_leaves=15
num_cat=0
split_feature=16 55 70 79 73 0 62 69 11 11 50 0 11 22
split_gain=283566 669884 1.7516e+06 190508 82100.2 131410 30327.5 12196.6 3227.17 1213.73 2041.14 248.245 21.4431 1.32592
threshold=1.0000000180025095e-35 1.0000000180025095e-35 1.0000000180025095e-35 1.0000000180025095e-35 1.0000000180025095e-35 0.35000000000000003 1.0000000180025095e-35 1.0000000180025095e-35 0.27350000000000002 1.0000000180025095e-35 1.0000000180025095e-35 1.0000000180025095e-35 1.0000000180025095e-35 0.35000000000000003
decision_type=2 2 2 2 2 2 2 2 2 2 2 2 2 2
left_child=3 7 -3 4 5 -1 9 8 -2 10 -5 -6 -8 -11
right_child=1 2 -4 6 11 -7 12 -9 -10 13 -12 -13 -14 -15
leaf_value=-15.643175506591801 -3.1075329780578609 40.892723083496087 -5.8994112968444812 -0.73624241799116086 -1.418122069040934 -1.7998032887776689 4.6229753494262695 1.0446768248081204 -1.0990602970123289 0.90914616584777797 0.98905669848124167 -2.0613491058349602 4.812021640936532 0.95311930775642384
leaf_weight=3.9999999999999982 4 4 4 4.0000000000000018 3 3 2.9999999999999991 5.0000000000000009 4 3 3 3 3 4
leaf_count=4 4 4 4 4 3 3 3 5 4 3 3 3 3 4
internal_value=1.57087 6.11287 17.4967 -1.3195 -6.03158 -9.7103 1.74336 -0.892538 -2.1033 0.468723 0.00317149 -1.73974 4.7175 0.934274
internal_weight=54 21 8 33 13 7 20 13 8 14 7 6 6 7
internal_count=54 21 8 33 13 7 20 13 8 14 7 6 6 7
is_linear=0
shrinkage=0.05


Tree=45
num_leaves=13
num_cat=0
split_feature=64 8 70 63 80 73 22 11 11 69 11 22
split_gain=617112 45951.4 42708.9 15712.6 14326.5 5594.89 3410.32 2417.46 1145.55 86.5002 55.3218 21.005
threshold=1.0000000180025095e-35 1.0000000180025095e-35 1.0000000180025095e-35 1.0000000180025095e-35 1.0000000180025095e-35 1.0000000180025095e-35 1.0000000180025095e-35 1.0000000180025095e-35 1.0000000180025095e-35 1.0000000180025095e-35 1.0000000180025095e-35 0.65000000000000002
decision_type=2 2 2 2 2 2 2 2 2 2 2 2
left_child=1 2 4 -3 9 6 -6 -7 -5 -1 11 -8
right_child=-2 3 -4 8 5 7 10 -9 -10 -11 -12 -13
leaf_value=0.74415035247802563 22.694329833984376 3.8981961619853993 -6.032462158203125 -0.2283329367637634 0.36248000462849894 -3.9655441284179691 -1.3700571060180669 -1.9582815806070959 0.90689624786376943 1.0993208229541778 -1.7036657333374021 -1.5571624120076493
leaf_weight=3.0000000000000062 2.9999999999999991 4.9999999999999973 4.9999999999999991 4 3.0000000000000027 2.9999999999999991 2.9999999999999982 3 5 4 4 3
leaf_count=3 3 5 5 4 3 3 3 3 5 4 4 3
internal_value=0.737129 -0.726685 -1.80042 1.65087 -0.986562 -1.69897 -1.11607 -2.96191 0.40235 0.947105 -1.55963 -1.46361
internal_weight=48 45 31 14 26 19 13 6 9 7 10 6
internal_count=48 45 31 14 26 19 13 6 9 7 10 6
is_linear=0
shrinkage=0.05


Tree=46
num_leaves=14
num_cat=0
split_feature=55 79 61 5 71 7 69 11 11 44 73 8 0
split_gain=215172 270682 888639 58505.1 19298.6 12142.1 9356.94 5480.8 3008.74 2512.58 1489.09 591.526 132.188
threshold=1.0000000180025095e-35 1.0000000180025095e-35 1.0000000180025095e-35 1.0000000180025095e-35 1.0000000180025095e-35 1.0000000180025095e-35 1.0000000180025095e-35 0.35000000000000003 0.55000000000000016 0.22500000000000003 1.0000000180025095e-35 1.0000000180025095e-35 1.0000000180025095e-35
decision_type=2 2 2 2 2 2 2 2 2 2 2 2 2
left_child=4 2 -2 5 6 -3 8 -6 9 -1 -4 -9 -11
right_child=1 3 10 -5 7 -7 -8 11 -10 12 -12 -13 -14
leaf_value=-3.0550670623779244 -28.096466827392575 3.5830844879150385 0.34435599644978832 -5.8262606430053694 3.3808425108591686 -0.44052314519882202 1.044354784488678 1.2598583857218422 -0.44424923658370974 -1.3775865173339847 -1.1292773485183714 0.26694539388020827 -1.7632184028625486
leaf_weight=4.0000000000000062 5 3 3 5.0000000000000009 3.0000000000000018 5 3.9999999999999991 3 3.9999999999999991 4.9999999999999982 4 3 4
leaf_count=4 5 3 3 5 3 5 4 3 4 5 4 3 4
internal_value=-3.15616 -6.58204 -11.9972 -1.58344 -0.301257 1.06833 -1.13146 1.63588 -1.64342 -2.01239 -0.49772 0.763402 -1.54898
internal_weight=55 25 12 13 30 8 21 9 17 13 7 6 9
internal_count=55 25 12 13 30 8 21 9 17 13 7 6 9
is_linear=0
shrinkage=0.05


Tree=47
num_leaves=13
num_cat=0
split_feature=62 80 12 70 7 5 56 11 0 22 7 0
split_gain=781791 300613 413816 972930 2.34498e+06 8222.88 25486.8 3622.93 1561.08 416.642 62.7767 21.3947
threshold=1.0000000180025095e-35 1.0000000180025095e-35 1.0000000180025095e-35 1.0000000180025095e-35 1.0000000180025095e-35 1.0000000180025095e-35 1.0000000180025095e-35 0.27350000000000002 1.0000000180025095e-35 0.35000000000000003 1.0000000180025095e-35 1.0000000180025095e-35
decision_type=2 2 2 2 2 2 2 2 2 2 2 2
left_child=1 2 3 4 -1 8 -7 -4 -3 -9 -11 -8
right_child=-2 5 7 -5 -6 6 11 9 -10 10 -12 -13
leaf_value=58.288445091247539 -16.76008783976237 -0.47283418519156317 -0.90628329515457118 -4.0060221648216245 -0.19033029079437253 -6.7776262919108081 -1.3102485275268554 1.1879999256134035 -1.6295847129821774 0.40827033519744865 0.73173256864150349 -1.4791456222534176
leaf_weight=3 5.9999999999999991 7 4.0000000000000009 5 4 2.9999999999999991 5 4.9999999999999982 5 3 3 3
leaf_count=3 6 7 4 5 4 3 5 5 5 3 3 3
internal_value=0.294088 2.34059 5.91884 12.8395 24.872 -1.85997 -2.84741 0.382325 -0.954814 0.85091 0.570001 -1.37358
internal_weight=56 50 27 12 7 23 11 15 12 11 6 8
internal_count=56 50 27 12 7 23 11 15 12 11 6 8
is_linear=0
shrinkage=0.05


Tree=48
num_leaves=13
num_cat=0
split_feature=16 55 79 79 77 62 11 0 11 22 22 55
split_gain=199905 667423 2.77235e+06 188478 89717.5 35623.9 7975 4290.12 3394.3 1234.35 240.53 76.8656
threshold=1.0000000180025095e-35 1.0000000180025095e-35 1.0000000180025095e-35 1.0000000180025095e-35 1.0000000180025095e-35 1.0000000180025095e-35 1.0000000180025095e-35 1.0000000180025095e-35 1.0000000180025095e-35 0.65000000000000002 0.27500000000000008 1.0000000180025095e-35
decision_type=2 2 2 2 2 2 2 2 2 2 2 2
left_child=3 6 -3 4 -1 8 9 10 -5 -2 -8 -7
right_child=1 2 -4 5 -6 11 7 -9 -10 -11 -12 -13
leaf_value=-10.539259910583493 -2.6865861415863037 54.84094187418615 -5.9575908279418934 -0.52476638158162414 -0.8720104694366454 5.2136903444925942 1.2271275838216151 -1.4051883379618324 1.1570734083652494 -1.344912528991699 0.59397392272949201 4.8557668050130198
leaf_weight=6.0000000000000018 3.9999999999999991 3.0000000000000018 5 6.0000000000000018 4 2.9999999999999991 2.9999999999999982 3 6 3 3 3
leaf_count=6 4 3 5 6 4 3 3 3 6 3 3 3
internal_value=1.70154 5.05006 16.8419 -1.16862 -6.67236 1.88901 -0.845834 0.138638 0.316154 -2.11158 0.910551 5.03473
internal_weight=52 24 8 28 10 18 16 9 12 7 6 6
internal_count=52 24 8 28 10 18 16 9 12 7 6 6
is_linear=0
shrinkage=0.05


Tree=49
num_leaves=16
num_cat=0
split_feature=78 62 11 5 44 70 0 29 71 8 11 44 73 44 23
split_gain=567887 71928.9 21974.8 35504.5 32555.6 45576.8 11341 757.239 285.619 150.428 69.3712 35.9661 28.1664 12.2791 0.912428
threshold=1.0000000180025095e-35 1.0000000180025095e-35 1.0000000180025095e-35 1.0000000180025095e-35 0.22500000000000003 1.0000000180025095e-35 1.0000000180025095e-35 1.0000000180025095e-35 1.0000000180025095e-35 1.0000000180025095e-35 1.0000000180025095e-35 0.62500000000000011 1.0000000180025095e-35 0.22500000000000003 1.0000000180025095e-35
decision_type=2 2 2 2 2 2 2 2 2 2 2 2 2 2 2
left_child=1 2 3 7 5 -5 8 -1 -4 -10 -3 -6 13 -8 -11
right_child=-2 10 6 4 11 -7 12 -9 9 14 -12 -13 -14 -15 -16
leaf_value=0.3153935841151646 21.98892517089844 4.6129785537719732 1.2671205329895017 -9.6683998107910138 -1.0328331947326657 -1.515725469589233 -1.3018568674723312 -0.54699642658233638 1.0848811467488604 0.6707495530446369 4.9530060370763138 -1.2776669502258298 -1.1857471783955889 -1.4449131647745765 0.63175322413444501
leaf_weight=7 2.9999999999999991 2.9999999999999991 5.0000000000000009 4 3 3 2.9999999999999982 4 3 3 3 3 3 3 3
leaf_count=7 3 3 5 4 3 3 3 4 3 3 3 3 3 3 3
internal_value=0.825579 -0.372346 -1.03047 -2.08885 -3.85787 -6.1744 0.0739219 0.00179722 0.964125 0.795795 4.78299 -1.15525 -1.31084 -1.37339 0.651251
internal_weight=56 53 47 24 13 7 23 11 14 9 6 6 9 6 6
internal_count=56 53 47 24 13 7 23 11 14 9 6 6 9 6 6
is_linear=0
shrinkage=0.05


Tree=50
num_leaves=14
num_cat=0
split_feature=62 11 55 16 79 11 0 11 8 17 73 69 73
split_gain=536374 618174 213841 451180 779010 7784.37 7637.04 723.323 406.809 354.031 276.021 237.899 31.1667
threshold=1.0000000180025095e-35 1.0000000180025095e-35 1.0000000180025095e-35 1.0000000180025095e-35 1.0000000180025095e-35 1.0000000180025095e-35 1.0000000180025095e-35 0.35000000000000003 1.0000000180025095e-35 1.0000000180025095e-35 1.0000000180025095e-35 1.0000000180025095e-35 1.0000000180025095e-35
decision_type=2 2 2 2 2 2 2 2 2 2 2 2 2
left_child=2 -2 5 9 -5 -1 7 -7 11 -4 -11 -9 -8
right_child=1 -3 3 4 -6 6 12 8 -10 10 -12 -13 -14
leaf_value=-2.0532657782236723 -25.319695377349856 4.7053555806477858 -0.8557380855083464 27.772084503173826 -1.8317389398813244 1.2509640932083119 -1.3303117942810057 1.0306370576222741 0.064828874915838233 0.096475124359130832 -0.53797844648361204 0.40095593929290763 -1.1264598210652668
leaf_weight=6.0000000000000027 3.9999999999999991 3 4 5 4 4.0000000000000027 5 2.9999999999999982 4 3 4 3 3
leaf_count=6 4 3 4 5 4 4 5 3 4 3 4 3 3
internal_value=0.47805 -12.4518 2.36366 6.3124 14.6148 -0.456878 -0.0214994 0.682711 0.455409 -0.480495 -0.26607 0.715796 -1.25387
internal_weight=55 7 48 20 9 28 22 14 10 11 7 6 8
internal_count=55 7 48 20 9 28 22 14 10 11 7 6 8
is_linear=0
shrinkage=0.05


Tree=51
num_leaves=11
num_cat=0
split_feature=62 70 5 56 70 11 7 11 0 73
split_gain=356494 896369 56619.4 88247.6 30184.1 5952.86 2638.82 754.27 395.697 7.74277
threshold=1.0000000180025095e-35 1.0000000180025095e-35 1.0000000180025095e-35 1.0000000180025095e-35 1.0000000180025095e-35 0.27350000000000002 1.0000000180025095e-35 1.0000000180025095e-35 1.0000000180025095e-35 1.0000000180025095e-35
decision_type=2 2 2 2 2 2 2 2 2 2
left_child=2 -2 6 4 -4 -5 8 -8 9 -1
right_child=1 -3 3 5 -6 -7 7 -9 -10 -11
leaf_value=-0.61734116375446302 -34.341062800089524 4.3105666637420645 -10.173223266601561 -1.9690941890080769 -4.3459507033228872 0.36688239574432369 -0.066072599093119286 0.76544031977653493 -1.1800230979919433 -0.51107953786849969
leaf_weight=3 2.9999999999999991 3 5 6 4 5 6 5 4 4
leaf_count=3 3 3 5 6 4 5 6 5 4 4
internal_value=-3.61473 -15.0152 -1.98609 -3.9115 -7.58332 -0.907287 -0.235712 0.311888 -0.783312 -0.55662
internal_weight=48 6 42 20 9 11 22 11 11 7
internal_count=48 6 42 20 9 11 22 11 11 7
is_linear=0
shrinkage=0.05


Tree=52
num_leaves=13
num_cat=0
split_feature=79 55 61 62 11 5 11 71 51 0 73 11
split_gain=91505 118564 371469 81031.7 29428.3 34181.4 640.309 200.875 146.65 75.3997 30.9329 7.28126
threshold=1.0000000180025095e-35 1.0000000180025095e-35 1.0000000180025095e-35 1.0000000180025095e-35 1.0000000180025095e-35 1.0000000180025095e-35 0.35000000000000003 1.0000000180025095e-35 1.0000000180025095e-35 1.0000000180025095e-35 1.0000000180025095e-35 1.0000000180025095e-35
decision_type=2 2 2 2 2 2 2 2 2 2 2 2
left_child=1 9 -3 4 5 8 -6 -8 -2 -1 -11 -5
right_child=3 2 -4 11 6 -7 7 -9 -10 10 -12 -13
leaf_value=-0.89055231094360332 -0.011101341247558585 -22.688747914632156 -0.43359820365905755 5.4327860514322914 1.1893075585365296 -5.4183048650622361 0.71525502800941487 0.25782273560762403 -0.47355604171752924 -1.2142215919494628 -1.0111356735229489 5.5429470141728707
leaf_weight=5.0000000000000009 3.0000000000000018 3 5 2.9999999999999991 3.9999999999999991 6 3.9999999999999982 6 4 5 3 3
leaf_count=5 3 3 5 3 4 6 4 6 4 5 3 3
internal_value=-1.40993 -3.99007 -8.77928 0.231971 -0.936006 -2.64903 0.654656 0.440796 -0.275361 -1.04287 -1.13806 5.48787
internal_weight=54 21 8 33 27 13 14 10 7 13 8 6
internal_count=54 21 8 33 27 13 14 10 7 13 8 6
is_linear=0
shrinkage=0.05


Tree=53
num_leaves=15
num_cat=0
split_feature=78 62 5 55 70 11 0 79 11 29 73 23 73 11
split_gain=648254 78491.6 14906.1 25329.6 67836.3 5019.85 3376.66 2838.5 1099.32 791.692 933.491 77.4877 22.8555 6.57137
threshold=1.0000000180025095e-35 1.0000000180025095e-35 1.0000000180025095e-35 1.0000000180025095e-35 1.0000000180025095e-35 1.0000000180025095e-35 1.0000000180025095e-35 1.0000000180025095e-35 1.0000000180025095e-35 1.0000000180025095e-35 1.0000000180025095e-35 1.0000000180025095e-35 1.0000000180025095e-35 1.0000000180025095e-35
decision_type=2 2 2 2 2 2 2 2 2 2 2 2 2 2
left_child=1 2 6 5 -5 -4 8 -7 9 10 -1 -10 -8 -3
right_child=-2 13 3 4 -6 7 12 -9 11 -11 -12 -13 -14 -15
leaf_value=0.65621698379516524 23.719296264648438 5.1611467997233076 -1.7698888142903635 -8.5548274993896491 1.3914283116658526 -1.1585692405700687 -1.155751927693685 0.72507782777150465 0.54751382668813064 -0.71459085941314704 -0.45942378044128401 0.86894327402114857 -0.96057891845703092 5.265799951553344
leaf_weight=5.0000000000000053 2.9999999999999991 2.9999999999999991 6.0000000000000027 3.9999999999999991 3 2.9999999999999982 2.9999999999999991 6 3 2.9999999999999991 3 5 3 3
leaf_count=5 3 3 6 4 3 3 3 6 3 3 3 5 3 3
internal_value=1.10797 -0.171914 -0.85941 -1.80862 -4.29215 -0.649638 -0.0241077 0.0971955 0.302437 -0.0219054 0.237852 0.748407 -1.05817 5.21347
internal_weight=56 53 47 22 7 15 25 9 19 11 8 8 6 6
internal_count=56 53 47 22 7 15 25 9 19 11 8 8 6 6
is_linear=0
shrinkage=0.05


Tree=54
num_leaves=13
num_cat=0
split_feature=80 5 55 71 17 18 5 55 0 73 22 22
split_gain=223173 685793 1.2832e+06 69110.2 57796.4 24783.6 18835.8 58339.3 1280.53 589.363 152.44 28.8054
threshold=1.0000000180025095e-35 1.0000000180025095e-35 1.0000000180025095e-35 1.0000000180025095e-35 1.0000000180025095e-35 1.0000000180025095e-35 1.0000000180025095e-35 1.0000000180025095e-35 0.35000000000000003 1.0000000180025095e-35 0.35000000000000003 0.65000000000000002
decision_type=2 2 2 2 2 2 2 2 2 2 2 2
left_child=1 3 -3 4 -1 -5 8 11 9 -2 -7 -8
right_child=6 2 -4 5 -6 10 7 -9 -10 -11 -12 -13
leaf_value=0.63156968752543097 0.55464394887288393 -0.79772603034973111 37.196960639953609 5.5725377400716152 -8.5491950988769521 0.14087746381759642 -0.73776974081993085 -8.2281255722045863 -1.0243322563171384 -0.43645257949829097 0.55499678291380394 -0.92752428054809555
leaf_weight=3.0000000000000009 3 5.0000000000000018 4 2.9999999999999991 4 5 4 4.0000000000000009 5 3 4 4
leaf_count=3 3 5 4 3 4 5 4 4 5 3 4 4
internal_value=1.72154 4.71925 16.0888 -0.66632 -4.61458 1.63683 -1.92786 -3.29781 -0.433372 0.0590957 0.32493 -0.832647
internal_weight=51 28 9 19 7 12 23 12 11 6 9 8
internal_count=51 28 9 19 7 12 23 12 11 6 9 8
is_linear=0
shrinkage=0.05


Tree=55
num_leaves=14
num_cat=0
split_feature=55 5 79 73 17 22 80 44 70 22 7 0 22
split_gain=106841 102260 96793.1 102250 26591.2 23241.4 7675.44 3200.04 5458.07 592.957 65.519 42.156 9.02056
threshold=1.0000000180025095e-35 1.0000000180025095e-35 1.0000000180025095e-35 1.0000000180025095e-35 1.0000000180025095e-35 1.0000000180025095e-35 1.0000000180025095e-35 1.0000000180025095e-35 1.0000000180025095e-35 0.35000000000000003 1.0000000180025095e-35 1.0000000180025095e-35 0.35000000000000003
decision_type=2 2 2 2 2 2 2 2 2 2 2 2 2
left_child=5 2 3 -2 -4 -1 -3 8 9 -7 -11 -9 -13
right_child=1 6 4 -5 -6 7 -8 11 -10 10 -12 12 -14
leaf_value=3.3800904321670533 -11.724463367462146 -11.162366485595705 -0.43477466106414786 -0.41905182600021357 5.3305491129557279 1.1297423362731929 -7.8167192459106438 -0.80711882114410405 -1.7517409006754558 0.24106746688485142 0.52724695429205892 -1.0744619051615396 -0.96479234695434557
leaf_weight=4.9999999999999991 4.0000000000000036 2.9999999999999991 6 4 3 4.0000000000000009 4 3.9999999999999991 2.9999999999999991 4 4 3 5
leaf_count=5 4 3 6 4 3 4 4 4 3 4 4 3 5
internal_value=-1.64256 -4.16438 -2.07006 -6.07176 1.487 0.248801 -9.25057 -0.331067 0.1558 0.632686 0.384157 -0.939652 -1.00592
internal_weight=56 24 17 8 9 32 7 27 15 12 8 12 8
internal_count=56 24 17 8 9 32 7 27 15 12 8 12 8
is_linear=0
shrinkage=0.05


Tree=56
num_leaves=16
num_cat=0
split_feature=64 5 55 62 11 70 0 0 73 61 11 22 51 73 22
split_gain=594084 67413.8 85488.1 36217.7 6580.4 6311.2 2597.35 2121.75 437.764 1056.99 652.675 390.745 36.2146 18.5047 1.78616
threshold=1.0000000180025095e-35 1.0000000180025095e-35 1.0000000180025095e-35 1.0000000180025095e-35 1.0000000180025095e-35 1.0000000180025095e-35 1.0000000180025095e-35 1.0000000180025095e-35 1.0000000180025095e-35 1.0000000180025095e-35 1.0000000180025095e-35 0.35000000000000003 1.0000000180025095e-35 1.0000000180025095e-35 0.35000000000000003
decision_type=2 2 2 2 2 2 2 2 2 2 2 2 2 2 2
left_child=1 3 4 7 -3 -4 11 8 9 10 12 -6 -1 -9 -12
right_child=-2 2 5 -5 6 -7 -8 13 -10 -11 14 -13 -14 -15 -16
leaf_value=-0.19243186314900626 22.003405761718753 -2.177345097064971 -7.8936398315429672 4.5624228858947751 1.0732552289962771 -5.2290391445159905 -1.0086944580078121 -0.99668025970458984 -0.39367736180623375 1.1131349086761475 0.34408971738691124 0.31838031609853101 -0.43810993830362943 -0.82106386820475241 0.39289076328277583
leaf_weight=3.0000000000000133 2.9999999999999991 4.0000000000000009 5 4.9999999999999991 3.9999999999999982 4 3 2.9999999999999991 2.9999999999999991 2.9999999999999991 3 3 3 3 5
leaf_count=3 3 4 5 5 4 4 3 3 3 3 3 3 3 3 5
internal_value=0.346683 -0.856469 -2.90746 0.665237 -0.463379 -6.70937 0.222208 -0.0842216 0.163174 0.261441 0.0789355 0.749737 -0.315271 -0.908872 0.37459
internal_weight=57 54 23 31 14 9 10 26 20 17 14 7 6 6 8
internal_count=57 54 23 31 14 9 10 26 20 17 14 7 6 6 8
is_linear=0
shrinkage=0.05


Tree=57
num_leaves=13
num_cat=0
split_feature=62 70 79 6 75 11 16 1 73 11 71 8
split_gain=644234 816359 239959 381185 1.07457e+06 42902.7 31674.1 1362.09 1413.8 523.072 379.208 409.02
threshold=1.0000000180025095e-35 1.0000000180025095e-35 1.0000000180025095e-35 1.0000000180025095e-35 1.0000000180025095e-35 1.0000000180025095e-35 1.0000000180025095e-35 1.0000000180025095e-35 1.0000000180025095e-35 0.35000000000000003 1.0000000180025095e-35 1.0000000180025095e-35
decision_type=2 2 2 2 2 2 2 2 2 2 2 2
left_child=2 -2 3 4 -1 6 -4 8 -5 -7 -11 -12
right_child=1 -3 5 7 -6 9 -8 -9 -10 10 11 -13
leaf_value=29.791805839538569 -33.557008361816408 3.3292775313059479 -0.52465602397918676 1.0574782053629554 -1.5932958483695983 1.2941999435424805 -5.9130344708760569 -0.84354424476623524 -0.37841538190841667 1.0287678321202602 0.83114773432413713 0.092662454247474657
leaf_weight=5 2.9999999999999991 3 5.0000000000000018 3 6 2.9999999999999991 6 5 4 2.9999999999999973 3 5
leaf_count=5 3 3 5 3 6 3 6 5 4 3 3 5
internal_value=0.332987 -15.1139 2.26384 5.94958 12.6727 -1.12703 -3.46377 -0.213246 0.236968 0.708976 0.549369 0.369594
internal_weight=54 6 48 23 11 25 11 12 7 14 11 8
internal_count=54 6 48 23 11 25 11 12 7 14 11 8
is_linear=0
shrinkage=0.05


Tree=58
num_leaves=12
num_cat=0
split_feature=62 80 55 70 5 44 11 44 0 71 19
split_gain=642780 256272 413747 1.31091e+06 21792.7 51108.4 4519.14 808.467 466.585 172.777 369.141
threshold=1.0000000180025095e-35 1.0000000180025095e-35 1.0000000180025095e-35 1.0000000180025095e-35 1.0000000180025095e-35 1.0000000180025095e-35 0.27350000000000002 0.33750000000000008 1.0000000180025095e-35 1.0000000180025095e-35 1.0000000180025095e-35
decision_type=2 2 2 2 2 2 2 2 2 2 2
left_child=1 2 6 -4 8 -6 -1 -7 -3 -8 -11
right_child=-2 4 3 -5 5 7 9 -9 -10 10 -12
leaf_value=-1.6576891253391903 -16.86020893096924 -0.17529555559158325 31.596658458709697 -3.0684257328510283 -8.1284776687622067 -1.6640551368395482 0.72578967332839994 -0.57823083400726316 -0.82928525924682617 0.78959032694498676 0.088029348254203776
leaf_weight=2.9999999999999991 4.9999999999999991 6 5.0000000000000018 6 4 3 4.9999999999999973 4 5 3 5
leaf_count=3 5 6 5 6 4 3 5 4 5 3 5
internal_value=0.217024 1.9596 5.22361 12.6884 -2.04624 -3.61991 0.0915499 -1.04358 -0.472564 0.49522 0.351115
internal_weight=54 49 27 11 22 11 16 7 11 13 8
internal_count=54 49 27 11 22 11 16 7 11 13 8
is_linear=0
shrinkage=0.05


Tree=59
num_leaves=13
num_cat=0
split_feature=78 62 5 22 44 1 11 71 73 44 22 22
split_gain=537538 92920.6 17530.3 77216.8 3675.37 1069.97 1473.38 3649.31 899.628 720.319 268.312 70.2106
threshold=1.0000000180025095e-35 1.0000000180025095e-35 1.0000000180025095e-35 1.0000000180025095e-35 1.0000000180025095e-35 1.0000000180025095e-35 1.0000000180025095e-35 1.0000000180025095e-35 1.0000000180025095e-35 0.33750000000000008 0.35000000000000003 0.27500000000000008
decision_type=2 2 2 2 2 2 2 2 2 2 2 2
left_child=1 2 5 -4 11 6 7 8 -1 -6 -8 -5
right_child=-2 -3 3 4 9 -7 10 -9 -10 -11 -12 -13
leaf_value=0.72482756525278003 21.5606689453125 6.9759164422750475 -7.4541085672378493 0.89097488721211759 -1.5296293959021563 -0.78677451610565186 0.32692034443219509 -1.7307512283325197 -0.37039119402567539 -0.54961673736572259 0.95245026797056187 0.54889655113220204
leaf_weight=5.0000000000000053 2.9999999999999991 3.9999999999999991 5.0000000000000027 2.9999999999999991 3 3.9999999999999991 2.9999999999999991 2.9999999999999991 3 5 4 3
leaf_count=5 3 4 5 3 3 4 3 3 3 5 4 3
internal_value=1.06796 -0.298224 -1.0079 -2.12042 -0.215526 -0.047083 0.117293 -0.243572 0.314121 -0.917121 0.684366 0.719936
internal_weight=48 45 41 19 14 22 18 11 8 8 7 6
internal_count=48 45 41 19 14 22 18 11 8 8 7 6
is_linear=0
shrinkage=0.05


Tree=60
num_leaves=14
num_cat=0
split_feature=64 62 55 5 44 71 70 76 11 11 19 77 0
split_gain=505014 109751 36177.6 82771.7 7051.36 4430.95 4334.88 2459.97 650.574 490.328 144.49 48.4846 11.3181
threshold=1.0000000180025095e-35 1.0000000180025095e-35 1.0000000180025095e-35 1.0000000180025095e-35 1.0000000180025095e-35 1.0000000180025095e-35 1.0000000180025095e-35 1.0000000180025095e-35 1.0000000180025095e-35 0.35000000000000003 1.0000000180025095e-35 1.0000000180025095e-35 1.0000000180025095e-35
decision_type=2 2 2 2 2 2 2 2 2 2 2 2 2
left_child=1 2 4 5 9 -4 -5 11 -3 -1 -11 12 -6
right_child=-2 8 3 6 7 -7 -8 -9 -10 10 -12 -13 -14
leaf_value=1.2327777226765946 20.482633463541667 5.1636512756347663 0.40851426550320213 -7.9357707977294911 -0.52855640649795543 -1.6775882244110105 -5.5316418846448245 -2.2881657918294271 6.2049436251322412 0.64781767845153804 0.20889464219411208 -0.82386603355407706 -0.65703048706054679
leaf_weight=3.0000000000000009 2.9999999999999991 2.9999999999999991 7 5 3.9999999999999982 4 3 2.9999999999999991 3 5 3 3 3
leaf_count=3 3 3 7 5 4 4 3 3 3 5 3 3 3
internal_value=0.568689 -0.650532 -1.53446 -3.16445 -0.244054 -0.350068 -7.03422 -1.03242 5.6843 0.687646 0.483222 -0.655692 -0.583617
internal_weight=52 49 43 19 24 11 8 13 6 11 8 10 7
internal_count=52 49 43 19 24 11 8 13 6 11 8 10 7
is_linear=0
shrinkage=0.05


Tree=61
num_leaves=15
num_cat=0
split_feature=64 62 55 16 76 11 79 0 55 6 11 69 11 77
split_gain=456964 96892.6 31277.7 61431.9 4431.93 3974.21 3142.51 2599.99 587.143 571.537 277.722 97.8054 96.7834 15.0722
threshold=1.0000000180025095e-35 1.0000000180025095e-35 1.0000000180025095e-35 1.0000000180025095e-35 1.0000000180025095e-35 1.0000000180025095e-35 1.0000000180025095e-35 1.0000000180025095e-35 1.0000000180025095e-35 1.0000000180025095e-35 0.35000000000000003 1.0000000180025095e-35 0.61250000000000016 1.0000000180025095e-35
decision_type=2 2 2 2 2 2 2 2 2 2 2 2 2 2
left_child=1 2 4 9 5 -1 -5 10 -3 -4 -7 12 -12 -9
right_child=-2 8 3 6 -6 7 -8 13 -10 -11 11 -13 -14 -15
leaf_value=-1.2828871270020787 19.458500162760416 5.8946965376536049 -0.62948060035705555 -6.9525598526000962 -2.1737575531005859 0.8848768845200532 -5.0723155975341792 -0.62417898178100595 4.9054687499999989 0.21575394868850706 0.62437458992004413 0.15489768783251442 0.26514697670936577 -0.78267272313435854
leaf_weight=6.0000000000000062 2.9999999999999991 2.9999999999999991 3 4 2.9999999999999991 4.0000000000000027 5 2.9999999999999991 3 6 4.9999999999999982 3 3 3
leaf_count=6 3 3 3 4 3 4 5 3 3 6 5 3 3 3
internal_value=0.464783 -0.590424 -1.33924 -2.98699 -0.350588 -0.148013 -5.90798 0.176236 5.40008 -0.0659909 0.528101 0.398364 0.489664 -0.703426
internal_weight=57 54 48 18 30 27 9 21 6 9 15 11 8 6
internal_count=57 54 48 18 30 27 9 21 6 9 15 11 8 6
is_linear=0
shrinkage=0.05


Tree=62
num_leaves=13
num_cat=0
split_feature=5 79 44 79 73 55 17 12 55 44 0 23
split_gain=167728 443349 949977 80642.7 85269.6 147563 48474.9 42644.7 2791.75 548.272 36.1313 2.66484
threshold=1.0000000180025095e-35 1.0000000180025095e-35 1.0000000180025095e-35 1.0000000180025095e-35 1.0000000180025095e-35 1.0000000180025095e-35 1.0000000180025095e-35 1.0000000180025095e-35 1.0000000180025095e-35 0.33750000000000008 1.0000000180025095e-35 1.0000000180025095e-35
decision_type=2 2 2 2 2 2 2 2 2 2 2 2
left_child=3 2 -2 4 5 -1 8 -3 11 -4 -6 -5
right_child=1 7 9 6 10 -7 -8 -9 -10 -11 -12 -13
leaf_value=-0.74353911081949808 27.720851898193356 -6.9400970458984368 -1.3254493633906044 0.25349155416091262 -0.36342368721961971 -16.425980019569391 5.833861303329468 -0.46837696773665294 -1.251921104515592 -0.43126627206802359 -0.59297002156575507 0.19115194082260129
leaf_weight=3.0000000000000018 5 4 3 3.0000000000000018 4 3 3.9999999999999991 7 6 4 3 4
leaf_count=3 5 4 3 3 4 3 4 7 6 4 3 4
internal_value=1.21645 4.42886 11.0752 -1.24641 -4.21086 -8.58476 1.02053 -2.82173 -0.460496 -0.814488 -0.461801 0.217869
internal_weight=53 23 12 30 13 6 17 11 13 7 7 7
internal_count=53 23 12 30 13 6 17 11 13 7 7 7
is_linear=0
shrinkage=0.05


Tree=63
num_leaves=15
num_cat=0
split_feature=62 70 80 71 70 6 56 56 7 8 0 44 8 22
split_gain=408601 550483 219955 521896 1.39493e+06 22062.9 56149.9 17535.5 10987.1 5343.05 1334.15 565.401 171.894 2.40502
threshold=1.0000000180025095e-35 1.0000000180025095e-35 1.0000000180025095e-35 1.0000000180025095e-35 1.0000000180025095e-35 1.0000000180025095e-35 1.0000000180025095e-35 1.0000000180025095e-35 1.0000000180025095e-35 1.0000000180025095e-35 0.35000000000000003 0.33750000000000008 1.0000000180025095e-35 0.35000000000000003
decision_type=2 2 2 2 2 2 2 2 2 2 2 2 2 2
left_child=2 -2 3 4 -1 6 -4 9 -6 -5 -7 -8 -9 -14
right_child=1 -3 5 7 8 10 11 12 -10 -11 -12 -13 13 -15
leaf_value=33.025198476314529 -23.25357627868652 2.9781533956527704 -7.9909746170043947 -4.5685003916422557 -3.2686061859130855 0.49745938777923576 -1.2782561143239337 0.65934170881907128 0.73424910704294821 -1.5843605359395341 -0.68141392469406115 -0.41000039100646968 0.24081699550151817 0.18159433901309963
leaf_weight=5.0000000000000018 4 4 3.9999999999999991 2.9999999999999973 4 6 3 3 3 3 4 5 3 4
leaf_count=5 4 4 4 3 4 6 3 3 3 3 4 5 3 4
internal_value=0.353988 -10.1377 2.03266 4.97224 12.8545 -1.70862 -3.15406 -0.939483 -1.5531 -3.07643 0.0259101 -0.735596 0.342685 0.206975
internal_weight=58 8 50 28 12 22 12 16 7 6 10 8 10 7
internal_count=58 8 50 28 12 22 12 16 7 6 10 8 10 7
is_linear=0
shrinkage=0.05


Tree=64
num_leaves=13
num_cat=0
split_feature=62 80 71 23 5 56 56 50 0 11 0 7
split_gain=651620 184663 349264 732634 21548.3 47941.6 13102.5 5028.31 2107.07 1788 1189.9 118.076
threshold=1.0000000180025095e-35 1.0000000180025095e-35 1.0000000180025095e-35 1.0000000180025095e-35 1.0000000180025095e-35 1.0000000180025095e-35 1.0000000180025095e-35 1.0000000180025095e-35 1.0000000180025095e-35 0.35000000000000003 0.35000000000000003 1.0000000180025095e-35
decision_type=2 2 2 2 2 2 2 2 2 2 2 2
left_child=1 2 3 -1 10 -6 7 -4 -7 -5 -3 -8
right_child=-2 4 6 9 5 8 11 -9 -10 -11 -12 -13
leaf_value=21.450198701662675 -15.703674713770548 0.46597375075022374 -4.3700646718343101 -2.3484915415445959 -7.591425895690918 -0.25875049591064453 0.41631278196970611 -1.4751532236735023 -1.9348843892415362 -0.73371661901473983 -0.6473432302474974 0.019532216787338255
leaf_weight=7 5.9999999999999991 6 2.9999999999999991 3 3.9999999999999991 5 3 3 3 4 4 5
leaf_count=7 6 6 3 3 4 5 3 3 3 4 4 5
internal_value=-0.133887 1.73449 4.42793 10.0122 -1.69353 -3.12201 -1.15636 -2.92261 -0.887301 -1.42576 0.020647 0.168325
internal_weight=56 50 28 14 22 12 14 6 8 7 10 8
internal_count=56 50 28 14 22 12 14 6 8 7 10 8
is_linear=0
shrinkage=0.05


Tree=65
num_leaves=14
num_cat=0
split_feature=62 11 55 79 5 70 40 76 69 79 0 11 22
split_gain=469596 682913 278605 729528 1.71557e+06 10558.5 4825.65 2901.45 1975.14 1620.61 108.15 107.769 49.39
threshold=1.0000000180025095e-35 1.0000000180025095e-35 1.0000000180025095e-35 1.0000000180025095e-35 1.0000000180025095e-35 1.0000000180025095e-35 1.0000000180025095e-35 1.0000000180025095e-35 1.0000000180025095e-35 1.0000000180025095e-35 1.0000000180025095e-35 0.61250000000000016 0.65000000000000002
decision_type=2 2 2 2 2 2 2 2 2 2 2 2 2
left_child=2 -2 7 4 -4 6 -5 8 9 10 12 -11 -1
right_child=1 -3 3 5 -6 -7 -8 -9 -10 11 -12 -13 -14
leaf_value=-0.11550498008727997 -24.739181709289554 6.8189353783925357 0.87228739738464345 -4.1944657643636054 48.699269612630196 0.53990947715938087 -1.3584911982218422 -1.838140106201172 -1.0890410900115968 0.58485108273369923 -0.57382113456726069 0.22666633923848464 -0.40241389274597161
leaf_weight=3.0000000000000071 3.9999999999999991 3 5 3 3 4 3 2.9999999999999991 4.9999999999999991 7 5 3 3
leaf_count=3 4 3 5 3 3 4 3 3 5 7 5 3 3
internal_value=0.867621 -11.2143 2.66705 7.55333 18.8074 -1.44992 -2.77648 -0.365811 -0.195927 0.0167188 -0.402078 0.477396 -0.258959
internal_weight=54 7 47 18 8 10 6 29 26 21 11 10 6
internal_count=54 7 47 18 8 10 6 29 26 21 11 10 6
is_linear=0
shrinkage=0.05


Tree=66
num_leaves=16
num_cat=0
split_feature=64 17 61 56 79 70 71 11 75 11 0 73 8 73 22
split_gain=392015 58410.4 51351.1 27592.4 71362.3 10665.1 4204.58 2884.38 1708.66 1555.66 1363.35 3060.01 148.323 6.59453 2.69692
threshold=1.0000000180025095e-35 1.0000000180025095e-35 1.0000000180025095e-35 1.0000000180025095e-35 1.0000000180025095e-35 1.0000000180025095e-35 1.0000000180025095e-35 1.0000000180025095e-35 1.0000000180025095e-35 0.35000000000000003 1.0000000180025095e-35 1.0000000180025095e-35 1.0000000180025095e-35 1.0000000180025095e-35 0.35000000000000003
decision_type=2 2 2 2 2 2 2 2 2 2 2 2 2 2 2
left_child=1 3 7 4 -1 -6 8 -3 9 -5 11 -4 -8 -12 -14
right_child=-2 2 10 6 5 -7 12 -9 -10 -11 13 -13 14 -15 -16
leaf_value=-10.121463267008471 18.238950602213542 4.4270414829254134 1.6754272143046056 -2.0390774154663087 -2.9617763185501094 0.303971294760704 0.58889918724695833 6.4779887517293275 -0.20912169814109793 -0.71615864038467392 -0.61123321851094548 -0.43703851103782648 0.20452672441800429 -0.50639576911926254 0.14181302189826964
leaf_weight=2.9999999999999973 2.9999999999999991 4.0000000000000009 3 4.9999999999999982 5 5 3 3 4.0000000000000009 4 3 4 3 3 4
leaf_count=3 3 4 3 5 5 5 3 3 4 4 3 4 3 3 4
internal_value=0.630201 -0.313125 1.85337 -1.51673 -3.35795 -1.3289 -0.476043 5.30602 -1.06896 -1.45111 -0.00575072 0.468304 0.294753 -0.558814 0.16869
internal_weight=59 56 20 36 13 10 23 7 13 9 13 7 10 6 7
internal_count=59 56 20 36 13 10 23 7 13 9 13 7 10 6 7
is_linear=0
shrinkage=0.05


Tree=67
num_leaves=14
num_cat=0
split_feature=80 5 12 55 70 17 5 56 0 11 44 22 73
split_gain=113840 342792 704992 107530 167274 30415 18090.9 63339.5 1289.8 1280 279.904 38.6245 5.95157
threshold=1.0000000180025095e-35 1.0000000180025095e-35 1.0000000180025095e-35 1.0000000180025095e-35 1.0000000180025095e-35 1.0000000180025095e-35 1.0000000180025095e-35 1.0000000180025095e-35 1.0000000180025095e-35 0.35000000000000003 0.33750000000000008 0.35000000000000003 1.0000000180025095e-35
decision_type=2 2 2 2 2 2 2 2 2 2 2 2 2
left_child=1 3 -3 5 -5 11 8 -8 -2 -4 -9 -1 -10
right_child=6 2 9 4 -6 -7 7 10 12 -11 -12 -13 -14
leaf_value=0.19430038134256983 0.55647150039672844 22.034738647937779 -2.1025592247645055 -12.697375822067261 2.9212571779886876 6.1540892918904628 -9.1000015258789073 -0.96263009707132952 -0.58067158063252744 -0.73629803657531723 -0.35172424316406248 0.41402889092763262 -0.48107598622639963
leaf_weight=3.0000000000000018 5 5.9999999999999982 3 3.9999999999999991 3 2.9999999999999991 2.9999999999999991 3 3 4 5 6 3
leaf_count=3 5 6 3 4 3 3 3 3 3 4 5 6 3
internal_value=1.29833 3.20185 9.45812 -1.07876 -6.00368 1.79411 -1.47043 -2.90423 -0.0366259 -1.32184 -0.580814 0.340786 -0.530874
internal_weight=54 32 13 19 7 12 22 11 11 7 8 9 6
internal_count=54 32 13 19 7 12 22 11 11 7 8 9 6
is_linear=0
shrinkage=0.05


Tree=68
num_leaves=12
num_cat=0
split_feature=64 62 5 22 44 11 80 28 11 0 11
split_gain=349235 121733 50517 95071.9 1953.7 1718.44 601.558 525.042 1818.66 902.153 0.468302
threshold=1.0000000180025095e-35 1.0000000180025095e-35 1.0000000180025095e-35 1.0000000180025095e-35 0.22500000000000003 0.35000000000000003 1.0000000180025095e-35 1.0000000180025095e-35 1.0000000180025095e-35 1.0000000180025095e-35 1.0000000180025095e-35
decision_type=2 2 2 2 2 2 2 2 2 2 2
left_child=1 2 7 6 5 -5 -4 8 -1 -9 -3
right_child=-2 10 3 4 -6 -7 -8 9 -10 -11 -12
leaf_value=-1.0757487726211545 16.804135131835938 5.8743225097656255 -7.7491167068481364 -2.3959438403447475 -0.1972791004180908 -0.81289013624191275 -8.6857446670532212 0.39564660787582401 0.27282742977142332 -0.52400995492935154 5.8463850339253725
leaf_weight=5 2.9999999999999991 2.9999999999999991 3.0000000000000027 2.9999999999999982 5 4 4 7.9999999999999991 5 4.0000000000000009 3
leaf_count=5 3 3 3 3 5 4 4 8 5 4 3
internal_value=0.264259 -0.791478 -1.76492 -3.65348 -0.952149 -1.49134 -8.28433 -0.133885 -0.401461 0.0890944 5.86035
internal_weight=50 47 41 19 12 7 7 22 10 12 6
internal_count=50 47 41 19 12 7 7 22 10 12 6
is_linear=0
shrinkage=0.05


Tree=69
num_leaves=13
num_cat=0
split_feature=62 70 80 12 70 6 56 8 73 0 11 0
split_gain=511489 877519 267569 483812 1.12955e+06 25078.3 60861.1 2372.12 1455.2 1431.94 660.793 0.0525986
threshold=1.0000000180025095e-35 1.0000000180025095e-35 1.0000000180025095e-35 1.0000000180025095e-35 1.0000000180025095e-35 1.0000000180025095e-35 1.0000000180025095e-35 1.0000000180025095e-35 1.0000000180025095e-35 1.0000000180025095e-35 0.35000000000000003 1.0000000180025095e-35
decision_type=2 2 2 2 2 2 2 2 2 2 2 2
left_child=2 -2 3 4 -1 6 -4 10 -7 -8 -5 -10
right_child=1 -3 5 7 -6 8 9 -9 11 -11 -12 -13
leaf_value=30.713394212722775 -32.662460072835287 5.5806063334147122 -8.2514574050903331 -1.8776340484619134 -4.9341609477996817 0.71945567131042476 -0.17967205524444577 0.20966853797435758 -0.44018460909525542 -1.5614278157552079 -0.89597411751747114 -0.43082168896992989
leaf_weight=5 2.9999999999999991 3 3.9999999999999991 3 4 5 5 4 3 3 4 3
leaf_count=5 3 3 4 3 4 5 5 4 3 3 4 3
internal_value=0.134743 -13.5409 2.04298 6.27261 14.87 -1.63497 -3.21571 -0.761648 0.0894781 -0.69783 -1.31669 -0.435503
internal_weight=49 6 43 20 9 23 12 11 11 8 7 6
internal_count=49 6 43 20 9 23 12 11 11 8 7 6
is_linear=0
shrinkage=0.05


Tree=70
num_leaves=16
num_cat=0
split_feature=5 80 12 79 55 62 56 55 11 0 11 51 22 22 77
split_gain=107958 433117 959055 93961.2 140247 74800.5 46324 6494.64 1585.99 1329.89 934.844 212.271 47.9669 33.893 13.8861
threshold=1.0000000180025095e-35 1.0000000180025095e-35 1.0000000180025095e-35 1.0000000180025095e-35 1.0000000180025095e-35 1.0000000180025095e-35 1.0000000180025095e-35 1.0000000180025095e-35 0.35000000000000003 1.0000000180025095e-35 1.0000000180025095e-35 1.0000000180025095e-35 0.65000000000000002 0.35000000000000003 1.0000000180025095e-35
decision_type=2 2 2 2 2 2 2 2 2 2 2 2 2 2 2
left_child=3 2 -2 4 14 7 -3 13 -4 12 -7 -9 -8 -5 -1
right_child=1 6 8 5 -6 10 9 11 -10 -11 -12 -13 -14 -15 -16
leaf_value=-0.40928059418996138 30.63637064695358 -7.7981409708658864 -1.7837523798147832 0.16046057144800807 -13.725771220525102 5.3015759785970058 -0.052658096949259429 -2.1100566864013675 -0.15792557398478188 -1.4833564440409339 6.5498041788736963 -1.5536732554435728 -0.33540334701538077 0.37304153919219968 -0.56141026814778627
leaf_weight=3.0000000000000018 4 2.9999999999999991 3 3.0000000000000018 3 2.9999999999999991 3 2.9999999999999991 3 3 3 4 3 5 3
leaf_count=3 4 3 3 3 3 3 3 3 3 3 3 4 3 5 3
internal_value=1.3265 3.9869 11.672 -0.624451 -4.89882 1.20742 -2.41739 -0.679885 -0.970839 -0.623806 5.92569 -1.79212 -0.194031 0.293324 -0.485345
internal_weight=52 22 10 30 9 21 12 15 6 9 6 7 6 8 6
internal_count=52 22 10 30 9 21 12 15 6 9 6 7 6 8 6
is_linear=0
shrinkage=0.05


Tree=71
num_leaves=15
num_cat=0
split_feature=78 62 5 55 71 11 22 44 0 79 11 7 73 22
split_gain=311837 113215 49674.1 112022 4125.62 6498.03 3042.33 2918.05 1399.48 1394.18 843.697 803.987 2604.38 4.52049
threshold=1.0000000180025095e-35 1.0000000180025095e-35 1.0000000180025095e-35 1.0000000180025095e-35 1.0000000180025095e-35 1.0000000180025095e-35 0.27500000000000008 0.33750000000000008 0.35000000000000003 1.0000000180025095e-35 1.0000000180025095e-35 1.0000000180025095e-35 1.0000000180025095e-35 0.35000000000000003
decision_type=2 2 2 2 2 2 2 2 2 2 2 2 2 2
left_child=1 2 4 6 8 -6 -4 -8 11 -5 -3 12 -1 -7
right_child=-2 10 3 9 5 13 7 -9 -10 -11 -12 -13 -14 -15
leaf_value=2.1943657239278163 15.748337809244791 5.0364972432454431 0.47328449338674528 -7.4489775657653796 -2.4202192783355709 0.15243752797444657 -2.0124057483673101 -0.30417521476745601 -0.44406789143880182 -8.7690985679626454 6.2223139444986968 0.10240248839060462 0.24550529420375822 0.071244031190872179
leaf_weight=2.9999999999999982 2.9999999999999991 2.9999999999999991 4.0000000000000009 4 4 3 4.9999999999999982 5 3.0000000000000009 4 3 3 4 4
leaf_count=3 3 3 4 4 4 3 5 5 3 4 3 3 4 4
internal_value=0.0738347 -0.830464 -1.67306 -3.38919 -0.0999361 -0.812599 -0.692126 -1.15829 0.503086 -8.10904 5.62941 0.787233 1.08073 0.106041
internal_weight=55 52 46 22 24 11 14 10 13 8 6 10 7 7
internal_count=55 52 46 22 24 11 14 10 13 8 6 10 7 7
is_linear=0
shrinkage=0.05


Tree=72
num_leaves=13
num_cat=0
split_feature=27 55 79 62 22 71 11 44 69 0 6 73
split_gain=210312 469610 189569 87745.2 2871.24 1987.88 5705.02 1667.07 1645.83 1074.03 186.312 10.6182
threshold=1.0000000180025095e-35 1.0000000180025095e-35 1.0000000180025095e-35 1.0000000180025095e-35 0.27500000000000008 1.0000000180025095e-35 1.0000000180025095e-35 0.33750000000000008 1.0000000180025095e-35 1.0000000180025095e-35 1.0000000180025095e-35 1.0000000180025095e-35
decision_type=2 2 2 2 2 2 2 2 2 2 2 2
left_child=3 4 -3 5 -2 9 -7 8 -6 10 -1 -11
right_child=1 2 -4 -5 7 6 -8 -9 -10 11 -12 -13
leaf_value=0.097282354036966889 0.44962025433778685 -25.738827260335285 -9.1118934869766228 6.9653469467163092 -2.2310954332351689 -2.2992083311080931 0.13856395085652667 -0.26377971172332759 -0.79677003324031814 -0.51113637288411429 0.57986859281857794 -0.37810607751210523
leaf_weight=3.0000000000000018 4.0000000000000062 2.9999999999999991 4 4.9999999999999991 3.9999999999999982 4 6 4 4 3.0000000000000009 6 3
leaf_count=3 4 3 4 5 4 4 6 4 4 3 6 3
internal_value=-1.83901 -5.43618 -16.2377 0.918821 -0.710506 -0.290485 -0.836545 -1.09722 -1.51393 0.0735554 0.419007 -0.444621
internal_weight=53 23 7 30 16 25 10 12 8 15 9 6
internal_count=53 23 7 30 16 25 10 12 8 15 9 6
is_linear=0
shrinkage=0.05


Tree=73
num_leaves=14
num_cat=0
split_feature=5 55 80 62 71 11 22 0 22 6 73 11 77
split_gain=181266 333364 183464 49562.8 3043.96 4900.58 2212.34 2073.39 1849.76 844.928 2100.56 205.355 9.58296
threshold=1.0000000180025095e-35 1.0000000180025095e-35 1.0000000180025095e-35 1.0000000180025095e-35 1.0000000180025095e-35 1.0000000180025095e-35 0.27500000000000008 1.0000000180025095e-35 0.35000000000000003 1.0000000180025095e-35 1.0000000180025095e-35 0.27350000000000002 1.0000000180025095e-35
decision_type=2 2 2 2 2 2 2 2 2 2 2 2 2
left_child=3 6 -3 4 7 -6 -2 9 -8 -1 -11 -10 -9
right_child=1 2 -4 -5 5 -7 8 12 11 10 -12 -13 -14
leaf_value=0.092418233553568443 0.42713925242423995 -20.933236122131344 -5.7895873069763173 5.300320587158204 -2.1842479228973386 0.075127003590265903 -2.0029517014821376 -0.35920077164967834 -0.28447283506393428 2.0556540489196773 0.18457523187001543 -0.83171740372975644 -0.48557957013448072
leaf_weight=3.0000000000000018 4.0000000000000009 4 4 4.9999999999999991 4 6 2.9999999999999982 3.0000000000000009 4 3 3 3 3
leaf_count=3 4 4 4 5 4 6 3 3 4 3 3 3 3
internal_value=-1.77203 -5.2193 -13.3614 0.755966 -0.152905 -0.828623 -0.566667 0.297573 -0.96419 0.777549 1.12011 -0.519006 -0.42239
internal_weight=52 22 8 30 25 10 14 15 10 9 6 7 6
internal_count=52 22 8 30 25 10 14 15 10 9 6 7 6
is_linear=0
shrinkage=0.05


Tree=74
num_leaves=13
num_cat=0
split_feature=19 80 70 11 6 11 5 44 69 0 73 0
split_gain=145539 299273 447483 1.14139e+06 123246 148167 16543.2 25171.5 11703.4 2328.57 1869.63 727.06
threshold=1.0000000180025095e-35 1.0000000180025095e-35 1.0000000180025095e-35 1.0000000180025095e-35 1.0000000180025095e-35 1.0000000180025095e-35 1.0000000180025095e-35 1.0000000180025095e-35 1.0000000180025095e-35 0.35000000000000003 1.0000000180025095e-35 1.0000000180025095e-35
decision_type=2 2 2 2 2 2 2 2 2 2 2 2
left_child=1 2 3 -1 5 -2 9 -8 -5 10 -3 -9
right_child=4 6 -4 8 -6 -7 7 11 -10 -11 -12 -13
leaf_value=34.96616523265839 -10.955007187525434 1.9528712908426915 -4.3802427619695665 3.8454084157943713 4.7352442026138304 0.15682389338811237 -5.5001079559326165 -0.086679762601852395 -0.28587029278278347 -0.39074382305145261 0.18763938744862871 -1.1163865725199378
leaf_weight=3.9999999999999982 5.9999999999999982 3 4.9999999999999991 3 3.9999999999999991 6 4 4 4 5 3 3
leaf_count=4 6 3 5 3 4 6 4 4 4 5 3 3
internal_value=1.13481 2.81915 8.02226 13.6598 -2.86551 -5.39909 -0.964932 -2.33603 1.48468 0.406165 1.07026 -0.527983
internal_weight=54 38 16 11 16 12 22 11 7 11 6 7
internal_count=54 38 16 11 16 12 22 11 7 11 6 7
is_linear=0
shrinkage=0.05


Tree=75
num_leaves=14
num_cat=0
split_feature=16 55 80 28 8 22 62 22 44 73 69 11 22
split_gain=165403 446001 1.18264e+06 142202 450395 27995.2 28457.6 1902.56 1806.21 1687.34 1182.62 727.899 350.513
threshold=1.0000000180025095e-35 1.0000000180025095e-35 1.0000000180025095e-35 1.0000000180025095e-35 1.0000000180025095e-35 1.0000000180025095e-35 1.0000000180025095e-35 0.27500000000000008 0.33750000000000008 1.0000000180025095e-35 1.0000000180025095e-35 0.55000000000000016 0.35000000000000003
decision_type=2 2 2 2 2 2 2 2 2 2 2 2 2
left_child=3 7 -3 4 -1 6 9 -2 10 -5 -9 -7 -6
right_child=1 2 -4 5 12 11 -8 8 -10 -11 -12 -13 -14
leaf_value=-22.098656209309883 0.31430394053459154 33.223642578721041 -5.2251026153564446 1.8552276929219549 -0.30559535026550289 -0.35681498845418297 6.1241998291015616 -2.2459258079528817 -0.25721984386444086 0.178257409731547 -0.84199077288309709 -1.4582523743311562 0.28644562244415278
leaf_weight=3.0000000000000009 4.0000000000000009 4 4 3.0000000000000018 5 2.9999999999999991 5 2.9999999999999982 5 3 3 3 5
leaf_count=3 4 4 4 3 5 3 5 3 5 3 3 3 5
internal_value=1.27521 4.46528 13.9993 -1.17052 -5.10706 1.83978 3.33831 -0.619509 -0.959077 1.01674 -1.54396 -0.907534 -0.00957486
internal_weight=53 23 8 30 13 17 11 15 11 6 6 6 10
internal_count=53 23 8 30 13 17 11 15 11 6 6 6 10
is_linear=0
shrinkage=0.05


Tree=76
num_leaves=13
num_cat=0
split_feature=5 55 70 11 62 62 71 12 6 11 22 44
split_gain=184023 660426 708005 34529.8 89439 23460.5 6750.23 1006.15 719.775 216.1 78.801 6.27312
threshold=1.0000000180025095e-35 1.0000000180025095e-35 1.0000000180025095e-35 1.0000000180025095e-35 1.0000000180025095e-35 1.0000000180025095e-35 1.0000000180025095e-35 1.0000000180025095e-35 1.0000000180025095e-35 0.35000000000000003 0.35000000000000003 0.33750000000000008
decision_type=2 2 2 2 2 2 2 2 2 2 2 2
left_child=3 7 -3 4 6 8 -1 -2 10 -9 -5 -10
right_child=1 2 -4 5 -6 -7 -8 9 11 -11 -12 -13
leaf_value=0.62252634316682831 -0.13032423257827755 31.661080932617189 -0.47156346638997387 0.14156968593597416 -8.8492349624633793 4.8961474100748701 -1.8930935740470884 -1.2314420676231383 -0.46214700539906811 -0.76657630294561374 0.48056551814079279 -0.35989633401234933
leaf_weight=7.9999999999999982 5.0000000000000009 3.9999999999999991 3 2.9999999999999982 3.9999999999999991 2.9999999999999991 4 5 3 5 4 3
leaf_count=8 5 4 3 3 4 3 4 5 3 5 4 3
internal_value=1.6883 5.20854 17.8899 -0.731869 -2.37432 0.91058 -0.216014 -0.709448 -0.00916607 -0.999009 0.335282 -0.411022
internal_weight=54 22 7 32 16 16 12 15 13 10 7 6
internal_count=54 22 7 32 16 16 12 15 13 10 7 6
is_linear=0
shrinkage=0.05


Tree=77
num_leaves=14
num_cat=0
split_feature=62 70 70 55 5 63 73 7 11 69 17 22 22
split_gain=353929 460173 88095.2 168852 513064 7489.86 1466.05 575.797 305.823 219.969 65.8394 34.1657 0.0667894
threshold=1.0000000180025095e-35 1.0000000180025095e-35 1.0000000180025095e-35 1.0000000180025095e-35 1.0000000180025095e-35 1.0000000180025095e-35 1.0000000180025095e-35 1.0000000180025095e-35 0.27350000000000002 1.0000000180025095e-35 1.0000000180025095e-35 0.35000000000000003 0.65000000000000002
decision_type=2 2 2 2 2 2 2 2 2 2 2 2 2
left_child=2 -2 3 7 5 6 -5 8 11 10 -10 -1 -13
right_child=1 -3 -4 4 -6 -7 -8 -9 9 -11 -12 12 -14
leaf_value=-0.050918922821680604 -21.870783615112302 2.1128931045532222 -3.7291583980832783 1.7313400586446113 17.935159111022951 -1.6704813432693477 0.16819458802541093 0.19504901170730593 -0.58821756392717373 -0.94682152668635033 -0.30133920013904564 -0.26285122235616043 -0.25230059623718254
leaf_weight=3.0000000000000053 4 4 6.9999999999999991 3.0000000000000018 5.9999999999999991 5 3 4.9999999999999991 3.9999999999999982 3 4 3 3
leaf_count=3 4 4 7 3 6 5 3 5 4 3 4 3 3
internal_value=-0.128073 -9.87895 1.46391 2.32942 6.17395 -0.241255 0.949767 -0.284866 -0.404845 -0.581699 -0.444778 -0.18869 -0.257576
internal_weight=57 8 49 42 17 11 6 25 20 11 8 9 6
internal_count=57 8 49 42 17 11 6 25 20 11 8 9 6
is_linear=0
shrinkage=0.05


Tree=78
num_leaves=14
num_cat=0
split_feature=16 79 22 50 8 62 71 63 22 55 73 59 44
split_gain=170975 413268 948471 124301 346116 69519.8 14495.9 2853.78 1622.34 1369.67 1558.52 187.061 14.4819
threshold=1.0000000180025095e-35 1.0000000180025095e-35 0.35000000000000003 1.0000000180025095e-35 1.0000000180025095e-35 1.0000000180025095e-35 1.0000000180025095e-35 1.0000000180025095e-35 0.27500000000000008 1.0000000180025095e-35 1.0000000180025095e-35 1.0000000180025095e-35 0.62500000000000011
decision_type=2 2 2 2 2 2 2 2 2 2 2 2 2
left_child=3 2 -2 4 -1 7 8 9 -3 -5 -11 -6 -4
right_child=1 6 12 5 11 -7 -8 -9 -10 10 -12 -13 -14
leaf_value=-19.613279279073069 31.114951896667478 -0.21374700963497159 -0.39504479169845569 -0.30022341489791859 0.11404621601104735 7.4056575775146491 -5.0271100640296922 -1.3923238118489585 -1.7518993298212682 1.6447730700174963 0.13717694282531737 0.61346055666605626 -0.23968555927276602
leaf_weight=3.0000000000000009 4 4 3 5.0000000000000018 5 3.9999999999999991 3 2.9999999999999991 3 3 4 3 3
leaf_count=3 4 4 3 5 5 4 3 3 3 3 4 3 3
internal_value=1.48724 5.06818 12.2556 -0.900055 -5.12993 1.54882 -2.1192 -0.0130041 -0.872955 0.331826 0.78329 0.301327 -0.317365
internal_weight=50 20 10 30 11 19 10 15 7 12 7 8 6
internal_count=50 20 10 30 11 19 10 15 7 12 7 8 6
is_linear=0
shrinkage=0.05


Tree=79
num_leaves=14
num_cat=0
split_feature=62 11 80 71 12 5 22 12 0 0 8 11 22
split_gain=352380 407099 213171 492230 987839 36809.6 66167.1 32766.2 1925.58 1449.58 1093.64 12.4147 0.000816103
threshold=1.0000000180025095e-35 1.0000000180025095e-35 1.0000000180025095e-35 1.0000000180025095e-35 1.0000000180025095e-35 1.0000000180025095e-35 0.27500000000000008 1.0000000180025095e-35 1.0000000180025095e-35 1.0000000180025095e-35 1.0000000180025095e-35 0.35000000000000003 0.35000000000000003
decision_type=2 2 2 2 2 2 2 2 2 2 2 2 2
left_child=2 -2 3 4 -1 9 -7 -5 -8 -4 -9 -11 -12
right_child=1 -3 5 7 -6 6 8 10 -10 11 12 -13 -14
leaf_value=29.252930741310117 -18.323180770874021 4.9748685201009106 0.84974056124687181 -4.5400561904907226 -0.83890945650637139 -8.9994070053100579 -0.21986481845378872 1.2876629352569577 -1.8956166903177891 -0.37490773200988764 0.11903644402821856 -0.23106371561686193 0.11787017981211341
leaf_weight=5 5 3 5 4.9999999999999991 6 4 4 3 3 3 3 3 3
leaf_count=5 5 3 5 5 6 4 4 3 3 3 3 3 3
internal_value=0.114185 -9.58641 1.76535 4.92418 12.8392 -1.82423 -3.86945 -1.29476 -0.938044 0.220981 0.50819 -0.302986 0.118453
internal_weight=55 8 47 25 11 22 11 14 7 11 9 6 6
internal_count=55 8 47 25 11 22 11 14 7 11 9 6 6
is_linear=0
shrinkage=0.05


Tree=80
num_leaves=13
num_cat=0
split_feature=62 79 55 73 11 5 69 8 44 51 11 0
split_gain=358336 230066 342044 629206 59237 58827.2 964.385 874.446 584.429 21.2961 9.74597 0.784883
threshold=1.0000000180025095e-35 1.0000000180025095e-35 1.0000000180025095e-35 1.0000000180025095e-35 1.0000000180025095e-35 1.0000000180025095e-35 1.0000000180025095e-35 1.0000000180025095e-35 0.33750000000000008 1.0000000180025095e-35 0.55000000000000016 0.35000000000000003
decision_type=2 2 2 2 2 2 2 2 2 2 2 2
left_child=1 2 8 -4 5 9 7 -6 -1 -3 -9 -10
right_child=-2 4 3 -5 6 -7 -8 10 11 -11 -12 -13
leaf_value=-0.95126739740371669 -11.848685201009115 -1.0957048495610546 24.261536102294919 -2.3440522756427522 1.223279809951783 -7.9433366099993385 -0.34218747198581695 0.17954794168472288 -0.19893188953399654 -1.2719342827796933 0.29354192813237501 -0.2312817017237345
leaf_weight=4.0000000000000009 5.9999999999999991 3.0000000000000018 5 4 2.9999999999999973 6 4.9999999999999991 5 5 4 3 3
leaf_count=4 6 3 5 4 3 6 5 5 5 4 3 3
internal_value=-0.302711 1.08281 5.06847 12.4368 -1.80337 -4.31037 0.233579 0.495291 -0.457798 -1.19641 0.222296 -0.211063
internal_weight=56 50 21 9 29 13 16 11 12 7 8 8
internal_count=56 50 21 9 29 13 16 11 12 7 8 8
is_linear=0
shrinkage=0.05


Tree=81
num_leaves=14
num_cat=0
split_feature=62 70 5 55 0 12 28 7 22 22 22 73 44
split_gain=298517 413613 113474 406962 2692.51 1055.69 3476.54 1025.48 369.156 366.117 17.6038 10.96 6.64537
threshold=1.0000000180025095e-35 1.0000000180025095e-35 1.0000000180025095e-35 1.0000000180025095e-35 1.0000000180025095e-35 1.0000000180025095e-35 1.0000000180025095e-35 1.0000000180025095e-35 0.35000000000000003 0.35000000000000003 0.65000000000000002 1.0000000180025095e-35 0.33750000000000008
decision_type=2 2 2 2 2 2 2 2 2 2 2 2 2
left_child=2 -2 5 4 9 6 -1 12 -9 -4 -11 -8 -7
right_child=1 -3 3 -5 -6 7 11 8 -10 10 -12 -13 -14
leaf_value=-1.5010325622558593 -19.883647918701168 2.8543330192565914 0.32514712810516339 14.513929203578407 -1.7532725016276043 -0.37665097713470463 0.093993120193481439 0.10220731894175208 0.8037831306457518 -0.37804973920186352 -0.20676145553588865 0.20503367781639095 -0.27141019503275549
leaf_weight=4.9999999999999991 4 4 4.0000000000000018 6.9999999999999991 2.9999999999999991 2.9999999999999991 5 3 5 3 3 4 3
leaf_count=5 4 4 4 7 3 3 5 3 5 3 3 4 3
internal_value=0.427373 -8.51466 1.91771 4.79419 -0.439513 -0.136918 -0.443933 0.170097 0.540692 -0.0453845 -0.292406 0.143344 -0.324031
internal_weight=56 8 48 20 13 28 14 14 8 10 6 9 6
internal_count=56 8 48 20 13 28 14 14 8 10 6 9 6
is_linear=0
shrinkage=0.05


Tree=82
num_leaves=14
num_cat=0
split_feature=64 62 55 5 70 61 7 76 55 22 80 73 22
split_gain=302603 112665 62684.9 157963 14292.7 3107.05 2893.16 1722.83 567.976 409.207 966.817 7.92266 2.33332
threshold=1.0000000180025095e-35 1.0000000180025095e-35 1.0000000180025095e-35 1.0000000180025095e-35 1.0000000180025095e-35 1.0000000180025095e-35 1.0000000180025095e-35 1.0000000180025095e-35 1.0000000180025095e-35 0.27500000000000008 1.0000000180025095e-35 1.0000000180025095e-35 0.65000000000000002
decision_type=2 2 2 2 2 2 2 2 2 2 2 2 2
left_child=1 2 6 5 -5 -4 7 9 -3 -1 -11 -7 -12
right_child=-2 8 3 4 -6 11 -8 -9 -10 10 12 -13 -14
leaf_value=0.074602758884429729 15.287449137369791 5.9337753295898441 -1.3097212314605713 -11.517990493774413 -7.2911823892965906 0.30227095286051425 0.61746446745736261 -1.6656089146931965 4.9608276367187489 -1.0562925064563755 -0.16066767275333402 0.19478200078010555 -0.21190232992172239
leaf_weight=4.0000000000000098 2.9999999999999991 2.9999999999999991 6 4 4 3 6.9999999999999991 2.9999999999999991 3 4.9999999999999973 4 4 5
leaf_count=4 3 3 6 4 4 3 7 3 3 5 4 4 5
internal_value=-0.176254 -1.01973 -1.81161 -3.87662 -9.40459 -0.474799 -0.26285 -0.556289 5.4473 -0.371402 -0.498832 0.240849 -0.189131
internal_weight=58 55 49 21 8 13 28 21 6 18 14 7 9
internal_count=58 55 49 21 8 13 28 21 6 18 14 7 9
is_linear=0
shrinkage=0.05


Tree=83
num_leaves=14
num_cat=0
split_feature=62 80 71 22 56 40 55 5 76 8 11 22 0
split_gain=759489 124754 243751 475405 20733.9 19473.8 19121.2 65216.8 1672.95 724.749 521.334 79.2166 2.707
threshold=1.0000000180025095e-35 1.0000000180025095e-35 1.0000000180025095e-35 1.0000000180025095e-35 1.0000000180025095e-35 1.0000000180025095e-35 1.0000000180025095e-35 1.0000000180025095e-35 1.0000000180025095e-35 1.0000000180025095e-35 0.35000000000000003 0.35000000000000003 0.35000000000000003
decision_type=2 2 2 2 2 2 2 2 2 2 2 2 2
left_child=1 2 3 -1 5 -4 8 -8 11 -6 -5 -3 -13
right_child=-2 6 4 10 9 -7 7 -9 -10 -11 -12 12 -14
leaf_value=18.680030854543048 -19.312216835021975 -0.4693984429041545 -6.2260515689849854 -0.99823339780171683 1.1251033584276831 -0.52900515397389725 -0.10313307285308837 -9.4281405131022122 -1.5823284626007073 0.14208158969879148 -0.12629385292530057 -0.13903446793556212 -0.19720450639724729
leaf_weight=6 4.9999999999999991 2.9999999999999991 2.9999999999999991 3 3 3 5 3 3.0000000000000009 5 4 4 4
leaf_count=6 5 3 3 3 3 3 5 3 3 5 4 4 4
internal_value=-0.749268 1.14491 3.42225 8.35233 -1.15568 -3.37753 -1.65001 -3.60001 -0.535724 0.510715 -0.499982 -0.250286 -0.168119
internal_weight=54 49 27 13 14 6 22 8 14 8 7 11 8
internal_count=54 49 27 13 14 6 22 8 14 8 7 11 8
is_linear=0
shrinkage=0.05


Tree=84
num_leaves=16
num_cat=0
split_feature=55 27 70 79 73 62 62 7 71 44 69 44 50 23 16
split_gain=253591 369238 92897.5 63373.7 89448.9 51191 39574 2165.98 751.68 1109.65 1678.22 470.878 421.885 326.057 2.6344
threshold=1.0000000180025095e-35 1.0000000180025095e-35 1.0000000180025095e-35 1.0000000180025095e-35 1.0000000180025095e-35 1.0000000180025095e-35 1.0000000180025095e-35 1.0000000180025095e-35 1.0000000180025095e-35 0.33750000000000008 1.0000000180025095e-35 0.22500000000000003 1.0000000180025095e-35 1.0000000180025095e-35 1.0000000180025095e-35
decision_type=2 2 2 2 2 2 2 2 2 2 2 2 2 2 2
left_child=5 3 -3 4 -2 7 12 8 9 10 11 -1 -5 -9 -11
right_child=1 2 -4 6 -6 -7 -8 13 -10 14 -12 -13 -14 -15 -16
leaf_value=-1.9382356723149579 -10.383878779411313 -17.697707875569655 -7.8606249570846547 -1.5215755760669705 0.19019955396652219 6.6026976267496753 5.678397115071613 0.059119645754496214 0.25410498778025309 -0.21313921213150031 -0.25498037219047542 -1.0523478825887043 -0.7371976216634113 0.7184701824188231 -0.15869931697845457
leaf_weight=3.0000000000000053 4 6.0000000000000018 4 4 4 2.9999999999999991 3 3.0000000000000018 2.9999999999999991 3.9999999999999982 5 3 3 5 5
leaf_count=3 4 6 4 4 4 3 3 3 3 4 5 3 3 5 5
internal_value=-2.53579 -6.05951 -13.7629 -1.77986 -5.09684 0.3661 0.87373 -0.237441 -0.48393 -0.594635 -0.931514 -1.49529 -1.18541 0.471214 -0.182895
internal_weight=62 28 10 18 8 34 10 31 23 20 11 6 7 8 9
internal_count=62 28 10 18 8 34 10 31 23 20 11 6 7 8 9
is_linear=0
shrinkage=0.05


Tree=85
num_leaves=14
num_cat=0
split_feature=64 5 55 63 61 79 12 11 22 22 77 50 22
split_gain=312956 107080 179049 18549.3 50596.4 6137.48 3407.87 662.991 896.017 590.467 471.759 380.751 149.978
threshold=1.0000000180025095e-35 1.0000000180025095e-35 1.0000000180025095e-35 1.0000000180025095e-35 1.0000000180025095e-35 1.0000000180025095e-35 1.0000000180025095e-35 1.0000000180025095e-35 0.35000000000000003 0.65000000000000002 1.0000000180025095e-35 1.0000000180025095e-35 0.35000000000000003
decision_type=2 2 2 2 2 2 2 2 2 2 2 2 2
left_child=1 3 7 4 -1 -4 11 9 -9 -3 -6 -5 -8
right_child=-2 2 5 6 10 -7 12 8 -10 -11 -12 -13 -14
leaf_value=6.2793284606933621 15.618472290039064 -1.0988948166370387 -8.2234483718872067 -1.4454968094825753 0.51215566098690024 -10.993258857727049 0.056163668632507317 0.49426356405019756 -0.56404719054698937 -0.17094156742095945 -0.14545061409473417 -0.70033773581186909 0.48914511998494464
leaf_weight=4.9999999999999973 2.9999999999999991 4.0000000000000009 4 3.9999999999999973 6 4 3 4 4 3 5 3 6
leaf_count=5 3 4 4 4 6 4 3 4 4 3 5 3 6
internal_value=-0.107522 -0.965303 -3.56758 0.905084 2.1089 -9.60835 -0.298727 -0.345836 -0.0348918 -0.701201 0.213244 -1.12614 0.344818
internal_weight=58 55 23 32 16 8 16 15 8 7 11 7 9
internal_count=58 55 23 32 16 8 16 15 8 7 11 7 9
is_linear=0
shrinkage=0.05


Tree=86
num_leaves=14
num_cat=0
split_feature=78 62 55 5 28 79 11 55 18 22 73 0 22
split_gain=274481 104979 54455.1 131956 4463.46 1514.77 1325.33 462.62 379.545 542.065 179.488 154.619 135.355
threshold=1.0000000180025095e-35 1.0000000180025095e-35 1.0000000180025095e-35 1.0000000180025095e-35 1.0000000180025095e-35 1.0000000180025095e-35 1.0000000180025095e-35 1.0000000180025095e-35 1.0000000180025095e-35 0.35000000000000003 1.0000000180025095e-35 1.0000000180025095e-35 0.35000000000000003
decision_type=2 2 2 2 2 2 2 2 2 2 2 2 2
left_child=1 2 6 4 -4 -5 -1 -3 9 -8 -6 -11 -10
right_child=-2 7 3 5 10 -7 8 -9 12 11 -12 -13 -14
leaf_value=-0.76036953131357787 14.837544759114586 5.9585960388183601 -1.528196659088134 -8.176064554850262 0.64703839123249041 -9.6623459875583624 0.31357954472303384 5.0805109659830716 0.053355487187703436 -0.63384745518366481 0.13542043566703793 -0.17980039358139036 0.46468788782755532
leaf_weight=6.0000000000000027 2.9999999999999991 2.9999999999999991 5.0000000000000018 2.9999999999999991 4 4 5.0000000000000009 3 3 3 3 5 6
leaf_count=6 3 3 5 3 4 4 5 3 3 3 3 5 6
internal_value=0.12427 -0.708557 -1.50363 -3.56969 -0.387214 -9.02537 -0.101667 5.51955 0.0779794 -0.094819 0.427774 -0.350068 0.327577
internal_weight=56 53 47 19 12 7 28 6 22 13 7 8 9
internal_count=56 53 47 19 12 7 28 6 22 13 7 8 9
is_linear=0
shrinkage=0.05


Tree=87
num_leaves=13
num_cat=0
split_feature=8 79 55 6 55 71 7 11 22 11 0 11
split_gain=138403 262718 580708 1.1524e+06 153596 111779 119740 5641.03 2542.99 10066.7 21.529 7.6196
threshold=1.0000000180025095e-35 1.0000000180025095e-35 1.0000000180025095e-35 1.0000000180025095e-35 1.0000000180025095e-35 1.0000000180025095e-35 1.0000000180025095e-35 0.27350000000000002 0.35000000000000003 0.35000000000000003 1.0000000180025095e-35 0.35000000000000003
decision_type=2 2 2 2 2 2 2 2 2 2 2 2
left_child=1 2 10 -4 7 6 -2 -3 9 -7 -1 -12
right_child=5 4 3 -5 -6 8 -8 -9 -10 -11 11 -13
leaf_value=-0.085639724731445266 -14.896235148111987 2.5897192318613307 41.685508473714194 0.69062496423721298 -12.571533393859859 -0.59737949371337873 -0.76941083272298161 -0.27846856713294982 -0.17690023183822629 3.498696660995483 -0.28246653874715161 -0.1697751959164937
leaf_weight=5.0000000000000018 2.9999999999999973 3.0000000000000018 2.9999999999999991 4 3 3 3 4 4 3 3 3
leaf_count=5 3 3 3 4 3 3 3 4 4 3 3 3
internal_value=1.27214 3.39196 7.00189 18.2599 -3.10593 -2.43754 -7.83282 0.950755 0.799635 1.45066 -0.162266 -0.226121
internal_weight=44 28 18 7 10 16 6 7 10 6 11 6
internal_count=44 28 18 7 10 16 6 7 10 6 11 6
is_linear=0
shrinkage=0.05


Tree=88
num_leaves=13
num_cat=0
split_feature=55 5 79 80 63 22 7 22 44 69 50 44
split_gain=235424 338025 108259 97031.9 34920.2 17938.8 2365.69 1016.55 1443.71 2398.51 874.277 313.161
threshold=1.0000000180025095e-35 1.0000000180025095e-35 1.0000000180025095e-35 1.0000000180025095e-35 1.0000000180025095e-35 1.0000000180025095e-35 1.0000000180025095e-35 0.27500000000000008 0.33750000000000008 1.0000000180025095e-35 1.0000000180025095e-35 0.22500000000000003
decision_type=2 2 2 2 2 2 2 2 2 2 2 2
left_child=5 2 -2 -3 -4 -1 7 11 9 -9 -6 -7
right_child=1 3 4 -5 10 6 -8 8 -10 -11 -12 -13
leaf_value=3.7696787714958151 -8.0093755078315745 -20.500917339324946 5.5712969462076813 -9.4877481460571271 -1.6390965779622393 0.34041854540506922 0.65064083099365233 -1.9072014498710637 -0.11746908307075501 -0.26454511880874632 -0.43198063373565665 -0.38203171094258614
leaf_weight=3.0000000000000027 4.9999999999999991 4 3 4 3 3.0000000000000062 4.9999999999999991 4.9999999999999982 4.9999999999999991 4 3 3
leaf_count=3 5 4 3 4 3 3 5 5 5 4 3 3
internal_value=-2.9249 -6.79549 -2.11044 -14.9943 1.16674 0.116281 -0.322127 -0.565319 -0.798681 -1.17713 -1.03554 -0.0208066
internal_weight=50 22 14 8 9 28 25 20 14 9 6 6
internal_count=50 22 14 8 9 28 25 20 14 9 6 6
is_linear=0
shrinkage=0.05


Tree=89
num_leaves=16
num_cat=0
split_feature=62 70 80 71 70 22 5 22 63 0 0 22 73 50 73
split_gain=254174 420972 137954 285870 894337 1.34733e+06 41535.2 66069.7 11211.2 1184.69 894.714 386.686 241.574 15.6698 0.379162
threshold=1.0000000180025095e-35 1.0000000180025095e-35 1.0000000180025095e-35 1.0000000180025095e-35 1.0000000180025095e-35 0.35000000000000003 1.0000000180025095e-35 0.27500000000000008 1.0000000180025095e-35 1.0000000180025095e-35 1.0000000180025095e-35 0.35000000000000003 1.0000000180025095e-35 1.0000000180025095e-35 1.0000000180025095e-35
decision_type=2 2 2 2 2 2 2 2 2 2 2 2 2 2 2
left_child=2 -2 3 4 5 -1 9 -8 -5 12 -9 13 -4 -10 -11
right_child=1 -3 6 8 -6 -7 7 10 11 14 -12 -13 -14 -15 -16
leaf_value=46.812296068668331 -19.484616661071779 5.2927322387695304 1.1414059956868488 -3.4954231917858145 -4.1811838150024405 -0.57500439484914123 -9.0133605957031246 -0.10684776306152342 -0.26583707332611078 -0.18202545773237941 -1.3279904961585995 0.24047832489013665 0.50687983830769845 -0.41038161913553861 -0.15688710014025367
leaf_weight=3.0000000000000018 3.9999999999999991 3 3 2.9999999999999973 6 3 4 3 5 3 3 5.0000000000000009 3 3 3
leaf_count=3 4 3 3 3 6 3 4 3 5 3 3 5 3 3 3
internal_value=0.0577273 -8.86575 1.30701 3.63502 9.46873 23.1186 -1.6559 -4.0358 -0.740263 0.327343 -0.717419 -0.104457 0.824143 -0.320041 -0.169456
internal_weight=57 7 50 28 12 6 22 10 16 12 6 13 6 8 6
internal_count=57 7 50 28 12 6 22 10 16 12 6 13 6 8 6
is_linear=0
shrinkage=0.05


Tree=90
num_leaves=16
num_cat=0
split_feature=62 70 79 55 5 11 5 11 76 11 8 73 51 11 44
split_gain=445775 588848 180832 301726 762458 22680.8 29751.1 1603 1211.66 311.326 328.128 243.112 192.597 7.14411 0.341915
threshold=1.0000000180025095e-35 1.0000000180025095e-35 1.0000000180025095e-35 1.0000000180025095e-35 1.0000000180025095e-35 1.0000000180025095e-35 1.0000000180025095e-35 0.35000000000000003 1.0000000180025095e-35 0.55000000000000016 1.0000000180025095e-35 1.0000000180025095e-35 1.0000000180025095e-35 0.27350000000000002 0.33750000000000008
decision_type=2 2 2 2 2 2 2 2 2 2 2 2 2 2 2
left_child=2 -2 3 8 11 6 12 -7 13 10 -9 -5 -4 14 -1
right_child=1 -3 5 4 -6 7 -8 9 -10 -11 -12 -13 -14 -15 -16
leaf_value=-0.11027156412601474 -28.623309580485028 2.7042002360026034 -0.38986254533131887 1.08433567682902 28.109081840515131 -0.8528398036956788 -5.49079311688741 0.44531413316726698 -1.261590937773386 0.75763959884643528 -0.24643751780192052 0.4889042973518371 -0.91983506679534899 -0.18127640336751935 -0.087941636145114882
leaf_weight=2.9999999999999982 2.9999999999999991 3 3.0000000000000018 3 4 3.9999999999999991 6 3.9999999999999982 3.0000000000000009 3 3 4 4 4 4
leaf_count=3 3 3 3 3 4 4 6 4 3 3 3 4 4 4 4
internal_value=-0.0550865 -12.9596 1.43389 4.4981 10.695 -1.40334 -2.90721 -0.0068926 -0.37089 0.331486 0.148849 0.744089 -0.692704 -0.127972 -0.0975116
internal_weight=58 6 52 25 11 27 13 14 14 10 7 7 7 11 7
internal_count=58 6 52 25 11 27 13 14 14 10 7 7 7 11 7
is_linear=0
shrinkage=0.05


Tree=91
num_leaves=14
num_cat=0
split_feature=19 22 79 6 28 12 71 71 22 79 69 22 5
split_gain=90826.4 190687 402889 1.16167e+06 131119 313295 29124.3 3247.7 2730.49 1653.59 217.726 128.823 5.68758
threshold=1.0000000180025095e-35 1.0000000180025095e-35 1.0000000180025095e-35 1.0000000180025095e-35 1.0000000180025095e-35 1.0000000180025095e-35 1.0000000180025095e-35 1.0000000180025095e-35 0.35000000000000003 1.0000000180025095e-35 1.0000000180025095e-35 0.35000000000000003 1.0000000180025095e-35
decision_type=2 2 2 2 2 2 2 2 2 2 2 2 2
left_child=1 2 3 -1 5 -2 -4 8 9 -3 12 -7 -10
right_child=4 7 6 -5 -6 11 -8 -9 10 -11 -12 -13 -14
leaf_value=38.889348602294938 -18.91332966486614 -0.84054708242416276 -6.7250920370221143 0.78312963247299194 4.6314277172088625 -0.22547731399536125 0.24200442632039382 1.0823453426361085 -0.13808583418528245 -2.3254017194112135 -0.57372529506683356 0.18896629333496093 -0.053768096057077247
leaf_weight=2.9999999999999982 2.9999999999999973 5.0000000000000053 2.9999999999999991 6 4.9999999999999991 3 3 2.9999999999999991 2.9999999999999982 3 2.9999999999999991 5 6
leaf_count=3 3 5 3 6 5 3 3 3 3 3 3 5 6
internal_value=1.07802 2.40862 6.7945 13.4852 -2.08215 -5.13378 -3.24154 -0.451737 -0.681849 -1.39737 -0.204837 0.0335499 -0.081874
internal_weight=54 38 15 9 16 11 6 23 20 8 12 8 9
internal_count=54 38 15 9 16 11 6 23 20 8 12 8 9
is_linear=0
shrinkage=0.05


Tree=92
num_leaves=16
num_cat=0
split_feature=62 11 80 5 11 5 56 22 22 0 22 73 51 44 11
split_gain=245917 518691 202153 271553 649364 45797.9 146059 1112.03 1031.69 809.425 363.317 219.409 97.7908 6.17234 1.48811
threshold=1.0000000180025095e-35 1.0000000180025095e-35 1.0000000180025095e-35 1.0000000180025095e-35 1.0000000180025095e-35 1.0000000180025095e-35 1.0000000180025095e-35 0.35000000000000003 0.35000000000000003 1.0000000180025095e-35 0.27500000000000008 1.0000000180025095e-35 1.0000000180025095e-35 0.62500000000000011 1.0000000180025095e-35
decision_type=2 2 2 2 2 2 2 2 2 2 2 2 2 2 2
left_child=2 -2 3 7 -5 9 -7 12 -8 11 -6 -4 -1 -10 -14
right_child=1 -3 5 4 10 6 8 -9 13 -11 -12 -13 14 -15 -16
leaf_value=-0.52878371874491392 -20.477671718597414 7.0254952748616519 0.99096240599950125 23.665229320526123 -0.34344991445541373 -11.912614059448243 -1.1866911699374514 0.62330620765686018 -0.00036668280760447175 -0.165213942527771 -1.121606620152791 0.42530261278152459 -0.16761849522590633 -0.10179270207881926 -0.21420345306396482
leaf_weight=2.9999999999999982 3.9999999999999991 3 3 5 3 3.9999999999999991 3 5.0000000000000009 3 5 3 4 4 3 3
leaf_count=3 4 3 3 5 3 4 3 5 3 5 3 4 4 3 3
internal_value=0.0973257 -8.6906 1.30351 4.39031 10.3574 -1.90676 -3.96285 0.014473 -0.429617 0.320669 -0.732528 0.667728 -0.289944 -0.0510797 -0.187583
internal_weight=58 7 51 26 11 25 13 15 9 12 6 7 10 6 7
internal_count=58 7 51 26 11 25 13 15 9 12 6 7 10 6 7
is_linear=0
shrinkage=0.05


Tree=93
num_leaves=13
num_cat=0
split_feature=19 28 11 79 56 5 11 22 76 70 5 11
split_gain=50786.1 122164 181409 100465 192555 297552 68356.2 15202.6 1050.35 226.513 7.4978 0.734028
threshold=1.0000000180025095e-35 1.0000000180025095e-35 1.0000000180025095e-35 1.0000000180025095e-35 1.0000000180025095e-35 1.0000000180025095e-35 1.0000000180025095e-35 0.27500000000000008 1.0000000180025095e-35 1.0000000180025095e-35 1.0000000180025095e-35 0.55000000000000016
decision_type=2 2 2 2 2 2 2 2 2 2 2 2
left_child=3 2 -2 4 5 -1 9 -8 10 -5 -6 -4
right_child=1 -3 11 6 8 -7 7 -9 -10 -11 -12 -13
leaf_value=0.29435049533843988 -13.285592368245117 4.0779939651489263 0.076451534032821636 -4.3705382029215505 -0.10661550223827364 17.544059906005856 4.7422545274098704 0.033696961402893064 -1.1300345155100022 -4.9200996780395503 -0.020025685876607892 0.043733692169189445
leaf_weight=5 4.0000000000000018 5.9999999999999991 4 2.9999999999999982 4.9999999999999982 5 3 4 3.0000000000000009 5 5 3
leaf_count=5 4 6 4 3 5 5 3 4 3 5 5 3
internal_value=0.61056 -1.66102 -4.7914 1.62679 3.70299 8.91921 -1.5567 2.05165 -0.309485 -4.71401 -0.0633206 0.0624296
internal_weight=55 17 11 38 23 10 15 7 13 8 10 7
internal_count=55 17 11 38 23 10 15 7 13 8 10 7
is_linear=0
shrinkage=0.05


Tree=94
num_leaves=14
num_cat=0
split_feature=62 70 80 12 70 50 5 56 7 71 0 73 44
split_gain=305095 589780 157742 240082 761509 1.21794e+06 31617.3 121494 2110.63 2219.64 360.993 198.016 182.109
threshold=1.0000000180025095e-35 1.0000000180025095e-35 1.0000000180025095e-35 1.0000000180025095e-35 1.0000000180025095e-35 1.0000000180025095e-35 1.0000000180025095e-35 1.0000000180025095e-35 1.0000000180025095e-35 1.0000000180025095e-35 0.35000000000000003 1.0000000180025095e-35 0.33750000000000008
decision_type=2 2 2 2 2 2 2 2 2 2 2 2 2
left_child=2 -2 3 4 5 -1 10 -8 9 -5 11 -4 -9
right_child=1 -3 6 8 -6 -7 7 12 -10 -11 -12 -13 -14
leaf_value=44.488980325063061 -26.380310821533204 2.9470869064331051 0.92669676144917779 -1.5900347518920896 -3.2293111821015672 -0.56543538967768336 -12.042586263020834 -0.55175297607978169 0.36462520599365222 0.13029155234495796 -0.035931270321210212 0.38931995630264277 -0.058994011282920825
leaf_weight=3 2.9999999999999991 4 3 5 6 3 2.9999999999999991 3 5.0000000000000009 3 3 4 5
leaf_count=3 3 4 3 5 6 3 3 3 5 3 3 4 5
internal_value=0.102974 -9.6218 1.58283 4.26634 9.36623 21.9618 -1.61183 -3.46164 -0.441244 -0.944912 0.422958 0.619624 -0.243779
internal_weight=53 7 46 25 12 6 21 11 13 8 10 7 8
internal_count=53 7 46 25 12 6 21 11 13 8 10 7 8
is_linear=0
shrinkage=0.05


Tree=95
num_leaves=15
num_cat=0
split_feature=19 80 22 71 71 7 5 22 11 11 0 73 44 73
split_gain=165572 430273 492959 1.37168e+06 149872 145494 51265.5 130867 7341.62 4769.45 653.822 178.71 152.205 0.169221
threshold=1.0000000180025095e-35 1.0000000180025095e-35 1.0000000180025095e-35 1.0000000180025095e-35 1.0000000180025095e-35 1.0000000180025095e-35 1.0000000180025095e-35 1.0000000180025095e-35 0.35000000000000003 0.35000000000000003 1.0000000180025095e-35 1.0000000180025095e-35 0.33750000000000008 1.0000000180025095e-35
decision_type=2 2 2 2 2 2 2 2 2 2 2 2 2 2
left_child=1 2 3 -1 5 -2 10 -8 -6 -4 11 -3 -9 -12
right_child=4 6 9 -5 8 -7 7 12 -10 -11 13 -13 -14 -15
leaf_value=44.000775655110694 -12.779700469970702 0.88036192258199031 -2.4972303708394361 -0.72464520931243881 -0.39346035122871392 0.70612983778119076 -11.592057037353513 -0.52416531145572642 2.635899460315704 0.32218257586161286 -0.13104375898838039 0.3698539555072784 -0.053032683394849289 -0.11424985130627947
leaf_weight=2.9999999999999982 6 3 3 4 4 3 4 3 4 3 3 4 4 3
leaf_count=3 6 3 3 4 4 3 4 3 4 3 3 4 4 3
internal_value=0.226302 2.10298 9.42912 18.4434 -3.85824 -8.28442 -1.86534 -4.37753 1.12122 -1.08752 0.260355 0.588643 -0.254947 -0.122647
internal_weight=54 37 13 7 17 9 24 11 8 6 13 7 7 6
internal_count=54 37 13 7 17 9 24 11 8 6 13 7 7 6
is_linear=0
shrinkage=0.05


Tree=96
num_leaves=13
num_cat=0
split_feature=62 70 55 16 63 69 11 22 6 73 44 22
split_gain=149998 83908.7 79100.6 203996 1680.92 1511.84 290.575 403.716 572.983 161.286 99.2467 2.66757
threshold=1.0000000180025095e-35 1.0000000180025095e-35 1.0000000180025095e-35 1.0000000180025095e-35 1.0000000180025095e-35 1.0000000180025095e-35 0.35000000000000003 0.27500000000000008 1.0000000180025095e-35 1.0000000180025095e-35 0.22500000000000003 0.35000000000000003
decision_type=2 2 2 2 2 2 2 2 2 2 2 2
left_child=1 2 5 4 9 6 10 -8 -9 -4 -1 -12
right_child=-2 -3 3 -5 -6 -7 7 8 -10 -11 11 -13
leaf_value=0.22927358895540198 -7.7145908355712898 -4.4070823073387144 0.83634386459986299 11.553273010253907 -0.72566379010677329 -1.3364839076995851 0.05007419735193254 -1.0870276927947995 -0.10980112155278521 0.3513612568378448 -0.11303125023841853 -0.053392676115036002
leaf_weight=4.0000000000000062 5.9999999999999991 6.9999999999999991 3.0000000000000018 5.9999999999999991 4 2.9999999999999991 3.9999999999999982 3 3 4 3 5
leaf_count=4 6 7 3 6 4 3 4 3 3 4 3 5
internal_value=-0.252623 0.661087 1.50578 4.13714 0.0919838 -0.283544 -0.139961 -0.339019 -0.598414 0.559211 0.0259198 -0.0757571
internal_weight=55 49 42 17 11 25 22 10 6 7 12 8
internal_count=55 49 42 17 11 25 22 10 6 7 12 8
is_linear=0
shrinkage=0.05


Tree=97
num_leaves=13
num_cat=0
split_feature=62 79 55 5 5 12 59 76 22 12 5 77
split_gain=513218 166579 254412 435771 61689.9 42062.9 1183.76 835.328 684.917 97.7614 13.9985 0.280078
threshold=1.0000000180025095e-35 1.0000000180025095e-35 1.0000000180025095e-35 1.0000000180025095e-35 1.0000000180025095e-35 1.0000000180025095e-35 1.0000000180025095e-35 1.0000000180025095e-35 0.35000000000000003 1.0000000180025095e-35 1.0000000180025095e-35 1.0000000180025095e-35
decision_type=2 2 2 2 2 2 2 2 2 2 2 2
left_child=1 2 7 -4 6 -6 8 10 9 -3 11 -1
right_child=-2 4 3 -5 5 -7 -8 -9 -10 -11 -12 -13
leaf_value=-0.10299346347649896 -15.923715591430664 -0.68938058614730857 0.67036568194627755 22.81178874969482 -8.3524017047882069 -1.4733969449996946 0.89117749532063761 -1.0035571734110509 0.29261510372161864 -0.31179782152175894 -0.00051813185214996335 -0.12459893027941382
leaf_weight=2.9999999999999982 4.9999999999999991 3.9999999999999982 5 4 5 4 3.0000000000000009 3.0000000000000009 4 3 5 3
leaf_count=3 5 4 5 4 5 4 3 3 4 3 5 3
internal_value=-0.710199 0.943444 3.9523 10.511 -2.06541 -5.29507 0.0107912 -0.264003 -0.229314 -0.527559 -0.0623062 -0.113796
internal_weight=51 46 23 9 23 9 14 14 11 7 11 6
internal_count=51 46 23 9 23 9 14 14 11 7 11 6
is_linear=0
shrinkage=0.05


Tree=98
num_leaves=15
num_cat=0
split_feature=64 62 16 55 70 22 22 71 22 0 73 50 22 6
split_gain=246362 179963 67176.5 175282 36098.5 1953.59 1433.53 1430.16 1087.29 642.666 243.409 207.285 69.5002 4.39747
threshold=1.0000000180025095e-35 1.0000000180025095e-35 1.0000000180025095e-35 1.0000000180025095e-35 1.0000000180025095e-35 0.35000000000000003 0.27500000000000008 1.0000000180025095e-35 0.35000000000000003 0.35000000000000003 1.0000000180025095e-35 1.0000000180025095e-35 0.55000000000000016 1.0000000180025095e-35
decision_type=2 2 2 2 2 2 2 2 2 2 2 2 2 2
left_child=1 2 7 5 -5 6 -4 9 11 10 13 -9 -7 -1
right_child=-2 -3 3 4 -6 12 -8 8 -10 -11 -12 -13 -14 -15
leaf_value=0.84661861658096338 13.910983276367189 8.2414563369750979 -0.39371943871180215 -13.016565895080559 -6.2991929531097401 0.049131217040121571 -1.8395978212356565 -0.99102806448936454 0.27798439264297481 -0.091863580942153911 0.300274908542633 -0.44121861457824701 -0.23048943758010859 0.76100837836662905
leaf_weight=2.9999999999999982 2.9999999999999991 4.9999999999999991 2.9999999999999991 4.0000000000000018 4 3.9999999999999982 4 4 4 5.0000000000000009 4 3 5 3
leaf_count=3 3 5 3 4 4 4 4 4 4 5 4 3 5 3
internal_value=-0.041887 -0.802953 -1.70739 -3.61494 -9.65788 -0.593467 -1.21994 0.0534166 -0.379621 0.370978 0.602398 -0.755395 -0.106214 0.803813
internal_weight=58 55 50 24 8 16 7 26 11 15 10 7 9 6
internal_count=58 55 50 24 8 16 7 26 11 15 10 7 9 6
is_linear=0
shrinkage=0.05


Tree=99
num_leaves=12
num_cat=0
split_feature=79 5 75 17 5 12 77 22 22 22 11
split_gain=26333.9 204148 415374 135880 36370.6 49528 34259.8 4801.05 1313.4 419.851 40.3414
threshold=1.0000000180025095e-35 1.0000000180025095e-35 1.0000000180025095e-35 1.0000000180025095e-35 1.0000000180025095e-35 1.0000000180025095e-35 1.0000000180025095e-35 0.65000000000000002 0.35000000000000003 0.27500000000000008 1.0000000180025095e-35
decision_type=2 2 2 2 2 2 2 2 2 2 2
left_child=1 6 -3 4 8 -6 -1 -4 10 -7 -2
right_child=3 2 7 -5 5 9 -8 -9 -10 -11 -12
leaf_value=-5.7032995988925288 -0.47121557692686694 17.280980663299559 -2.7219199767336244 9.5356123606363941 -7.5526482200622542 -0.39639015197753896 -0.099298949241638179 -0.075880435109138472 0.61434856414794903 -1.2329019864400226 -0.24665652116139725
leaf_weight=6 6.0000000000000018 5 4 2.9999999999999991 5 3 5 3 5.0000000000000009 3 3
leaf_count=6 6 5 4 3 5 3 5 3 5 3 3
internal_value=0.510461 1.76406 6.27413 -0.519279 -1.72587 -3.87737 -3.15603 -1.5879 -0.0353943 -0.814646 -0.396363
internal_weight=51 23 12 28 25 11 11 7 14 6 9
internal_count=51 23 12 28 25 11 11 7 14 6 9
is_linear=0
shrinkage=0.05


Tree=100
num_leaves=14
num_cat=0
split_feature=62 70 80 55 5 5 56 11 44 77 22 51 7
split_gain=221306 566093 174582 302327 780666 53925.9 163311 1396.93 589.036 537.446 125.681 59.5082 56.6009
threshold=1.0000000180025095e-35 1.0000000180025095e-35 1.0000000180025095e-35 1.0000000180025095e-35 1.0000000180025095e-35 1.0000000180025095e-35 1.0000000180025095e-35 0.35000000000000003 0.33750000000000008 1.0000000180025095e-35 0.35000000000000003 1.0000000180025095e-35 1.0000000180025095e-35
decision_type=2 2 2 2 2 2 2 2 2 2 2 2 2
left_child=2 -2 3 7 11 9 -7 -1 -8 -4 -9 -5 -12
right_child=1 -3 5 4 -6 6 8 10 -10 -11 12 -13 -14
leaf_value=-1.088625717163086 -24.450267537434897 6.2659907023111963 0.76660230500357485 -0.56237738132476756 27.796703338623043 -12.693891906738282 -0.87426806290944392 0.14289520606398584 0.011949733644723889 -0.03328319390614827 -0.33156957626342765 -0.87730636596679679 -0.044266510009765614
leaf_weight=4.9999999999999991 2.9999999999999991 3 7 3.0000000000000018 4 3.9999999999999991 3 3.9999999999999982 5 3 4 3 3
leaf_count=5 3 3 7 3 4 4 3 4 5 3 4 3 3
internal_value=-0.0386658 -9.09214 1.09302 3.86681 10.6868 -2.1851 -4.44489 -0.395664 -0.320382 0.526637 -0.0806815 -0.719842 -0.20844
internal_weight=54 6 48 26 10 22 12 16 8 10 11 6 7
internal_count=54 6 48 26 10 22 12 16 8 10 11 6 7
is_linear=0
shrinkage=0.05


Tree=101
num_leaves=14
num_cat=0
split_feature=55 5 70 62 70 8 73 22 71 71 79 22 0
split_gain=216905 395037 143894 80237 66819.4 93273.6 963.14 821.915 2383.51 268.749 445.775 75.7239 12.6522
threshold=1.0000000180025095e-35 1.0000000180025095e-35 1.0000000180025095e-35 1.0000000180025095e-35 1.0000000180025095e-35 1.0000000180025095e-35 1.0000000180025095e-35 0.35000000000000003 1.0000000180025095e-35 1.0000000180025095e-35 1.0000000180025095e-35 0.65000000000000002 1.0000000180025095e-35
decision_type=2 2 2 2 2 2 2 2 2 2 2 2 2
left_child=3 4 -3 7 5 6 -2 8 -1 10 11 -9 -13
right_child=1 2 -4 -5 -6 -7 -8 9 -10 -11 -12 12 -14
leaf_value=-1.7116308132807381 -0.56513929367065396 -19.719686431884757 -6.9964359819889061 8.4742539723714199 3.7461364030838014 -9.3676711797714241 0.53209601640701287 0.13556361123919478 0.071067795753478991 -0.34125050306320193 0.66197744210561116 -0.072683898607889791 -0.21789736747741695
leaf_weight=3.0000000000000053 4.0000000000000018 5.0000000000000018 4 2.9999999999999991 4.9999999999999991 3.9999999999999991 4 4.0000000000000018 5 3.9999999999999991 2.9999999999999991 3 3
leaf_count=3 4 5 4 3 5 4 4 4 5 4 3 3 3
internal_value=-2.30596 -5.59448 -14.0649 0.747666 -1.11013 -3.13357 -0.0165216 -0.179525 -0.597444 0.0171436 0.127419 -0.0329489 -0.145291
internal_weight=54 26 9 28 17 12 8 25 8 17 13 10 6
internal_count=54 26 9 28 17 12 8 25 8 17 13 10 6
is_linear=0
shrinkage=0.05


Tree=102
num_leaves=14
num_cat=0
split_feature=64 62 5 55 70 11 11 11 11 70 8 77 11
split_gain=247210 164528 80827.8 173824 22066.6 3133.16 778.894 1774.06 661.134 245.185 282.031 449.639 252.788
threshold=1.0000000180025095e-35 1.0000000180025095e-35 1.0000000180025095e-35 1.0000000180025095e-35 1.0000000180025095e-35 1.0000000180025095e-35 1.0000000180025095e-35 0.35000000000000003 0.61250000000000016 1.0000000180025095e-35 1.0000000180025095e-35 1.0000000180025095e-35 0.35000000000000003
decision_type=2 2 2 2 2 2 2 2 2 2 2 2 2
left_child=1 2 8 6 -5 -3 -4 -8 9 10 11 -1 -12
right_child=-2 5 3 4 -6 -7 7 -9 -10 -11 12 -13 -14
leaf_value=0.6476130207379649 13.899641927083335 5.7653841654459637 0.11437074631452558 -11.629075622558593 -6.6466142416000356 8.0505405426025369 -1.4257246255874632 0.063427066802978507 -0.41821617186069493 0.70383287568887076 0.26479166348775229 -0.036765316873788832 -0.38429471651713043
leaf_weight=6.0000000000000089 2.9999999999999991 2.9999999999999991 5.0000000000000009 5 4 3 4 4 3.9999999999999991 2.9999999999999991 2.9999999999999991 4 3
leaf_count=6 3 3 5 5 4 3 4 4 4 3 3 4 3
internal_value=-0.048958 -0.869464 -1.90645 -4.07314 -9.41465 6.90796 -0.37518 -0.681149 0.166032 0.289032 0.211257 0.373862 -0.0597515
internal_weight=54 51 45 22 9 6 13 8 23 19 16 10 6
internal_count=54 51 45 22 9 6 13 8 23 19 16 10 6
is_linear=0
shrinkage=0.05


Tree=103
num_leaves=12
num_cat=0
split_feature=64 62 5 56 70 12 11 71 11 77 73
split_gain=222225 132679 67094.1 127692 17642.6 1519.98 1480.53 1306.59 978.668 720.031 579.284
threshold=1.0000000180025095e-35 1.0000000180025095e-35 1.0000000180025095e-35 1.0000000180025095e-35 1.0000000180025095e-35 1.0000000180025095e-35 0.35000000000000003 1.0000000180025095e-35 1.0000000180025095e-35 1.0000000180025095e-35 1.0000000180025095e-35
decision_type=2 2 2 2 2 2 2 2 2 2 2
left_child=1 2 7 4 -4 -5 -7 9 -9 10 -1
right_child=-2 -3 3 5 -6 6 -8 8 -10 -11 -12
leaf_value=1.14316902756691 13.204659016927085 6.9676543426513682 -11.010378265380858 0.080123884230852135 -6.3142836332321153 -1.6815090656280516 -0.46474078536033625 -0.90919666290283185 0.071207152094159801 -0.057774637639522536 0.3663675467173258
leaf_weight=3.9999999999999982 2.9999999999999991 4.9999999999999991 4 3.9999999999999991 4 5 5 4 7 5.0000000000000009 6
leaf_count=4 3 5 4 4 4 5 5 4 7 5 6
internal_value=-0.0341693 -0.783537 -1.59095 -3.62315 -8.66233 -0.743625 -1.07312 0.128603 -0.285303 0.432134 0.677088
internal_weight=56 53 48 22 8 14 10 26 11 15 10
internal_count=56 53 48 22 8 14 10 26 11 15 10
is_linear=0
shrinkage=0.05


Tree=104
num_leaves=13
num_cat=0
split_feature=80 19 70 11 28 55 5 22 69 0 77 22
split_gain=88368.2 186709 413342 997046 133560 161854 41908 88551.1 22101.7 1785.67 624.659 54.8156
threshold=1.0000000180025095e-35 1.0000000180025095e-35 1.0000000180025095e-35 1.0000000180025095e-35 1.0000000180025095e-35 1.0000000180025095e-35 1.0000000180025095e-35 1.0000000180025095e-35 1.0000000180025095e-35 1.0000000180025095e-35 1.0000000180025095e-35 0.35000000000000003
decision_type=2 2 2 2 2 2 2 2 2 2 2 2
left_child=1 2 3 -1 5 11 10 -8 -5 -9 -2 -3
right_child=6 4 -4 8 -6 -7 7 9 -10 -11 -12 -13
leaf_value=36.343589655558283 0.70182009140650425 -0.21909487247467024 -5.3799986648559575 5.1354857226212811 5.5703281784057621 -12.368326476216318 -9.9412401199340792 0.07611768916249273 -0.54181010723114009 -1.537604443232218 -0.05488590240478515 0.051252164840698236
leaf_weight=2.9999999999999982 6 3.0000000000000018 4.9999999999999991 3 4.9999999999999991 3.9999999999999991 4 4 4 3 5 5
leaf_count=3 6 3 5 3 5 4 4 4 4 3 5 5
internal_value=0.615009 2.2921 6.358 12.227 -1.29545 -4.15619 -1.8244 -4.00666 1.89132 -0.615478 0.357863 -0.050128
internal_weight=54 32 15 10 17 12 22 11 7 7 11 8
internal_count=54 32 15 10 17 12 22 11 7 7 11 8
is_linear=0
shrinkage=0.05


Tree=105
num_leaves=14
num_cat=0
split_feature=64 5 55 70 63 61 75 59 55 0 11 22 22
split_gain=175968 92705.2 74213.3 74737.5 28586.2 85406.8 2290.32 2250.59 1889.44 506.371 376.34 111.249 46.0167
threshold=1.0000000180025095e-35 1.0000000180025095e-35 1.0000000180025095e-35 1.0000000180025095e-35 1.0000000180025095e-35 1.0000000180025095e-35 1.0000000180025095e-35 1.0000000180025095e-35 1.0000000180025095e-35 1.0000000180025095e-35 0.35000000000000003 0.35000000000000003 0.65000000000000002
decision_type=2 2 2 2 2 2 2 2 2 2 2 2 2
left_child=1 4 6 -4 5 -1 10 8 11 -7 -3 -6 -8
right_child=-2 2 3 -5 7 9 12 -9 -10 -11 -12 -13 -14
leaf_value=8.2546051406860386 12.051998901367188 -1.502045335769653 -10.462889251708983 -0.48040316899617502 -0.2081401268641152 0.68304057816664376 0.1943574269612629 1.0229061126708985 -1.2505789661407469 0.0017377412319183349 -0.79367659091949438 0.19464850425720212 -0.082580320040384902
leaf_weight=4.9999999999999973 2.9999999999999991 5 5 3 3.0000000000000018 6 3.0000000000000009 2.9999999999999991 5 5 3 4 3
leaf_count=5 3 5 5 3 3 6 3 3 5 5 3 4 3
internal_value=0.271328 -0.395502 -2.8778 -6.71946 1.36613 2.83625 -0.682566 -0.202 -0.508227 0.373357 -1.23641 0.0220248 0.0558886
internal_weight=56 53 22 8 31 16 14 15 12 11 8 7 6
internal_count=56 53 22 8 31 16 14 15 12 11 8 7 6
is_linear=0
shrinkage=0.05


Tree=106
num_leaves=14
num_cat=0
split_feature=19 79 55 5 63 11 69 76 71 71 11 73 22
split_gain=65894.6 113976 164368 290608 99136.3 86584 15426.9 1885.58 1562.1 1019.12 213.069 77.3463 23.2793
threshold=1.0000000180025095e-35 1.0000000180025095e-35 1.0000000180025095e-35 1.0000000180025095e-35 1.0000000180025095e-35 1.0000000180025095e-35 1.0000000180025095e-35 1.0000000180025095e-35 1.0000000180025095e-35 1.0000000180025095e-35 0.35000000000000003 1.0000000180025095e-35 0.65000000000000002
decision_type=2 2 2 2 2 2 2 2 2 2 2 2 2
left_child=1 2 7 11 -2 8 -7 12 -3 -6 -11 -4 -1
right_child=4 5 3 -5 9 6 -8 -9 -10 10 -12 -13 -14
leaf_value=0.1080941015481949 -8.3052676010131865 -5.0767623329162594 0.76719808181126892 16.909142303466794 0.97176082928975438 3.9339889496564862 -0.45732659101486201 -1.3974281152089429 -6.519955253601073 0.091015136241912833 -0.44198807875315338 0.40815709431966135 -0.044481539726257319
leaf_weight=4.9999999999999982 4.9999999999999973 5 3 5 2.9999999999999991 4 4 3.0000000000000009 3 5 3 3 5
leaf_count=5 5 5 3 5 3 4 4 3 3 5 3 3 5
internal_value=0.24426 1.32901 3.50823 8.00653 -2.46762 -1.93981 1.73833 -0.298017 -5.61796 0.185854 -0.108861 0.587678 0.0318063
internal_weight=56 40 24 11 16 16 8 13 8 11 8 6 10
internal_count=56 40 24 11 16 16 8 13 8 11 8 6 10
is_linear=0
shrinkage=0.05


Tree=107
num_leaves=15
num_cat=0
split_feature=64 62 5 55 70 12 0 70 29 77 69 73 22 22
split_gain=164999 113558 53102.6 134554 9302.69 2338.38 1359.65 1032.02 1257.66 358.352 274.017 184.095 123.02 17.7458
threshold=1.0000000180025095e-35 1.0000000180025095e-35 1.0000000180025095e-35 1.0000000180025095e-35 1.0000000180025095e-35 1.0000000180025095e-35 1.0000000180025095e-35 1.0000000180025095e-35 1.0000000180025095e-35 1.0000000180025095e-35 1.0000000180025095e-35 1.0000000180025095e-35 0.35000000000000003 0.35000000000000003
decision_type=2 2 2 2 2 2 2 2 2 2 2 2 2 2
left_child=1 2 7 6 -5 -3 10 8 9 11 13 -1 -10 -4
right_child=-2 5 3 4 -6 -7 -8 -9 12 -11 -12 -13 -14 -15
leaf_value=0.76632730166117291 11.444420369466146 4.8527490615844728 0.18578914801279689 -10.570806694030763 -6.88754425048828 6.8269077301025378 -1.3275567611058554 0.92317276000976567 -0.68509943008422836 -0.082915580868720987 -0.4344602227210998 0.27088747739791869 -0.31308134794235221 0.013811314105987547
leaf_weight=3.0000000000000018 2.9999999999999991 2.9999999999999991 3.0000000000000018 3.9999999999999991 3 3 2.9999999999999991 2.9999999999999991 5 5.0000000000000009 4 5 4 3
leaf_count=3 3 3 3 4 3 3 3 3 5 5 4 5 4 3
internal_value=0.0488 -0.621531 -1.48305 -3.40338 -8.99227 5.83983 -0.393978 0.0532215 -0.0654082 0.249142 -0.113904 0.456677 -0.519758 0.0998002
internal_weight=54 51 45 20 7 6 13 25 22 13 10 8 9 6
internal_count=54 51 45 20 7 6 13 25 22 13 10 8 9 6
is_linear=0
shrinkage=0.05


Tree=108
num_leaves=14
num_cat=0
split_feature=80 22 70 7 5 5 22 70 0 77 0 30 71
split_gain=141806 178817 394102 992920 58681.6 40519.8 70874.7 3800.21 909.33 381.556 416.273 329.141 731.977
threshold=1.0000000180025095e-35 1.0000000180025095e-35 1.0000000180025095e-35 1.0000000180025095e-35 1.0000000180025095e-35 1.0000000180025095e-35 0.27500000000000008 1.0000000180025095e-35 1.0000000180025095e-35 1.0000000180025095e-35 1.0000000180025095e-35 1.0000000180025095e-35 1.0000000180025095e-35
decision_type=2 2 2 2 2 2 2 2 2 2 2 2 2
left_child=1 2 3 -1 -4 9 -7 11 -8 10 -2 12 -3
right_child=5 7 4 -5 -6 6 8 -9 -10 -11 -12 -13 -14
leaf_value=32.771227455139154 0.87157227993011466 -0.50218738079071057 3.0177355909347532 -0.65084445238113398 -5.107333850860595 -9.2379505157470696 -0.030102275808652237 -2.30682373046875 -1.2611789266268409 -0.074508642405271525 0.092428770661354048 -0.74583856264750148 0.48572404384613022
leaf_weight=4 4 4.9999999999999982 5 5 4 4 3 2.9999999999999991 3 4 3 3 3
leaf_count=4 4 5 5 5 4 4 3 3 3 4 3 3 3
internal_value=1.41355 3.5087 6.805 14.2034 -0.593406 -1.77905 -4.08256 -0.729411 -0.645641 0.315049 0.537654 -0.299207 -0.131721
internal_weight=53 32 18 9 9 21 10 14 6 11 7 11 8
internal_count=53 32 18 9 9 21 10 14 6 11 7 11 8
is_linear=0
shrinkage=0.05


Tree=109
num_leaves=14
num_cat=0
split_feature=62 11 79 55 5 12 7 76 69 11 73 44 22
split_gain=199525 319837 146140 186992 512970 33327.1 38444.1 1502.68 587.448 428.344 109.04 73.6457 6.05786
threshold=1.0000000180025095e-35 1.0000000180025095e-35 1.0000000180025095e-35 1.0000000180025095e-35 1.0000000180025095e-35 1.0000000180025095e-35 1.0000000180025095e-35 1.0000000180025095e-35 1.0000000180025095e-35 0.61250000000000016 1.0000000180025095e-35 0.33750000000000008 0.65000000000000002
decision_type=2 2 2 2 2 2 2 2 2 2 2 2 2
left_child=2 -2 3 7 10 6 -4 11 9 -7 -5 -1 -13
right_child=1 -3 5 4 -6 8 -8 -9 -10 -11 -12 12 -14
leaf_value=0.28504065821568181 -15.219003028869626 5.4316350301106757 -6.3562897682189936 0.70678732196489946 22.924620056152339 0.40091721160071248 -0.41992478847503656 -1.1981199781099947 -0.47707802772521957 -0.31317869822184236 0.30801831483840936 0.042653008302052806 -0.05133834183216094
leaf_weight=2.9999999999999982 5 3 6 3 4 6.9999999999999982 5 3.0000000000000009 5.0000000000000009 3 4 3 4
leaf_count=3 5 3 6 3 4 7 5 3 5 3 4 3 4
internal_value=-0.143478 -7.47501 1.02957 3.8431 8.64099 -1.56753 -3.65794 -0.216664 -0.0345671 0.186688 0.478919 0.0777728 -0.0110563
internal_weight=58 8 50 24 11 26 11 13 15 10 7 10 7
internal_count=58 8 50 24 11 26 11 13 15 10 7 10 7
is_linear=0
shrinkage=0.05


Tree=110
num_leaves=16
num_cat=0
split_feature=62 11 79 56 5 7 12 11 71 11 11 11 73 22 22
split_gain=169464 288653 112576 130507 238124 26996 36837.4 1142.13 1030.92 552.48 211.254 263.222 76.1367 60.8734 56.959
threshold=1.0000000180025095e-35 1.0000000180025095e-35 1.0000000180025095e-35 1.0000000180025095e-35 1.0000000180025095e-35 1.0000000180025095e-35 1.0000000180025095e-35 0.35000000000000003 1.0000000180025095e-35 1.0000000180025095e-35 0.27350000000000002 0.35000000000000003 1.0000000180025095e-35 0.35000000000000003 0.65000000000000002
decision_type=2 2 2 2 2 2 2 2 2 2 2 2 2 2 2
left_child=2 -2 3 4 12 6 -4 -8 -7 -10 14 -12 -1 -11 -5
right_child=1 -3 5 10 -6 8 7 -9 9 13 11 -13 -14 -15 -16
leaf_value=0.67144796053568501 -14.458053131103512 5.1600531260172513 -6.0384752114613844 0.20273597285151479 15.267648925781248 0.82218555609385169 -1.436927795410156 -0.14634627401828765 -0.69223095774650556 -0.12586417198181149 -0.62425872286160755 0.038088274002075186 0.31522532304128004 0.17208503484725948 -0.072845764954884831
leaf_weight=3 5 3 6 5 5 2.9999999999999991 3 4 4 3 3.0000000000000009 3 3 4 3
leaf_count=3 5 3 6 5 5 3 3 4 4 3 3 3 3 4 3
internal_value=-0.326564 -7.10126 0.715697 3.1334 7.20893 -1.52291 -3.16362 -0.699453 0.000598604 -0.223471 -0.0688121 -0.293085 0.493337 0.0443925 0.0993928
internal_weight=60 8 52 25 11 27 13 7 14 11 14 6 6 7 8
internal_count=60 8 52 25 11 27 13 7 14 11 14 6 6 7 8
is_linear=0
shrinkage=0.05


Tree=111
num_leaves=12
num_cat=0
split_feature=62 80 71 12 5 56 12 0 77 19 22
split_gain=244817 88950.5 219475 267334 23847.9 91954.8 21098.3 1203.28 488.276 370.568 16.7535
threshold=1.0000000180025095e-35 1.0000000180025095e-35 1.0000000180025095e-35 1.0000000180025095e-35 1.0000000180025095e-35 1.0000000180025095e-35 1.0000000180025095e-35 1.0000000180025095e-35 1.0000000180025095e-35 1.0000000180025095e-35 0.35000000000000003
decision_type=2 2 2 2 2 2 2 2 2 2 2
left_child=1 2 3 -1 8 -6 -4 -7 -3 -8 -11
right_child=-2 4 6 -5 5 7 9 -9 -10 10 -12
leaf_value=14.178773747171673 -9.7598033905029311 0.59722935408353794 -3.9875321197509765 -0.20405184427897136 -10.591130320231121 0.14859584867954254 0.45530370076497384 -1.1180401593446729 -0.10153828442096709 -0.11957096656163531 -0.2758788704872131
leaf_weight=7 5.9999999999999991 5 4.9999999999999991 6 2.9999999999999991 5 3 3 5 3 4
leaf_count=7 6 5 5 6 3 5 3 3 5 3 4
internal_value=-0.226759 0.940552 2.78547 7.54055 -1.51934 -3.12587 -1.3356 -0.326393 0.247846 -0.00963173 -0.20889
internal_weight=55 49 28 13 21 11 15 8 10 10 7
internal_count=55 49 28 13 21 11 15 8 10 10 7
is_linear=0
shrinkage=0.05


Tree=112
num_leaves=15
num_cat=0
split_feature=62 11 79 22 5 12 5 76 22 11 71 44 50 22
split_gain=200947 372963 156432 280607 721052 30672.8 56694.3 1170.17 439.447 381.893 343.133 59.3938 34.13 3.96225
threshold=1.0000000180025095e-35 1.0000000180025095e-35 1.0000000180025095e-35 1.0000000180025095e-35 1.0000000180025095e-35 1.0000000180025095e-35 1.0000000180025095e-35 1.0000000180025095e-35 0.35000000000000003 0.35000000000000003 1.0000000180025095e-35 0.33750000000000008 1.0000000180025095e-35 0.65000000000000002
decision_type=2 2 2 2 2 2 2 2 2 2 2 2 2 2
left_child=2 -2 3 4 -1 6 12 11 9 -7 -10 -5 -4 -13
right_child=1 -3 5 7 -6 8 -8 -9 10 -11 -12 13 -14 -15
leaf_value=0.078294982910156213 -17.931717681884766 5.3900408426920556 -0.682479030638933 0.24991371134916951 31.084796396891267 -0.68569911321004229 -8.2401250720024102 -1.0621381218234698 0.70201491912205993 0.11210316816965736 0.025619344711303706 0.027443138758341465 -0.90557734171549464 -0.048571894690394392
leaf_weight=5.0000000000000018 3.9999999999999991 3 4 2.9999999999999982 3 2.9999999999999991 4 2.9999999999999991 3 3 5 3 3 4
leaf_count=5 4 3 4 3 3 3 4 3 3 3 5 3 3 4
internal_value=-0.0444021 -7.93668 1.1566 4.33796 11.7057 -1.51575 -3.49156 -0.196049 0.0366681 -0.286798 0.279268 0.0637783 -0.778093 -0.015994
internal_weight=53 7 46 21 8 25 11 13 14 6 8 10 7 7
internal_count=53 7 46 21 8 25 11 13 14 6 8 10 7 7
is_linear=0
shrinkage=0.05


Tree=113
num_leaves=17
num_cat=0
split_feature=64 62 5 22 70 11 71 44 22 11 11 77 73 22 1 22
split_gain=128434 135045 52550.9 163394 50704 2922.81 1596.11 669.75 703.445 660.325 431.044 307.319 657.088 84.8404 26.9375 17.0024
threshold=1.0000000180025095e-35 1.0000000180025095e-35 1.0000000180025095e-35 1.0000000180025095e-35 1.0000000180025095e-35 1.0000000180025095e-35 1.0000000180025095e-35 0.22500000000000003 0.35000000000000003 1.0000000180025095e-35 0.35000000000000003 1.0000000180025095e-35 1.0000000180025095e-35 0.65000000000000002 1.0000000180025095e-35 0.35000000000000003
decision_type=2 2 2 2 2 2 2 2 2 2 2 2 2 2 2 2
left_child=1 2 6 4 -4 -3 11 8 10 -8 -5 12 -1 -9 -14 -11
right_child=-2 5 3 7 -6 -7 9 13 -10 15 -12 -13 14 -15 -16 -17
leaf_value=1.0425839900970464 9.7549957275390629 7.3276537577311203 -12.081777954101556 -1.3205938418706262 -4.5291613936424246 5.1205388387044266 -0.94820601344108568 0.30182820558547974 -0.040787962079048147 -0.10590086579322813 -0.47300470670064282 -0.15352959632873528 0.24307993352413174 -0.074204671879609413 0.044878318905830376 -0.26336588859558102
leaf_weight=2.9999999999999982 2.9999999999999991 2.9999999999999991 5.0000000000000018 2.9999999999999982 4 3 5 2.9999999999999991 4 3 3 3.0000000000000009 4 3 3 4
leaf_count=3 3 3 5 3 4 3 5 3 4 3 3 3 4 3 3 4
internal_value=-0.323985 -0.863931 -1.71449 -3.33546 -8.72506 6.2241 -0.0935231 -0.303817 -0.554395 -0.50935 -0.896799 0.290317 0.423471 0.113812 0.158136 -0.195881
internal_weight=59 56 50 25 9 6 25 16 10 12 6 13 10 6 7 7
internal_count=59 56 50 25 9 6 25 16 10 12 6 13 10 6 7 7
is_linear=0
shrinkage=0.05


Tree=114
num_leaves=15
num_cat=0
split_feature=55 5 70 70 61 62 76 7 80 11 23 44 44 69
split_gain=185651 253238 225504 96892 93139.5 27313 1000.67 584.763 605.541 1066.72 427.141 45.4269 3.07891 1.53126
threshold=1.0000000180025095e-35 1.0000000180025095e-35 1.0000000180025095e-35 1.0000000180025095e-35 1.0000000180025095e-35 1.0000000180025095e-35 1.0000000180025095e-35 1.0000000180025095e-35 1.0000000180025095e-35 0.35000000000000003 1.0000000180025095e-35 0.33750000000000008 0.62500000000000011 1.0000000180025095e-35
decision_type=2 2 2 2 2 2 2 2 2 2 2 2 2 2
left_child=5 3 -3 4 -2 6 7 8 9 -1 -9 -10 -13 -11
right_child=1 2 -4 -5 -6 -7 -8 10 11 13 -12 12 -14 -15
leaf_value=-1.2545641183853116 -10.1984491109848 -21.091995239257809 -4.30270355483517 4.069253731518983 0.59156577587127679 4.86451161702474 -1.0054984847704569 -0.10060581763585408 0.23419841527938831 -0.12509549458821612 0.68864345550537098 0.037068863213062284 -0.024968574754893776 -0.07457723617553709
leaf_weight=3.0000000000000071 4 4 4 5.0000000000000009 4 2.9999999999999991 2.9999999999999991 2.9999999999999991 3.0000000000000009 3 4 4 4 3
leaf_count=3 4 4 4 5 4 3 3 3 3 3 4 4 4 3
internal_value=-2.023 -5.6981 -12.6973 -1.39087 -4.80344 0.315699 -0.139182 -0.0429244 -0.180586 -0.484746 0.350394 0.0682724 0.00605014 -0.0998364
internal_weight=54 21 8 13 8 33 30 27 20 9 7 11 8 6
internal_count=54 21 8 13 8 33 30 27 20 9 7 11 8 6
is_linear=0
shrinkage=0.05


Tree=115
num_leaves=12
num_cat=0
split_feature=19 63 80 70 71 11 55 6 76 11 22
split_gain=163756 320276 165503 226107 615250 47955.9 23477 75411.6 960.027 168.238 64.6367
threshold=1.0000000180025095e-35 1.0000000180025095e-35 1.0000000180025095e-35 1.0000000180025095e-35 1.0000000180025095e-35 1.0000000180025095e-35 1.0000000180025095e-35 1.0000000180025095e-35 1.0000000180025095e-35 0.35000000000000003 0.65000000000000002
decision_type=2 2 2 2 2 2 2 2 2 2 2
left_child=2 -2 3 4 -1 -6 8 -8 10 -3 -4
right_child=1 9 6 -5 5 -7 7 -9 -10 -11 -12
leaf_value=22.385832099914538 -14.902461242675777 0.3177018369947161 0.22739734649658191 -3.6653903508186341 -5.3571416854858391 3.0056187152862543 -9.8167154947916675 0.6701898634433745 -0.95522358020146703 -0.062039952278137203 -0.04226224094629287
leaf_weight=5.0000000000000018 5.0000000000000009 7 4.0000000000000018 4.9999999999999991 3 4 2.9999999999999991 4 2.9999999999999991 5 5
leaf_count=5 5 7 4 5 3 4 3 4 3 5 5
internal_value=-0.226078 -4.27051 1.68379 5.26784 8.99002 -0.578421 -1.52299 -3.8242 -0.180616 0.159476 0.0775865
internal_weight=53 17 36 17 12 7 19 7 12 12 9
internal_count=53 17 36 17 12 7 19 7 12 12 9
is_linear=0
shrinkage=0.05


Tree=116
num_leaves=14
num_cat=0
split_feature=62 11 79 55 5 5 12 11 30 76 11 44 22
split_gain=248938 553857 115289 138779 206148 30962.8 72748 969.065 888.648 842.309 130.317 45.7322 12.0095
threshold=1.0000000180025095e-35 1.0000000180025095e-35 1.0000000180025095e-35 1.0000000180025095e-35 1.0000000180025095e-35 1.0000000180025095e-35 1.0000000180025095e-35 0.35000000000000003 1.0000000180025095e-35 1.0000000180025095e-35 0.35000000000000003 0.33750000000000008 0.65000000000000002
decision_type=2 2 2 2 2 2 2 2 2 2 2 2 2
left_child=2 -2 3 9 -5 8 -7 -8 -4 11 -10 -1 -13
right_child=1 -3 5 4 -6 6 7 -9 10 -11 -12 12 -14
leaf_value=0.2111186303198338 -25.314544423421225 5.0679411570231103 -0.87443272272745765 0.48315623283386222 14.841015167236325 -10.296513732274374 -1.8769404411315911 -0.74024059772491446 0.25349673231442765 -0.90746238629023179 -0.092128667831420888 0.053411004940668728 -0.078929053060710408
leaf_weight=2.9999999999999982 2.9999999999999991 3 2.9999999999999991 5 5 2.9999999999999991 3 5 6 3.0000000000000009 5 3 4
leaf_count=3 3 3 3 5 5 3 3 5 6 3 5 3 4
internal_value=-0.521259 -10.1233 0.678996 3.23375 7.66209 -1.67138 -3.65651 -1.1665 -0.11164 -0.172655 0.0963943 0.0477873 -0.0222119
internal_weight=54 6 48 23 10 25 11 8 14 13 11 10 7
internal_count=54 6 48 23 10 25 11 8 14 13 11 10 7
is_linear=0
shrinkage=0.05


Tree=117
num_leaves=13
num_cat=0
split_feature=64 62 5 55 70 75 9 22 28 77 73 71
split_gain=158170 110266 57842.2 113820 24301 1562.13 977.14 382.948 277.976 451.161 977.836 105.586
threshold=1.0000000180025095e-35 1.0000000180025095e-35 1.0000000180025095e-35 1.0000000180025095e-35 1.0000000180025095e-35 1.0000000180025095e-35 1.0000000180025095e-35 0.35000000000000003 1.0000000180025095e-35 1.0000000180025095e-35 1.0000000180025095e-35 1.0000000180025095e-35
decision_type=2 2 2 2 2 2 2 2 2 2 2 2
left_child=1 2 6 5 -5 7 8 -4 11 10 -10 -1
right_child=-2 -3 3 4 -6 -7 -8 -9 9 -11 -12 -13
leaf_value=0.10718151728312156 10.860405476888021 6.0843434143066411 -1.4433982769648237 -10.467524719238281 -4.7753062248229972 -0.021633676439523689 -0.83071107864379889 -0.81180929541587821 1.2071826736132307 -0.16806596964597698 0.10160792569319406 -0.28522032499313349
leaf_weight=3.0000000000000044 2.9999999999999991 4.9999999999999991 5.9999999999999982 5 3 4.0000000000000009 2.9999999999999991 4 2.9999999999999982 4.0000000000000009 6 4
leaf_count=3 3 5 6 5 3 4 3 4 3 4 6 4
internal_value=-0.290704 -0.959771 -1.74245 -3.57535 -8.33294 -0.856726 0.0107592 -1.19076 0.13698 0.273764 0.470133 -0.117048
internal_weight=53 50 45 22 8 14 23 10 20 13 9 7
internal_count=53 50 45 22 8 14 23 10 20 13 9 7
is_linear=0
shrinkage=0.05


Tree=118
num_leaves=14
num_cat=0
split_feature=78 5 55 70 70 7 28 61 75 55 77 0 11
split_gain=134086 89035.9 70987.2 42573.3 29318.4 41960 4155.97 13069.9 1779.41 306.131 258.05 180.763 96.6831
threshold=1.0000000180025095e-35 1.0000000180025095e-35 1.0000000180025095e-35 1.0000000180025095e-35 1.0000000180025095e-35 1.0000000180025095e-35 1.0000000180025095e-35 1.0000000180025095e-35 1.0000000180025095e-35 1.0000000180025095e-35 1.0000000180025095e-35 1.0000000180025095e-35 0.35000000000000003
decision_type=2 2 2 2 2 2 2 2 2 2 2 2 2
left_child=1 4 8 -4 6 -6 9 -8 12 -1 11 -9 -3
right_child=-2 2 3 -5 5 -7 7 10 -10 -11 -12 -13 -14
leaf_value=-0.31547180175781214 10.317385864257814 -1.3726196606953935 -10.445679092407225 -3.1507077693939203 8.4644411722819015 0.10182243982950843 3.8154904047648142 0.51441476702690114 0.14336863309144968 -0.95435709953308079 -0.12757789256982502 0.023480144143104547 -1.0135781478881833
leaf_weight=5.0000000000000053 2.9999999999999991 3 4 4 2.9999999999999991 3 2.9999999999999973 5 4.0000000000000009 3 5.0000000000000009 3 5
leaf_count=5 3 3 4 4 3 3 3 5 4 3 5 3 5
internal_value=0.0502602 -0.565767 -3.14989 -6.79819 1.15698 4.28313 0.375444 0.840694 -0.71769 -0.555054 0.154202 0.330314 -1.14822
internal_weight=53 50 20 8 30 6 24 16 12 8 13 8 8
internal_count=53 50 20 8 30 6 24 16 12 8 13 8 8
is_linear=0
shrinkage=0.05


Tree=119
num_leaves=15
num_cat=0
split_feature=62 11 80 71 70 11 55 5 5 8 76 11 44 11
split_gain=268202 512962 108782 137618 509369 813500 35497.9 76361.3 14208 13019.6 559.174 84.438 44.3598 5.03206
threshold=1.0000000180025095e-35 1.0000000180025095e-35 1.0000000180025095e-35 1.0000000180025095e-35 1.0000000180025095e-35 0.35000000000000003 1.0000000180025095e-35 1.0000000180025095e-35 1.0000000180025095e-35 1.0000000180025095e-35 1.0000000180025095e-35 1.0000000180025095e-35 0.33750000000000008 0.35000000000000003
decision_type=2 2 2 2 2 2 2 2 2 2 2 2 2 2
left_child=2 -2 3 4 5 -1 10 -8 -6 -5 12 -11 -4 -14
right_child=1 -3 6 9 8 -7 7 -9 -10 11 -12 -13 13 -15
leaf_value=35.759773222605382 -24.9972225189209 4.2420700073242177 0.2013763683537643 -3.2156582474708553 0.096731336911519347 -1.0618585666020708 0.51271613836288443 -9.2572156906127923 -4.4551942110061642 0.56076277494430526 -0.7377988735834754 0.20985155999660488 -0.065139685384929175 0.020524917046229038
leaf_weight=3 2.9999999999999991 3 2.9999999999999982 4 3 3 4 4 4 3 3.0000000000000009 4 4 3
leaf_count=3 3 3 3 4 3 3 4 4 4 3 3 4 4 3
internal_value=-0.447637 -10.3776 0.876355 3.17593 6.6587 17.349 -1.75173 -4.37225 -2.50437 -0.940085 -0.139096 0.360242 0.0405145 -0.0284263
internal_weight=51 6 45 24 13 6 21 8 7 11 13 7 10 7
internal_count=51 6 45 24 13 6 21 8 7 11 13 7 10 7
is_linear=0
shrinkage=0.05


Tree=120
num_leaves=13
num_cat=0
split_feature=62 70 22 5 70 69 63 76 7 22 44 73
split_gain=153043 248012 59965.8 194005 419742 6172.21 666.26 592.445 340.668 242.049 268.672 107.623
threshold=1.0000000180025095e-35 1.0000000180025095e-35 1.0000000180025095e-35 1.0000000180025095e-35 1.0000000180025095e-35 1.0000000180025095e-35 1.0000000180025095e-35 1.0000000180025095e-35 1.0000000180025095e-35 0.27500000000000008 0.33750000000000008 1.0000000180025095e-35
decision_type=2 2 2 2 2 2 2 2 2 2 2 2
left_child=2 -2 3 6 -5 7 11 8 9 -4 -11 -1
right_child=1 -3 5 4 -6 -7 -8 -9 -10 10 -12 -13
leaf_value=0.48341294924418099 -14.883584594726564 4.134410858154296 0.20757473409175831 20.584876632690431 -4.156246121724446 -1.9940782642364505 -0.41091874092817299 -0.7009089390436809 0.40944465637207039 -0.61266008317470577 -0.033142885069052379 0.087243392691016178
leaf_weight=3.0000000000000009 3.9999999999999991 3 5.0000000000000098 3.9999999999999991 3 4.9999999999999991 8 2.9999999999999991 4.9999999999999991 2.9999999999999982 6 4
leaf_count=3 4 3 5 4 3 5 8 3 5 3 6 4
internal_value=0.182619 -6.73302 1.17057 3.1083 9.98154 -0.408328 -0.0992092 -0.0479303 0.0551715 -0.0713546 -0.226315 0.25703
internal_weight=56 7 49 22 7 27 15 22 19 14 9 7
internal_count=56 7 49 22 7 27 15 22 19 14 9 7
is_linear=0
shrinkage=0.05


Tree=121
num_leaves=12
num_cat=0
split_feature=80 5 55 70 55 40 5 22 6 22 77
split_gain=97291.6 97975.7 319420 41018.1 94063.9 85222.1 39351.9 89735.4 33753.3 293.895 250.625
threshold=1.0000000180025095e-35 1.0000000180025095e-35 1.0000000180025095e-35 1.0000000180025095e-35 1.0000000180025095e-35 1.0000000180025095e-35 1.0000000180025095e-35 1.0000000180025095e-35 1.0000000180025095e-35 0.35000000000000003 1.0000000180025095e-35
decision_type=2 2 2 2 2 2 2 2 2 2 2
left_child=1 3 9 4 8 -6 10 -8 -1 -3 -2
right_child=6 2 -4 -5 5 -7 7 -9 -10 -11 -12
leaf_value=0.034391045570373521 0.32518178927046909 -1.5637348830699911 14.438479804992674 4.7419123649597168 -11.690676063299179 0.22724816004435217 -9.8235988616943342 0.2239026027917862 6.7429231643676744 -0.90906169017155936 -0.13830691337585446
leaf_weight=5.0000000000000018 7 4.0000000000000018 6 3.9999999999999991 2.9999999999999991 3 4 5 3 3 5
leaf_count=5 7 4 6 4 3 3 4 5 3 3 5
internal_value=0.885321 2.66538 5.97298 0.276561 -0.999254 -5.73171 -1.74239 -4.24165 2.55009 -1.28316 0.132061
internal_weight=52 31 13 18 14 6 21 9 8 7 12
internal_count=52 31 13 18 14 6 21 9 8 7 12
is_linear=0
shrinkage=0.05


Tree=122
num_leaves=13
num_cat=0
split_feature=80 5 55 71 18 55 5 6 11 0 22 22
split_gain=87863.3 195793 654130 38250.3 44998.4 19357.1 64810.4 18617 110.952 65.8699 237.334 47.0097
threshold=1.0000000180025095e-35 1.0000000180025095e-35 1.0000000180025095e-35 1.0000000180025095e-35 1.0000000180025095e-35 1.0000000180025095e-35 1.0000000180025095e-35 1.0000000180025095e-35 0.35000000000000003 1.0000000180025095e-35 0.35000000000000003 0.35000000000000003
decision_type=2 2 2 2 2 2 2 2 2 2 2 2
left_child=1 3 11 7 -5 9 -7 -1 -6 -2 -11 -3
right_child=5 2 -4 4 8 6 -8 -9 -10 10 -12 -13
leaf_value=-0.13832764625549307 0.11131046950817106 -1.1254401385784143 24.3333456993103 6.838188393910726 -0.075728293657302853 -0.047350128864248588 -9.0480753580729143 -5.3488691329956044 -0.42902811765670767 -0.47161570191383345 0.090918510556220994 -0.8636086165904997
leaf_weight=3.0000000000000009 5.0000000000000009 4.0000000000000018 4 2.9999999999999991 5 6 3 4 4 3 5 3
leaf_count=3 5 4 4 3 5 6 3 4 4 3 5 3
internal_value=1.13496 2.895 8.20371 -0.178455 1.53498 -1.26509 -3.04759 -3.11578 -0.23275 -0.031054 -0.120032 -1.01323
internal_weight=52 30 11 19 12 22 9 7 9 13 8 7
internal_count=52 30 11 19 12 22 9 7 9 13 8 7
is_linear=0
shrinkage=0.05


Tree=123
num_leaves=14
num_cat=0
split_feature=5 55 79 79 62 73 55 69 22 22 11 0 50
split_gain=122942 280998 138385 61806.3 107905 39295.4 71084.7 3565.46 690.015 1107.22 160.509 2.85347 1.8811
threshold=1.0000000180025095e-35 1.0000000180025095e-35 1.0000000180025095e-35 1.0000000180025095e-35 1.0000000180025095e-35 1.0000000180025095e-35 1.0000000180025095e-35 1.0000000180025095e-35 0.27500000000000008 0.35000000000000003 0.35000000000000003 1.0000000180025095e-35 1.0000000180025095e-35
decision_type=2 2 2 2 2 2 2 2 2 2 2 2 2
left_child=3 7 -3 5 10 6 -1 8 -2 -10 12 -7 -5
right_child=1 2 -4 4 -6 11 -8 -9 9 -11 -12 -13 -14
leaf_value=-0.030626538395881628 0.4695635159810384 -18.655781364440909 -6.1784554696083056 0.02416814565658568 9.2575107574462887 0.068989642406813795 -10.915223725636798 -1.7874106866121293 -1.1790106455485023 0.036019490361213678 -0.35574051856994632 0.0044814382990201306 -0.025913055737813308
leaf_weight=3.0000000000000018 2.9999999999999991 4.0000000000000018 5 5.0000000000000018 3.9999999999999991 4 3 4.9999999999999991 3 5 4.9999999999999991 3 3
leaf_count=3 3 4 5 5 4 4 3 5 3 5 5 3 3
internal_value=-2.06644 -4.65603 -11.7239 0.0915431 2.07614 -2.5037 -5.47293 -0.680331 -0.177113 -0.419617 -0.133508 0.0413433 0.0053877
internal_weight=55 25 9 30 17 13 6 16 11 8 13 7 8
internal_count=55 25 9 30 17 13 6 16 11 8 13 7 8
is_linear=0
shrinkage=0.05


Tree=124
num_leaves=15
num_cat=0
split_feature=64 62 16 56 11 80 69 22 22 28 12 73 11 0
split_gain=121166 111499 29783.3 60606.4 15606.7 9803.9 3034.29 692.501 909.714 281.005 738.215 89.352 65.8868 2.57526
threshold=1.0000000180025095e-35 1.0000000180025095e-35 1.0000000180025095e-35 1.0000000180025095e-35 1.0000000180025095e-35 1.0000000180025095e-35 1.0000000180025095e-35 0.27500000000000008 0.65000000000000002 1.0000000180025095e-35 1.0000000180025095e-35 1.0000000180025095e-35 0.55000000000000016 1.0000000180025095e-35
decision_type=2 2 2 2 2 2 2 2 2 2 2 2 2 2
left_child=1 2 9 5 -3 -4 7 -5 -9 10 -1 -11 -12 -13
right_child=-2 4 3 6 -6 -7 -8 8 -10 11 12 13 -14 -15
leaf_value=-0.64931029319763189 9.9871775309244804 8.6518320719401043 -4.1660423914591451 0.44608532587687189 3.5517158508300777 -7.9472261428832995 -1.6980401980876918 -1.1200600941975909 0.031749833002686495 0.30222373157739635 0.20408838291962939 0.065540159074589599 -0.082893355687459286 0.0042573685447374974
leaf_weight=4.9999999999999991 2.9999999999999991 2.9999999999999991 3.0000000000000009 2.9999999999999982 3 4 5.0000000000000009 3 4 6 6 4 3 3
leaf_count=5 3 3 3 3 3 4 5 3 4 6 6 4 3 3
internal_value=0.202027 -0.331708 -1.11948 -2.4851 6.10177 -6.32672 -0.692342 -0.189492 -0.461883 -0.00675652 -0.162193 0.160637 0.108428 0.0392761
internal_weight=58 55 49 22 6 7 15 10 7 27 14 13 9 7
internal_count=58 55 49 22 6 7 15 10 7 27 14 13 9 7
is_linear=0
shrinkage=0.05


Tree=125
num_leaves=12
num_cat=0
split_feature=19 80 12 70 11 71 22 5 22 0 0
split_gain=166208 245060 567797 142958 595038 14760.1 6839.61 5662.25 14544.5 367.746 244.91
threshold=1.0000000180025095e-35 1.0000000180025095e-35 1.0000000180025095e-35 1.0000000180025095e-35 1.0000000180025095e-35 1.0000000180025095e-35 0.35000000000000003 1.0000000180025095e-35 0.27500000000000008 1.0000000180025095e-35 1.0000000180025095e-35
decision_type=2 2 2 2 2 2 2 2 2 2 2
left_child=1 2 -1 4 -2 -4 -6 9 -9 -3 -10
right_child=3 7 5 -5 6 -7 -8 8 10 -11 -12
leaf_value=21.48891279220582 -25.587951024373382 0.60355759978294365 -1.3369155669212338 2.8052715619405113 2.8321411848068232 2.7380149930715554 -0.32609062194824212 -4.3125397682189917 -0.015904217660427093 -0.0028634583950042721 -0.58734719753265363
leaf_weight=4.9999999999999973 2.9999999999999982 5 5 5.9999999999999991 3 4 4 3.0000000000000009 5 5 3
leaf_count=5 3 5 5 6 3 4 4 3 5 5 3
internal_value=0.925415 2.85532 7.97943 -3.29626 -6.95718 0.474165 1.02744 -0.560748 -1.34356 0.300347 -0.230195
internal_weight=51 35 14 16 10 9 7 21 11 10 8
internal_count=51 35 14 16 10 9 7 21 11 10 8
is_linear=0
shrinkage=0.05


Tree=126
num_leaves=16
num_cat=0
split_feature=64 62 5 22 70 11 69 28 12 73 77 22 22 22 44
split_gain=126750 103728 37235.2 96106.6 14544.1 14081.1 2843.37 2433.58 2747.67 763.343 3027.53 452.002 927.707 82.3194 45.957
threshold=1.0000000180025095e-35 1.0000000180025095e-35 1.0000000180025095e-35 1.0000000180025095e-35 1.0000000180025095e-35 1.0000000180025095e-35 1.0000000180025095e-35 1.0000000180025095e-35 1.0000000180025095e-35 1.0000000180025095e-35 1.0000000180025095e-35 0.27500000000000008 0.35000000000000003 0.35000000000000003 0.62500000000000011
decision_type=2 2 2 2 2 2 2 2 2 2 2 2 2 2 2
left_child=1 2 7 4 -4 -3 11 8 -1 10 -9 -5 -13 -10 -14
right_child=-2 5 3 6 -6 -7 -8 9 13 -11 -12 12 14 -15 -16
leaf_value=-1.5427180290222169 9.9826019287109382 8.0789768218994151 -9.3222301483154251 0.40438957214355425 -5.0584123134613028 3.234539540608723 -1.5462923622131348 2.0737343470255527 -0.18159831364949541 0.030474841296672814 0.064580056071281422 -1.0221969286600752 0.19304505785306292 0.139180850982666 -0.083712972203890457
leaf_weight=3.9999999999999991 2.9999999999999991 2.9999999999999991 4.0000000000000018 3.0000000000000027 4 3 4.9999999999999991 3 3 5.0000000000000009 5 2.9999999999999982 3 6 3
leaf_count=4 3 3 4 3 4 3 5 3 3 5 5 3 3 6 3
internal_value=-0.0345868 -0.561807 -1.2934 -2.67118 -7.19032 5.65676 -0.544523 0.0313806 -0.452352 0.515114 0.818013 -0.127119 -0.304288 0.0322545 0.054666
internal_weight=60 57 51 25 8 6 17 26 13 13 8 12 9 9 6
internal_count=60 57 51 25 8 6 17 26 13 13 8 12 9 9 6
is_linear=0
shrinkage=0.05


Tree=127
num_leaves=14
num_cat=0
split_feature=80 16 11 8 22 6 5 22 11 0 22 44 77
split_gain=40870.1 137416 259492 177213 33060.1 56887.2 17498.2 48036.9 3976.97 245.682 189.765 13.4766 1.49737
threshold=1.0000000180025095e-35 1.0000000180025095e-35 1.0000000180025095e-35 1.0000000180025095e-35 0.35000000000000003 1.0000000180025095e-35 1.0000000180025095e-35 1.0000000180025095e-35 0.55000000000000016 1.0000000180025095e-35 0.35000000000000003 0.62500000000000011 1.0000000180025095e-35
decision_type=2 2 2 2 2 2 2 2 2 2 2 2 2
left_child=1 3 -3 -1 5 -5 9 -8 -6 -2 -4 -9 -11
right_child=6 2 10 4 8 -7 7 11 -10 12 -12 -13 -14
leaf_value=-10.140249252319329 0.41370269911629809 14.639773807525637 -1.0643784761428829 0.46708643777029835 -0.14153278668721517 7.9418025016784659 -6.8681263923645011 0.060663026571273794 -2.7160768826802566 0.0026639267802238461 -0.501995277404785 -0.079527326921621941 -0.047292229036490108
leaf_weight=4.0000000000000027 7 4.9999999999999982 3 7.0000000000000018 2.9999999999999991 4 4 4 3 3 3 3 3
leaf_count=4 7 5 3 7 3 4 4 4 3 3 3 3 3
internal_value=0.530292 1.70009 6.22725 -0.671286 1.55671 3.18517 -1.02943 -2.49713 -1.4288 0.212464 -0.783187 0.000581447 -0.0223142
internal_weight=56 32 11 21 17 11 24 11 6 13 6 7 6
internal_count=56 32 11 21 17 11 24 11 6 13 6 7 6
is_linear=0
shrinkage=0.05


Tree=128
num_leaves=13
num_cat=0
split_feature=62 70 80 70 71 63 55 5 11 11 22 44
split_gain=118790 261776 63705.6 135933 630558 22073.6 12591.8 39032.7 835.303 292.019 174.103 47.2415
threshold=1.0000000180025095e-35 1.0000000180025095e-35 1.0000000180025095e-35 1.0000000180025095e-35 1.0000000180025095e-35 1.0000000180025095e-35 1.0000000180025095e-35 1.0000000180025095e-35 1.0000000180025095e-35 0.27350000000000002 0.35000000000000003 0.33750000000000008
decision_type=2 2 2 2 2 2 2 2 2 2 2 2
left_child=2 -2 3 4 -1 -6 9 -8 -7 11 -10 -4
right_child=1 -3 6 -5 5 8 7 -9 10 -11 -12 -13
leaf_value=20.069818840026837 -14.65625534057617 3.4329660415649408 0.23568959782520926 -3.3225916045052664 -4.4171041409174601 0.99781403541564928 0.075581352859735482 -7.1385447184244768 -0.19587272008260087 -0.40826902627944933 0.30801267623901363 -0.015285961031913757
leaf_weight=5.0000000000000044 4 4 3 6.9999999999999991 2.9999999999999991 4 5 3 3 5.0000000000000009 4 5
leaf_count=5 4 4 3 7 3 4 5 3 3 5 4 5
internal_value=0.0206134 -5.61164 0.979296 2.63367 4.82808 -0.615402 -1.06897 -2.62972 0.421426 -0.108516 0.0920618 0.0788299
internal_weight=55 8 47 26 19 14 21 8 11 13 7 8
internal_count=55 8 47 26 19 14 21 8 11 13 7 8
is_linear=0
shrinkage=0.05


Tree=129
num_leaves=15
num_cat=0
split_feature=19 71 79 22 5 6 12 71 29 11 76 70 44 22
split_gain=79360.2 150756 125872 159850 445396 97028.2 53938.4 21836.1 15000.2 1486.73 309.315 49.8178 42.7074 5.1536
threshold=1.0000000180025095e-35 1.0000000180025095e-35 1.0000000180025095e-35 1.0000000180025095e-35 1.0000000180025095e-35 1.0000000180025095e-35 1.0000000180025095e-35 1.0000000180025095e-35 1.0000000180025095e-35 0.35000000000000003 1.0000000180025095e-35 1.0000000180025095e-35 0.33750000000000008 0.65000000000000002
decision_type=2 2 2 2 2 2 2 2 2 2 2 2 2 2
left_child=2 5 3 4 -1 -2 11 -8 -3 -10 12 -4 -5 -14
right_child=1 8 6 10 -6 -7 7 -9 9 -11 -12 -13 13 -15
leaf_value=0.38923849186726966 -14.97256661256154 4.1721533457438147 -5.6408893585205115 0.22390512439111868 21.304359436035153 -3.598430938720703 -1.8376397895812986 3.1187294460833068 0.90630791187286341 -0.50163837909698483 -0.50974370638529465 -5.3713510513305653 0.042822226136922825 -0.03743987791240215
leaf_weight=7.0000000000000018 3 2.9999999999999991 2.9999999999999973 2.9999999999999991 4 5 5 4 3 5 2.9999999999999991 4 4 4
leaf_count=7 3 3 3 3 4 5 5 4 3 5 3 4 4 4
internal_value=0.0300351 -2.64119 1.26792 3.48424 7.99474 -7.86373 -2.19508 0.365191 1.15702 0.0263415 -0.0597133 -5.48687 0.0630223 0.00269117
internal_weight=60 19 41 25 11 8 16 9 11 8 14 7 11 8
internal_count=60 19 41 25 11 8 16 9 11 8 14 7 11 8
is_linear=0
shrinkage=0.05


Tree=130
num_leaves=13
num_cat=0
split_feature=80 5 55 70 55 5 56 11 6 73 0 0
split_gain=99954.2 245291 685057 25386.8 74406.6 17273.1 54387.7 9396.6 4966.34 308.298 294.834 0.324525
threshold=1.0000000180025095e-35 1.0000000180025095e-35 1.0000000180025095e-35 1.0000000180025095e-35 1.0000000180025095e-35 1.0000000180025095e-35 1.0000000180025095e-35 0.35000000000000003 1.0000000180025095e-35 1.0000000180025095e-35 1.0000000180025095e-35 1.0000000180025095e-35
decision_type=2 2 2 2 2 2 2 2 2 2 2 2
left_child=1 3 -3 4 7 9 -7 -1 -5 -2 -8 -11
right_child=5 2 -4 8 -6 6 10 -9 -10 11 -12 -13
leaf_value=3.4952430566151906 0.5100165948271751 -1.1158364375432328 25.597479534149166 0.75003437201182055 -7.0690253734588628 -7.2330105781555183 0.14273010849952694 -0.044360632896423335 3.4412393569946285 -0.013364597223699091 -0.48425655364990217 0.0083900819222132352
leaf_weight=3.0000000000000018 5 6.0000000000000018 4 2.9999999999999991 3.9999999999999991 3.9999999999999991 5 5 4 4 3 3
leaf_count=3 5 6 4 3 4 4 5 5 4 4 3 3
internal_value=1.25563 3.23096 9.56949 -0.105111 -1.50101 -1.13122 -2.4726 1.28299 2.28787 0.21015 -0.0923899 -0.00404116
internal_weight=53 29 10 19 12 24 12 8 7 12 8 7
internal_count=53 29 10 19 12 24 12 8 7 12 8 7
is_linear=0
shrinkage=0.05


Tree=131
num_leaves=16
num_cat=0
split_feature=64 5 55 62 12 69 79 12 8 75 8 77 22 73 22
split_gain=101108 116234 95206.7 49416.3 8234.04 5766.08 1139.61 860.343 2653.96 853.199 322.91 180.115 86.6175 7.75263 5.09439
threshold=1.0000000180025095e-35 1.0000000180025095e-35 1.0000000180025095e-35 1.0000000180025095e-35 1.0000000180025095e-35 1.0000000180025095e-35 1.0000000180025095e-35 1.0000000180025095e-35 1.0000000180025095e-35 1.0000000180025095e-35 1.0000000180025095e-35 1.0000000180025095e-35 0.65000000000000002 1.0000000180025095e-35 0.35000000000000003
decision_type=2 2 2 2 2 2 2 2 2 2 2 2 2 2 2
left_child=1 3 5 7 -5 9 -4 8 13 -3 11 -9 -11 -1 -12
right_child=-2 2 6 4 -6 -7 -8 10 -10 12 14 -13 -14 -15 -16
leaf_value=0.08069374084472658 8.6491709391276057 -0.8328105181455614 -6.8713602066040025 7.1141492207845047 3.4096374511718746 -2.5133483648300161 -8.0036425018310542 0.48332763512929272 1.5870674788951868 0.29989938735961907 -0.24123829205830885 -0.064569096763928718 -0.080051171779632557 -0.012696367502212522 -0.32743175029754634
leaf_weight=4.9999999999999982 2.9999999999999991 3.9999999999999982 4 2.9999999999999991 3 4.0000000000000009 5 3 4.0000000000000009 3 3 3 3 4 4
leaf_count=5 3 4 4 3 3 4 5 3 4 3 3 3 3 4 4
internal_value=-0.289415 -0.776974 -3.48821 1.17172 5.26189 -0.908935 -7.50041 0.227838 0.515458 -0.26717 -0.059782 0.209379 0.109924 0.039187 -0.290492
internal_weight=58 55 23 32 6 14 9 26 13 10 13 6 6 9 7
internal_count=58 55 23 32 6 14 9 26 13 10 13 6 6 9 7
is_linear=0
shrinkage=0.05


Tree=132
num_leaves=15
num_cat=0
split_feature=62 79 55 5 5 22 11 9 11 73 22 0 22 22
split_gain=152006 106363 110715 244196 66351 99617.4 3168.43 588.08 1294.69 510.885 229.108 104.775 302.854 78.1722
threshold=1.0000000180025095e-35 1.0000000180025095e-35 1.0000000180025095e-35 1.0000000180025095e-35 1.0000000180025095e-35 1.0000000180025095e-35 0.35000000000000003 1.0000000180025095e-35 1.0000000180025095e-35 1.0000000180025095e-35 0.35000000000000003 1.0000000180025095e-35 0.35000000000000003 0.65000000000000002
decision_type=2 2 2 2 2 2 2 2 2 2 2 2 2 2
left_child=1 2 11 9 7 -6 -7 8 -3 -4 -10 13 -13 -1
right_child=-2 4 3 -5 5 6 -8 -9 10 -11 -12 12 -14 -15
leaf_value=0.28490440448125187 -7.7746210734049486 1.1545639324188235 0.85109591484069813 14.825453109741208 -12.497450192769366 -2.8357698440551751 -0.68620520830154408 -0.24261948267618802 -0.22917636235555006 -0.01206154841929674 0.34885075092315665 -0.48959316536784181 0.094110766649246211 -0.07604861309130985
leaf_weight=3.0000000000000009 5.9999999999999991 4.9999999999999982 3 5 3 3 4 3.0000000000000009 3 4 4 3.9999999999999982 5 3
leaf_count=3 6 5 3 5 3 3 4 3 3 4 4 4 5 3
internal_value=-0.239109 0.630373 2.80634 6.38603 -1.71967 -4.87445 -1.60745 0.383522 0.540058 0.357863 0.101125 -0.0574168 -0.165313 0.104428
internal_weight=58 52 27 12 25 10 7 15 12 7 7 15 9 6
internal_count=58 52 27 12 25 10 7 15 12 7 7 15 9 6
is_linear=0
shrinkage=0.05


Tree=133
num_leaves=14
num_cat=0
split_feature=27 22 79 62 73 0 70 11 69 22 22 12 11
split_gain=54379.6 79986.1 53695.3 40489.6 20951.5 33353 8432.18 7431.22 5034.52 774.776 638.434 590.129 192.762
threshold=1.0000000180025095e-35 1.0000000180025095e-35 1.0000000180025095e-35 1.0000000180025095e-35 1.0000000180025095e-35 0.35000000000000003 1.0000000180025095e-35 1.0000000180025095e-35 1.0000000180025095e-35 0.27500000000000008 0.35000000000000003 1.0000000180025095e-35 1.0000000180025095e-35
decision_type=2 2 2 2 2 2 2 2 2 2 2 2 2
left_child=2 6 4 10 5 -1 -2 -5 9 -3 12 -11 -4
right_child=1 8 3 7 -6 -7 -8 -9 -10 11 -12 -13 -14
leaf_value=-7.0305395185947379 -8.6041733741760194 0.5299604038397473 0.28925020694732656 7.1471728006998703 -0.015118303398291269 -0.056317778925100953 -5.3576025009155259 3.6278867085774729 -2.0854785251617431 -0.032851016893982884 0.87278574705123901 -0.96053883234659809 -0.2177175601323445
leaf_weight=4.0000000000000018 4.0000000000000018 2.9999999999999982 5.0000000000000018 2.9999999999999991 6 3 4 3 4.9999999999999991 4 3.9999999999999991 3 3
leaf_count=4 4 3 5 3 6 3 4 3 5 4 4 3 3
internal_value=-1.1013 -2.94338 0.265406 2.03386 -2.18322 -4.04159 -6.98089 5.38753 -0.790035 -0.142314 0.35702 -0.430432 0.0991373
internal_weight=54 23 31 18 13 7 8 6 15 10 12 7 8
internal_count=54 23 31 18 13 7 8 6 15 10 12 7 8
is_linear=0
shrinkage=0.05


Tree=134
num_leaves=15
num_cat=0
split_feature=79 22 61 62 7 11 11 69 76 22 11 44 12 22
split_gain=98842.9 171887 362910 67783.3 11955.7 6706.68 6436.21 687.834 145.249 115.283 344.886 35.6764 15.9019 4.481
threshold=1.0000000180025095e-35 1.0000000180025095e-35 1.0000000180025095e-35 1.0000000180025095e-35 1.0000000180025095e-35 1.0000000180025095e-35 0.35000000000000003 1.0000000180025095e-35 1.0000000180025095e-35 0.35000000000000003 1.0000000180025095e-35 0.33750000000000008 1.0000000180025095e-35 0.65000000000000002
decision_type=2 2 2 2 2 2 2 2 2 2 2 2 2 2
left_child=1 2 -1 4 6 -5 12 -8 11 10 -6 -3 -2 -13
right_child=3 8 -4 5 9 -7 7 -9 -10 -11 -12 13 -14 -15
leaf_value=-16.897420565287266 -2.7540671730041502 0.1839141845703125 0.49295492569605504 6.78981424967448 0.47128970146179194 3.4464925130208321 0.0022350768248240141 -1.0684610366821286 -0.3556250095367432 0.52304608345031722 -0.20683167775472 0.030038060247898093 -2.6084563891092927 -0.047257876247167582
leaf_weight=6.0000000000000018 5 2.9999999999999991 6 2.9999999999999991 5 3 3.0000000000000009 3 2.9999999999999991 5.0000000000000009 3 3 3 5
leaf_count=6 5 3 6 3 5 3 3 3 3 5 3 3 3 5
internal_value=-1.50546 -3.81108 -8.20223 0.311082 -0.757156 5.11815 -1.77103 -0.533113 -0.0472363 0.334706 0.216994 0.0368698 -2.69946 -0.0182719
internal_weight=59 26 12 33 27 6 14 6 14 13 8 11 8 8
internal_count=59 26 12 33 27 6 14 6 14 13 8 11 8 8
is_linear=0
shrinkage=0.05


Tree=135
num_leaves=12
num_cat=0
split_feature=62 79 55 16 16 12 11 73 50 33 0
split_gain=48678.9 124736 121185 239568 47799.1 50235 1382.08 850.277 77.2132 39.3909 141.726
threshold=1.0000000180025095e-35 1.0000000180025095e-35 1.0000000180025095e-35 1.0000000180025095e-35 1.0000000180025095e-35 1.0000000180025095e-35 0.35000000000000003 1.0000000180025095e-35 1.0000000180025095e-35 0.33750000000000008 1.0000000180025095e-35
decision_type=2 2 2 2 2 2 2 2 2 2 2
left_child=1 2 9 7 6 -6 8 -4 -3 10 -1
right_child=-2 4 3 -5 5 -7 -8 -9 -10 -11 -12
leaf_value=0.10948775634169577 -3.8837041219075523 0.44561952829360951 1.1354203542073564 15.359260025024412 -8.7582933664321896 -1.240689785480499 -0.4937485504150389 -0.055011659860610955 0.76647917429606105 0.1386427300050854 -0.32521643638610831
leaf_weight=5 5.9999999999999991 5 3 5 4 5 5.0000000000000009 3 3 4.0000000000000009 3
leaf_count=5 6 5 3 5 4 5 5 3 3 4 3
internal_value=0.346742 0.910801 3.48539 7.27614 -1.78081 -4.58185 0.158369 0.540204 0.565942 0.01053 -0.0535263
internal_weight=51 45 23 11 22 9 13 6 8 12 8
internal_count=51 45 23 11 22 9 13 6 8 12 8
is_linear=0
shrinkage=0.05


Tree=136
num_leaves=14
num_cat=0
split_feature=62 11 80 12 70 29 5 22 69 73 0 8 22
split_gain=207649 355087 63117 160484 492030 712434 11693.5 34158.3 3342.55 323.754 771.751 251.785 37.0105
threshold=1.0000000180025095e-35 1.0000000180025095e-35 1.0000000180025095e-35 1.0000000180025095e-35 1.0000000180025095e-35 1.0000000180025095e-35 1.0000000180025095e-35 1.0000000180025095e-35 1.0000000180025095e-35 1.0000000180025095e-35 0.35000000000000003 1.0000000180025095e-35 0.35000000000000003
decision_type=2 2 2 2 2 2 2 2 2 2 2 2 2
left_child=2 -2 3 4 5 -1 9 -8 11 10 -4 -5 -9
right_child=1 -3 6 8 -6 -7 7 12 -10 -11 -12 -13 -14
leaf_value=34.435237534840894 -20.8588254292806 3.4683530171712231 1.0786493142445879 0.1514359444379807 -3.043094100554784 -0.023285643259684241 -6.5270025889078758 -0.2828762531280517 -1.8349471664428707 -0.0078335709248979878 -0.055481279393037146 -0.40957351525624591 -0.050553901866078367
leaf_weight=3 2.9999999999999991 3 3 2.9999999999999982 6 3 3 3 5.0000000000000009 6 3 6 4
leaf_count=3 3 3 3 3 6 3 3 3 5 6 3 6 4
internal_value=0.0744195 -8.69524 1.17063 2.83844 7.08144 17.206 -0.800425 -2.06319 -0.798419 0.251875 0.511584 -0.22257 -0.150121
internal_weight=54 6 48 26 12 6 22 10 14 12 6 9 7
internal_count=54 6 48 26 12 6 22 10 14 12 6 9 7
is_linear=0
shrinkage=0.05


Tree=137
num_leaves=13
num_cat=0
split_feature=62 79 55 5 7 70 22 73 76 22 12 22
split_gain=134102 110534 195234 609103 8493.8 9159.25 5470.36 664.658 119.468 45.9599 24.4426 82.083
threshold=1.0000000180025095e-35 1.0000000180025095e-35 1.0000000180025095e-35 1.0000000180025095e-35 1.0000000180025095e-35 1.0000000180025095e-35 0.35000000000000003 1.0000000180025095e-35 1.0000000180025095e-35 0.65000000000000002 1.0000000180025095e-35 0.35000000000000003
decision_type=2 2 2 2 2 2 2 2 2 2 2 2
left_child=1 2 8 7 5 6 -3 -4 9 -1 -6 -12
right_child=-2 4 3 -5 10 -7 -8 -9 -10 -11 11 -13
leaf_value=0.14635618444532159 -6.4924929300944019 -3.4196954910953843 1.0247168699900306 28.091559600830074 0.16825232505798338 0.64208530783653228 -0.80474830269813524 -0.027786149829626079 -0.31904212633768703 -0.081030920334160317 -0.16698010762532547 0.17900308370590207
leaf_weight=4.9999999999999982 5.9999999999999991 5.9999999999999982 3 3 6 3.0000000000000009 3 3 3.0000000000000009 4 3 4
leaf_count=5 6 6 3 3 6 3 3 3 3 4 3 4
internal_value=0.538067 1.4551 4.12933 9.69616 -0.791263 -1.75051 -2.54805 0.498465 -0.0457891 0.0452952 0.0941989 0.0307246
internal_weight=52 46 21 9 25 12 9 6 12 9 13 7
internal_count=52 46 21 9 25 12 9 6 12 9 13 7
is_linear=0
shrinkage=0.05


Tree=138
num_leaves=14
num_cat=0
split_feature=64 62 5 55 70 69 9 11 73 6 33 22 44
split_gain=113557 89178.9 43068.1 95240.1 19465.3 3432.33 162.65 702.16 502.892 222.219 127.601 106.618 46.0525
threshold=1.0000000180025095e-35 1.0000000180025095e-35 1.0000000180025095e-35 1.0000000180025095e-35 1.0000000180025095e-35 1.0000000180025095e-35 1.0000000180025095e-35 0.27350000000000002 1.0000000180025095e-35 1.0000000180025095e-35 0.33750000000000008 0.35000000000000003 0.62500000000000011
decision_type=2 2 2 2 2 2 2 2 2 2 2 2 2
left_child=1 2 6 5 -5 11 7 8 9 -1 -9 -4 -13
right_child=-2 -3 3 4 -6 -7 -8 10 -10 -11 -12 12 -14
leaf_value=0.44643833637237507 9.2206939697265629 5.5645658874511721 -0.24123667478561406 -9.0736368560790961 -4.3940539494156834 -1.6506634008884431 -0.18786071141560873 -0.46969118664662046 -0.051675844192504886 0.97348098754882784 -0.0085317616661389657 0.20990950614213941 -0.067135884364445994
leaf_weight=6.0000000000000053 2.9999999999999991 4.9999999999999991 4.9999999999999982 5.0000000000000018 4 4.9999999999999991 2.9999999999999991 2.9999999999999991 3.9999999999999991 3 3 3 3
leaf_count=6 3 5 5 5 4 5 3 3 4 3 3 3 3
internal_value=-0.238119 -0.78382 -1.45918 -2.87902 -6.99382 -0.564449 0.154278 0.2083 0.414798 0.622119 -0.239111 -0.0707148 0.0713868
internal_weight=55 52 47 25 9 16 22 19 13 9 6 11 6
internal_count=55 52 47 25 9 16 22 19 13 9 6 11 6
is_linear=0
shrinkage=0.05


Tree=139
num_leaves=15
num_cat=0
split_feature=64 62 5 55 11 70 69 11 22 20 55 73 11 50
split_gain=99478.3 101534 50021.1 94740.8 11576.5 7021.65 2454.86 242.415 146.884 126.86 466.866 437.11 51.5768 7.68264
threshold=1.0000000180025095e-35 1.0000000180025095e-35 1.0000000180025095e-35 1.0000000180025095e-35 1.0000000180025095e-35 1.0000000180025095e-35 1.0000000180025095e-35 0.61250000000000016 0.35000000000000003 1.0000000180025095e-35 1.0000000180025095e-35 1.0000000180025095e-35 0.35000000000000003 1.0000000180025095e-35
decision_type=2 2 2 2 2 2 2 2 2 2 2 2 2 2
left_child=1 2 7 6 -3 -5 8 9 -4 10 12 13 -1 -12
right_child=-2 4 3 5 -6 -7 -8 -9 -10 -11 11 -13 -14 -15
leaf_value=0.010194376111030563 8.7596588134765625 7.7338465372721359 -0.32469207048416149 -8.6199549102783202 3.3413314819335933 -5.5601846218109117 -1.5875441268086428 -0.29700543731451035 0.081811228767037392 -0.17846765518188479 0.68746294975280753 -0.028234940860420461 -0.23068704102188345 0.58161469697952262
leaf_weight=5.0000000000000071 2.9999999999999991 2.9999999999999991 3.9999999999999982 5 3 3 4.0000000000000009 3.9999999999999991 5 2.9999999999999991 3 4 4 4
leaf_count=5 3 3 4 5 3 3 4 4 5 3 3 4 4 4
internal_value=-0.102368 -0.594703 -1.36124 -3.19144 5.53759 -7.47254 -0.556915 0.0622484 -0.0988569 0.124727 0.170207 0.388719 -0.096864 0.626978
internal_weight=57 54 48 21 6 8 13 27 9 23 20 11 9 7
internal_count=57 54 48 21 6 8 13 27 9 23 20 11 9 7
is_linear=0
shrinkage=0.05


Tree=140
num_leaves=14
num_cat=0
split_feature=62 80 71 12 5 44 5 11 51 0 73 0 11
split_gain=113117 87885.1 201610 367782 19067.2 45857 14963.9 4044.78 263.115 261.97 518.848 144.072 82.7487
threshold=1.0000000180025095e-35 1.0000000180025095e-35 1.0000000180025095e-35 1.0000000180025095e-35 1.0000000180025095e-35 1.0000000180025095e-35 1.0000000180025095e-35 0.35000000000000003 1.0000000180025095e-35 1.0000000180025095e-35 1.0000000180025095e-35 1.0000000180025095e-35 0.35000000000000003
decision_type=2 2 2 2 2 2 2 2 2 2 2 2 2
left_child=1 2 3 -1 9 -6 8 -5 -4 10 -3 -7 -10
right_child=-2 4 6 7 5 11 -8 -9 12 -11 -12 -13 -14
leaf_value=16.66822322209676 -6.0842791239420571 0.89572620789209978 -0.39607438246409127 -2.1366973241170242 -6.9554964065551745 0.20093326568603512 -3.9386372288068112 0.45970312754313136 0.31412580013275138 -0.059272555708885177 -0.034191642204920443 -0.28908774058024078 0.009015417098999022
leaf_weight=6 5.9999999999999991 3 2.9999999999999973 3 4 3 3.0000000000000009 3 4 5 3 3 5
leaf_count=6 6 3 3 3 4 3 3 3 4 5 3 3 5
internal_value=0.388369 1.19745 3.08429 7.91486 -1.22849 -2.80864 -0.78017 -0.838497 0.00944643 0.208022 0.430767 -0.0440772 0.14462
internal_weight=54 48 27 12 21 10 15 6 12 11 6 6 9
internal_count=54 48 27 12 21 10 15 6 12 11 6 6 9
is_linear=0
shrinkage=0.05


Tree=141
num_leaves=16
num_cat=0
split_feature=19 80 23 9 71 7 55 6 28 71 11 11 22 33 22
split_gain=62002.5 103200 212394 194154 95961.7 69946 15109.4 45028.6 6500.49 4581.4 1089.89 781.26 58.3229 76.4214 15.9329
threshold=1.0000000180025095e-35 1.0000000180025095e-35 1.0000000180025095e-35 1.0000000180025095e-35 1.0000000180025095e-35 1.0000000180025095e-35 1.0000000180025095e-35 1.0000000180025095e-35 1.0000000180025095e-35 1.0000000180025095e-35 0.35000000000000003 0.35000000000000003 0.27500000000000008 0.33750000000000008 0.65000000000000002
decision_type=2 2 2 2 2 2 2 2 2 2 2 2 2 2 2
left_child=1 2 3 -1 5 -2 12 -8 11 10 -4 -6 -3 14 -14
right_child=4 6 9 -5 8 -7 7 -9 -10 -11 -12 -13 13 -15 -16
leaf_value=20.580795796712252 -9.274709192911784 0.20482577929894119 -2.0298624992370597 2.5921812057495113 0.73415644963582338 0.075825881958007796 -6.607721424102782 0.50966218709945676 2.9060624202092482 1.0370853106180824 -0.68209348519643132 -0.33324079513549798 -0.2408729888498784 0.12275012433528898 -0.077916315197944619
leaf_weight=2.9999999999999973 6 3.0000000000000009 3 3 3 3 4 5 3 3 3 4 2.9999999999999982 4 3
leaf_count=3 6 3 3 3 3 3 4 5 3 3 3 4 3 4 3
internal_value=-0.0905755 1.10164 4.29962 11.5865 -2.41227 -6.15786 -1.07879 -2.65362 0.958769 -0.55829 -1.35598 0.124215 0.01147 -0.0465367 -0.159395
internal_weight=56 37 15 6 19 9 22 9 10 9 6 7 13 10 6
internal_count=56 37 15 6 19 9 22 9 10 9 6 7 13 10 6
is_linear=0
shrinkage=0.05


Tree=142
num_leaves=15
num_cat=0
split_feature=80 19 23 71 28 71 55 5 69 70 22 22 33 22
split_gain=46853.8 116287 212302 491584 96486.8 103761 13643.2 40549.7 2131.92 1329.21 191.149 76.9134 136.063 47.2112
threshold=1.0000000180025095e-35 1.0000000180025095e-35 1.0000000180025095e-35 1.0000000180025095e-35 1.0000000180025095e-35 1.0000000180025095e-35 1.0000000180025095e-35 1.0000000180025095e-35 1.0000000180025095e-35 1.0000000180025095e-35 0.35000000000000003 0.27500000000000008 0.33750000000000008 0.65000000000000002
decision_type=2 2 2 2 2 2 2 2 2 2 2 2 2 2
left_child=1 2 3 -1 5 -3 11 -8 -4 -6 -7 -2 13 -13
right_child=6 4 8 -5 9 10 7 -9 -10 -11 -12 12 -14 -15
leaf_value=23.146896791458143 0.19458448290824881 -10.335296690464013 0.28723979791005444 -1.6417976379394528 2.7607592264811203 0.34325900077819815 0.47680332839488976 -6.2773355484008775 -1.3987501120567321 4.1530372619628899 -0.22117117245992018 -0.33641276187263441 0.14159931698814032 -0.074020501226186738
leaf_weight=3.9999999999999973 3.0000000000000009 4.0000000000000018 3 4 2.9999999999999991 3 5 4 5 4 3 3.9999999999999982 4 3
leaf_count=4 3 4 3 4 3 3 5 4 5 4 3 4 4 3
internal_value=0.72616 1.93357 4.99302 10.7525 -0.945912 -4.09749 -1.00621 -2.52504 -0.766504 3.55635 0.0610439 -0.0298258 -0.0910287 -0.223959
internal_weight=56 33 16 8 17 10 23 9 8 7 6 14 11 7
internal_count=56 33 16 8 17 10 23 9 8 7 6 14 11 7
is_linear=0
shrinkage=0.05


Tree=143
num_leaves=13
num_cat=0
split_feature=64 5 56 23 18 61 79 6 0 69 75 11
split_gain=88897.7 80472.6 103677 16449.5 35592.1 45350.9 4883.88 4171.97 5680.49 2173.85 150.39 93.4433
threshold=1.0000000180025095e-35 1.0000000180025095e-35 1.0000000180025095e-35 1.0000000180025095e-35 1.0000000180025095e-35 1.0000000180025095e-35 1.0000000180025095e-35 1.0000000180025095e-35 0.35000000000000003 1.0000000180025095e-35 1.0000000180025095e-35 1.0000000180025095e-35
decision_type=2 2 2 2 2 2 2 2 2 2 2 2
left_child=1 3 6 4 5 -1 -3 -5 -9 10 -4 -6
right_child=-2 2 9 7 11 -7 -8 8 -10 -11 -12 -13
leaf_value=8.0948285102844277 7.953286743164063 -5.9634686470031726 -0.24584606647491461 0.62617856025695773 -0.51859182953834526 0.56564732044935218 -8.3074738788604723 -2.9095323562622064 -0.03133012217003852 -1.3288125991821285 0.1419560560584068 -0.1656172116597493
leaf_weight=3.9999999999999973 2.9999999999999991 4 4.9999999999999982 5.0000000000000018 5 4 5 3 4 5.0000000000000009 5 3
leaf_count=4 3 4 5 5 5 4 5 3 4 5 5 3
internal_value=-0.415742 -0.898571 -3.02311 0.922467 1.97201 4.33024 -7.26569 -0.476919 -1.26485 -0.477568 -0.051945 -0.386226
internal_weight=55 52 24 28 16 8 9 12 7 15 10 8
internal_count=55 52 24 28 16 8 9 12 7 15 10 8
is_linear=0
shrinkage=0.05


Tree=144
num_leaves=14
num_cat=0
split_feature=19 7 80 70 56 55 5 73 59 55 22 33 22
split_gain=111152 207365 112132 299836 455076 9990.15 34592.4 455.845 384.581 242.295 97.442 108.777 39.3582
threshold=1.0000000180025095e-35 1.0000000180025095e-35 1.0000000180025095e-35 1.0000000180025095e-35 1.0000000180025095e-35 1.0000000180025095e-35 1.0000000180025095e-35 1.0000000180025095e-35 1.0000000180025095e-35 1.0000000180025095e-35 0.27500000000000008 0.33750000000000008 0.65000000000000002
decision_type=2 2 2 2 2 2 2 2 2 2 2 2 2
left_child=2 -2 3 4 -1 10 7 -7 9 -3 -4 12 -12
right_child=1 8 5 -5 -6 6 -8 -9 -10 -11 11 -13 -14
leaf_value=26.024545605977387 -12.348901672363287 -0.33574069738388057 0.2315037036935487 -6.136796534061431 1.3918880462646483 0.77333427667617771 -5.6652951240539542 -0.098297365506490042 0.59564952949682859 0.258688994248708 -0.31699486486613759 0.091029777564690439 -0.077417278289794902
leaf_weight=2.9999999999999982 4.9999999999999973 4 3.0000000000000009 4 5 3 4 3 3 3 3.9999999999999982 5 3
leaf_count=3 5 4 3 4 5 3 4 3 3 3 4 5 3
internal_value=-0.404331 -4.03496 1.06755 5.04049 10.6291 -0.839466 -2.06361 0.337518 0.122005 -0.0809851 -0.0233714 -0.0870902 -0.214319
internal_weight=52 15 37 12 8 25 10 6 10 7 15 12 7
internal_count=52 15 37 12 8 25 10 6 10 7 15 12 7
is_linear=0
shrinkage=0.05


Tree=145
num_leaves=11
num_cat=0
split_feature=62 11 79 56 73 7 11 23 76 0
split_gain=95656.4 181696 114005 97675.3 218195 35939 49124.7 1475.37 76.2687 11.4253
threshold=1.0000000180025095e-35 1.0000000180025095e-35 1.0000000180025095e-35 1.0000000180025095e-35 1.0000000180025095e-35 1.0000000180025095e-35 1.0000000180025095e-35 1.0000000180025095e-35 1.0000000180025095e-35 1.0000000180025095e-35
decision_type=2 2 2 2 2 2 2 2 2 2
left_child=2 -2 3 4 -1 6 -4 -7 9 -5
right_child=1 -3 5 8 -6 7 -8 -9 -10 -11
leaf_value=12.931194513042767 -12.657347488403321 3.6206499735514317 -6.9606474399566638 0.10303973406553271 -1.2113712573051452 -0.28386327400803568 -0.56242531140645335 0.89221429824829068 -0.23845467567443834 -0.010333209950476882
leaf_weight=6 3.9999999999999991 3 6 4.9999999999999982 5 7.9999999999999991 6 4.0000000000000009 3.0000000000000009 4
leaf_count=6 4 3 6 5 5 8 6 4 3 4
internal_value=-0.228132 -5.68106 0.584007 3.09951 6.50276 -1.82669 -3.76154 0.108163 -0.0201248 0.0526518
internal_weight=54 7 47 23 11 24 12 12 12 9
internal_count=54 7 47 23 11 24 12 12 12 9
is_linear=0
shrinkage=0.05


Tree=146
num_leaves=14
num_cat=0
split_feature=64 62 5 55 11 79 69 22 7 77 44 22 55
split_gain=77532.4 119958 45982.5 95819.4 16939.4 8254.3 2094.8 876.738 239.191 290.803 220.494 107.354 37.4217
threshold=1.0000000180025095e-35 1.0000000180025095e-35 1.0000000180025095e-35 1.0000000180025095e-35 1.0000000180025095e-35 1.0000000180025095e-35 1.0000000180025095e-35 0.55000000000000016 1.0000000180025095e-35 1.0000000180025095e-35 0.22500000000000003 0.35000000000000003 1.0000000180025095e-35
decision_type=2 2 2 2 2 2 2 2 2 2 2 2 2
left_child=1 2 7 6 -3 -5 10 8 9 12 -4 -10 -1
right_child=-2 4 3 5 -6 -7 -8 -9 11 -11 -12 -13 -14
leaf_value=0.044556354855497637 7.7399017333984377 8.7530230204264328 0.5794490873813628 -5.8518080711364737 3.439617411295572 -9.063953614234924 -1.1789454638957977 0.77079488833745324 -0.42823270899908883 -0.33797334209084501 0.012392608448863028 -0.070738363265991186 0.26792954325675961
leaf_weight=3.0000000000000018 2.9999999999999991 2.9999999999999991 3 4 3 4 4 2.9999999999999991 7 4.0000000000000009 4 3 5
leaf_count=3 3 3 3 4 3 4 4 3 7 4 4 3 5
internal_value=-0.0673457 -0.535781 -1.44016 -3.29426 6.09632 -7.45788 -0.266169 -0.0310414 -0.140383 0.0101186 0.255417 -0.320984 0.184165
internal_weight=53 50 44 19 6 8 11 25 22 12 7 10 8
internal_count=53 50 44 19 6 8 11 25 22 12 7 10 8
is_linear=0
shrinkage=0.05


Tree=147
num_leaves=13
num_cat=0
split_feature=5 55 70 79 62 0 69 22 22 50 22 77
split_gain=86366.7 224760 52600.4 35094.4 43358.6 19445.9 2717.25 1440.76 496.804 407.285 48.8566 4.78857
threshold=1.0000000180025095e-35 1.0000000180025095e-35 1.0000000180025095e-35 1.0000000180025095e-35 1.0000000180025095e-35 1.0000000180025095e-35 1.0000000180025095e-35 0.35000000000000003 0.27500000000000008 1.0000000180025095e-35 0.65000000000000002 1.0000000180025095e-35
decision_type=2 2 2 2 2 2 2 2 2 2 2 2
left_child=3 6 -3 5 7 -1 8 9 -2 -5 -10 -7
right_child=1 2 -4 4 -6 11 -8 -9 10 -11 -12 -13
leaf_value=-3.9132047762828224 0.70958888530731201 -12.794864527384435 -5.3926942825317372 -0.29219886412223167 5.246474914550781 0.010561692963043845 -1.2448978376388551 0.47022731105486559 -0.1684629004448652 -1.0057154337565102 0.07866201326251028 -0.078774481142560623
leaf_weight=6.9999999999999982 2.9999999999999991 6.0000000000000018 4 6.0000000000000018 4.9999999999999991 3 4.9999999999999991 5.9999999999999991 4 3 4 3
leaf_count=7 3 6 4 6 5 3 5 6 4 3 4 3
internal_value=-1.79845 -3.95365 -9.834 -0.100414 1.21417 -2.12285 -0.278433 -0.129932 0.160869 -0.530038 -0.0449004 -0.0341064
internal_weight=59 26 10 33 20 13 16 15 11 9 8 6
internal_count=59 26 10 33 20 13 16 15 11 9 8 6
is_linear=0
shrinkage=0.05


Tree=148
num_leaves=15
num_cat=0
split_feature=62 70 79 55 5 12 5 69 8 11 22 33 22 73
split_gain=70108 223709 109887 130645 370551 34419.4 47469.3 4654.94 267.322 167.727 87.877 89.5148 31.3423 14.5248
threshold=1.0000000180025095e-35 1.0000000180025095e-35 1.0000000180025095e-35 1.0000000180025095e-35 1.0000000180025095e-35 1.0000000180025095e-35 1.0000000180025095e-35 1.0000000180025095e-35 1.0000000180025095e-35 0.55000000000000016 0.27500000000000008 0.33750000000000008 0.65000000000000002 1.0000000180025095e-35
decision_type=2 2 2 2 2 2 2 2 2 2 2 2 2 2
left_child=2 -2 3 10 13 6 -4 8 -7 -10 -1 12 -12 -5
right_child=1 -3 5 4 -6 7 -8 -9 9 -11 11 -13 -14 -15
leaf_value=0.21254976317286478 -12.630847167968748 4.0914784431457516 -0.90336173295974709 0.29056835969289135 19.284451675415035 0.61419566869735742 -8.2110941886901845 -1.9338235219319651 -0.11015857756137847 0.38441322644551584 -0.29704445600509649 0.071577581763267506 -0.083251131077607454 0.14502793699502944
leaf_weight=3.0000000000000009 4 4 5 3 4 3.9999999999999982 4 3.0000000000000009 4 3 3.9999999999999982 5 3 4
leaf_count=3 4 4 5 3 4 4 4 3 4 3 4 5 3 4
internal_value=0.0701138 -4.26968 0.778652 3.00566 7.14451 -1.73884 -4.15124 -0.188006 0.288126 0.101801 -0.0294929 -0.0900036 -0.205419 0.207402
internal_weight=57 8 49 26 11 23 9 14 11 7 15 12 7 7
internal_count=57 8 49 26 11 23 9 14 11 7 15 12 7 7
is_linear=0
shrinkage=0.05


Tree=149
num_leaves=14
num_cat=0
split_feature=62 11 79 55 5 5 12 22 51 22 22 0 11
split_gain=179142 327465 104233 151782 287092 28107.5 33737.1 1432.86 499.266 54.2761 28.1108 31.2169 4.49043
threshold=1.0000000180025095e-35 1.0000000180025095e-35 1.0000000180025095e-35 1.0000000180025095e-35 1.0000000180025095e-35 1.0000000180025095e-35 1.0000000180025095e-35 0.35000000000000003 1.0000000180025095e-35 0.27500000000000008 0.65000000000000002 1.0000000180025095e-35 1.0000000180025095e-35
decision_type=2 2 2 2 2 2 2 2 2 2 2 2 2
left_child=2 -2 3 9 -5 7 -7 8 -4 -1 -11 -12 -10
right_child=1 -3 5 4 -6 6 -8 -9 12 10 11 -13 -14
leaf_value=0.20192228419085334 -20.00366554260254 3.3581497192382805 -0.91026152769724566 0.34864288568496704 18.32022943496704 -6.351432399749755 -0.54306748151779172 0.66605411767959577 -0.17399260774254796 -0.12556510731577875 -0.079088576634724919 0.14900826513767237 -0.093069513638814272
leaf_weight=3.0000000000000009 2.9999999999999991 3 2.9999999999999982 5 4 5 5 5.0000000000000009 4 4.9999999999999982 3 3 3
leaf_count=3 3 3 3 5 4 5 5 5 4 5 3 3 3
internal_value=-0.177276 -8.32276 0.840909 3.27008 8.33601 -1.39393 -3.44725 -0.0250462 -0.370596 0.0134072 -0.038006 0.0349598 -0.139311
internal_weight=54 6 48 23 9 25 10 15 10 14 11 6 7
internal_count=54 6 48 23 9 25 10 15 10 14 11 6 7
is_linear=0
shrinkage=0.05


Tree=150
num_leaves=14
num_cat=0
split_feature=62 70 80 71 70 55 5 63 11 22 33 22 73
split_gain=87227.5 161718 81890.1 188004 301306 13782.3 49596.4 12746.9 97.1805 72.634 76.4021 27.6429 13.1086
threshold=1.0000000180025095e-35 1.0000000180025095e-35 1.0000000180025095e-35 1.0000000180025095e-35 1.0000000180025095e-35 1.0000000180025095e-35 1.0000000180025095e-35 1.0000000180025095e-35 1.0000000180025095e-35 0.27500000000000008 0.33750000000000008 0.65000000000000002 1.0000000180025095e-35
decision_type=2 2 2 2 2 2 2 2 2 2 2 2 2
left_child=2 -2 3 4 -1 9 12 -5 -9 -4 11 -11 -7
right_child=1 -3 5 7 -6 6 -8 8 -10 10 -12 -13 -14
leaf_value=16.95043632030487 -11.583166694641115 3.7738683064778638 0.19182616819938014 -3.7385437568028772 0.33126737376054127 0.25860783259073888 -6.7997085571289055 -0.25825904607772826 0.050682844434465683 -0.27591395974159244 0.066039756685495374 -0.075134146213531483 0.12034440040588378
leaf_weight=5 3.9999999999999991 3 3.0000000000000009 2.9999999999999991 6 3 4 4 7 3.9999999999999982 5 3 4
leaf_count=5 4 3 3 3 6 3 4 4 7 4 5 3 4
internal_value=0.232238 -5.00158 0.950606 2.99384 7.88544 -1.01404 -2.35833 -0.849563 -0.0616597 -0.0282254 -0.0832383 -0.189865 0.1796
internal_weight=58 7 51 25 11 26 11 14 11 15 12 7 7
internal_count=58 7 51 25 11 26 11 14 11 15 12 7 7
is_linear=0
shrinkage=0.05


Tree=151
num_leaves=13
num_cat=0
split_feature=64 62 5 55 69 70 9 22 11 44 28 73
split_gain=96081.7 75824.4 41089.7 78713.4 4972.8 2432.64 1209.35 449.411 240.18 51.1165 31.1445 58.2493
threshold=1.0000000180025095e-35 1.0000000180025095e-35 1.0000000180025095e-35 1.0000000180025095e-35 1.0000000180025095e-35 1.0000000180025095e-35 1.0000000180025095e-35 0.55000000000000016 0.35000000000000003 0.22500000000000003 1.0000000180025095e-35 1.0000000180025095e-35
decision_type=2 2 2 2 2 2 2 2 2 2 2 2
left_child=1 2 6 4 9 -5 7 8 10 -4 -1 -12
right_child=-2 -3 3 5 -6 -7 -8 -9 -10 -11 11 -13
leaf_value=0.010990820328394539 8.4092931111653648 5.0260552978515634 0.26690994501113885 -7.6483073425292964 -1.9063301944732658 -5.8473296960194894 -0.94778674443562838 0.69297180573145556 -0.26195582270622259 0.0058441089093685143 0.33923118859529489 0.083242068886756893
leaf_weight=3.000000000000008 2.9999999999999991 4.9999999999999991 3 5 5.0000000000000009 3 2.9999999999999991 2.9999999999999991 4.9999999999999991 5 4 5
leaf_count=3 3 5 3 5 5 3 3 3 5 5 4 5
internal_value=-0.276831 -0.808634 -1.47167 -3.07073 -0.669362 -6.97294 -0.0116572 0.128762 0.0291958 0.103744 0.150509 0.197015
internal_weight=52 49 44 21 13 8 23 20 17 8 12 9
internal_count=52 49 44 21 13 8 23 20 17 8 12 9
is_linear=0
shrinkage=0.05


Tree=152
num_leaves=14
num_cat=0
split_feature=80 22 5 70 11 18 56 5 22 11 0 22 73
split_gain=33326.7 69064.7 157793 47748.7 87183.5 7755.54 6521.36 33557.2 1892.26 78.4134 22.573 64.1159 9.63723
threshold=1.0000000180025095e-35 1.0000000180025095e-35 1.0000000180025095e-35 1.0000000180025095e-35 1.0000000180025095e-35 1.0000000180025095e-35 1.0000000180025095e-35 1.0000000180025095e-35 0.35000000000000003 0.35000000000000003 1.0000000180025095e-35 0.65000000000000002 1.0000000180025095e-35
decision_type=2 2 2 2 2 2 2 2 2 2 2 2 2
left_child=1 2 3 4 -1 8 7 12 -3 10 11 -8 -2
right_child=6 5 -4 -5 -6 -7 9 -9 -10 -11 -12 -13 -14
leaf_value=-5.7082194709777809 0.22871586481730138 -1.4086525917053228 11.211616263985634 4.9446579355001452 3.6289886617660514 0.51881200969219199 0.25522462526957201 -6.1595536549886054 -2.9466158032417291 -0.26101711839437475 -0.061563718318939198 -0.071669646104176823 0.1101650722324848
leaf_weight=5.0000000000000018 3 3.9999999999999982 4.9999999999999991 4.9999999999999991 5 4 2.9999999999999982 3 4 3.0000000000000009 4 3 4
leaf_count=5 3 4 5 5 5 4 3 3 4 3 4 3 4
internal_value=0.676525 1.71998 3.51926 0.955142 -1.03962 -1.27882 -0.775239 -1.73519 -2.17763 -0.0368186 0.030441 0.0917775 0.160973
internal_weight=55 32 20 15 10 12 23 10 8 13 10 6 7
internal_count=55 32 20 15 10 12 23 10 8 13 10 6 7
is_linear=0
shrinkage=0.05


Tree=153
num_leaves=14
num_cat=0
split_feature=64 62 5 56 11 69 70 9 11 18 44 23 0
split_gain=76394 102193 34564.7 68067.3 14827.3 5902.9 5343.9 723.488 463.9 198.077 153.312 44.9947 19.2032
threshold=1.0000000180025095e-35 1.0000000180025095e-35 1.0000000180025095e-35 1.0000000180025095e-35 1.0000000180025095e-35 1.0000000180025095e-35 1.0000000180025095e-35 1.0000000180025095e-35 0.61250000000000016 1.0000000180025095e-35 0.33750000000000008 1.0000000180025095e-35 1.0000000180025095e-35
decision_type=2 2 2 2 2 2 2 2 2 2 2 2 2
left_child=1 2 7 6 -3 10 -4 8 9 12 -5 -11 -1
right_child=-2 4 3 5 -6 -7 -8 -9 -10 11 -12 -13 -14
leaf_value=0.10497277855873091 7.7102442423502611 8.1614281972249341 -7.1316261291503897 0.37659561872482311 3.1902913411458327 -2.091852402687072 -4.6797108411788937 -0.71877028147379562 -0.38261286690831187 0.27637790838877357 -0.014954906702041623 0.49287142604589457 -0.042008977383375161
leaf_weight=5.0000000000000071 2.9999999999999991 2.9999999999999991 5 4.9999999999999982 3 4.0000000000000009 4 2.9999999999999991 3.9999999999999991 6 5 4 4
leaf_count=5 3 3 5 5 3 4 4 3 4 6 5 4 4
internal_value=-0.0594909 -0.483295 -1.23748 -2.6494 5.67586 -0.468515 -6.04189 0.0115315 0.106788 0.20982 0.18082 0.362975 0.0396476
internal_weight=58 55 49 23 6 14 9 26 23 19 10 10 9
internal_count=58 55 49 23 6 14 9 26 23 19 10 10 9
is_linear=0
shrinkage=0.05


Tree=154
num_leaves=12
num_cat=0
split_feature=62 79 55 5 11 40 12 69 11 0 73
split_gain=66943.8 123245 123428 541060 96418.5 19969.5 27202.5 3530.51 335.108 137.54 8.6976
threshold=1.0000000180025095e-35 1.0000000180025095e-35 1.0000000180025095e-35 1.0000000180025095e-35 1.0000000180025095e-35 1.0000000180025095e-35 1.0000000180025095e-35 1.0000000180025095e-35 0.35000000000000003 1.0000000180025095e-35 1.0000000180025095e-35
decision_type=2 2 2 2 2 2 2 2 2 2 2
left_child=1 2 9 10 -2 6 -3 -8 -7 -1 -4
right_child=4 5 3 -5 -6 8 7 -9 -10 -11 -12
leaf_value=0.091129094213247289 -8.307567977905272 -5.2298987627029421 0.21203142801920569 25.527163441975905 3.0307767232259106 0.46420410156249992 0.57979231874148041 -1.589849625304341 -0.090035901467005408 -0.27973522424697872 0.099408183246850954
leaf_weight=5 5 5.9999999999999991 3 3 3 5 3 5 6 5 4
leaf_count=5 5 6 3 3 3 5 3 5 6 5 4
internal_value=0.158834 0.908083 3.83361 7.76152 -4.05569 -1.43234 -2.68495 -0.776234 0.161891 -0.0943031 0.147675
internal_weight=53 45 20 10 8 25 14 8 11 10 7
internal_count=53 45 20 10 8 25 14 8 11 10 7
is_linear=0
shrinkage=0.05


Tree=155
num_leaves=14
num_cat=0
split_feature=80 60 8 55 22 7 5 22 69 11 77 0 22
split_gain=20558.7 72616.9 239562 180256 37912 63889.2 10914.1 36345.2 3186.28 343.659 294.857 128.945 4.00183
threshold=1.0000000180025095e-35 1.0000000180025095e-35 1.0000000180025095e-35 1.0000000180025095e-35 0.35000000000000003 1.0000000180025095e-35 1.0000000180025095e-35 1.0000000180025095e-35 1.0000000180025095e-35 1.0000000180025095e-35 1.0000000180025095e-35 1.0000000180025095e-35 0.65000000000000002
decision_type=2 2 2 2 2 2 2 2 2 2 2 2 2
left_child=1 2 -1 8 5 -4 10 -8 -3 -7 11 -2 -9
right_child=6 3 4 -5 -6 9 7 12 -10 -11 -12 -13 -14
leaf_value=-13.885092671712233 0.45151137411594383 0.55080270369847573 8.2648794174194347 11.364565525054932 -1.9622145628929133 0.4853903611501057 -6.7713528951009101 0.0097734640041987082 -1.5103571116924284 -0.27142220338185624 -0.27247191816568372 0.017870280146598812 -0.071894871940215418
leaf_weight=3.0000000000000009 4 3.0000000000000018 3.9999999999999982 4.9999999999999991 5.0000000000000009 3 3 3 5 3 4 3 3
leaf_count=3 4 3 4 5 5 3 3 3 5 3 4 3 3
internal_value=0.263292 1.06963 -0.98694 3.91719 1.59269 3.37014 -0.986533 -2.27782 -0.737422 0.106984 0.069979 0.265665 -0.0310607
internal_weight=51 31 18 13 15 10 20 9 8 6 11 7 6
internal_count=51 31 18 13 15 10 20 9 8 6 11 7 6
is_linear=0
shrinkage=0.05


Tree=156
num_leaves=15
num_cat=0
split_feature=78 5 56 23 70 11 70 17 44 69 8 44 73 22
split_gain=61829 67711.4 72401.5 20050.3 43693.1 14118.2 6834.12 5080.11 5811.12 1206.9 486.281 152.881 30.0236 5.72012
threshold=1.0000000180025095e-35 1.0000000180025095e-35 1.0000000180025095e-35 1.0000000180025095e-35 1.0000000180025095e-35 1.0000000180025095e-35 1.0000000180025095e-35 1.0000000180025095e-35 0.33750000000000008 1.0000000180025095e-35 1.0000000180025095e-35 0.22500000000000003 1.0000000180025095e-35 0.65000000000000002
decision_type=2 2 2 2 2 2 2 2 2 2 2 2 2 2
left_child=1 3 6 4 5 10 -3 -5 -9 11 12 -4 -1 -13
right_child=-2 2 9 7 -6 -7 -8 8 -10 -11 -12 13 -14 -15
leaf_value=-0.1218631148338316 7.0804595947265625 -7.6752403259277333 0.28194321095943459 0.82480921030044518 7.7554911295572921 3.3829199647903447 -4.7524586439132683 -2.925397030512491 -0.014288650266826151 -0.98513321578502622 0.72145606676737473 -0.16593990425268804 0.071862204652279604 -0.068300127983093248
leaf_weight=4.0000000000000053 2.9999999999999991 4 3.9999999999999982 5.0000000000000018 2.9999999999999991 4.9999999999999991 4 3 4 4.0000000000000009 2.9999999999999991 3 4 3
leaf_count=4 3 4 4 5 3 5 4 3 4 4 3 3 4 3
internal_value=0.0973436 -0.297927 -2.41938 1.20762 2.21818 1.17994 -6.21385 -0.392442 -1.26191 -0.251106 0.178579 0.0425053 -0.0250005 -0.11712
internal_weight=56 53 22 31 19 16 8 12 7 14 11 10 8 6
internal_count=56 53 22 31 19 16 8 12 7 14 11 10 8 6
is_linear=0
shrinkage=0.05


Tree=157
num_leaves=12
num_cat=0
split_feature=62 79 55 5 5 12 22 22 44 73 55
split_gain=245950 89973.4 134433 513382 27418.2 47175.2 1121 119.653 42.1325 13.5962 10.3852
threshold=1.0000000180025095e-35 1.0000000180025095e-35 1.0000000180025095e-35 1.0000000180025095e-35 1.0000000180025095e-35 1.0000000180025095e-35 0.35000000000000003 0.35000000000000003 0.62500000000000011 1.0000000180025095e-35 1.0000000180025095e-35
decision_type=2 2 2 2 2 2 2 2 2 2 2
left_child=1 2 7 9 6 -6 10 -1 -9 -4 -3
right_child=-2 4 3 -5 5 -7 -8 8 -10 -11 -12
leaf_value=-0.27634242773056017 -10.688515777587892 -0.4269970774650575 0.2090802192687988 24.85045827229817 -7.4623019039630876 0.21682569980621336 0.53126969536145519 0.14985669612884525 -0.055405443906784049 0.06826909377705305 -0.31306094328562417
leaf_weight=4.0000000000000009 4.9999999999999991 2.9999999999999982 3 3 4 4 6.0000000000000009 4.9999999999999982 5 4 6
leaf_count=4 5 3 3 3 4 4 6 5 5 4 6
internal_value=-0.145724 0.97585 3.11744 7.54517 -1.25885 -3.62274 0.00188409 -0.0452224 0.0472256 0.128617 -0.35104
internal_weight=52 47 24 10 23 8 15 14 10 7 9
internal_count=52 47 24 10 23 8 15 14 10 7 9
is_linear=0
shrinkage=0.05


Tree=158
num_leaves=14
num_cat=0
split_feature=64 62 55 5 80 69 80 11 8 8 73 22 33
split_gain=56376 153393 39928.4 116457 7922.48 4206.68 513.675 654.278 473.789 366.445 349.722 90.3222 101.68
threshold=1.0000000180025095e-35 1.0000000180025095e-35 1.0000000180025095e-35 1.0000000180025095e-35 1.0000000180025095e-35 1.0000000180025095e-35 1.0000000180025095e-35 0.35000000000000003 1.0000000180025095e-35 1.0000000180025095e-35 1.0000000180025095e-35 0.27500000000000008 0.33750000000000008
decision_type=2 2 2 2 2 2 2 2 2 2 2 2 2
left_child=1 2 5 8 -5 6 7 -1 10 -9 -4 -8 -13
right_child=-2 -3 3 4 -6 -7 11 9 -10 -11 -12 12 -14
leaf_value=-0.14629440704981464 6.6685460408528643 9.0032497406005856 -0.62668753862380944 -10.549175326029461 -6.9154272715250631 -1.3964238524436952 0.24548203224937107 1.153988718986511 0.36152726411819452 0.42296298742294303 0.087463557720184312 -0.20279921484955898 0.1024980992078781
leaf_weight=3.0000000000000036 2.9999999999999991 3.9999999999999991 4.0000000000000018 2.9999999999999991 3 4.9999999999999991 3.0000000000000009 3 4 4 3 5.9999999999999982 5
leaf_count=3 3 4 4 3 3 5 3 3 4 4 3 6 5
internal_value=0.0111611 -0.388282 -1.20494 -3.12894 -8.7323 -0.0770705 0.197795 0.471493 -0.0725682 0.73626 -0.320623 0.00229581 -0.0640277
internal_weight=53 50 46 17 6 29 24 10 11 7 7 14 11
internal_count=53 50 46 17 6 29 24 10 11 7 7 14 11
is_linear=0
shrinkage=0.05


Tree=159
num_leaves=14
num_cat=0
split_feature=27 55 79 62 73 1 11 79 69 23 51 44 44
split_gain=46024.2 103461 39103.6 46916.3 15749.8 26921.3 11754.3 3071.77 2526.28 901.421 28.8187 25.3628 5.19296
threshold=1.0000000180025095e-35 1.0000000180025095e-35 1.0000000180025095e-35 1.0000000180025095e-35 1.0000000180025095e-35 1.0000000180025095e-35 1.0000000180025095e-35 1.0000000180025095e-35 1.0000000180025095e-35 1.0000000180025095e-35 1.0000000180025095e-35 0.22500000000000003 0.62500000000000011
decision_type=2 2 2 2 2 2 2 2 2 2 2 2 2
left_child=2 8 4 9 5 -1 -5 -3 11 10 -4 -2 -13
right_child=1 7 3 6 -6 -7 -8 -9 -10 -11 -12 12 -14
leaf_value=-6.2920284748077409 0.1715163151423135 -6.8635289192199709 -0.18245093822479233 7.4519799550374346 0.067521895021200179 -0.026229522998134289 3.0258677164713532 -8.9800500233968066 -1.3266026735305787 0.4822100142637889 -0.37224925359090166 0.03504849076271057 -0.051974890132745089
leaf_weight=3.9999999999999982 3.0000000000000018 3.9999999999999991 3.0000000000000018 2.9999999999999991 5 3 3 3 4.9999999999999991 5.9999999999999991 6 4 3
leaf_count=4 3 4 3 3 5 3 3 3 5 6 6 4 3
internal_value=-0.979849 -2.75129 0.201114 1.50219 -2.07577 -3.60669 5.23892 -7.77061 -0.408946 0.00749412 -0.308983 0.0498818 -0.00224724
internal_weight=55 22 33 21 12 7 6 7 15 15 9 10 7
internal_count=55 22 33 21 12 7 6 7 15 15 9 10 7
is_linear=0
shrinkage=0.05


Tree=160
num_leaves=11
num_cat=0
split_feature=62 79 55 5 5 12 69 22 11 44
split_gain=41314.1 80970.6 110676 223437 14539.9 19783.6 1887.98 664.704 30.0286 33.3436
threshold=1.0000000180025095e-35 1.0000000180025095e-35 1.0000000180025095e-35 1.0000000180025095e-35 1.0000000180025095e-35 1.0000000180025095e-35 1.0000000180025095e-35 0.35000000000000003 0.27350000000000002 0.33750000000000008
decision_type=2 2 2 2 2 2 2 2 2 2
left_child=1 2 8 -4 7 -6 -7 -3 9 -1
right_child=-2 4 3 -5 5 6 -8 -9 -10 -11
leaf_value=0.25221542119979851 -3.8715829467773442 -0.23809015154838564 0.34781181380152698 16.20236949920654 -4.6917321777343748 0.45372025966644269 -1.3201563596725461 0.45809949139753964 -0.034225096106529233 0.031702326796948906
leaf_weight=3 4.9999999999999991 7.9999999999999991 5 4 5 3 3 6.0000000000000009 5 4
leaf_count=3 5 8 5 4 5 3 3 6 5 4
internal_value=0.44488 0.91406 3.2029 7.39428 -1.00856 -2.36891 -0.433218 0.0602768 0.0593608 0.126208
internal_weight=51 46 21 9 25 11 6 14 12 7
internal_count=51 46 21 9 25 11 6 14 12 7
is_linear=0
shrinkage=0.05


Tree=161
num_leaves=12
num_cat=0
split_feature=62 70 80 12 70 5 22 11 11 5 77
split_gain=109461 321064 71806.3 115132 412219 23270.5 47883.8 2661.49 188.941 1249.19 144.998
threshold=1.0000000180025095e-35 1.0000000180025095e-35 1.0000000180025095e-35 1.0000000180025095e-35 1.0000000180025095e-35 1.0000000180025095e-35 0.27500000000000008 0.35000000000000003 0.61250000000000016 1.0000000180025095e-35 1.0000000180025095e-35
decision_type=2 2 2 2 2 2 2 2 2 2 2
left_child=2 -2 3 4 -1 10 -7 -5 9 -9 -4
right_child=1 -3 5 7 -6 6 -8 8 -10 -11 -12
leaf_value=16.712164430618284 -18.283261108398438 3.3550952911376948 0.31252341653619492 -1.4274206479390454 -4.8226160287857045 -7.3304709434509263 0.0090959826111793509 1.0043900337070228 -0.08569773038228351 -0.24520552754402158 -0.06484789340756833
leaf_weight=5 2.9999999999999991 4 7 3.0000000000000009 4 4 5 3.9999999999999982 3 4 4
leaf_count=5 3 4 7 3 4 4 5 4 3 4 4
internal_value=-0.120196 -5.91849 0.823712 2.72903 7.14115 -1.36741 -3.25293 -0.10733 0.252695 0.379592 0.175297
internal_weight=50 7 43 23 9 20 9 14 11 8 11
internal_count=50 7 43 23 9 20 9 14 11 8 11
is_linear=0
shrinkage=0.05


Tree=162
num_leaves=13
num_cat=0
split_feature=19 80 22 71 71 5 22 28 69 11 77 0
split_gain=62703.8 100436 117549 172278 96721.8 12265.4 47849.5 4977.24 3480.07 457.415 150.147 140.109
threshold=1.0000000180025095e-35 1.0000000180025095e-35 1.0000000180025095e-35 1.0000000180025095e-35 1.0000000180025095e-35 1.0000000180025095e-35 1.0000000180025095e-35 1.0000000180025095e-35 1.0000000180025095e-35 0.35000000000000003 1.0000000180025095e-35 1.0000000180025095e-35
decision_type=2 2 2 2 2 2 2 2 2 2 2 2
left_child=1 2 3 -1 -2 10 -7 9 -4 -6 -3 -8
right_child=4 5 8 -5 7 6 11 -9 -10 -11 -12 -13
leaf_value=14.187365474700933 -6.9675709111349908 0.28483580643577233 0.91900220712025937 -0.96861165364583313 0.43203371365865062 -7.5188448588053367 0.2223073089495301 2.3995170036951694 -1.3337963819503782 -0.38470544591546052 -0.073908249773085105 -0.22971644401550284
leaf_weight=4.9999999999999982 7.0000000000000009 7 3 3 3 3 4 3 4 4 5 3
leaf_count=5 7 7 3 3 3 3 4 3 4 4 5 3
internal_value=0.0537686 1.20867 4.36352 8.50387 -2.45983 -0.94237 -2.23565 0.695583 -0.368311 -0.0346744 0.135359 0.0285828
internal_weight=54 37 15 8 17 22 10 10 7 7 12 7
internal_count=54 37 15 8 17 22 10 10 7 7 12 7
is_linear=0
shrinkage=0.05


Tree=163
num_leaves=13
num_cat=0
split_feature=64 62 55 5 70 11 69 8 71 6 75 22
split_gain=57277.6 93088.9 23795.2 52225.2 13594 8390.9 2417.59 355.138 982.543 258.785 92.1948 140.764
threshold=1.0000000180025095e-35 1.0000000180025095e-35 1.0000000180025095e-35 1.0000000180025095e-35 1.0000000180025095e-35 1.0000000180025095e-35 1.0000000180025095e-35 1.0000000180025095e-35 1.0000000180025095e-35 1.0000000180025095e-35 1.0000000180025095e-35 0.35000000000000003
decision_type=2 2 2 2 2 2 2 2 2 2 2 2
left_child=1 2 6 9 -5 -3 7 8 10 -4 11 -1
right_child=-2 5 3 4 -6 -7 -8 -9 -10 -11 -12 -13
leaf_value=-0.31123089790344166 6.8544860839843755 7.4535837809244798 -0.20752530246973033 -7.5211044311523425 -3.3989104390144345 3.7139546712239575 -1.2671065449714662 -0.26599056857327619 1.0026013453801474 0.33204216852784152 0.17763085396960379 0.086713175326585762
leaf_weight=4.0000000000000089 2.9999999999999991 2.9999999999999991 4 4 4 3 3.9999999999999991 5.9999999999999991 2.9999999999999991 5 4.9999999999999991 5
leaf_count=4 3 3 4 4 4 3 4 6 3 5 5 5
internal_value=0.144082 -0.258542 -1.05522 -2.52059 -5.46001 5.58377 -0.132584 0.0647242 0.181447 0.0922344 0.00548547 -0.0901509
internal_weight=53 50 44 17 8 6 27 23 17 9 14 9
internal_count=53 50 44 17 8 6 27 23 17 9 14 9
is_linear=0
shrinkage=0.05


Tree=164
num_leaves=14
num_cat=0
split_feature=64 62 55 5 11 70 69 61 11 50 7 0 44
split_gain=54291.9 88811.6 30046.9 68826.6 7572.78 4875.32 2562.78 1016.19 643.628 424.457 168.208 58.0171 70.4404
threshold=1.0000000180025095e-35 1.0000000180025095e-35 1.0000000180025095e-35 1.0000000180025095e-35 1.0000000180025095e-35 1.0000000180025095e-35 1.0000000180025095e-35 1.0000000180025095e-35 0.55000000000000016 1.0000000180025095e-35 1.0000000180025095e-35 0.35000000000000003 0.33750000000000008
decision_type=2 2 2 2 2 2 2 2 2 2 2 2 2
left_child=1 2 6 7 -3 -5 8 9 10 -4 11 12 -1
right_child=-2 4 3 5 -6 -7 -8 -9 -10 -11 -12 -13 -14
leaf_value=0.25769758820533689 6.5117630004882816 7.0809046427408866 -0.27272396162152285 -7.1643916320800773 3.5282572428385408 -4.6147979100545236 -1.0283150148391724 0.32337525486946106 0.91248957316080725 -1.0594890117645261 0.40166732072830202 -0.12755368053913116 -0.02380799517035484
leaf_weight=4.0000000000000089 2.9999999999999991 2.9999999999999991 4 5 3 3 4.9999999999999991 5 2.9999999999999991 3 3.9999999999999991 3.9999999999999991 5
leaf_count=4 3 3 4 5 3 3 5 5 3 3 4 4 5
internal_value=-0.0250364 -0.409554 -1.17144 -2.61594 5.30458 -6.20829 -0.0158361 -0.221041 0.237284 -0.609909 0.11813 0.0308874 0.101306
internal_weight=54 51 45 20 6 8 25 12 20 7 17 13 9
internal_count=54 51 45 20 6 8 25 12 20 7 17 13 9
is_linear=0
shrinkage=0.05


Tree=165
num_leaves=15
num_cat=0
split_feature=80 63 22 70 5 5 22 22 51 22 73 22 12 0
split_gain=46321.7 45897.2 75781.6 155544 64853 11423 34544.6 1331.26 434.106 252.02 151.476 35.1784 33.4786 0.758966
threshold=1.0000000180025095e-35 1.0000000180025095e-35 1.0000000180025095e-35 1.0000000180025095e-35 1.0000000180025095e-35 1.0000000180025095e-35 0.27500000000000008 0.35000000000000003 1.0000000180025095e-35 0.35000000000000003 1.0000000180025095e-35 0.65000000000000002 1.0000000180025095e-35 1.0000000180025095e-35
decision_type=2 2 2 2 2 2 2 2 2 2 2 2 2 2
left_child=1 2 3 -1 -5 10 -7 8 -3 -4 -2 -8 -10 -12
right_child=5 7 9 4 -6 6 11 -9 12 -11 13 -13 -14 -15
leaf_value=12.716261749267572 0.37704347819089884 -1.0065145492553715 -0.82526426911354067 6.7268592834472649 -2.9982250690460202 -5.853730392456054 -0.15840285221735634 0.44607686325907708 -0.15177118380864457 -0.2190229733784993 -0.022923056385479864 0.068096375651657576 -0.38798656066258741 0.010345928867657977
leaf_weight=5.0000000000000018 4 2.9999999999999982 3.9999999999999991 3 4 4 3 5.9999999999999991 3 3 4 4 3 3
leaf_count=5 4 3 4 3 4 4 3 6 3 3 4 4 3 3
internal_value=0.779969 1.93672 3.56899 5.98075 1.16967 -1.00774 -2.14707 -0.130824 -0.515424 -0.565447 0.131593 -0.0289747 -0.269879 -0.00866492
internal_weight=56 34 19 12 7 22 11 15 9 7 11 7 6 7
internal_count=56 34 19 12 7 22 11 15 9 7 11 7 6 7
is_linear=0
shrinkage=0.05


Tree=166
num_leaves=13
num_cat=0
split_feature=19 71 80 70 71 11 56 5 29 11 22 11
split_gain=70972.4 108358 99799.6 133982 376660 45932.9 13226.3 28276.8 4004.92 549.509 244.319 30.1619
threshold=1.0000000180025095e-35 1.0000000180025095e-35 1.0000000180025095e-35 1.0000000180025095e-35 1.0000000180025095e-35 1.0000000180025095e-35 1.0000000180025095e-35 1.0000000180025095e-35 1.0000000180025095e-35 0.35000000000000003 0.27500000000000008 0.35000000000000003
decision_type=2 2 2 2 2 2 2 2 2 2 2 2
left_child=2 -2 3 4 -1 -6 7 -4 -3 -10 -8 -12
right_child=1 8 6 -5 5 -7 10 -9 9 -11 11 -13
leaf_value=19.468896710872656 -7.4930508179323994 2.0226842959721885 0.38420231311465608 -3.243357089161873 -4.7138151804606103 4.0357441902160636 0.42698033004999136 -5.5610437393188468 0.41547497113545728 -0.44049154102802268 -0.012173299789428714 -0.19638008698821063
leaf_weight=3.9999999999999982 7.0000000000000009 2.9999999999999991 4 3.9999999999999991 3 3 3.0000000000000009 4 3 5 4.9999999999999982 4
leaf_count=4 7 3 4 4 3 3 3 4 3 5 5 4
internal_value=-0.0912346 -2.62996 1.2528 4.49057 7.58414 -0.339035 -1.01364 -2.58842 0.464729 -0.119504 0.0362128 -0.094043
internal_weight=52 18 34 14 10 6 20 8 11 8 12 9
internal_count=52 18 34 14 10 6 20 8 11 8 12 9
is_linear=0
shrinkage=0.05


Tree=167
num_leaves=15
num_cat=0
split_feature=62 70 79 22 16 18 12 69 71 73 11 22 22 11
split_gain=115144 307842 67143 85698.9 254255 14155.2 12046.2 2606.62 1088.39 165.983 108.52 133.324 111.976 78.4502
threshold=1.0000000180025095e-35 1.0000000180025095e-35 1.0000000180025095e-35 1.0000000180025095e-35 1.0000000180025095e-35 1.0000000180025095e-35 1.0000000180025095e-35 1.0000000180025095e-35 1.0000000180025095e-35 1.0000000180025095e-35 0.27350000000000002 0.35000000000000003 0.65000000000000002 0.35000000000000003
decision_type=2 2 2 2 2 2 2 2 2 2 2 2 2 2
left_child=2 -2 3 4 9 6 -4 -8 -7 -1 12 -12 -5 -10
right_child=1 -3 5 10 -6 8 7 -9 13 -11 11 -13 -14 -15
leaf_value=0.45100744565327927 -18.162838745117188 3.0252811431884759 -3.8873689651489252 0.33108236044645323 15.972223472595212 0.95016255776087444 0.32315294867148614 -1.7611609220504758 -0.017494592666625976 -0.040987018495798104 -0.37248502175013215 0.068458744324743734 -0.073018720000982265 -0.31457453947514291
leaf_weight=3.0000000000000018 2.9999999999999991 4 6 3.9999999999999982 4 2.9999999999999991 3 3 5 4 3 4 3 4
leaf_count=3 3 4 6 4 4 3 3 3 5 4 3 4 3 4
internal_value=-0.0568088 -6.05534 0.800124 2.61358 5.91618 -1.0889 -2.30319 -0.719004 0.125393 0.169868 0.0186895 -0.120517 0.157896 -0.14953
internal_weight=56 7 49 25 11 24 12 6 12 7 14 7 7 9
internal_count=56 7 49 25 11 24 12 6 12 7 14 7 7 9
is_linear=0
shrinkage=0.05


Tree=168
num_leaves=14
num_cat=0
split_feature=62 11 79 55 73 5 12 69 22 8 11 33 22
split_gain=74752.9 156035 68182.9 83673.4 117672 17712 30650.6 3454.65 218.447 108.614 467.23 59.7182 21.4726
threshold=1.0000000180025095e-35 1.0000000180025095e-35 1.0000000180025095e-35 1.0000000180025095e-35 1.0000000180025095e-35 1.0000000180025095e-35 1.0000000180025095e-35 1.0000000180025095e-35 0.27500000000000008 1.0000000180025095e-35 1.0000000180025095e-35 0.33750000000000008 0.65000000000000002
decision_type=2 2 2 2 2 2 2 2 2 2 2 2 2
left_child=2 -2 3 8 -5 9 -7 -8 -1 -4 -11 12 -10
right_child=1 -3 5 4 -6 6 7 -9 11 10 -12 -13 -14
leaf_value=0.40080332445601602 -11.574255752563477 3.5105361938476558 -0.36514301300048829 10.16007699171702 -1.9679668222864466 -6.3948812484741211 0.30699530790249496 -1.8392100477218625 -0.24632603824138646 0.49173380533854155 -0.27249004977444802 0.055758763309568166 -0.069367786745230336
leaf_weight=3.0000000000000009 3.9999999999999991 3 2.9999999999999991 6 3 3.9999999999999991 3 5 3.9999999999999982 3 6 5 3
leaf_count=3 4 3 3 6 3 4 3 5 4 3 6 5 3
internal_value=-0.282378 -5.10934 0.421554 2.30601 6.1174 -1.46291 -2.82122 -1.03438 0.0191864 -0.104597 -0.0177488 -0.0762178 -0.170487
internal_weight=55 7 48 24 9 24 12 8 15 12 9 12 7
internal_count=55 7 48 24 9 24 12 8 15 12 9 12 7
is_linear=0
shrinkage=0.05


Tree=169
num_leaves=13
num_cat=0
split_feature=19 6 71 79 55 5 12 69 22 33 22 11
split_gain=25440 67952.6 107346 48441.9 95548.5 22844.1 10034.5 3117.82 191.778 93.6636 43.1497 32.3898
threshold=1.0000000180025095e-35 1.0000000180025095e-35 1.0000000180025095e-35 1.0000000180025095e-35 1.0000000180025095e-35 1.0000000180025095e-35 1.0000000180025095e-35 1.0000000180025095e-35 0.27500000000000008 0.33750000000000008 0.65000000000000002 0.35000000000000003
decision_type=2 2 2 2 2 2 2 2 2 2 2 2
left_child=3 2 -2 4 8 -5 -7 -8 -1 10 -10 -4
right_child=1 -3 11 5 -6 6 7 -9 9 -11 -12 -13
leaf_value=0.38076313833395597 -11.923100042343144 3.0693157610297206 -0.2232107003529866 2.2400820255279532 7.2757748701742715 -3.8380167388916018 0.2916455410420894 -1.7472495269775388 -0.33407144248485576 0.11237054113298653 -0.065899396066864319 -0.45555318991343169
leaf_weight=3.0000000000000027 2.9999999999999982 4.9999999999999991 3 4.0000000000000009 6.9999999999999991 4.9999999999999991 3 5 2.9999999999999982 4 3 3
leaf_count=3 3 5 3 4 7 5 3 5 3 4 3 3
internal_value=0.21122 -1.60422 -4.20062 0.898141 2.56611 -1.06418 -2.08088 -0.982664 0.030143 -0.075043 -0.199985 -0.339382
internal_weight=51 14 9 37 20 17 13 8 13 10 6 6
internal_count=51 14 9 37 20 17 13 8 13 10 6 6
is_linear=0
shrinkage=0.05


Tree=170
num_leaves=12
num_cat=0
split_feature=62 79 22 5 18 12 11 8 11 22 44
split_gain=127210 57307.2 82728.6 201767 10425.7 5572.03 1314.09 197.892 762.396 89.2612 42.2772
threshold=1.0000000180025095e-35 1.0000000180025095e-35 1.0000000180025095e-35 1.0000000180025095e-35 1.0000000180025095e-35 1.0000000180025095e-35 0.35000000000000003 1.0000000180025095e-35 0.35000000000000003 0.35000000000000003 0.62500000000000011
decision_type=2 2 2 2 2 2 2 2 2 2 2
left_child=1 2 3 -1 5 -3 -7 -6 -9 -4 -11
right_child=-2 4 9 -5 7 6 -8 8 -10 10 -12
leaf_value=-0.61268956661224339 -7.8289332580566411 -3.2688674449920647 -0.26061838761670514 14.453420162200926 -0.45888996124267578 -1.8539793113867438 -0.37406348387400301 0.52453389167785636 -0.401584768295288 0.12165885955095293 -0.083955442737787947
leaf_weight=5.0000000000000018 4.9999999999999991 6 3.9999999999999991 4 2.9999999999999991 3 3 4 5 4.9999999999999982 5
leaf_count=5 5 6 4 4 3 3 3 4 5 5 5
internal_value=-0.246773 0.55984 2.34332 6.08336 -1.14932 -2.19144 -1.11402 -0.107205 0.0100235 -0.0609969 0.0188517
internal_weight=52 47 23 9 24 12 6 12 9 14 10
internal_count=52 47 23 9 24 12 6 12 9 14 10
is_linear=0
shrinkage=0.05


Tree=171
num_leaves=14
num_cat=0
split_feature=64 62 16 55 59 69 79 8 0 22 55 73 11
split_gain=47193.4 145304 29877.4 101463 3213.84 2039.71 292.614 252.026 213.071 318.3 206.405 209.572 157.255
threshold=1.0000000180025095e-35 1.0000000180025095e-35 1.0000000180025095e-35 1.0000000180025095e-35 1.0000000180025095e-35 1.0000000180025095e-35 1.0000000180025095e-35 1.0000000180025095e-35 1.0000000180025095e-35 0.35000000000000003 1.0000000180025095e-35 1.0000000180025095e-35 0.35000000000000003
decision_type=2 2 2 2 2 2 2 2 2 2 2 2 2
left_child=1 2 4 5 7 8 -5 10 9 -4 -1 -12 -9
right_child=-2 -3 3 6 -6 -7 -8 12 -10 -11 11 -13 -14
leaf_value=-0.064555648962656573 6.0777196248372398 8.7112055778503414 0.70679533680279993 -7.7583123524983719 1.4761683861414592 -1.18639235496521 -8.4566609064737932 0.16025751829147336 -0.1734623273213704 -0.021559517706433926 -0.75925388336181632 -0.27369359731674192 -0.28310252130031582
leaf_weight=3.0000000000000027 2.9999999999999991 3.9999999999999991 3.0000000000000018 2.9999999999999991 2.9999999999999991 3.9999999999999991 3 4 3 3 5 4 4
leaf_count=3 3 4 3 3 3 4 3 4 3 3 5 4 4
internal_value=0.00153524 -0.394738 -1.26197 -2.72922 -0.049895 -0.246942 -8.10749 -0.278805 0.170591 0.342618 -0.423726 -0.543449 -0.0614225
internal_weight=49 46 42 19 23 13 6 20 9 6 12 9 8
internal_count=49 46 42 19 23 13 6 20 9 6 12 9 8
is_linear=0
shrinkage=0.05


Tree=172
num_leaves=13
num_cat=0
split_feature=62 70 80 71 70 55 5 63 51 1 33 23
split_gain=49351.9 139305 47018.3 115761 248663 11976.7 34768.3 7058.72 570.518 113.519 75.4457 28.8157
threshold=1.0000000180025095e-35 1.0000000180025095e-35 1.0000000180025095e-35 1.0000000180025095e-35 1.0000000180025095e-35 1.0000000180025095e-35 1.0000000180025095e-35 1.0000000180025095e-35 1.0000000180025095e-35 1.0000000180025095e-35 0.33750000000000008 1.0000000180025095e-35
decision_type=2 2 2 2 2 2 2 2 2 2 2 2
left_child=2 -2 3 4 -1 9 -7 -5 -9 -4 -11 -10
right_child=1 -3 5 7 -6 6 -8 8 11 10 -12 -13
leaf_value=14.300561032891274 -10.129273414611815 3.066590309143066 0.21735729664564132 -2.9736488362153373 -0.29873196056910917 -0.30917867251804898 -6.7427458445231103 -0.8591758092244467 -0.16301918029785153 -0.24163702130317685 0.049698494374752038 0.017029917240142821
leaf_weight=5 4 4 4.9999999999999991 2.9999999999999991 7 7 3 2.9999999999999991 4 4 5 5
leaf_count=5 4 4 5 3 7 7 3 3 4 4 5 5
internal_value=0.119861 -3.53134 0.692598 2.12394 5.78431 -0.917657 -2.23925 -0.80436 -0.262038 0.0263379 -0.079784 -0.0629919
internal_weight=59 8 51 27 12 24 10 15 12 14 9 9
internal_count=59 8 51 27 12 24 10 15 12 14 9 9
is_linear=0
shrinkage=0.05


Tree=173
num_leaves=16
num_cat=0
split_feature=80 28 16 12 7 55 5 71 11 70 22 11 44 73 11
split_gain=45351.2 69249 97654.5 175283 137754 18150.4 43093.6 2215.55 1675.31 217.903 151.453 36.3137 10.7335 9.02594 1.35015
threshold=1.0000000180025095e-35 1.0000000180025095e-35 1.0000000180025095e-35 1.0000000180025095e-35 1.0000000180025095e-35 1.0000000180025095e-35 1.0000000180025095e-35 1.0000000180025095e-35 0.35000000000000003 1.0000000180025095e-35 0.27500000000000008 0.35000000000000003 0.62500000000000011 1.0000000180025095e-35 0.27350000000000002
decision_type=2 2 2 2 2 2 2 2 2 2 2 2 2 2 2
left_child=1 2 4 -4 -1 10 13 -6 -5 -3 -2 -9 14 -7 -12
right_child=5 9 3 8 7 6 -8 11 -10 -11 12 -13 -14 -15 -16
leaf_value=-11.828773546218873 0.369559797644615 6.2390719890594486 10.034216817220052 -2.2052202840646102 1.4172965685526531 -0.35927937825520823 -6.7994130134582509 -0.31354471842447906 -0.71064636588096608 6.8417086283365869 0.037575741360584912 -0.093503074645996082 -0.085334461182355881 -0.24454997777938839 -0.0098609983921051012
leaf_weight=2.9999999999999991 3.0000000000000009 2.9999999999999991 5.9999999999999991 3 2.9999999999999991 3 4 3 5 3 2.9999999999999982 5 5 4 3
leaf_count=3 3 3 6 3 3 3 4 3 5 3 3 5 5 4 3
internal_value=0.477078 1.66577 0.621208 3.57403 -2.33161 -1.13954 -2.65943 0.258522 -1.27111 6.54039 0.0546537 -0.176019 -0.0312298 -0.29372 0.0138574
internal_weight=59 34 28 14 14 25 11 11 8 6 14 8 11 7 6
internal_count=59 34 28 14 14 25 11 11 8 6 14 8 11 7 6
is_linear=0
shrinkage=0.05


Tree=174
num_leaves=15
num_cat=0
split_feature=5 55 70 79 17 73 1 69 12 59 23 44 1 12
split_gain=78420.2 167507 69393.1 40369.9 36752.5 22058.8 42381.6 7063.37 6870.21 2049.66 223.222 83.1655 33.1558 0.114721
threshold=1.0000000180025095e-35 1.0000000180025095e-35 1.0000000180025095e-35 1.0000000180025095e-35 1.0000000180025095e-35 1.0000000180025095e-35 1.0000000180025095e-35 1.0000000180025095e-35 1.0000000180025095e-35 1.0000000180025095e-35 1.0000000180025095e-35 0.33750000000000008 1.0000000180025095e-35 1.0000000180025095e-35
decision_type=2 2 2 2 2 2 2 2 2 2 2 2 2 2
left_child=3 7 -3 5 9 6 -1 11 -6 10 13 -2 -7 -5
right_child=1 2 -4 4 8 12 -8 -9 -10 -11 -12 -13 -14 -15
leaf_value=-8.4718445142110212 0.27083950281143176 -14.36786413192749 -4.3081302642822257 -0.30255292057991007 6.4996233622233079 -0.23232248723506924 -0.067326252721250035 -2.3594028472900392 3.1157857259114579 1.3464317917823792 0.14040669441223141 -0.017544768489897247 -0.012431158622105913 -0.28961839675903311
leaf_weight=2.9999999999999982 5.0000000000000018 3.9999999999999991 3 4.0000000000000018 2.9999999999999991 4 3 3.9999999999999991 3 2.9999999999999991 5 5 3 3
leaf_count=3 5 4 3 4 3 4 3 4 3 3 5 5 3 3
internal_value=-1.33896 -3.74129 -10.0565 0.144835 1.5004 -2.04493 -4.26959 -0.583653 4.8077 0.177484 -0.114753 0.126647 -0.138083 -0.29701
internal_weight=55 21 7 34 21 13 6 14 6 15 12 10 7 7
internal_count=55 21 7 34 21 13 6 14 6 15 12 10 7 7
is_linear=0
shrinkage=0.05


Tree=175
num_leaves=13
num_cat=0
split_feature=62 70 79 55 6 16 12 69 23 50 11 44
split_gain=116470 174360 59461.3 62545 110932 24324.4 40562.8 4915.98 2073.72 534.211 162.1 104.661
threshold=1.0000000180025095e-35 1.0000000180025095e-35 1.0000000180025095e-35 1.0000000180025095e-35 1.0000000180025095e-35 1.0000000180025095e-35 1.0000000180025095e-35 1.0000000180025095e-35 1.0000000180025095e-35 1.0000000180025095e-35 0.27350000000000002 0.33750000000000008
decision_type=2 2 2 2 2 2 2 2 2 2 2 2
left_child=2 -2 3 10 -5 8 -7 -8 9 -4 11 -1
right_child=1 -3 5 4 -6 6 7 -9 -10 -11 -12 -13
leaf_value=0.35689377685387919 -15.457203928629557 1.589775975545247 -0.081313984394073474 10.509710769653319 -0.022698583602905272 -8.0429515202840154 0.43609232902526851 -2.2414326071739192 0.90023455619811976 -0.92528181870778381 -0.23949589580297462 -0.016667530350387094
leaf_weight=3 2.9999999999999991 3 5 5 5 3 3 4 5.0000000000000009 3 5.0000000000000009 5
leaf_count=3 3 3 5 5 5 3 3 4 5 3 5 5
internal_value=-0.381633 -6.93371 0.472986 2.27065 5.24351 -1.32468 -3.17863 -1.09392 0.101443 -0.397802 -0.0161643 0.123418
internal_weight=52 6 46 23 10 23 10 7 13 8 13 8
internal_count=52 6 46 23 10 23 10 7 13 8 13 8
is_linear=0
shrinkage=0.05


Tree=176
num_leaves=14
num_cat=0
split_feature=62 5 55 70 69 11 22 22 22 71 50 73 1
split_gain=72702.9 27552.4 41084.8 12951.6 5465.4 4202.1 1183.78 641.226 328.153 316.592 345.776 189.613 71.0348
threshold=1.0000000180025095e-35 1.0000000180025095e-35 1.0000000180025095e-35 1.0000000180025095e-35 1.0000000180025095e-35 1.0000000180025095e-35 0.55000000000000016 0.27500000000000008 1.0000000180025095e-35 1.0000000180025095e-35 1.0000000180025095e-35 1.0000000180025095e-35 1.0000000180025095e-35
decision_type=2 2 2 2 2 2 2 2 2 2 2 2 2
left_child=1 6 4 -4 7 -2 8 -3 9 11 -11 -1 -10
right_child=5 2 3 -5 -6 -7 -8 -9 12 10 -12 -13 -14
leaf_value=0.30627941687901761 6.095153299967448 0.71212529540061942 -6.8044795989990225 -2.6489096959431961 -2.1293609857559193 3.4487403869628901 0.95091646711031597 -0.21251964867115017 0.31276100873947144 -0.20002203941345212 -0.87901773850123066 -0.21957142949104305 -0.0090966778496901178
leaf_weight=3.0000000000000044 2.9999999999999991 3 5 3 4.0000000000000009 3 2.9999999999999991 5 3.9999999999999991 5 3 4 3
leaf_count=3 3 3 5 3 4 3 3 5 4 5 3 4 3
internal_value=-0.398063 -1.0874 -2.47064 -5.24614 -0.620306 4.77195 0.0191957 0.134222 -0.107857 -0.239774 -0.454645 0.00579322 0.174822
internal_weight=51 45 20 8 12 6 25 8 22 15 8 7 7
internal_count=51 45 20 8 12 6 25 8 22 15 8 7 7
is_linear=0
shrinkage=0.05


Tree=177
num_leaves=15
num_cat=0
split_feature=64 5 55 11 63 80 7 69 51 22 0 22 22 44
split_gain=56650.2 36776.1 60236.7 11986.5 13995.2 80854.1 8946.03 5400.9 887.437 455.939 105.421 88.0399 58.6969 38.6693
threshold=1.0000000180025095e-35 1.0000000180025095e-35 1.0000000180025095e-35 0.55000000000000016 1.0000000180025095e-35 1.0000000180025095e-35 1.0000000180025095e-35 1.0000000180025095e-35 1.0000000180025095e-35 0.27500000000000008 1.0000000180025095e-35 0.35000000000000003 0.35000000000000003 0.62500000000000011
decision_type=2 2 2 2 2 2 2 2 2 2 2 2 2 2
left_child=1 3 7 4 5 -1 -5 9 -6 -3 -7 -11 -10 -13
right_child=-2 2 -4 6 8 10 -8 -9 12 11 -12 13 -14 -15
leaf_value=8.2053960800170902 6.6694986979166675 0.67651901443799256 -6.2594171841939295 -3.3008620142936707 -0.83506686488787329 -0.33829872608184813 0.56049143473307284 -2.2292045911153155 0.046529928843180329 -0.25639706452687588 -0.0069169278722256413 0.2022745211919148 0.2938001990318298 -0.051593222220738713
leaf_weight=3.9999999999999991 2.9999999999999991 3.0000000000000027 5.9999999999999991 2.9999999999999991 2.9999999999999991 6 3 2.9999999999999991 6 2.9999999999999982 4 3 4 3
leaf_count=4 3 3 6 3 3 6 3 3 6 3 4 3 4 3
internal_value=-0.018088 -0.389621 -2.02532 0.651279 1.10049 2.19744 -1.37019 -0.33168 -0.0808323 0.142701 -0.205746 -0.0352386 0.145438 0.0753406
internal_weight=57 54 21 33 27 14 6 15 13 12 10 9 10 6
internal_count=57 54 21 33 27 14 6 15 13 12 10 9 10 6
is_linear=0
shrinkage=0.05


Tree=178
num_leaves=15
num_cat=0
split_feature=62 70 79 55 5 29 11 70 71 22 33 73 11 22
split_gain=57429 96972.7 47719.4 65073 212193 6868.31 2926.21 6850.82 1872.29 119.708 68.9604 52.4967 36.0885 15.0155
threshold=1.0000000180025095e-35 1.0000000180025095e-35 1.0000000180025095e-35 1.0000000180025095e-35 1.0000000180025095e-35 1.0000000180025095e-35 0.35000000000000003 1.0000000180025095e-35 1.0000000180025095e-35 0.27500000000000008 0.33750000000000008 1.0000000180025095e-35 0.35000000000000003 0.65000000000000002
decision_type=2 2 2 2 2 2 2 2 2 2 2 2 2 2
left_child=2 -2 3 9 11 6 7 -4 -7 -1 13 -5 -10 -11
right_child=1 -3 5 4 -6 8 -8 -9 12 10 -12 -13 -14 -15
leaf_value=0.31738193929195391 -9.3389226913452141 1.6708843231201169 -3.2383853340148931 0.085012690226236962 14.363114833831785 1.2298662861188254 -0.44824354618787754 -0.6209786200523375 -0.099337408542633052 -0.19699173942208295 0.12667534295469521 -0.19167791604995724 -0.28930717468261719 -0.049013563990592944
leaf_weight=3.0000000000000009 4 4 4.9999999999999982 3 4 2.9999999999999991 5.0000000000000009 5 5 3.9999999999999982 4 4 5 3
leaf_count=3 4 4 5 3 4 3 5 5 5 4 4 4 5 3
internal_value=0.114767 -3.83402 0.710811 2.29859 5.17644 -0.706845 -1.43587 -1.92968 0.134337 0.0374171 -0.0389369 -0.0730962 -0.194322 -0.133573
internal_weight=61 8 53 25 11 28 15 10 13 14 11 7 10 7
internal_count=61 8 53 25 11 28 15 10 13 14 11 7 10 7
is_linear=0
shrinkage=0.05


Tree=179
num_leaves=12
num_cat=0
split_feature=8 79 6 22 71 7 5 28 12 69 73
split_gain=29053.3 47355.4 79553 157986 18393.6 35367 17240.7 5998.59 3357.76 1943.97 107.216
threshold=1.0000000180025095e-35 1.0000000180025095e-35 1.0000000180025095e-35 0.27500000000000008 1.0000000180025095e-35 1.0000000180025095e-35 1.0000000180025095e-35 1.0000000180025095e-35 1.0000000180025095e-35 1.0000000180025095e-35 1.0000000180025095e-35
decision_type=2 2 2 2 2 2 2 2 2 2 2
left_child=1 2 3 -1 5 -2 -3 -6 -8 -10 -4
right_child=4 6 10 -5 7 -7 8 -9 9 -11 -12
leaf_value=14.078648281097419 -6.0133358001709016 2.5225141346454634 0.18399338908493515 0.025823431462049479 -0.48642054080963126 1.1683729807535803 -2.2575178527832027 2.3416733582814526 0.40110593537489558 -1.2826272904872891 -0.18209402263164517
leaf_weight=3.9999999999999973 3.9999999999999973 3.9999999999999973 4 4 5 3 5 3 3 4 4
leaf_count=4 4 4 4 4 5 3 5 3 3 4 4
internal_value=0.752031 1.60315 3.52659 7.05224 -1.06369 -2.93546 -0.320295 0.574115 -1.2679 -0.561027 0.000949683
internal_weight=47 32 16 8 15 7 16 8 12 7 8
internal_count=47 32 16 8 15 7 16 8 12 7 8
is_linear=0
shrinkage=0.05


Tree=180
num_leaves=14
num_cat=0
split_feature=80 16 55 6 29 55 5 70 22 22 11 22 11
split_gain=42015.7 74938.6 162248 88556.2 119574 17543.8 47825.9 13840.7 411.23 49.693 23.9456 3.93674 1.29327
threshold=1.0000000180025095e-35 1.0000000180025095e-35 1.0000000180025095e-35 1.0000000180025095e-35 1.0000000180025095e-35 1.0000000180025095e-35 1.0000000180025095e-35 1.0000000180025095e-35 0.27500000000000008 0.35000000000000003 0.27350000000000002 0.65000000000000002 0.35000000000000003
decision_type=2 2 2 2 2 2 2 2 2 2 2 2 2
left_child=1 3 8 4 -1 9 -7 -5 -3 -2 11 -11 -6
right_child=5 2 -4 7 12 6 -8 -9 -10 10 -12 -13 -14
leaf_value=-11.870823017756134 -0.16148963123559945 -0.73912455439567504 10.474786631266277 6.3807040969530746 0.085025183359781875 0.022802295287450151 -7.0354278564453114 1.8880069732666014 -1.5670030275980629 0.033147433400154129 0.16565545201301571 -0.047854054967562343 0.041596907377243031
leaf_weight=3.0000000000000018 4.0000000000000009 3.0000000000000018 6 2.9999999999999991 3 6 4 4 3 2.9999999999999982 3 3 4
leaf_count=3 4 3 6 3 3 6 4 4 3 3 3 3 4
internal_value=0.369913 1.63564 4.66086 -0.499816 -3.5191 -1.226 -2.80049 3.81345 -1.15306 -0.0148548 0.0503163 -0.00735331 0.060209
internal_weight=52 29 12 17 10 23 10 7 6 13 9 6 7
internal_count=52 29 12 17 10 23 10 7 6 13 9 6 7
is_linear=0
shrinkage=0.05


Tree=181
num_leaves=13
num_cat=0
split_feature=80 5 11 55 5 9 63 59 55 22 22 44
split_gain=48828 101669 228954 15833.3 43162.8 11569.8 14865.6 1311.82 98.8354 44.8479 42.5968 22.7269
threshold=1.0000000180025095e-35 1.0000000180025095e-35 1.0000000180025095e-35 1.0000000180025095e-35 1.0000000180025095e-35 1.0000000180025095e-35 1.0000000180025095e-35 1.0000000180025095e-35 1.0000000180025095e-35 0.35000000000000003 0.27500000000000008 0.62500000000000011
decision_type=2 2 2 2 2 2 2 2 2 2 2 2
left_child=1 5 -3 9 -5 6 -1 8 -8 -2 -4 -11
right_child=3 2 10 4 -6 -7 7 -9 -10 11 -12 -13
leaf_value=-3.0440126037597626 -0.15341514926403754 13.651657867431645 -0.70216833551724733 0.021662181615829466 -6.6836564064025872 2.2352881193161012 -0.21803678671518967 1.1064269036054604 0.13345176068445044 0.13663337752223018 -0.96861647764841696 -0.023265864253044125
leaf_weight=5.0000000000000044 4.0000000000000009 4.9999999999999982 3 6 4 3.9999999999999991 5.9999999999999982 3.0000000000000009 3 3.9999999999999982 3 5
leaf_count=5 4 5 3 6 4 4 6 3 3 4 3 5
internal_value=0.592551 1.85558 5.74963 -1.1647 -2.66047 -0.184166 -0.75345 0.200951 -0.100874 -0.014112 -0.835392 0.0478005
internal_weight=55 32 11 23 10 21 17 12 9 13 6 9
internal_count=55 32 11 23 10 21 17 12 9 13 6 9
is_linear=0
shrinkage=0.05


Tree=182
num_leaves=15
num_cat=0
split_feature=62 70 79 55 5 40 71 11 11 55 73 76 44 44
split_gain=133462 158734 37388.9 59865.1 190965 5657.06 1165.5 1100.15 76.1394 49.9275 41.0095 20.1078 6.95341 0.489626
threshold=1.0000000180025095e-35 1.0000000180025095e-35 1.0000000180025095e-35 1.0000000180025095e-35 1.0000000180025095e-35 1.0000000180025095e-35 1.0000000180025095e-35 0.35000000000000003 0.35000000000000003 1.0000000180025095e-35 1.0000000180025095e-35 1.0000000180025095e-35 0.33750000000000008 0.62500000000000011
decision_type=2 2 2 2 2 2 2 2 2 2 2 2 2 2
left_child=2 -2 3 11 10 7 -7 9 -8 -4 -5 12 -1 -14
right_child=1 -3 5 4 -6 6 8 -9 -10 -11 -12 -13 13 -15
leaf_value=0.07673950921744109 -15.242477162679037 1.0227269490559894 -1.7810436566670742 0.069339179992675762 13.624649524688719 1.0511055648326875 -0.24947164668701585 -0.61790733933448772 0.043200268745422356 -1.5312249978383381 -0.17521254718303678 -0.13421314557393385 0.003448051214218139 -0.022102571725845333
leaf_weight=2.9999999999999991 2.9999999999999991 3 2.9999999999999982 3 4 2.9999999999999991 4 4.0000000000000009 5 6 4 3.0000000000000009 3 5
leaf_count=3 3 3 3 3 4 3 4 4 5 6 4 3 3 5
internal_value=-0.0635135 -7.10988 0.78205 2.14933 4.90962 -0.585227 0.197619 -1.30785 -0.0868761 -1.6145 -0.0704047 -0.0194707 0.0118227 -0.0125211
internal_weight=56 6 50 25 11 25 12 13 9 9 7 14 11 8
internal_count=56 6 50 25 11 25 12 13 9 9 7 14 11 8
is_linear=0
shrinkage=0.05


Tree=183
num_leaves=13
num_cat=0
split_feature=62 79 55 6 18 11 70 71 8 11 22 0
split_gain=20894.5 41547.6 56085.5 167710 10038.9 8546.94 2935.71 1091.78 251.053 206.916 47.6777 12.5851
threshold=1.0000000180025095e-35 1.0000000180025095e-35 1.0000000180025095e-35 1.0000000180025095e-35 1.0000000180025095e-35 0.35000000000000003 1.0000000180025095e-35 1.0000000180025095e-35 1.0000000180025095e-35 0.35000000000000003 0.35000000000000003 0.35000000000000003
decision_type=2 2 2 2 2 2 2 2 2 2 2 2
left_child=1 2 10 -4 5 6 -3 -6 -9 -10 -1 -12
right_child=-2 4 3 -5 7 -7 -8 8 9 -11 11 -13
leaf_value=-0.14832012690603727 -2.780296173095703 -3.7191254615783684 12.906368923187253 -0.31094661553700764 0.99855028788248701 0.069370830804109537 -1.8034959793090817 -0.46759761174519854 0.32303261123597615 -0.1855388134717941 0.11203015327453617 -0.0069581411778926842
leaf_weight=4.0000000000000009 4.9999999999999991 4 4 6 2.9999999999999991 4.0000000000000009 4 2.9999999999999991 4 4 4.9999999999999982 4
leaf_count=4 5 4 4 6 3 4 4 3 4 4 5 4
internal_value=0.298652 0.61283 2.16082 4.97598 -0.756545 -1.81775 -2.76131 0.15306 -0.0775289 0.0687469 -0.00468941 0.0591465
internal_weight=54 49 23 10 26 12 8 14 11 8 13 9
internal_count=54 49 23 10 26 12 8 14 11 8 13 9
is_linear=0
shrinkage=0.05


Tree=184
num_leaves=14
num_cat=0
split_feature=80 8 23 70 55 5 71 29 69 11 11 44 0
split_gain=71920.7 116904 281955 259121 22142.4 57069.6 15249.2 7745.2 2777.49 376.83 15.3986 7.38186 11.6296
threshold=1.0000000180025095e-35 1.0000000180025095e-35 1.0000000180025095e-35 1.0000000180025095e-35 1.0000000180025095e-35 1.0000000180025095e-35 1.0000000180025095e-35 1.0000000180025095e-35 1.0000000180025095e-35 0.35000000000000003 0.35000000000000003 0.62500000000000011 1.0000000180025095e-35
decision_type=2 2 2 2 2 2 2 2 2 2 2 2 2
left_child=1 2 3 -1 10 -6 -3 -8 -4 -9 11 12 -2
right_child=4 6 8 -5 5 -7 7 9 -10 -11 -12 -13 -14
leaf_value=24.317294311523415 0.12100215057531996 -2.3533170382181798 0.30570970773696893 3.5358450571695954 0.034198487798372902 -7.676024532318114 2.946883221094807 0.41085704167683912 -1.7068790435791013 -0.29797293424606319 -0.096466798707842791 -0.048794437448183681 -0.0035212470591068261
leaf_weight=3.0000000000000018 2.9999999999999982 6.0000000000000009 3 3 6 4 2.9999999999999991 3 4 5 4.0000000000000009 3 5
leaf_count=3 3 6 3 3 6 4 3 3 4 5 4 3 5
internal_value=0.753213 2.40375 5.973 13.9266 -1.22743 -3.04989 -0.325679 0.780305 -0.844341 -0.0321617 -0.0124567 0.0180924 0.043175
internal_weight=55 30 13 6 25 10 17 11 7 8 15 11 8
internal_count=55 30 13 6 25 10 17 11 7 8 15 11 8
is_linear=0
shrinkage=0.05


Tree=185
num_leaves=13
num_cat=0
split_feature=5 55 70 62 69 22 39 73 22 22 44 22
split_gain=97040.8 185456 62858.3 34328.3 1998.74 1295.08 471.065 444.464 263.494 144.363 29.9788 20.3462
threshold=1.0000000180025095e-35 1.0000000180025095e-35 1.0000000180025095e-35 1.0000000180025095e-35 1.0000000180025095e-35 0.55000000000000016 1.0000000180025095e-35 1.0000000180025095e-35 0.27500000000000008 0.35000000000000003 0.62500000000000011 0.35000000000000003
decision_type=2 2 2 2 2 2 2 2 2 2 2 2
left_child=3 4 -3 5 8 6 11 -8 -2 -10 -11 -1
right_child=1 2 -4 -5 -6 -7 7 -9 9 10 -12 -13
leaf_value=0.13483249545097328 0.46489254236221317 -12.190077654520666 -3.3259468078613277 4.5694367980957038 -1.2315077766776086 0.94519825975100202 -0.82794903218746174 -0.12082692652940748 -0.3593897342681886 0.17717297375202176 -0.046354715029398585 -0.0078075695037841788
leaf_weight=5.0000000000000071 2.9999999999999991 6.0000000000000018 3 4.9999999999999991 3.9999999999999991 2.9999999999999991 4 5 2.9999999999999982 3 3 5
leaf_count=5 3 6 3 5 4 3 4 5 3 3 3 5
internal_value=-1.24872 -3.49341 -9.23537 0.829703 -0.263567 -0.0202369 -0.172674 -0.435103 0.0590803 -0.0761905 0.0654091 0.0635125
internal_weight=52 25 9 27 16 22 19 9 12 9 6 10
internal_count=52 25 9 27 16 22 19 9 12 9 6 10
is_linear=0
shrinkage=0.05


Tree=186
num_leaves=15
num_cat=0
split_feature=62 70 79 5 22 8 12 11 59 70 22 22 73 0
split_gain=22666.3 146413 42714.1 32048.9 89376 16747.8 19702.7 1150.13 586.971 222.03 167.189 59.5915 21.7751 12.9113
threshold=1.0000000180025095e-35 1.0000000180025095e-35 1.0000000180025095e-35 1.0000000180025095e-35 1.0000000180025095e-35 1.0000000180025095e-35 1.0000000180025095e-35 0.35000000000000003 1.0000000180025095e-35 1.0000000180025095e-35 0.35000000000000003 0.35000000000000003 1.0000000180025095e-35 0.35000000000000003
decision_type=2 2 2 2 2 2 2 2 2 2 2 2 2 2
left_child=2 -2 3 12 -5 6 9 -8 10 -4 -7 -6 13 -1
right_child=1 -3 5 4 11 8 7 -9 -10 -11 -12 -13 -14 -15
leaf_value=0.12110706965128577 -8.9801643371582038 5.632121276855468 -4.7596329371134436 8.7403637695312479 -0.18068997065226233 0.45340569814046217 -1.4391214291254677 -0.20077053308486936 1.0460409124692278 -4.1513159434000642 -0.0744663874308268 0.11410528644919393 -0.086946065723896016 -0.025585724040865895
leaf_weight=3 3.9999999999999991 3 2.9999999999999991 5 3 3 3 5 3 3 3 4 6 3
leaf_count=3 4 3 3 5 3 3 3 5 3 3 3 4 6 3
internal_value=-0.063377 -2.71776 0.331956 1.80754 3.63468 -1.20779 -2.28958 -0.665152 0.474993 -4.45547 0.18947 -0.0122355 -0.0195927 0.0477607
internal_weight=54 7 47 24 12 23 14 8 9 6 6 7 12 6
internal_count=54 7 47 24 12 23 14 8 9 6 6 7 12 6
is_linear=0
shrinkage=0.05


Tree=187
num_leaves=13
num_cat=0
split_feature=62 11 80 71 12 56 5 12 22 73 22 0
split_gain=75345.4 150434 53524.4 93855.6 104138 14977.9 51149.9 12574 274.896 45.3886 36.4528 12.5763
threshold=1.0000000180025095e-35 1.0000000180025095e-35 1.0000000180025095e-35 1.0000000180025095e-35 1.0000000180025095e-35 1.0000000180025095e-35 1.0000000180025095e-35 1.0000000180025095e-35 1.0000000180025095e-35 1.0000000180025095e-35 0.35000000000000003 1.0000000180025095e-35
decision_type=2 2 2 2 2 2 2 2 2 2 2 2
left_child=2 -2 3 4 -1 6 9 -5 -9 -4 -7 -12
right_child=1 -3 5 7 -6 10 -8 8 -10 -11 11 -13
leaf_value=9.172970693452017 -11.439259338378907 3.372330729166666 0.11505171457926429 -3.306046882271767 -0.27481815099716184 -0.12050413787364958 -7.1197378158569329 -0.2510532697041829 0.3543628120422363 -0.14222586452960967 0.010669695027172563 0.14609647008279955
leaf_weight=7 3.9999999999999991 3 3 3.9999999999999991 5 4 4 3 5 4 4 3
leaf_count=7 4 3 3 4 5 4 4 3 5 4 4 3
internal_value=-0.258729 -5.09144 0.476683 2.10963 5.23639 -1.30472 -2.60934 -1.01713 0.127332 -0.031964 -9.53056e-05 0.0687097
internal_weight=53 7 46 24 12 22 11 12 8 7 11 7
internal_count=53 7 46 24 12 22 11 12 8 7 11 7
is_linear=0
shrinkage=0.05


Tree=188
num_leaves=15
num_cat=0
split_feature=64 62 55 5 70 11 69 8 73 8 44 22 22 75
split_gain=44299.4 72829.9 34675.5 58375.9 6064.68 4435.01 1793.46 997.88 843.72 131.02 329.307 24.9738 13.5045 8.28752
threshold=1.0000000180025095e-35 1.0000000180025095e-35 1.0000000180025095e-35 1.0000000180025095e-35 1.0000000180025095e-35 1.0000000180025095e-35 1.0000000180025095e-35 1.0000000180025095e-35 1.0000000180025095e-35 1.0000000180025095e-35 0.22500000000000003 0.27500000000000008 0.35000000000000003 1.0000000180025095e-35
decision_type=2 2 2 2 2 2 2 2 2 2 2 2 2 2
left_child=1 2 6 7 -5 -3 9 8 -4 10 -1 -12 -11 -13
right_child=-2 5 3 4 -6 -7 -8 -9 -10 12 11 13 -14 -15
leaf_value=0.50337936878204215 5.6509633382161466 5.9224779764811197 -1.2517283916473385 -7.2460309600830062 -4.4023989359537747 3.2037142435709627 -1.115194195508957 0.31359464575846985 -0.14248301784197487 -0.23850062688191734 0.10446049372355144 -0.11576204523444178 -0.088475747903188046 -0.019203982949256893
leaf_weight=4.0000000000000098 2.9999999999999991 2.9999999999999991 4 5 3 3 3.9999999999999991 3 3 2.9999999999999991 2.9999999999999991 3.9999999999999982 3 5
leaf_count=4 3 3 4 5 3 3 4 3 3 3 3 4 3 5
internal_value=-0.25044 -0.604525 -1.3092 -2.99616 -6.17967 4.5631 -0.141303 -0.449358 -0.776338 0.0357683 0.110489 -0.0204739 -0.163488 -0.0621187
internal_weight=53 50 44 18 8 6 26 10 7 22 16 12 6 9
internal_count=53 50 44 18 8 6 26 10 7 22 16 12 6 9
is_linear=0
shrinkage=0.05


Tree=189
num_leaves=13
num_cat=0
split_feature=62 80 55 7 55 5 69 23 7 11 33 44
split_gain=102144 80282 223493 470358 9164.37 28586.6 2953.02 302.402 354.287 31.6592 30.5848 11.4974
threshold=1.0000000180025095e-35 1.0000000180025095e-35 1.0000000180025095e-35 1.0000000180025095e-35 1.0000000180025095e-35 1.0000000180025095e-35 1.0000000180025095e-35 1.0000000180025095e-35 1.0000000180025095e-35 0.27350000000000002 0.33750000000000008 0.62500000000000011
decision_type=2 2 2 2 2 2 2 2 2 2 2 2
left_child=1 2 6 -4 9 -6 7 -1 -9 11 -11 -3
right_child=-2 4 3 -5 5 -7 -8 8 -10 10 -12 -13
leaf_value=-0.22657559712727846 -5.2429086957659043 0.080172006040811525 25.728307151794436 -0.46212335079908362 0.11673294663429259 -6.0570429484049466 -1.4494617819786073 0.0040302991867065419 0.7724559227625527 -0.24472958743572226 -0.01895388980240871 -0.049315532296895968
leaf_weight=3.0000000000000018 6.9999999999999991 4 2.9999999999999991 4 5 3 3.9999999999999991 3 3 3 3 3
leaf_count=3 7 4 3 4 5 3 4 3 3 3 3 3
internal_value=0.339212 1.29226 3.55942 10.7623 -0.866942 -2.19843 -0.319086 0.183304 0.388243 -0.0475622 -0.131842 0.0246773
internal_weight=48 41 20 7 21 8 13 9 6 13 6 7
internal_count=48 41 20 7 21 8 13 9 6 13 6 7
is_linear=0
shrinkage=0.05


Tree=190
num_leaves=13
num_cat=0
split_feature=62 70 80 55 70 5 22 11 5 77 11 22
split_gain=71411 182086 39562.6 64869 277339 11192.7 37075.6 1267.62 192.542 174.156 65.8727 44.7248
threshold=1.0000000180025095e-35 1.0000000180025095e-35 1.0000000180025095e-35 1.0000000180025095e-35 1.0000000180025095e-35 1.0000000180025095e-35 0.27500000000000008 0.35000000000000003 1.0000000180025095e-35 1.0000000180025095e-35 0.55000000000000016 0.65000000000000002
decision_type=2 2 2 2 2 2 2 2 2 2 2 2
left_child=2 -2 3 7 -5 9 -7 -1 10 -4 -9 -8
right_child=1 -3 5 4 -6 6 11 8 -10 -11 -12 -13
leaf_value=-0.82292573928832946 -14.267343393961589 2.0280979156494139 0.14741322589772085 13.247817266583438 -3.4056817805767055 -6.0985970497131339 -0.17368933279067275 0.16108744442462927 -0.11232655107975005 -0.2661642901599407 0.47102982203165678 0.081699863076210008
leaf_weight=5.0000000000000027 2.9999999999999991 4 7 5.0000000000000018 5 4 4 3.9999999999999982 5 4 3 3
leaf_count=5 3 4 7 5 5 4 4 4 5 4 3 3
internal_value=-0.231689 -4.95566 0.443164 1.72562 4.92107 -1.13076 -2.25855 -0.154048 0.124651 -0.0029786 0.29392 -0.0642368
internal_weight=56 7 49 27 10 22 11 17 12 11 7 7
internal_count=56 7 49 27 10 22 11 17 12 11 7 7
is_linear=0
shrinkage=0.05


Tree=191
num_leaves=14
num_cat=0
split_feature=19 80 70 22 70 11 56 5 22 69 7 22 22
split_gain=39796.6 71758 138833 314470 48197.1 198105 6813.89 23991 5609.66 1792.72 883.224 53.4386 50.3014
threshold=1.0000000180025095e-35 1.0000000180025095e-35 1.0000000180025095e-35 1.0000000180025095e-35 1.0000000180025095e-35 1.0000000180025095e-35 1.0000000180025095e-35 1.0000000180025095e-35 0.35000000000000003 1.0000000180025095e-35 1.0000000180025095e-35 0.27500000000000008 0.65000000000000002
decision_type=2 2 2 2 2 2 2 2 2 2 2 2 2
left_child=1 2 3 -1 5 -2 7 -3 -7 -5 -6 -8 -13
right_child=4 6 -4 9 10 8 11 -9 -10 -11 -12 12 -14
leaf_value=17.871284961700443 -12.74344211816787 0.026937184731165565 -4.0098348289728163 0.63659411072731009 1.9266929626464844 2.431095111370086 0.20426636636257159 -5.449260838826496 -0.42910764217376701 -1.0919498920440671 0.7917769471804299 -0.17156418208032853 0.066320343613624572
leaf_weight=3.9999999999999982 4.0000000000000018 6 3.9999999999999991 3 3.9999999999999991 4 3.0000000000000009 3 3 3 3 3.9999999999999982 5
leaf_count=4 4 6 4 3 4 4 3 3 3 3 3 4 5
internal_value=0.107493 1.09005 3.86284 7.01191 -1.80303 -3.86697 -0.758477 -1.79846 1.20529 -0.227678 1.4403 0.021512 -0.0394061
internal_weight=53 35 14 10 18 11 21 9 7 6 7 12 9
internal_count=53 35 14 10 18 11 21 9 7 6 7 12 9
is_linear=0
shrinkage=0.05


Tree=192
num_leaves=14
num_cat=0
split_feature=64 62 5 56 70 11 69 71 50 77 73 22 0
split_gain=40797.1 70895.3 28933.6 50579 5434.16 3212.19 1226.79 1112.28 2462.7 477.903 1509.05 219.953 56.0386
threshold=1.0000000180025095e-35 1.0000000180025095e-35 1.0000000180025095e-35 1.0000000180025095e-35 1.0000000180025095e-35 1.0000000180025095e-35 1.0000000180025095e-35 1.0000000180025095e-35 1.0000000180025095e-35 1.0000000180025095e-35 1.0000000180025095e-35 0.35000000000000003 1.0000000180025095e-35
decision_type=2 2 2 2 2 2 2 2 2 2 2 2 2
left_child=1 2 7 4 -4 -3 12 9 11 10 -1 -9 -5
right_child=-2 5 3 6 -6 -7 -8 8 -10 -11 -12 -13 -14
leaf_value=1.4003267447153724 5.4960805257161462 5.6907600402832035 -6.748007583618163 0.20030471906065939 -4.0562515258789054 3.3769658406575509 -1.0829469978809356 0.4122046391169229 -1.6236768384774523 -0.13247963357716797 -0.083149938937276582 -0.15415666401386258 -0.10530554453531898
leaf_weight=3 2.9999999999999991 2.9999999999999991 5 3 3 3 4 3 3 4 4 4 3
leaf_count=3 3 3 5 3 3 3 4 3 3 4 4 4 3
internal_value=-0.149516 -0.525889 -1.30431 -2.77531 -5.7386 4.53386 -0.404679 -0.0434563 -0.425104 0.303497 0.552626 0.0885696 0.0474996
internal_weight=48 45 39 18 8 6 10 21 10 11 7 7 6
internal_count=48 45 39 18 8 6 10 21 10 11 7 7 6
is_linear=0
shrinkage=0.05


Tree=193
num_leaves=14
num_cat=0
split_feature=64 5 55 22 63 79 29 80 50 79 12 77 0
split_gain=42238.5 36560 67621.7 8762.41 22275 41904.3 8881.64 6402.05 756.358 385.757 120.309 33.7047 28.7331
threshold=1.0000000180025095e-35 1.0000000180025095e-35 1.0000000180025095e-35 0.35000000000000003 1.0000000180025095e-35 1.0000000180025095e-35 1.0000000180025095e-35 1.0000000180025095e-35 1.0000000180025095e-35 1.0000000180025095e-35 1.0000000180025095e-35 1.0000000180025095e-35 1.0000000180025095e-35
decision_type=2 2 2 2 2 2 2 2 2 2 2 2 2
left_child=1 3 9 4 5 11 -5 -4 10 12 -6 -1 -3
right_child=-2 2 7 6 8 -7 -8 -9 -10 -11 -12 -13 -14
leaf_value=-0.06520186415679434 5.2212758382161466 0.10466068657115096 -8.2393436431884766 -3.3215685000022255 -0.77309985198080522 6.4231342315673814 0.2773736923933029 -5.1838038444519032 -1.5424929350614542 -0.59859101381152857 -0.35423165162404369 -0.30221352775891619 -0.10004027684529621
leaf_weight=3.0000000000000036 2.9999999999999991 4.0000000000000018 2.9999999999999991 2.9999999999999991 4 4 4 4 3 4 3 3 3
leaf_count=3 3 4 3 3 4 4 4 4 3 4 3 3 3
internal_value=-0.523182 -0.906146 -2.65162 0.2575 0.790386 2.45903 -1.26503 -6.49332 -0.878257 -0.206895 -0.593585 -0.183708 0.0169317
internal_weight=48 45 18 27 20 10 7 7 10 11 7 6 7
internal_count=48 45 18 27 20 10 7 7 10 11 7 6 7
is_linear=0
shrinkage=0.05


Tree=194
num_leaves=12
num_cat=0
split_feature=80 23 5 11 70 55 5 18 69 33 22
split_gain=36366.9 62719.8 170579 27611.5 75276.6 10495.4 21800.8 5760.18 4054.56 65.1032 91.4331
threshold=1.0000000180025095e-35 1.0000000180025095e-35 1.0000000180025095e-35 1.0000000180025095e-35 1.0000000180025095e-35 1.0000000180025095e-35 1.0000000180025095e-35 1.0000000180025095e-35 1.0000000180025095e-35 0.33750000000000008 0.27500000000000008
decision_type=2 2 2 2 2 2 2 2 2 2 2
left_child=1 2 3 4 -1 9 -7 8 -3 10 -2
right_child=5 7 -4 -5 -6 6 -8 -9 -10 -11 -12
leaf_value=-6.0082051068544349 0.19868769471844044 -3.2121528744697545 11.530736923217773 3.5784347867965702 3.69209177494049 0.027744314670562743 -4.9246136665344231 0.56485908925533301 -0.88705530166625968 0.21574046313762657 -0.1393824090560277
leaf_weight=4.0000000000000018 2.9999999999999982 3.0000000000000018 4.9999999999999991 4.9999999999999991 4 5 4 3.9999999999999991 5 4.0000000000000009 6
leaf_count=4 3 3 5 5 4 5 4 4 5 4 6
internal_value=0.68331 1.81564 3.6823 0.663671 -1.15806 -0.860773 -2.1733 -0.984358 -1.75897 0.0479023 -0.0266924
internal_weight=52 30 18 13 8 22 9 12 8 13 9
internal_count=52 30 18 13 8 22 9 12 8 13 9
is_linear=0
shrinkage=0.05


Tree=195
num_leaves=15
num_cat=0
split_feature=79 5 75 17 55 8 73 0 70 69 22 11 22 0
split_gain=16370 120580 369316 104967 14297.3 21242.4 11591.5 23254 9139.82 1387.43 822.864 430.063 233.972 45.1117
threshold=1.0000000180025095e-35 1.0000000180025095e-35 1.0000000180025095e-35 1.0000000180025095e-35 1.0000000180025095e-35 1.0000000180025095e-35 1.0000000180025095e-35 0.35000000000000003 1.0000000180025095e-35 1.0000000180025095e-35 1.0000000180025095e-35 0.55000000000000016 0.65000000000000002 1.0000000180025095e-35
decision_type=2 2 2 2 2 2 2 2 2 2 2 2 2 2
left_child=1 6 -3 4 9 8 7 -1 -6 10 -2 -12 -4 -8
right_child=3 2 12 -5 5 -7 13 -9 -10 -11 11 -13 -14 -15
leaf_value=-6.1342631181081124 -0.51544180313746091 20.571787794431046 -0.64666043408215035 7.5337033271789551 -6.2830526987711579 0.37077370882034294 -0.13651421368122099 0.091224159797032647 -2.6321757078170771 -0.84270254135131817 0.1349009573459625 0.92684456507364887 -0.062529913087685893 0.11997731899221736
leaf_weight=3 3.0000000000000018 3 4 3.9999999999999991 3 4 4 3 4 5.0000000000000009 4 3 3 3
leaf_count=3 3 3 4 4 3 4 4 3 4 5 4 3 3 3
internal_value=0.762759 1.76634 5.89411 -0.00665511 -1.16671 -2.53589 -1.40886 -3.02152 -4.19684 -0.162647 0.177381 0.474305 -0.396319 -0.0265893
internal_weight=53 23 10 30 26 11 13 6 7 15 10 7 7 7
internal_count=53 23 10 30 26 11 13 6 7 15 10 7 7 7
is_linear=0
shrinkage=0.05


Tree=196
num_leaves=15
num_cat=0
split_feature=80 5 70 11 11 11 70 39 6 55 6 76 44 0
split_gain=16799.9 36438.6 90993.5 216670 8989.62 19362.2 47311.1 31681.6 27459.2 7170.48 17833.6 1392.69 29.4527 17.5649
threshold=1.0000000180025095e-35 1.0000000180025095e-35 1.0000000180025095e-35 0.27350000000000002 0.55000000000000016 1.0000000180025095e-35 1.0000000180025095e-35 1.0000000180025095e-35 1.0000000180025095e-35 1.0000000180025095e-35 1.0000000180025095e-35 1.0000000180025095e-35 0.33750000000000008 0.35000000000000003
decision_type=2 2 2 2 2 2 2 2 2 2 2 2 2 2
left_child=1 4 3 -3 5 6 7 -1 -7 11 -11 12 -2 -14
right_child=9 2 -4 -5 -6 8 -8 -9 -10 10 -12 -13 13 -15
leaf_value=-0.40393315951029374 0.22638581047455442 16.964440091451014 -2.8947598755359643 -0.032442054748535148 -2.2905529141426086 -0.080024938583374006 2.5482763838768001 -7.6704750537872286 5.9707848509152717 -4.9595273971557621 0.49232672850290921 -1.1225772380828858 -0.031408248608931898 0.11676780134439467
leaf_weight=3.0000000000000053 3.0000000000000027 2.9999999999999982 4 5 3.9999999999999991 5 5 3 3 2.9999999999999991 3 2.9999999999999991 4 4
leaf_count=3 3 3 4 5 4 5 5 3 3 3 3 3 4 4
internal_value=0.368573 1.02915 3.26267 6.34139 -0.136166 0.317389 -1.0438 -4.0372 2.18903 -0.787437 -2.2336 -0.167653 0.0927814 0.0426798
internal_weight=55 35 12 8 23 19 11 6 8 20 6 14 11 8
internal_count=55 35 12 8 23 19 11 6 8 20 6 14 11 8
is_linear=0
shrinkage=0.05


Tree=197
num_leaves=14
num_cat=0
split_feature=62 55 80 5 22 5 56 8 0 71 55 77 0
split_gain=65313.6 79566.5 60982.9 118620 334961 10051.1 25335.5 3577.88 1069.35 251.898 933.378 111.64 83.7866
threshold=1.0000000180025095e-35 1.0000000180025095e-35 1.0000000180025095e-35 1.0000000180025095e-35 1.0000000180025095e-35 1.0000000180025095e-35 1.0000000180025095e-35 1.0000000180025095e-35 1.0000000180025095e-35 1.0000000180025095e-35 1.0000000180025095e-35 1.0000000180025095e-35 1.0000000180025095e-35
decision_type=2 2 2 2 2 2 2 2 2 2 2 2 2
left_child=2 -2 3 7 -5 11 -7 -1 -8 -9 -11 12 -4
right_child=1 -3 5 4 -6 6 8 9 -10 10 -12 -13 -14
leaf_value=-1.842468007405599 2.446091969807942 -7.8538442993164059 0.48000333309173571 18.0257266998291 -0.65360690752665196 -5.193765258789063 0.12761850498616695 0.49626164436340336 -1.0664483706156411 -0.45932371139526362 0.65624941190083808 -0.026742924451828 0.10631309250990546
leaf_weight=2.9999999999999991 3 5 3 4 6 3.9999999999999991 5 2.9999999999999991 3 5 3 5 3
leaf_count=3 3 5 3 4 6 4 5 3 3 5 3 5 3
internal_value=0.184959 -3.99137 0.895823 2.65895 6.81813 -0.94396 -1.94469 -0.311892 -0.320157 0.105538 -0.0409838 0.147749 0.293158
internal_weight=55 8 47 24 10 23 12 14 8 11 8 11 6
internal_count=55 8 47 24 10 23 12 14 8 11 8 11 6
is_linear=0
shrinkage=0.05


Tree=198
num_leaves=14
num_cat=0
split_feature=5 55 79 63 79 73 0 69 0 44 59 11 0
split_gain=49048.7 89623.4 29095.8 54745.6 20044.2 7583.02 12773.2 864.26 1333.58 299.189 207.392 671.76 53.4925
threshold=1.0000000180025095e-35 1.0000000180025095e-35 1.0000000180025095e-35 1.0000000180025095e-35 1.0000000180025095e-35 1.0000000180025095e-35 0.35000000000000003 1.0000000180025095e-35 1.0000000180025095e-35 0.33750000000000008 1.0000000180025095e-35 1.0000000180025095e-35 1.0000000180025095e-35
decision_type=2 2 2 2 2 2 2 2 2 2 2 2 2
left_child=2 7 5 -4 -3 6 -1 8 9 -2 11 -5 -7
right_child=1 4 3 10 -6 12 -8 -9 -10 -11 -12 -13 -14
leaf_value=-4.2356271982193006 0.62432434558868355 -4.9340771675109867 6.2631991577148414 0.62343692779541038 -10.340658537546792 -0.1783050030469894 0.080334744850794448 -0.93623380661010747 -1.0131259600321449 -0.03621876086108386 0.47144856452941869 -0.27083082709993633 0.10099744101365404
leaf_weight=3.9999999999999982 3.0000000000000018 3.9999999999999991 5.0000000000000009 2.9999999999999982 3 4 3 4.9999999999999991 3 4 3.0000000000000009 7 3
leaf_count=4 3 4 5 3 3 4 3 5 3 4 3 7 3
internal_value=-0.762178 -2.57958 0.487285 1.81694 -7.25118 -1.22227 -2.38593 -0.399497 -0.131128 0.246871 0.106834 -0.0025505 -0.058604
internal_weight=54 22 32 18 7 14 7 15 10 7 13 10 7
internal_count=54 22 32 18 7 14 7 15 10 7 13 10 7
is_linear=0
shrinkage=0.05


Tree=199
num_leaves=16
num_cat=0
split_feature=79 61 22 62 70 55 8 11 0 8 71 73 0 0 22
split_gain=43951.2 78640.5 215009 26282.8 12250.6 11415.6 27717.8 3646.52 664.185 453.851 828.99 180.601 196.598 35.3505 13.9652
threshold=1.0000000180025095e-35 1.0000000180025095e-35 0.27500000000000008 1.0000000180025095e-35 1.0000000180025095e-35 1.0000000180025095e-35 1.0000000180025095e-35 1.0000000180025095e-35 1.0000000180025095e-35 1.0000000180025095e-35 1.0000000180025095e-35 1.0000000180025095e-35 0.35000000000000003 1.0000000180025095e-35 0.35000000000000003
decision_type=2 2 2 2 2 2 2 2 2 2 2 2 2 2 2
left_child=1 2 -1 4 5 9 -7 -5 -4 10 -2 12 -3 -13 -11
right_child=3 11 8 7 -6 6 -8 -9 -10 14 -12 13 -14 -15 -16
leaf_value=-14.931760072708128 -0.36720651984214697 0.64873733694354685 0.021706864284351465 4.4758939107259117 2.0423088490962984 -6.2045173009236656 0.59226509730021148 2.0106274922688798 -0.96246967315673793 -0.41231862306594841 0.73231325149536119 -0.14678182999293007 0.07631800572077431 0.09594756861527759 -0.56488114198048889
leaf_weight=4 4.0000000000000089 3 4 2.9999999999999991 3.9999999999999991 2.9999999999999991 3 3 3 3 3 3 3 3 3
leaf_count=4 4 3 4 3 4 3 3 3 3 3 3 3 3 3 3
internal_value=-0.998392 -2.63065 -5.68433 0.296157 -0.472652 -1.00212 -2.80613 3.24326 -0.400083 -0.169499 0.104016 0.168555 0.362528 -0.0254171 -0.4886
internal_weight=52 23 11 29 23 19 6 6 7 13 7 12 6 6 6
internal_count=52 23 11 29 23 19 6 6 7 13 7 12 6 6 6
is_linear=0
shrinkage=0.05


end of trees

feature_importances:
Column_22=314
Column_11=274
Column_5=221
Column_55=147
Column_70=147
Column_0=134
Column_73=134
Column_62=118
Column_79=108
Column_44=87
Column_71=84
Column_80=77
Column_69=75
Column_12=67
Column_8=54
Column_64=53
Column_6=50
Column_7=45
Column_56=40
Column_77=34
Column_50=29
Column_17=28
Column_76=27
Column_23=25
Column_16=24
Column_63=22
Column_19=19
Column_28=17
Column_61=17
Column_18=16
Column_51=15
Column_33=14
Column_78=13
Column_75=11
Column_1=10
Column_29=10
Column_59=10
Column_9=7
Column_39=6
Column_27=5
Column_40=5
Column_30=2
Column_20=1
Column_60=1

parameters:
[boosting: gbdt]
[objective: regression]
[metric: l1]
[tree_learner: serial]
[device_type: cpu]
[data_sample_strategy: bagging]
[data: ]
[valid: ]
[num_iterations: 200]
[learning_rate: 0.05]
[num_leaves: 31]
[num_threads: 4]
[seed: 0]
[deterministic: 0]
[force_col_wise: 0]
[force_row_wise: 0]
[histogram_pool_size: -1]
[max_depth: -1]
[min_data_in_leaf: 3]
[min_sum_hessian_in_leaf: 0.001]
[bagging_fraction: 0.85]
[pos_bagging_fraction: 1]
[neg_bagging_fraction: 1]
[bagging_freq: 1]
[bagging_seed: 3]
[bagging_by_query: 0]
[feature_fraction: 0.85]
[feature_fraction_bynode: 1]
[feature_fraction_seed: 2]
[extra_trees: 0]
[extra_seed: 6]
[early_stopping_round: 0]
[early_stopping_min_delta: 0]
[first_metric_only: 0]
[max_delta_step: 0]
[lambda_l1: 0]
[lambda_l2: 0]
[linear_lambda: 0]
[min_gain_to_split: 0]
[drop_rate: 0.1]
[max_drop: 50]
[skip_drop: 0.5]
[xgboost_dart_mode: 0]
[uniform_drop: 0]
[drop_seed: 4]
[top_rate: 0.2]
[other_rate: 0.1]
[min_data_per_group: 100]
[max_cat_threshold: 32]
[cat_l2: 10]
[cat_smooth: 10]
[max_cat_to_onehot: 4]
[top_k: 20]
[monotone_constraints: ]
[monotone_constraints_method: basic]
[monotone_penalty: 0]
[feature_contri: ]
[forcedsplits_filename: ]
[refit_decay_rate: 0.9]
[cegb_tradeoff: 1]
[cegb_penalty_split: 0]
[cegb_penalty_feature_lazy: ]
[cegb_penalty_feature_coupled: ]
[path_smooth: 0]
[interaction_constraints: ]
[verbosity: -1]
[saved_feature_importance_type: 0]
[use_quantized_grad: 0]
[num_grad_quant_bins: 4]
[quant_train_renew_leaf: 0]
[stochastic_rounding: 1]
[linear_tree: 0]
[max_bin: 255]
[max_bin_by_feature: ]
[min_data_in_bin: 3]
[bin_construct_sample_cnt: 200000]
[data_random_seed: 1]
[is_enable_sparse: 1]
[enable_bundle: 1]
[use_missing: 1]
[zero_as_missing: 0]
[feature_pre_filter: 1]
[pre_partition: 0]
[two_round: 0]
[header: 0]
[label_column: ]
[weight_column: ]
[group_column: ]
[ignore_column: ]
[categorical_feature: ]
[forcedbins_filename: ]
[precise_float_parser: 0]
[parser_config_file: ]
[objective_seed: 5]
[num_class: 1]
[is_unbalance: 0]
[scale_pos_weight: 1]
[sigmoid: 1]
[boost_from_average: 1]
[reg_sqrt: 0]
[alpha: 0.9]
[fair_c: 1]
[poisson_max_delta_step: 0.7]
[tweedie_variance_power: 1.5]
[lambdarank_truncation_level: 30]
[lambdarank_norm: 1]
[label_gain: ]
[lambdarank_position_bias_regularization: 0]
[eval_at: ]
[multi_error_top_k: 1]
[auc_mu_weights: ]
[num_machines: 1]
[local_listen_port: 12400]
[time_out: 120]
[machine_list_filename: ]
[machines: ]
[gpu_platform_id: -1]
[gpu_device_id: -1]
[gpu_use_dp: 0]
[num_gpu: 1]

end of parameters

pandas_categorical:null
