tree
version=v4
num_class=1
num_tree_per_iteration=1
label_index=0
max_feature_idx=80
objective=regression
feature_names=Column_0 Column_1 Column_2 Column_3 Column_4 Column_5 Column_6 Column_7 Column_8 Column_9 Column_10 Column_11 Column_12 Column_13 Column_14 Column_15 Column_16 Column_17 Column_18 Column_19 Column_20 Column_21 Column_22 Column_23 Column_24 Column_25 Column_26 Column_27 Column_28 Column_29 Column_30 Column_31 Column_32 Column_33 Column_34 Column_35 Column_36 Column_37 Column_38 Column_39 Column_40 Column_41 Column_42 Column_43 Column_44 Column_45 Column_46 Column_47 Column_48 Column_49 Column_50 Column_51 Column_52 Column_53 Column_54 Column_55 Column_56 Column_57 Column_58 Column_59 Column_60 Column_61 Column_62 Column_63 Column_64 Column_65 Column_66 Column_67 Column_68 Column_69 Column_70 Column_71 Column_72 Column_73 Column_74 Column_75 Column_76 Column_77 Column_78 Column_79 Column_80
feature_infos=[0:0.75] [0:1] none none none [0:1] [0:1] [0:1] [0:1] [0:1] none [0:0.80000000000000004] [0:1] none none none [0:1] [0:1] [0:1] [0:1] [0:1] none [0:0.90000000000000002] [0:1] none none none [0:1] [0:1] [0:1] [0:1] [0:1] none [0:0.69999999999999996] [0:1] none none none [0:1] [0:1] [0:1] [0:1] [0:1] none [0:0.90000000000000002] [0:1] none none none [0:1] [0:1] [0:1] [0:1] [0:1] none [0:1] [0:1] none none [0:1] [0:1] [0:1] [0:1] [0:1] [0:1] [0:1] [0:1] none none [0:1] [0:1] [0:1] none none none [0:1] [0:1] [0:1] [0:1] [0:1] [0:1]
tree_sizes=1640 1706 1756 1687 1680 1671 1691 1585 1614 1759 1559 1609 1577 1753 1546 1746 1543 1847 1502 1801 1692 1846 1780 1734 1791 1694 1791 1726 1878 1844 1907 1738 1790 1625 1586 1673 1835 1780 1621 1585 1397 1858 1703 1920 1786 1586 1631 1841 1666 1797 1837 1634 1712 1655 1753 1756 1976 1842 1808 1877 1665 1496 1628 1896 1721 1793 1760 1984 1846 1798 1870 1954 1913 1874 2077 2011 2165 1697 1780 1557 1674 2085 1875 1869 1734 1848 1767 1971 1600 1899 1762 1987 1598 1581 1702 1754 1675 1905 1886 1712 1678 1904 1768 1595 1732 1689 1795 1874 1734 1897 2068 1686 1898 1791 1946 1516 1931 1695 1726 2023 1846 1782 1577 2025 1711 1610 1854 1850 1871 1801 1974 1912 1972 1565 1925 1652 1735 1871 1782 1643 1868 1919 1865 1574 2108 1654 1889 1896 1731 1763 1503 1774 1791 2191 1971 1748 1984 1928 2133 1758 1772 2020 1830 1665 1976 1608 1825 1898 1721 1743 1582 1647 1494 1767 1977 1766 2189 1929 1866 1699 1981 1972 1670 1909 1896 1810 1796 1693 1743 1889 1985 1810 1952 1746 1731 1940 1667 1766 1709 1911

Tree=0
num_leaves=16
num_cat=0
split_feature=80 22 0 78 11 17 22 11 11 66 11 16 71 22 5
split_gain=7.19531 0.66764 0.322736 0.0164938 0.0141037 0.00337325 0.0101842 0.00742016 0.00231467 0.00353691 0.00202985 0.00123008 0.00116365 1.48049e-05 5.47123e-07
threshold=1.0000000180025095e-35 0.72500000000000009 1.0000000180025095e-35 1.0000000180025095e-35 1.0000000180025095e-35 1.0000000180025095e-35 0.45000000000000007 0.22500000000000003 0.35000000000000009 1.0000000180025095e-35 0.35000000000000009 1.0000000180025095e-35 1.0000000180025095e-35 0.22500000000000003 1.0000000180025095e-35
decision_type=2 2 2 2 2 2 2 2 2 2 2 2 2 2 2
left_child=3 2 13 5 11 6 10 -7 -6 -10 12 -5 -1 14 -2
right_child=1 -3 -4 4 8 7 -8 -9 9 -11 -12 -13 -14 -15 -16
leaf_value=0.57567544010019411 0.60719962871805933 0.58915797155005512 0.59815002428229758 0.57749733380214485 0.57520983270541937 0.57050983336305727 0.57175124681727196 0.57402649945751938 0.57265608287588865 0.57465083277956752 0.57351744747893119 0.5762573333008697 0.57442983306185513 0.60713067743582305 0.60721616841093806
leaf_weight=3.0000000000000053 10.000000000000004 8.9999999999999982 14.999999999999998 4.0000000000000018 3.9999999999999991 2.9999999999999991 4.9999999999999991 3 3.9999999999999982 5 3.9999999999999991 4 5 8.9999999999999982 10
leaf_count=3 4 3 5 4 4 3 5 3 4 5 4 4 5 3 4
internal_value=0.589158 0.601566 0.604104 0.574212 0.575226 0.573287 0.573647 0.572268 0.574209 0.573764 0.574437 0.576877 0.574897 0.607184 0.607208
internal_weight=97 53 44 44 21 23 17 6 13 9 12 8 8 29 20
internal_count=63 19 16 44 21 23 17 6 13 9 12 8 8 11 8
is_linear=0
shrinkage=1


Tree=1
num_leaves=17
num_cat=0
split_feature=80 0 0 78 11 16 22 62 66 11 65 8 11 50 22 5
split_gain=7.46865 0.472672 0.0363673 0.0218114 0.0113598 0.00305547 0.00216133 0.00705342 0.00157355 0.00142782 0.00108504 0.000909545 0.000262119 0.000194304 1.23486e-05 4.93805e-07
threshold=1.0000000180025095e-35 1.0000000180025095e-35 0.45000000000000007 1.0000000180025095e-35 0.35000000000000009 1.0000000180025095e-35 0.45000000000000007 1.0000000180025095e-35 1.0000000180025095e-35 0.35000000000000009 1.0000000180025095e-35 1.0000000180025095e-35 1.0000000180025095e-35 1.0000000180025095e-35 0.22500000000000003 1.0000000180025095e-35
decision_type=2 2 2 2 2 2 2 2 2 2 2 2 2 2 2 2
left_child=3 14 -3 6 5 -5 7 9 -6 13 12 -8 -7 -1 15 -2
right_child=1 2 -4 4 8 10 11 -9 -10 -11 -12 -13 -14 -15 -16 -17
leaf_value=-0.013032176531851273 0.017779813259840009 0.010038874546686807 0.0055439847624964176 -0.010437366366386411 -0.014951137701670329 -0.011379533261060712 -0.016110205153624216 -0.015955824851989747 -0.013436290994286535 -0.014444507285952566 -0.012874616434176759 -0.014958502352237699 -0.012040491402149196 -0.013564491768678025 0.017727655967076619 0.017795526385307309
leaf_weight=4.0000000000000053 10 9 9 4.0000000000000009 2.9999999999999991 3 2.9999999999999991 4.9999999999999991 4 4 3 4 3 3 14.999999999999998 10
leaf_count=4 4 3 3 4 3 3 3 5 4 4 3 4 3 3 5 4
internal_value=0.00181394 0.0143757 0.00779143 -0.0136692 -0.0124616 -0.0115872 -0.0147193 -0.0143987 -0.0140855 -0.0136909 -0.0120982 -0.0154521 -0.01171 -0.0132603 0.0177619 0.0177877
internal_weight=96 53 18 43 20 13 23 16 7 11 9 7 6 7 35 20
internal_count=62 19 6 43 20 13 23 16 7 11 9 7 6 7 13 8
is_linear=0
shrinkage=0.05


Tree=2
num_leaves=17
num_cat=0
split_feature=80 22 0 11 66 71 22 8 22 71 78 5 11 7 56 5
split_gain=5.74824 0.382459 0.184246 0.0190488 0.00495368 0.00439668 0.00295016 0.00236839 0.00442758 0.00113044 0.000698584 0.000697246 9.4842e-05 3.86547e-05 1.12005e-05 7.59391e-07
threshold=1.0000000180025095e-35 0.65000000000000002 1.0000000180025095e-35 0.22500000000000003 1.0000000180025095e-35 1.0000000180025095e-35 0.45000000000000007 1.0000000180025095e-35 0.55000000000000016 1.0000000180025095e-35 1.0000000180025095e-35 1.0000000180025095e-35 0.55000000000000016 1.0000000180025095e-35 1.0000000180025095e-35 1.0000000180025095e-35
decision_type=2 2 2 2 2 2 2 2 2 2 2 2 2 2 2 2
left_child=3 2 14 5 6 10 9 -8 -9 -5 -1 -12 -6 -11 15 -2
right_child=1 -3 -4 4 12 -7 7 8 -10 13 11 -13 -14 -15 -16 -17
leaf_value=-0.011475675106048581 0.016884279251098627 0.005196039974689484 0.0085727115472157799 -0.012481763958930943 -0.012528306990861894 -0.012756713181734087 -0.015302916765213016 -0.014967136830091474 -0.012426094959179557 -0.013543572028477982 -0.010119664669036863 -0.011083854138851164 -0.012130726873874662 -0.013797391951084134 0.016827929019927974 0.016905751526355744
leaf_weight=5.0000000000000009 7.0000000000000009 14.999999999999998 8.9999999999999982 3.0000000000000053 2.9999999999999991 4.9999999999999991 4.9999999999999982 4 3 3 3 5 3 3 9.0000000000000018 10
leaf_count=5 3 5 3 3 3 5 5 4 3 3 3 5 3 3 3 4
internal_value=0.000207862 0.0118759 0.0147387 -0.0127566 -0.0135965 -0.0114967 -0.0139586 -0.0144718 -0.0138781 -0.0132742 -0.011012 -0.0107223 -0.0123295 -0.0136705 0.016873 0.0168969
internal_weight=95 50 35 45 27 18 21 12 7 9 13 8 6 6 26 17
internal_count=63 18 13 45 27 18 21 12 7 9 13 8 6 6 10 7
is_linear=0
shrinkage=0.05


Tree=3
num_leaves=16
num_cat=0
split_feature=80 22 0 11 71 11 66 22 8 8 70 16 11 22 6
split_gain=5.08851 0.589577 0.19241 0.0171717 0.0065961 0.00286463 0.00266723 0.00147315 0.00137487 0.00119164 0.000335449 0.00054588 0.000214895 1.11465e-05 3.83845e-07
threshold=1.0000000180025095e-35 0.72500000000000009 1.0000000180025095e-35 0.35000000000000009 1.0000000180025095e-35 1.0000000180025095e-35 1.0000000180025095e-35 0.45000000000000007 1.0000000180025095e-35 1.0000000180025095e-35 1.0000000180025095e-35 1.0000000180025095e-35 0.27350000000000002 0.22500000000000003 1.0000000180025095e-35
decision_type=2 2 2 2 2 2 2 2 2 2 2 2 2 2 2
left_child=3 2 13 4 5 10 7 -5 -9 -6 11 -1 -7 14 -2
right_child=1 -3 -4 6 9 12 -8 8 -10 -11 -12 -13 -14 -15 -16
leaf_value=-0.0094142782191435539 0.016060463041067116 -0.00030288424135910144 0.0085046338538328822 -0.0129003719985485 -0.011845219507813446 -0.011775568624337514 -0.012148001044988633 -0.014537770450115207 -0.013365223556756973 -0.013065693154931066 -0.010538737724224723 -0.010368112474679945 -0.011215757578611372 0.015986531972885132 0.016046609431505203
leaf_weight=2.9999999999999982 10.000000000000004 8.9999999999999982 11.999999999999998 5.0000000000000027 4.0000000000000018 2.9999999999999991 3.9999999999999991 4.9999999999999982 5 4 3 3 4 8.9999999999999982 10
leaf_count=3 4 3 4 5 4 3 4 5 5 4 3 3 4 3 4
internal_value=0.000439501 0.0112856 0.0138294 -0.0121722 -0.0112832 -0.0106971 -0.0132952 -0.0136011 -0.0139515 -0.0124555 -0.010107 -0.0098912 -0.0114557 0.0160327 0.0160535
internal_weight=93 50 41 43 24 16 19 15 10 8 9 6 7 29 20
internal_count=61 18 15 43 24 16 19 15 10 8 9 6 7 11 8
is_linear=0
shrinkage=0.05


Tree=4
num_leaves=16
num_cat=0
split_feature=80 22 1 78 28 11 11 65 16 22 8 11 8 75 6
split_gain=4.27044 0.488014 0.201886 0.0171373 0.00588097 0.0054172 0.00523414 0.00114006 0.000951885 0.000911837 0.000812889 0.000631419 4.60476e-05 2.80046e-06 5.66088e-08
threshold=1.0000000180025095e-35 0.72500000000000009 1.0000000180025095e-35 1.0000000180025095e-35 1.0000000180025095e-35 0.22500000000000003 1.0000000180025095e-35 1.0000000180025095e-35 1.0000000180025095e-35 0.45000000000000007 1.0000000180025095e-35 0.35000000000000009 1.0000000180025095e-35 1.0000000180025095e-35 1.0000000180025095e-35
decision_type=2 2 2 2 2 2 2 2 2 2 2 2 2 2 2
left_child=3 2 13 4 5 12 8 11 -5 -7 -11 -8 -1 14 -2
right_child=1 -3 -4 6 -6 9 7 -9 -10 10 -12 -13 -14 -15 -16
leaf_value=-0.011085913578669206 0.015250141918659208 -0.00028773980836073557 0.0079505430658658362 -0.008776898185412078 -0.014106644541025164 -0.012316429316997531 -0.010266008228063587 -0.011872507072985171 -0.0099551027640700316 -0.013812660674254096 -0.012648695707321165 -0.011225601285696028 -0.010808882862329481 0.015212200747595887 0.015244279354810712
leaf_weight=3.0000000000000062 7.0000000000000009 8.9999999999999982 14.999999999999998 3.0000000000000027 4.9999999999999991 4.9999999999999982 2.9999999999999982 4 4 3 3 4 3 9.0000000000000018 10
leaf_count=3 3 3 5 3 5 5 3 4 4 3 3 4 3 3 4
internal_value=0.000513852 0.0102554 0.0125698 -0.0116631 -0.0125993 -0.0121559 -0.010519 -0.0111991 -0.00945016 -0.0128151 -0.0132307 -0.0108143 -0.0109474 0.0152348 0.0152467
internal_weight=90 50 41 40 22 17 18 11 7 11 6 7 6 26 17
internal_count=58 18 15 40 22 17 18 11 7 11 6 7 6 10 7
is_linear=0
shrinkage=0.05


Tree=5
num_leaves=16
num_cat=0
split_feature=80 22 22 22 78 11 62 22 66 16 11 22 71 8 5
split_gain=4.46321 0.267891 0.0910428 0.0559742 0.0126735 0.00878219 0.00553384 0.00657775 0.00236521 0.00176455 0.000697454 0.000458852 0.0003186 0.000406661 3.67222e-08
threshold=1.0000000180025095e-35 0.27500000000000008 0.72500000000000009 0.45000000000000007 1.0000000180025095e-35 0.35000000000000009 1.0000000180025095e-35 0.45000000000000007 1.0000000180025095e-35 1.0000000180025095e-35 0.35000000000000009 0.27500000000000008 1.0000000180025095e-35 1.0000000180025095e-35 1.0000000180025095e-35
decision_type=2 2 2 2 2 2 2 2 2 2 2 2 2 2 2
left_child=4 14 3 -3 6 9 7 10 -7 -6 12 -11 -1 -14 -2
right_child=1 2 -4 -5 5 8 -8 -9 -10 11 -12 -13 13 -15 -16
leaf_value=-0.010355810821056346 0.014482064992189406 0.0067727428343560912 0.0039385058761884769 0.012349192632569207 -0.0084879036992788273 -0.012317773140966895 -0.01340131238102913 -0.01330917775630951 -0.010686558932065963 -0.010152754932641981 -0.011568113416433335 -0.0093954145908355692 -0.010531617949406304 -0.011301713809370992 0.014486095194633189
leaf_weight=3.0000000000000053 10 9.0000000000000053 11.999999999999998 8.9999999999999982 4.0000000000000009 3.9999999999999982 4.9999999999999991 3.9999999999999991 5 4 3.9999999999999991 4 3 4 13
leaf_count=3 4 3 4 3 4 4 5 4 5 4 4 4 3 4 5
internal_value=0.00065223 0.0104245 0.00731198 0.00956097 -0.0111189 -0.0102309 -0.0119298 -0.011521 -0.0114115 -0.00934536 -0.0110101 -0.00977408 -0.0107869 -0.0109717 0.0144843
internal_weight=97 53 30 18 44 21 23 18 9 12 14 8 10 7 23
internal_count=63 19 10 6 44 21 23 18 9 12 14 8 10 7 9
is_linear=0
shrinkage=0.05


Tree=6
num_leaves=16
num_cat=0
split_feature=80 22 22 78 77 11 62 11 22 11 11 11 71 19 16
split_gain=3.95941 0.188023 0.0228966 0.0110444 0.00704274 0.00606914 0.00270631 0.00742252 0.00469333 0.00106233 0.000978573 0.000779013 0.000633473 0.000367012 0.000318642
threshold=1.0000000180025095e-35 0.27500000000000008 0.72500000000000009 1.0000000180025095e-35 1.0000000180025095e-35 1.0000000180025095e-35 1.0000000180025095e-35 0.22500000000000003 0.45000000000000007 0.35000000000000009 0.35000000000000009 0.55000000000000016 1.0000000180025095e-35 1.0000000180025095e-35 1.0000000180025095e-35
decision_type=2 2 2 2 2 2 2 2 2 2 2 2 2 2 2
left_child=3 4 -3 6 -2 14 8 -8 9 12 -7 -12 -1 -14 -5
right_child=1 2 -4 5 -6 10 7 -9 -10 -11 11 -13 13 -15 -16
leaf_value=-0.0096343170851468894 0.013764177635312081 0.008135221203168232 0.0049451953834957554 -0.0080635083839297236 0.012015822198655865 -0.0096739652752876309 -0.013801582157611847 -0.010284356772899626 -0.012158867716789246 -0.011087785102427007 -0.011198876301447547 -0.010133014991879461 -0.010005036989847817 -0.010736628063023088 -0.0087451877693335203
leaf_weight=4.0000000000000053 15.999999999999998 15.000000000000002 8.9999999999999982 4.0000000000000027 9.0000000000000018 4.9999999999999982 2.9999999999999991 3 4.9999999999999991 3.9999999999999991 3 4 3 4 3
leaf_count=4 6 5 3 4 3 5 3 3 5 4 3 4 3 4 3
internal_value=0.000266107 0.0101001 0.00693896 -0.010442 0.0131348 -0.00952569 -0.0111116 -0.012043 -0.0108322 -0.01039 -0.0102082 -0.0105898 -0.0101363 -0.0104231 -0.00835566
internal_weight=94 49 24 45 25 19 26 6 20 15 12 7 11 7 7
internal_count=62 17 8 45 9 19 26 6 20 15 12 7 11 7 7
is_linear=0
shrinkage=0.05


Tree=7
num_leaves=15
num_cat=0
split_feature=80 44 44 78 11 62 11 66 11 71 16 7 7 11
split_gain=3.26212 0.178333 0.0336885 0.0115182 0.00518419 0.00205764 0.00276873 0.00139709 0.00176011 0.00112923 0.000593862 0.000323578 7.54025e-05 3.43919e-05
threshold=1.0000000180025095e-35 1.0000000180025095e-35 0.43750000000000006 1.0000000180025095e-35 1.0000000180025095e-35 1.0000000180025095e-35 0.22500000000000003 1.0000000180025095e-35 0.35000000000000009 1.0000000180025095e-35 1.0000000180025095e-35 1.0000000180025095e-35 1.0000000180025095e-35 0.55000000000000016
decision_type=2 2 2 2 2 2 2 2 2 2 2 2 2 2
left_child=3 -2 -3 5 10 6 12 8 -6 -8 -5 -11 -1 -9
right_child=1 2 -4 4 7 -7 9 13 -10 11 -12 -13 -14 -15
leaf_value=-0.0095259942114352993 0.013114022184163333 0.0082530678311983734 0.0049020234697187944 -0.0076603328809142059 -0.009417448441187545 -0.011584640741348268 -0.010316946357488636 -0.0090751163661479933 -0.011130197346210478 -0.01086428289612134 -0.0085219172760844213 -0.011521121561527251 -0.0098430693149566643 -0.0093145318329334228
leaf_weight=3.0000000000000053 15.999999999999998 15.000000000000002 14.999999999999998 4.0000000000000018 2.9999999999999982 4.9999999999999991 4.9999999999999973 3 3 3 4 5 5 3
leaf_count=3 6 5 5 4 3 5 5 3 3 3 4 5 5 3
internal_value=-0.00056402 0.0088511 0.00657755 -0.00997914 -0.00907704 -0.0106731 -0.010456 -0.00973432 -0.0102738 -0.0109064 -0.00809113 -0.0112748 -0.00972417 -0.00919482
internal_weight=92 46 30 46 20 26 21 12 6 13 8 8 8 6
internal_count=62 16 10 46 20 26 21 12 6 13 8 8 8 6
is_linear=0
shrinkage=0.05


Tree=8
num_leaves=16
num_cat=0
split_feature=80 22 22 79 5 11 8 6 11 22 11 22 22 16 22
split_gain=2.73724 0.175928 0.0450596 0.0110149 0.00465346 0.00433207 0.00177451 0.00171802 0.00422981 0.00163367 0.00127119 0.000850228 0.000506807 0.000351795 0.000260068
threshold=1.0000000180025095e-35 0.27500000000000008 0.72500000000000009 1.0000000180025095e-35 1.0000000180025095e-35 1.0000000180025095e-35 1.0000000180025095e-35 1.0000000180025095e-35 0.35000000000000009 0.35000000000000009 0.22500000000000003 0.55000000000000016 0.45000000000000007 1.0000000180025095e-35 1.0000000180025095e-35
decision_type=2 2 2 2 2 2 2 2 2 2 2 2 2 2 2
left_child=3 4 -3 5 -2 13 9 10 -9 14 -8 12 -7 -1 -5
right_child=1 2 -4 6 -6 11 7 8 -10 -11 -12 -13 -14 -15 -16
leaf_value=-0.0072773162275552687 0.010957359224557876 0.0073598563671112048 0.0032492198205242556 -0.0089227820436159743 0.012482721433043478 -0.0091394463554024721 -0.0092717766761779754 -0.012532270451386763 -0.0098771475255489335 -0.010669272641340889 -0.010573667138814925 -0.008501821756362913 -0.0099991515278816199 -0.007993580897649127 -0.009538627974689004
leaf_weight=4.0000000000000027 10 15.000000000000002 11.999999999999998 3 10 3.9999999999999982 3 3.0000000000000009 3 3 5 3 3 3 4
leaf_count=4 4 5 4 3 4 4 3 3 3 3 5 3 3 3 4
internal_value=-7.05002e-05 0.00816573 0.00553291 -0.00951203 0.01172 -0.00853828 -0.0102018 -0.0105651 -0.0112047 -0.00969307 -0.0100855 -0.00920607 -0.00950789 -0.00758429 -0.00927469
internal_weight=88 47 27 41 20 17 24 14 6 10 8 10 7 7 7
internal_count=58 17 9 41 8 17 24 14 6 10 8 10 7 7 7
is_linear=0
shrinkage=0.05


Tree=9
num_leaves=17
num_cat=0
split_feature=80 0 0 22 64 17 11 11 71 71 51 7 22 22 11 16
split_gain=3.40364 0.295525 0.0209947 0.0174379 0.00759928 0.00289451 0.00611601 0.00450609 0.00163694 0.000921093 0.000848447 0.000660096 0.000538548 0.000411855 1.76455e-05 4.02986e-06
threshold=1.0000000180025095e-35 1.0000000180025095e-35 0.45000000000000007 0.45000000000000007 1.0000000180025095e-35 1.0000000180025095e-35 0.22500000000000003 0.35000000000000009 1.0000000180025095e-35 1.0000000180025095e-35 1.0000000180025095e-35 1.0000000180025095e-35 0.27500000000000008 0.45000000000000007 0.55000000000000016 1.0000000180025095e-35
decision_type=2 2 2 2 2 2 2 2 2 2 2 2 2 2 2 2
left_child=4 3 -3 15 5 7 -7 8 11 14 -10 12 -1 -11 -9 -2
right_child=1 2 -4 -5 -6 6 -8 9 10 13 -12 -13 -14 -15 -16 -17
leaf_value=-0.0089043818414211197 0.011896887315171103 0.0064697058664427848 0.0030544872085253392 0.014277239640553795 -0.0072293059527873994 -0.011905657251675923 -0.0087129558126131674 -0.0094913081824779463 -0.0084933256109555565 -0.0097778310378392533 -0.0096056735143065439 -0.0075115012625853201 -0.00801816340535879 -0.010606338828802107 -0.009364127119382221 0.011849831961668453
leaf_weight=3.0000000000000018 7.0000000000000009 9 9 11.999999999999998 4.9999999999999991 2.9999999999999991 3 5.0000000000000018 2.9999999999999991 2.9999999999999991 4 3 4 3 6 13
leaf_count=3 3 3 3 4 5 3 3 5 3 3 4 3 4 3 6 5
internal_value=0.000908963 0.00988741 0.0047621 0.0127704 -0.00906709 -0.00929682 -0.0103093 -0.00911814 -0.00854253 -0.00969375 -0.00912895 -0.00813203 -0.00839797 -0.0101921 -0.00942194 0.0118663
internal_weight=95 50 18 32 45 40 6 34 17 17 7 10 7 6 11 20
internal_count=63 18 6 12 45 40 6 34 17 17 7 10 7 6 11 8
is_linear=0
shrinkage=0.05


Tree=10
num_leaves=15
num_cat=0
split_feature=80 22 22 64 6 22 66 11 71 19 11 29 69 5
split_gain=2.46435 0.195218 0.0172822 0.00675402 0.00295621 0.00504938 0.00317786 0.00252714 0.00182738 0.0014017 0.00134741 0.000257458 0.000136039 2.14001e-06
threshold=1.0000000180025095e-35 0.65000000000000002 0.27500000000000008 1.0000000180025095e-35 1.0000000180025095e-35 0.45000000000000007 1.0000000180025095e-35 0.22500000000000003 1.0000000180025095e-35 1.0000000180025095e-35 1.0000000180025095e-35 1.0000000180025095e-35 1.0000000180025095e-35 1.0000000180025095e-35
decision_type=2 2 2 2 2 2 2 2 2 2 2 2 2 2
left_child=3 2 13 4 5 8 9 -6 10 -7 -1 -10 -12 -2
right_child=1 -3 -4 -5 7 6 -8 -9 11 -11 12 -13 -14 -15
leaf_value=-0.007098098173737525 0.011302139929362699 0.0032293817649284998 0.0088026416798432667 -0.0068678403645753873 -0.01056526508182287 -0.010402922183275225 -0.007955507934093475 -0.0087879292666912072 -0.0084283012151718135 -0.0092189879715442648 -0.0079818800091743455 -0.0089664835482835756 -0.0084272908667723315 0.011266094222664832
leaf_weight=5 7.0000000000000044 14.999999999999998 11.999999999999998 4.9999999999999991 4 4.9999999999999982 2.9999999999999991 4 5 5 4 4 3 10
leaf_count=5 3 5 4 5 4 5 3 4 5 5 4 4 3 4
internal_value=-0.000643814 0.00786019 0.0102554 -0.00860501 -0.00881181 -0.00860834 -0.00938277 -0.0096766 -0.00812892 -0.00981096 -0.00772499 -0.00866749 -0.00817277 0.0112809
internal_weight=91 44 29 47 42 34 13 8 21 10 12 9 7 17
internal_count=63 16 11 47 42 34 13 8 21 10 12 9 7 7
is_linear=0
shrinkage=0.05


Tree=11
num_leaves=15
num_cat=0
split_feature=80 22 0 64 17 11 11 66 22 22 71 71 22 11
split_gain=2.03978 0.327027 0.124098 0.00542863 0.00304282 0.00520099 0.00390312 0.00215998 0.00161675 0.000977025 0.000922023 0.000606649 0.000407381 0.000110827
threshold=1.0000000180025095e-35 0.72500000000000009 1.0000000180025095e-35 1.0000000180025095e-35 1.0000000180025095e-35 0.22500000000000003 1.0000000180025095e-35 1.0000000180025095e-35 0.45000000000000007 0.22500000000000003 1.0000000180025095e-35 1.0000000180025095e-35 0.27500000000000008 0.35000000000000009
decision_type=2 2 2 2 2 2 2 2 2 2 2 2 2 2
left_child=3 2 9 4 6 -6 10 8 12 -2 -1 -10 13 -8
right_child=1 -3 -4 -5 5 -7 7 -9 11 -11 -12 -13 -14 -15
leaf_value=-0.0067431932687759405 0.010705059170722959 -0.0018513417906231352 0.0051547569533189142 -0.0065244483947753916 -0.010782110939423245 -0.0078379114468892404 -0.0082782608767350344 -0.0075831010937690742 -0.0088748836517333965 0.011364022890726726 -0.0077616604045033441 -0.0097742532690366091 -0.0078754486516118046 -0.0086802840232849104
leaf_weight=4.9999999999999982 15.000000000000002 8.9999999999999982 14.999999999999998 4.9999999999999991 2.9999999999999991 3 3.0000000000000053 5.9999999999999991 5 8.9999999999999982 4 3 4 4
leaf_count=5 5 3 5 5 3 3 3 6 5 3 4 3 4 4
internal_value=-0.000429968 0.00673982 0.0087224 -0.00807774 -0.0082719 -0.00931001 -0.00808871 -0.00841014 -0.00867131 0.0109522 -0.00719585 -0.00921215 -0.00827797 -0.00850799
internal_weight=93 48 39 45 40 6 34 25 19 24 9 8 11 7
internal_count=61 16 13 45 40 6 34 25 19 8 9 8 11 7
is_linear=0
shrinkage=0.05


Tree=12
num_leaves=15
num_cat=0
split_feature=80 22 0 78 11 66 6 11 55 16 22 8 11 16
split_gain=1.79624 0.122148 0.075047 0.00538517 0.00558233 0.00155343 0.00116643 0.00205625 0.00172166 0.000618116 0.000542367 0.00110773 0.000180792 6.27895e-05
threshold=1.0000000180025095e-35 0.72500000000000009 1.0000000180025095e-35 1.0000000180025095e-35 0.35000000000000009 1.0000000180025095e-35 1.0000000180025095e-35 0.22500000000000003 1.0000000180025095e-35 1.0000000180025095e-35 0.45000000000000007 1.0000000180025095e-35 0.27350000000000002 1.0000000180025095e-35
decision_type=2 2 2 2 2 2 2 2 2 2 2 2 2 2
left_child=3 2 13 6 9 -6 8 -8 10 -5 -1 -12 -11 -2
right_child=1 -3 -4 4 5 -7 7 -9 -10 12 11 -13 -14 -15
leaf_value=-0.0079248555004596734 0.010244791375266175 0.0024442792094002169 0.0052899201711018888 -0.0058732309378683525 -0.0087825778871774684 -0.0074606069922447185 -0.0095356520265340791 -0.0079324331134557717 -0.0070981269702315303 -0.0064323229715228074 -0.0093093357980251288 -0.0079505806167920415 -0.0069457968076070131 0.010426832288503645
leaf_weight=4.9999999999999982 9.0000000000000036 11.999999999999998 11.999999999999998 4.0000000000000018 3.9999999999999982 5 4 4 4.0000000000000009 4 3 3 3 10
leaf_count=5 3 4 4 4 4 5 4 4 4 4 3 3 3 4
internal_value=-0.000498605 0.00672748 0.0083855 -0.00772469 -0.00712465 -0.00804815 -0.00824647 -0.00873404 -0.00798644 -0.00636906 -0.00830946 -0.00862996 -0.00665238 0.0103406
internal_weight=86 43 31 43 20 9 23 8 15 11 11 6 7 19
internal_count=58 15 11 43 20 9 23 8 15 11 11 6 7 7
is_linear=0
shrinkage=0.05


Tree=13
num_leaves=17
num_cat=0
split_feature=80 0 44 0 64 62 11 11 66 71 11 11 51 5 7 5
split_gain=2.0184 0.103333 0.0425088 0.0166196 0.00563705 0.0015165 0.00442869 0.00374331 0.00137728 0.0010902 0.000888559 0.000817231 0.00070943 0.000422069 0.000398271 1.49631e-05
threshold=1.0000000180025095e-35 1.0000000180025095e-35 0.43750000000000006 0.45000000000000007 1.0000000180025095e-35 1.0000000180025095e-35 0.22500000000000003 0.35000000000000009 1.0000000180025095e-35 1.0000000180025095e-35 1.0000000180025095e-35 0.55000000000000016 1.0000000180025095e-35 1.0000000180025095e-35 1.0000000180025095e-35 1.0000000180025095e-35
decision_type=2 2 2 2 2 2 2 2 2 2 2 2 2 2 2 2
left_child=4 2 15 -3 5 7 -7 9 11 10 -1 14 -11 -13 -9 -2
right_child=1 3 -4 -5 -6 6 -8 8 -10 12 -12 13 -14 -15 -16 -17
leaf_value=-0.0060550643131136927 0.0097111908346414547 0.0052350842290454433 0.0062439056237538655 0.0021964803338050841 -0.0058933826535940174 -0.0097662227849165603 -0.0070493943989276865 -0.0076645119488239254 -0.0070880718529224397 -0.0069366213865578166 -0.0071089610457420339 -0.0082903655866781879 -0.0078783152624964711 -0.0091290834049383776 -0.0083932283023993148 0.0096298378820602708
leaf_weight=3.9999999999999973 10 9 14.999999999999998 9 4.9999999999999991 2.9999999999999991 3 5.0000000000000018 2.9999999999999991 4 4 2.9999999999999991 4 3 3 13
leaf_count=4 4 3 5 3 5 3 3 5 3 4 4 3 4 3 3 5
internal_value=0.00053988 0.00683647 0.00831469 0.00371578 -0.00747396 -0.0076766 -0.00840781 -0.00754366 -0.00806028 -0.00699474 -0.00658201 -0.00826861 -0.00740747 -0.00870972 -0.00793778 0.00966521
internal_weight=100 56 38 18 44 39 6 33 17 16 8 14 8 6 8 23
internal_count=64 20 14 6 44 39 6 33 17 16 8 14 8 6 8 9
is_linear=0
shrinkage=0.05


Tree=14
num_leaves=15
num_cat=0
split_feature=80 1 22 79 11 22 62 18 71 11 51 22 5 5
split_gain=2.16485 0.200162 0.0324786 0.0042267 0.00180197 0.00140671 0.00403286 0.000586191 0.000404775 0.000385218 0.000284887 0.000234565 1.35042e-05 3.05192e-06
threshold=1.0000000180025095e-35 1.0000000180025095e-35 0.45000000000000007 1.0000000180025095e-35 0.35000000000000009 0.45000000000000007 1.0000000180025095e-35 1.0000000180025095e-35 1.0000000180025095e-35 0.55000000000000016 1.0000000180025095e-35 0.27500000000000008 1.0000000180025095e-35 1.0000000180025095e-35
decision_type=2 2 2 2 2 2 2 2 2 2 2 2 2 2
left_child=3 2 12 4 11 6 8 -7 -5 -6 13 -1 -2 -10
right_child=1 -3 -4 5 9 7 -8 -9 10 -11 -12 -13 -14 -15
leaf_value=-0.0061702623963356034 0.0092256315052509294 0.0033786674340566003 0.012390787154436112 -0.0064508748054504326 -0.0074263036251068087 -0.0074600680420796057 -0.0084578824043273926 -0.0083441428840160363 -0.0068196150163809437 -0.0066767861135303965 -0.0073287090286612497 -0.0056287769228219979 0.0091483463461582478 -0.0067482950786749499
leaf_weight=3.9999999999999982 10 14.999999999999998 11.999999999999998 5.0000000000000044 3 3 4.9999999999999991 5 3 4 4 4 13 3
leaf_count=4 4 5 4 5 3 3 5 5 3 4 4 4 5 3
internal_value=0.00113665 0.00821109 0.0102821 -0.00708943 -0.00641215 -0.00745226 -0.00722812 -0.00801261 -0.0068182 -0.00699801 -0.00700186 -0.00589952 0.00918195 -0.00678396
internal_weight=93 50 35 43 15 28 20 8 15 7 10 8 23 6
internal_count=61 18 13 43 15 28 20 8 15 7 10 8 9 6
is_linear=0
shrinkage=0.05


Tree=15
num_leaves=16
num_cat=0
split_feature=80 22 0 64 6 11 11 22 66 22 8 22 22 71 6
split_gain=1.33825 0.298937 0.0627825 0.00485697 0.00542096 0.00498101 0.00321954 0.00122759 0.000957442 0.00154948 0.00123682 0.000892837 0.000310035 0.000193776 1.94052e-05
threshold=1.0000000180025095e-35 0.72500000000000009 1.0000000180025095e-35 1.0000000180025095e-35 1.0000000180025095e-35 0.35000000000000009 0.22500000000000003 0.27500000000000008 1.0000000180025095e-35 0.45000000000000007 1.0000000180025095e-35 0.22500000000000003 0.27500000000000008 1.0000000180025095e-35 1.0000000180025095e-35
decision_type=2 2 2 2 2 2 2 2 2 2 2 2 2 2 2
left_child=3 2 11 4 6 -6 7 13 9 12 -11 14 -8 -1 -2
right_child=1 -3 -4 -5 5 -7 8 -9 -10 10 -12 -13 -14 -15 -16
leaf_value=-0.0060714846476912516 0.0086692846483654388 -0.0025950640439987185 0.0040718533926539955 -0.0052902004122734074 -0.0097700726240873351 -0.006888809675971665 -0.0069837369024753487 -0.0051629734536012021 -0.0063461028970777994 -0.0081816285848617578 -0.0070695043355226504 0.0093403544690873891 -0.0063931531272828565 -0.0065383870154619205 0.0087802836937563768
leaf_weight=3.9999999999999982 9.0000000000000053 8.9999999999999982 8.9999999999999982 4.9999999999999991 2.9999999999999991 3 5.0000000000000053 2.9999999999999991 3.9999999999999991 4.9999999999999982 5 8.9999999999999982 4 5 6.9999999999999991
leaf_count=4 3 3 3 5 3 3 5 3 4 5 5 3 4 5 3
internal_value=-0.00083355 0.0055079 0.00765281 -0.00676143 -0.00694085 -0.00832944 -0.0067028 -0.0060389 -0.00704919 -0.00719721 -0.00762557 0.00894195 -0.00672126 -0.00633087 0.00871785
internal_weight=89 43 34 46 41 6 35 12 23 19 10 25 9 9 16
internal_count=61 15 12 46 41 6 35 12 23 19 10 9 9 9 6
is_linear=0
shrinkage=0.05


Tree=16
num_leaves=14
num_cat=0
split_feature=80 0 22 64 17 11 66 7 22 22 11 7 5
split_gain=1.67919 0.101446 0.0430901 0.00385455 0.00464757 0.00261634 0.00117508 0.000844941 0.00147767 0.000729415 0.000265004 0.000143205 5.29993e-06
threshold=1.0000000180025095e-35 1.0000000180025095e-35 0.45000000000000007 1.0000000180025095e-35 1.0000000180025095e-35 0.35000000000000009 1.0000000180025095e-35 1.0000000180025095e-35 0.45000000000000007 0.27500000000000008 1.0000000180025095e-35 1.0000000180025095e-35 1.0000000180025095e-35
decision_type=2 2 2 2 2 2 2 2 2 2 2 2 2
left_child=3 2 12 4 5 9 7 8 -7 10 11 -1 -2
right_child=1 -3 -4 -5 -6 6 -8 -9 -10 -11 -12 -13 -14
leaf_value=-0.0056536146750052786 0.0083036848476954802 0.0040952451527118683 0.012434630592664083 -0.004873993806540966 -0.0079255250096321103 -0.006398763880133624 -0.0060670379549264911 -0.0063860252499580387 -0.0078024108707904806 -0.0053780211756626764 -0.0064734339714050283 -0.0061421590546766906 0.0082497214468625867
leaf_weight=2.9999999999999982 7.0000000000000044 11.999999999999998 8.9999999999999982 3.9999999999999991 4.9999999999999991 3.0000000000000018 4.9999999999999991 3.9999999999999991 5 5.9999999999999991 3 3 13
leaf_count=3 3 4 3 4 5 3 5 4 5 6 3 3 5
internal_value=0.000806583 0.00796163 0.00956151 -0.00634846 -0.00650787 -0.00628636 -0.00671104 -0.00697937 -0.00727604 -0.00580505 -0.00608974 -0.00589789 0.00826861
internal_weight=82 41 29 41 37 32 17 12 8 15 9 6 20
internal_count=56 15 11 41 37 32 17 12 8 15 9 6 8
is_linear=0
shrinkage=0.05


Tree=17
num_leaves=17
num_cat=0
split_feature=79 78 22 75 5 62 70 11 22 65 65 51 11 11 38 7
split_gain=0.542688 0.719302 0.0683089 0.00986203 0.0035406 0.00281376 0.00308074 0.00270755 0.00265152 0.00107984 0.00105774 0.000519851 0.00017459 0.000141488 0.000108166 6.99316e-06
threshold=1.0000000180025095e-35 1.0000000180025095e-35 0.65000000000000002 1.0000000180025095e-35 1.0000000180025095e-35 1.0000000180025095e-35 1.0000000180025095e-35 0.35000000000000009 0.45000000000000007 1.0000000180025095e-35 1.0000000180025095e-35 1.0000000180025095e-35 1.0000000180025095e-35 1.0000000180025095e-35 1.0000000180025095e-35 1.0000000180025095e-35
decision_type=2 2 2 2 2 2 2 2 2 2 2 2 2 2 2 2
left_child=1 2 3 4 -1 6 8 10 11 -9 13 12 -2 14 -3 -10
right_child=5 7 -4 -5 -6 -7 -8 9 15 -11 -12 -13 -14 -15 -16 -17
leaf_value=0.0069286601990461334 -0.0055651992559432846 -0.0049020353704690893 0.0026141201456387837 0.0081970786054929076 0.0054624921509197786 -0.0075292488932609571 -0.0047264079252878829 -0.005860921430091065 -0.0072869213918844867 -0.0070227298885583867 -0.0059140196690956751 -0.0064964759163558487 -0.006008385568857192 -0.0051102880388498298 -0.004477445532878239 -0.007185934484004973
leaf_weight=10.000000000000002 4.0000000000000089 3.0000000000000018 11.999999999999998 12.000000000000002 6.9999999999999991 4.9999999999999991 2.9999999999999991 5.9999999999999982 2.9999999999999991 3 2.9999999999999991 3.9999999999999991 5 3 3 4
leaf_count=4 4 3 4 4 3 5 3 6 3 3 3 4 5 3 3 4
internal_value=-0.000676725 0.00193247 0.00578679 0.00709962 0.00632494 -0.00645424 -0.00622054 -0.00559262 -0.00644466 -0.00624819 -0.00510095 -0.0060222 -0.00581141 -0.00482992 -0.00468974 -0.00722921
internal_weight=90 62 41 29 17 28 23 21 20 9 12 13 9 9 6 7
internal_count=64 36 15 11 7 28 23 21 20 9 12 13 9 9 6 7
is_linear=0
shrinkage=0.05


Tree=18
num_leaves=14
num_cat=0
split_feature=80 22 0 62 22 78 22 11 7 22 22 19 5
split_gain=0.913941 0.102547 0.0477958 0.00603164 0.00206306 0.0026826 0.000468142 0.00041885 0.000665954 0.000362809 0.000217464 1.14668e-05 7.86182e-06
threshold=1.0000000180025095e-35 0.72500000000000009 1.0000000180025095e-35 1.0000000180025095e-35 0.45000000000000007 1.0000000180025095e-35 0.55000000000000016 1.0000000180025095e-35 1.0000000180025095e-35 0.22500000000000003 0.27500000000000008 1.0000000180025095e-35 1.0000000180025095e-35
decision_type=2 2 2 2 2 2 2 2 2 2 2 2 2
left_child=3 2 9 4 7 11 -7 8 -1 12 -9 -6 -2
right_child=1 -3 -4 -5 5 6 -8 10 -10 -11 -12 -13 -14
leaf_value=-0.004816380391518273 0.0075420678726264394 0.0010351331283648809 0.0033659379515382976 -0.0038413520902395252 -0.006898092230161035 -0.006062407046556471 -0.005272350311279296 -0.0058517985790967958 -0.0055976984649896613 0.007911499341328938 -0.0053854678571224205 -0.0070363357663154576 0.0074671306780406399
leaf_weight=6.0000000000000018 7.0000000000000018 11.999999999999998 8.9999999999999982 4.9999999999999991 2.9999999999999973 3 5 4.9999999999999982 5 8.9999999999999982 5 3 7
leaf_count=6 3 4 3 5 3 3 5 5 5 3 5 3 3
internal_value=4.17618e-06 0.00497688 0.00645504 -0.0054658 -0.00569787 -0.00616802 -0.00556862 -0.00538443 -0.00517152 0.00766382 -0.00561863 -0.00696721 0.0075046
internal_weight=84 44 32 40 35 14 8 21 11 23 10 6 14
internal_count=56 16 12 40 35 14 8 21 11 9 10 6 6
is_linear=0
shrinkage=0.05


Tree=19
num_leaves=17
num_cat=0
split_feature=80 22 22 78 12 22 6 70 11 7 16 65 11 71 29 6
split_gain=0.844876 0.268351 0.00407383 0.00240685 0.00140231 0.000596469 0.00122975 0.00272986 0.00128893 0.000506851 0.000438261 0.000296593 0.00039616 0.00021694 0.000176454 2.02482e-06
threshold=1.0000000180025095e-35 0.72500000000000009 1.0000000180025095e-35 1.0000000180025095e-35 1.0000000180025095e-35 0.55000000000000016 1.0000000180025095e-35 1.0000000180025095e-35 0.35000000000000009 1.0000000180025095e-35 1.0000000180025095e-35 1.0000000180025095e-35 0.35000000000000009 1.0000000180025095e-35 1.0000000180025095e-35 1.0000000180025095e-35
decision_type=2 2 2 2 2 2 2 2 2 2 2 2 2 2 2 2
left_child=3 2 15 5 10 6 8 -8 13 -10 -5 12 -6 -1 -15 -2
right_child=1 -3 -4 4 11 -7 7 -9 9 -11 -12 -13 -14 14 -16 -17
leaf_value=-0.0048449831083416826 0.0071515525025980797 -0.0031305162029133904 0.0060416621963183086 -0.0038811232894659024 -0.0045873856792847329 -0.004967492446303368 -0.0052686880032221479 -0.0074017077684402442 -0.005583705753087996 -0.0063796728849410999 -0.0046805798076093195 -0.0055739753879606698 -0.0052910902226964629 -0.0050492055714130395 -0.0055915060142676023 0.0071866146475076664
leaf_weight=4.0000000000000089 7.0000000000000009 8.9999999999999982 14.999999999999998 3.0000000000000009 2.9999999999999982 2.9999999999999991 2.9999999999999991 3 4 4 4 4.0000000000000009 6 3 3 10
leaf_count=4 3 3 5 3 3 3 3 3 4 4 4 4 6 3 3 4
internal_value=-0.000748434 0.00449701 0.00664225 -0.00532425 -0.00490851 -0.00563219 -0.00571528 -0.0063352 -0.00550864 -0.00598169 -0.00433796 -0.00521574 -0.00505652 -0.00513021 -0.00532036 0.00717218
internal_weight=88 41 32 47 20 27 24 6 18 8 7 13 9 10 6 17
internal_count=62 15 12 47 20 27 24 6 18 8 7 13 9 10 6 7
is_linear=0
shrinkage=0.05


Tree=20
num_leaves=16
num_cat=0
split_feature=22 11 78 71 11 0 5 71 5 66 19 22 22 22 39
split_gain=0.455714 0.295818 0.23 0.246857 0.0720919 0.0605306 0.00371381 0.000847939 0.00169523 0.00152426 0.000616562 0.000540983 0.000348706 0.000264819 3.40588e-05
threshold=0.77500000000000013 0.35000000000000009 1.0000000180025095e-35 1.0000000180025095e-35 1.0000000180025095e-35 0.45000000000000007 1.0000000180025095e-35 1.0000000180025095e-35 1.0000000180025095e-35 1.0000000180025095e-35 1.0000000180025095e-35 0.27500000000000008 0.22500000000000003 0.45000000000000007 1.0000000180025095e-35
decision_type=2 2 2 2 2 2 2 2 2 2 2 2 2 2 2
left_child=1 2 3 4 6 7 -1 8 -3 -10 11 -4 -8 -9 -5
right_child=-2 5 10 14 -6 -7 12 13 9 -11 -12 -13 -14 -15 -16
leaf_value=0.0058276426724412208 -0.017055396828800442 -0.0042395378152529353 -0.004966991953551771 -0.0050293885171413429 0.0017975705929777841 0.00019133792569239934 0.0067736991577678242 -0.0056457497179508197 -0.0061939760297536842 -0.0048844762146472917 -0.0038081545382738107 -0.0040787729124228149 0.0072138415442572698 -0.0062210960313677779 -0.0048065227766831706
leaf_weight=11.000000000000002 3.9999999999999991 3.0000000000000027 3.9999999999999982 3.9999999999999991 10.999999999999998 5.9999999999999991 9.0000000000000018 4 5 4 4 3 8.9999999999999982 4 3
leaf_count=5 2 3 4 4 5 2 3 4 5 4 4 3 3 4 3
internal_value=-0.000566775 0.000218398 0.00220502 0.00372826 0.00524413 -0.0042133 0.00655145 -0.00553469 -0.00526887 -0.00561198 -0.00430335 -0.00458633 0.00699377 -0.00593342 -0.00493387
internal_weight=88 84 58 47 40 26 29 20 12 9 11 7 18 8 7
internal_count=58 56 34 23 16 22 11 20 12 9 11 7 6 8 7
is_linear=0
shrinkage=0.05


Tree=21
num_leaves=18
num_cat=0
split_feature=80 22 0 78 22 22 6 55 12 5 22 22 8 65 22 5 29
split_gain=0.90419 0.0668917 0.0500912 0.00155688 0.00133481 0.00121514 0.000947147 0.00242502 0.00088609 0.000393993 0.000347519 0.00023044 0.000419715 6.35761e-05 4.72109e-05 2.58846e-05 2.99543e-06
threshold=1.0000000180025095e-35 0.72500000000000009 1.0000000180025095e-35 1.0000000180025095e-35 0.45000000000000007 0.65000000000000002 1.0000000180025095e-35 1.0000000180025095e-35 1.0000000180025095e-35 1.0000000180025095e-35 0.22500000000000003 0.45000000000000007 1.0000000180025095e-35 1.0000000180025095e-35 0.22500000000000003 1.0000000180025095e-35 1.0000000180025095e-35
decision_type=2 2 2 2 2 2 2 2 2 2 2 2 2 2 2 2 2
left_child=3 2 10 6 9 -6 8 -8 16 -5 15 14 -13 -11 -10 -2 -1
right_child=1 -3 -4 4 5 -7 7 -9 11 13 -12 12 -14 -15 -16 -17 -18
leaf_value=-0.0045489902297655713 0.0065359017997980084 0.0011703573788205783 0.0030360924204190574 -0.0038142437736193302 -0.0056374767422676074 -0.0043646117051442451 -0.0048649403266608684 -0.006605996284633874 -0.0052317724873622243 -0.0043686115182936186 0.0068531493345896409 -0.0059608556330203993 -0.0051784976385533801 -0.004673103118936219 -0.0049512643367052066 0.0064221375435590733 -0.0046196470657984398
leaf_weight=3.0000000000000009 10.000000000000004 11.999999999999998 14.999999999999998 3.0000000000000018 5 3 4.0000000000000018 4 3 4 8.9999999999999982 3 4 3 3 10 3
leaf_count=3 4 4 5 3 5 3 4 4 3 4 3 3 4 3 3 4 3
internal_value=0.000238529 0.00447936 0.00538182 -0.00503896 -0.00467876 -0.00516015 -0.00527909 -0.00573547 -0.00508693 -0.00429365 0.00659513 -0.0053189 -0.00551379 -0.00449911 -0.00509152 0.00647902 -0.00458432
internal_weight=101 56 44 45 18 8 27 8 19 10 29 13 7 7 6 20 6
internal_count=65 20 16 45 18 8 27 8 19 10 11 13 7 7 6 8 6
is_linear=0
shrinkage=0.05


Tree=22
num_leaves=17
num_cat=0
split_feature=22 75 79 78 1 62 70 22 12 51 16 12 22 22 6 19
split_gain=0.442714 0.546628 0.23894 0.307854 0.0557105 0.00490768 0.00142213 0.00134854 0.00101967 0.000303675 0.000257157 0.000221065 0.000197157 0.00021585 1.46012e-05 5.10392e-06
threshold=0.77500000000000013 1.0000000180025095e-35 1.0000000180025095e-35 1.0000000180025095e-35 1.0000000180025095e-35 1.0000000180025095e-35 1.0000000180025095e-35 0.45000000000000007 1.0000000180025095e-35 1.0000000180025095e-35 1.0000000180025095e-35 1.0000000180025095e-35 0.55000000000000016 0.45000000000000007 1.0000000180025095e-35 1.0000000180025095e-35
decision_type=2 2 2 2 2 2 2 2 2 2 2 2 2 2 2 2
left_child=1 2 3 4 14 6 7 9 10 11 -5 -4 13 -10 -1 -9
right_child=-2 -3 5 8 -6 -7 -8 15 12 -11 -12 -13 -14 -15 -16 -17
leaf_value=0.0061341835984161939 -0.016191957984119654 0.0085943370229668078 -0.0042723236605524918 -0.0034201050177216524 0.0016815559317668275 -0.0069927047938108449 -0.0038252334420879686 -0.0056628126651048667 -0.0043423030525445924 -0.0050729715265333654 -0.0039870672393590208 -0.0047710206359624857 -0.0041890190914273253 -0.0049420947829882291 0.0062304675579071033 -0.0055705818037192012
leaf_weight=6.9999999999999973 3.9999999999999991 18 4.0000000000000089 4 12.000000000000002 2.9999999999999991 2.9999999999999991 2.9999999999999991 3 3.9999999999999991 4 5 4 3 9 3
leaf_count=3 2 6 4 4 4 3 3 3 3 4 4 5 4 3 3 3
internal_value=8.05823e-05 0.000811932 -0.00116107 0.000977265 0.00425686 -0.00509561 -0.00483692 -0.00499666 -0.00412433 -0.00471048 -0.00370359 -0.00454938 -0.00446093 -0.0046422 0.00618834 -0.0056167
internal_weight=93 89 71 46 28 25 22 19 18 13 8 9 10 6 16 6
internal_count=61 59 53 28 10 25 22 19 18 13 8 9 10 6 6 6
is_linear=0
shrinkage=0.05


Tree=23
num_leaves=17
num_cat=0
split_feature=22 79 78 0 22 0 65 8 22 12 63 11 22 6 38 5
split_gain=0.386266 0.386684 0.389773 0.0902206 0.0166248 0.0112428 0.00245028 0.000652297 0.000829099 0.000750352 0.0028624 0.00037303 0.000288063 0.000269889 0.000250888 5.20386e-05
threshold=0.77500000000000013 1.0000000180025095e-35 1.0000000180025095e-35 1.0000000180025095e-35 0.45000000000000007 0.45000000000000007 1.0000000180025095e-35 1.0000000180025095e-35 0.35000000000000009 1.0000000180025095e-35 1.0000000180025095e-35 0.27350000000000002 1.0000000180025095e-35 1.0000000180025095e-35 1.0000000180025095e-35 1.0000000180025095e-35
decision_type=2 2 2 2 2 2 2 2 2 2 2 2 2 2 2 2
left_child=1 2 3 4 15 -5 11 8 12 10 -9 14 -3 -11 -4 -1
right_child=-2 7 6 5 -6 -7 -8 9 -10 13 -12 -13 -14 -15 -16 -17
leaf_value=0.0059135177837950801 -0.015382360015064479 -0.003931153565645217 -0.0035900681279599648 0.0033498126599523746 0.0083912904063860577 0.00085060753756099254 -0.0048838677257299424 -0.0066430692250529933 -0.005295012394587198 -0.0050362461805343629 -0.0044588826596736898 -0.0038962900638580319 -0.0045792985707521433 -0.0044363697369893384 -0.0029851891100406637 0.0057444242903819448
leaf_weight=7.0000000000000044 3.9999999999999991 3 4.0000000000000018 9 8.9999999999999982 9 4.9999999999999991 2.9999999999999991 3 5 3 5 4 3 3 13
leaf_count=3 2 3 4 3 3 3 5 3 3 5 3 5 4 3 3 5
internal_value=-0.000186309 0.000504421 0.00253408 0.0048808 0.00660668 0.00210021 -0.00395392 -0.004908 -0.00459957 -0.0051283 -0.00555098 -0.00356644 -0.00430152 -0.00481129 -0.00333083 0.00580361
internal_weight=92 88 64 47 29 18 17 24 10 14 6 12 7 8 7 20
internal_count=60 58 34 17 11 6 17 24 10 14 6 12 7 8 7 8
is_linear=0
shrinkage=0.05


Tree=24
num_leaves=17
num_cat=0
split_feature=80 22 22 22 78 65 62 70 22 77 16 11 22 11 22 7
split_gain=0.639549 0.0238857 0.00728044 0.0148669 0.00176031 0.00177211 0.00176344 0.00133945 0.00156133 0.000684578 0.000501198 0.000492082 0.000291717 0.000233903 3.55871e-05 1.01902e-05
threshold=1.0000000180025095e-35 0.27500000000000008 0.72500000000000009 0.45000000000000007 1.0000000180025095e-35 1.0000000180025095e-35 1.0000000180025095e-35 1.0000000180025095e-35 0.45000000000000007 1.0000000180025095e-35 1.0000000180025095e-35 0.35000000000000009 0.65000000000000002 1.0000000180025095e-35 0.22500000000000003 1.0000000180025095e-35
decision_type=2 2 2 2 2 2 2 2 2 2 2 2 2 2 2 2
left_child=4 9 3 -3 6 10 7 8 13 -2 -6 -7 -12 -1 -15 -10
right_child=1 2 -4 -5 5 11 -8 -9 15 -11 12 -13 -14 14 -16 -17
leaf_value=-0.0038502779789268875 0.0054536152098860055 0.0021858170628547653 0.0018810739119847616 0.0050597288542323648 -0.0029977882280945761 -0.0041643599669138592 -0.0054252912849187852 -0.0034014049917459491 -0.0051897302269935611 0.0048946819371647292 -0.0039894804358482352 -0.0050699740648269646 -0.0033658172314365697 -0.0044656567275524126 -0.0042221164951721816 -0.0050678257830440989
leaf_weight=4.0000000000000089 14 9.0000000000000053 8.9999999999999982 8.9999999999999982 3.0000000000000009 2.9999999999999991 4.9999999999999991 2.9999999999999991 2.9999999999999991 9 5 3 3 3 3 4
leaf_count=4 6 3 3 3 3 3 5 3 3 3 5 3 3 3 3 4
internal_value=0.00023006 0.00405085 0.00304221 0.00362277 -0.0043185 -0.00392595 -0.00458542 -0.00437546 -0.00454735 0.0052349 -0.00354893 -0.00461717 -0.00375561 -0.00414644 -0.00434389 -0.00512007
internal_weight=92 50 27 18 42 17 25 20 17 23 11 6 8 10 6 7
internal_count=60 18 9 6 42 17 25 20 17 9 11 6 8 10 6 7
is_linear=0
shrinkage=0.05


Tree=25
num_leaves=16
num_cat=0
split_feature=22 75 79 78 0 11 22 70 66 22 29 22 16 22 6
split_gain=0.355482 0.438382 0.163429 0.235926 0.0368375 0.00168884 0.00099636 0.00201009 0.000770084 0.000777837 0.000615129 0.000271067 0.000182965 0.00013968 3.76881e-06
threshold=0.77500000000000013 1.0000000180025095e-35 1.0000000180025095e-35 1.0000000180025095e-35 1.0000000180025095e-35 1.0000000180025095e-35 0.55000000000000016 1.0000000180025095e-35 1.0000000180025095e-35 0.45000000000000007 1.0000000180025095e-35 0.45000000000000007 1.0000000180025095e-35 1.0000000180025095e-35 1.0000000180025095e-35
decision_type=2 2 2 2 2 2 2 2 2 2 2 2 2 2 2
left_child=1 2 3 4 14 12 7 10 9 -7 13 -12 -5 -4 -1
right_child=-2 -3 6 5 -6 8 -8 -9 -10 -11 11 -13 -14 -15 -16
leaf_value=0.0052675718707697709 -0.014641709532588721 0.0075825961099730598 -0.0037509931623935645 -0.0029272680170834044 0.0017273225386937462 -0.003933762758970262 -0.0034534152597188953 -0.0054409619886428119 -0.0036628745496273037 -0.0050723560154438008 -0.0042622116208076467 -0.0048144345171749585 -0.0034055000171065324 -0.0041247310489416116 0.0053194564368043628
leaf_weight=7.0000000000000018 3.9999999999999991 18 5.0000000000000071 4.0000000000000018 14.999999999999998 2.9999999999999982 2.9999999999999991 3.9999999999999991 5 3 5 4 4 5 7
leaf_count=3 2 6 5 4 5 3 3 4 5 3 5 4 4 5 3
internal_value=-4.99623e-05 0.000584461 -0.00111779 0.000611567 0.00344893 -0.00371915 -0.00431044 -0.00442223 -0.00412116 -0.00450306 -0.00420776 -0.00450764 -0.00316638 -0.00393786 0.00529351
internal_weight=96 92 74 48 29 19 26 23 11 6 19 9 8 10 14
internal_count=64 62 56 30 11 19 26 23 11 6 19 9 8 10 6
is_linear=0
shrinkage=0.05


Tree=26
num_leaves=17
num_cat=0
split_feature=80 22 0 22 22 70 71 8 66 7 11 22 19 5 11 11
split_gain=0.42447 0.132158 0.0257197 0.00129905 0.000537563 0.00262507 0.000793447 0.00166568 0.00178921 0.000710094 0.00105213 0.000185151 0.00017407 5.96454e-06 3.88015e-06 2.19263e-06
threshold=1.0000000180025095e-35 0.72500000000000009 1.0000000180025095e-35 0.65000000000000002 0.45000000000000007 1.0000000180025095e-35 1.0000000180025095e-35 1.0000000180025095e-35 1.0000000180025095e-35 1.0000000180025095e-35 1.0000000180025095e-35 0.27500000000000008 1.0000000180025095e-35 1.0000000180025095e-35 0.35000000000000009 0.22500000000000003
decision_type=2 2 2 2 2 2 2 2 2 2 2 2 2 2 2 2
left_child=3 2 13 4 5 9 7 8 -6 10 12 14 -1 -2 -12 -11
right_child=1 -3 -4 -5 6 -7 -8 -9 -10 15 11 -13 -14 -15 -16 -17
leaf_value=-0.003141787722706789 0.005080022104084491 -0.0026379622519016269 0.002431218673785528 -0.0028079106782873471 -0.0052029293030500428 -0.0048097005672752859 -0.0046440928429365164 -0.0028965534021457031 -0.0034760755176345502 -0.0039577707648277283 -0.003865884492794674 -0.0034669281449168916 -0.002660027643044789 0.0050301700830459595 -0.0039463015894095092 -0.0040143179396788268
leaf_weight=5.0000000000000089 10 8.9999999999999982 14.999999999999998 2.9999999999999991 2.9999999999999982 4.9999999999999991 4.9999999999999991 3 3 3.9999999999999991 2.9999999999999982 4 3 15 3 3
leaf_count=5 4 3 5 3 3 5 5 3 3 4 3 4 3 5 3 3
internal_value=-0.000419868 0.00283631 0.00406803 -0.00381461 -0.00388325 -0.00376386 -0.00413908 -0.00385852 -0.0043395 -0.00355469 -0.00338852 -0.00373043 -0.00296113 0.00505011 -0.00390609 -0.00398201
internal_weight=96 49 40 47 44 30 14 9 6 25 18 10 8 25 6 7
internal_count=64 17 14 47 44 30 14 9 6 25 18 10 8 9 6 7
is_linear=0
shrinkage=0.05


Tree=27
num_leaves=16
num_cat=0
split_feature=80 22 0 17 70 11 66 11 11 22 7 22 40 17 75
split_gain=0.307087 0.124095 0.0228262 0.00635276 0.00163572 0.000921978 0.00130795 0.000595015 0.000312217 0.000237935 0.000431461 0.000174926 8.00821e-05 8.36593e-06 1.12565e-06
threshold=1.0000000180025095e-35 0.72500000000000009 1.0000000180025095e-35 1.0000000180025095e-35 1.0000000180025095e-35 1.0000000180025095e-35 1.0000000180025095e-35 0.55000000000000016 0.35000000000000009 0.45000000000000007 1.0000000180025095e-35 0.27500000000000008 1.0000000180025095e-35 1.0000000180025095e-35 1.0000000180025095e-35
decision_type=2 2 2 2 2 2 2 2 2 2 2 2 2 2 2
left_child=3 2 13 5 -5 12 8 -8 11 -10 -11 -7 -1 14 -2
right_child=1 -3 -4 4 -6 6 7 -9 9 10 -12 -13 -14 -15 -16
leaf_value=-0.0029682503392299024 0.004752685076424055 -0.0025440210269557107 0.0018685990737544165 -0.0025655437260866166 -0.00091442268652220542 -0.0037969559431075962 -0.0034926588336626689 -0.002496821588526169 -0.0037098515778779986 -0.0045033968053758153 -0.0038066948950290676 -0.0032570076485474893 -0.0032570735085755581 0.0048260208964347826 0.0047794189718034525
leaf_weight=5.9999999999999982 6.9999999999999973 8.9999999999999982 8.9999999999999982 2.9999999999999991 3 3.0000000000000062 2.9999999999999991 3 5.9999999999999991 3.9999999999999982 5 3 4 10.000000000000002 9
leaf_count=6 3 3 3 3 3 3 3 3 6 4 5 3 4 4 3
internal_value=-0.000244244 0.00269239 0.00403889 -0.00324917 -0.00173998 -0.0034939 -0.0036458 -0.00299474 -0.00383181 -0.00395374 -0.00411634 -0.00352698 -0.00308378 0.00479015 0.00476772
internal_weight=87 44 35 43 6 37 27 6 21 15 9 6 10 26 16
internal_count=59 16 13 43 6 37 27 6 21 15 9 6 10 10 6
is_linear=0
shrinkage=0.05


Tree=28
num_leaves=18
num_cat=0
split_feature=79 78 22 0 22 62 65 70 22 11 11 11 5 11 5 22 7
split_gain=0.243755 0.232877 0.0141631 0.00389227 0.0116016 0.00332634 0.00150969 0.00119276 0.00116155 0.000358388 0.000304194 0.000107876 6.1145e-05 5.92376e-05 4.54286e-05 4.34936e-05 5.51166e-06
threshold=1.0000000180025095e-35 1.0000000180025095e-35 1.0000000180025095e-35 1.0000000180025095e-35 0.72500000000000009 1.0000000180025095e-35 1.0000000180025095e-35 1.0000000180025095e-35 0.45000000000000007 0.27350000000000002 0.35000000000000009 1.0000000180025095e-35 1.0000000180025095e-35 0.55000000000000016 1.0000000180025095e-35 0.22500000000000003 1.0000000180025095e-35
decision_type=2 2 2 2 2 2 2 2 2 2 2 2 2 2 2 2 2
left_child=1 2 12 4 -4 7 9 8 11 14 -8 -2 -1 -11 -3 -13 -10
right_child=5 6 3 -5 -6 -7 10 -9 16 13 -12 15 -14 -15 -16 -17 -18
leaf_value=0.004584719762206077 -0.0032086358964443147 -0.0026756251851717608 0.0045761641528871307 0.0022162277748187386 0.0020373950401941939 -0.00496700415853411 -0.0034266447027524317 -0.0026117991656064987 -0.0042476984361807506 -0.0029274329543113702 -0.0041386770705382023 -0.0036566310872634244 0.0044098697602748867 -0.0032416452343265209 -0.0024004629502693809 -0.0034047816880047317 -0.0041580444201827042
leaf_weight=10 5.0000000000000089 3.0000000000000018 9.0000000000000018 14.999999999999998 8.9999999999999982 4.9999999999999991 2.9999999999999991 2.9999999999999991 2.9999999999999991 3 3 3 10 3 3 4 4
leaf_count=4 5 3 3 5 3 5 3 3 3 3 3 3 4 3 3 4 4
internal_value=0.000240837 0.00177859 0.00344738 0.00281107 0.00330678 -0.00380288 -0.00313508 -0.00353831 -0.0036846 -0.00281129 -0.00378266 -0.00338602 0.00449729 -0.00308454 -0.00253804 -0.00351272 -0.00419647
internal_weight=98 71 53 33 18 27 18 22 19 12 6 12 20 6 6 7 7
internal_count=64 37 19 11 6 27 18 22 19 12 6 12 8 6 6 7 7
is_linear=0
shrinkage=0.05


Tree=29
num_leaves=18
num_cat=0
split_feature=22 79 78 0 22 0 65 12 8 7 12 22 22 22 16 22 12
split_gain=0.28233 0.193453 0.220409 0.0574085 0.0158162 0.00807535 0.00121784 0.000470914 0.000466739 0.000773689 0.00251416 0.000696393 0.000297463 0.000238957 9.74562e-05 6.20654e-05 3.60373e-05
threshold=0.77500000000000013 1.0000000180025095e-35 1.0000000180025095e-35 1.0000000180025095e-35 0.45000000000000007 0.45000000000000007 1.0000000180025095e-35 1.0000000180025095e-35 1.0000000180025095e-35 1.0000000180025095e-35 1.0000000180025095e-35 1.0000000180025095e-35 0.45000000000000007 0.45000000000000007 1.0000000180025095e-35 0.55000000000000016 1.0000000180025095e-35
decision_type=2 2 2 2 2 2 2 2 2 2 2 2 2 2 2 2 2
left_child=1 2 3 4 -1 -5 7 14 11 10 -10 -3 16 -13 -4 -9 -11
right_child=-2 8 6 5 -6 -7 -8 15 9 12 -12 13 -14 -15 -16 -17 -18
leaf_value=0.004200804147582787 -0.013684872048906983 -0.002811299124732612 -0.0022779070461789747 0.002567816442913479 0.0069275144073698254 0.00044972702032989919 -0.0037226790934801104 -0.0032549875477949769 -0.0052330467403711167 -0.0032145787961781018 -0.0031860315551360437 -0.0033853212837129825 -0.0039079092442989337 -0.0039756424725055682 -0.0026809294397632274 -0.0029541354626417154 -0.0034438261762261384
leaf_weight=13.000000000000002 3.9999999999999991 4.0000000000000018 3.0000000000000018 9 8.9999999999999982 9 4.9999999999999991 3 2.9999999999999973 4 3 4 3 3 3 4 3
leaf_count=5 2 4 3 3 3 3 5 3 3 4 3 4 3 3 3 4 3
internal_value=-0.000703136 -9.22306e-05 0.00153525 0.0036029 0.00531628 0.00150877 -0.00305952 -0.00280446 -0.0035883 -0.00376067 -0.00420954 -0.00333758 -0.00349135 -0.00363832 -0.00247942 -0.00308307 -0.00331283
internal_weight=89 85 58 40 22 18 18 13 27 16 6 11 10 7 6 7 7
internal_count=61 59 32 14 8 6 18 13 27 16 6 11 10 7 6 7 7
is_linear=0
shrinkage=0.05


Tree=30
num_leaves=18
num_cat=0
split_feature=80 44 0 78 65 22 62 11 40 11 11 11 5 5 22 16 40
split_gain=0.431632 0.0334548 0.0137361 0.00130928 0.00143816 0.000695135 0.0015579 0.000502151 0.000366682 0.000392105 0.000412062 0.000274535 0.000123934 0.000117097 0.00011964 3.69546e-05 1.22621e-05
threshold=1.0000000180025095e-35 0.43750000000000006 1.0000000180025095e-35 1.0000000180025095e-35 1.0000000180025095e-35 0.55000000000000016 1.0000000180025095e-35 1.0000000180025095e-35 1.0000000180025095e-35 0.55000000000000016 0.27350000000000002 0.35000000000000009 1.0000000180025095e-35 1.0000000180025095e-35 0.45000000000000007 1.0000000180025095e-35 1.0000000180025095e-35
decision_type=2 2 2 2 2 2 2 2 2 2 2 2 2 2 2 2 2
left_child=3 2 12 5 8 6 7 16 9 10 15 -6 -2 14 -9 -5 -1
right_child=1 -3 -4 4 11 -7 -8 13 -10 -11 -12 -13 -14 -15 -16 -17 -18
leaf_value=-0.0027058630560835109 0.0041454436257481568 0.0065811389022403305 0.0020193873594204588 -0.0021489466850956236 -0.0030691785116990409 -0.0025621339057882628 -0.004149306518957019 -0.0032716347525517161 -0.0029979500919580463 -0.0018833457492291928 -0.0029281917959451671 -0.003745609273513157 0.0038965123519301408 -0.0031672793626785277 -0.0037181777258714029 -0.0023971219857533768 -0.0028488203883171078
leaf_weight=3.0000000000000098 10 8.9999999999999982 14.999999999999998 3.0000000000000053 2.9999999999999991 2.9999999999999991 4.9999999999999991 2.9999999999999982 2.9999999999999991 2.9999999999999991 4 3 10 5 3 3 3
leaf_count=3 4 3 5 3 3 3 5 3 3 3 4 3 4 5 3 3 3
internal_value=0.000303281 0.00386229 0.00316315 -0.00302855 -0.00274724 -0.00327611 -0.00337347 -0.00314529 -0.00249968 -0.00238469 -0.0025351 -0.00340739 0.00402098 -0.00334598 -0.00349491 -0.00227303 -0.00277734
internal_weight=91 44 35 47 22 25 22 17 16 13 10 6 20 11 6 6 6
internal_count=63 16 13 47 22 25 22 17 16 13 10 6 8 11 6 6 6
is_linear=0
shrinkage=0.05


Tree=31
num_leaves=17
num_cat=0
split_feature=22 75 79 78 0 0 62 11 22 71 66 16 22 11 40 22
split_gain=0.267815 0.19363 0.095261 0.111715 0.0215369 0.0048079 0.00265151 0.00114368 0.000387107 0.000441302 0.000386037 0.000192613 0.000203823 9.56767e-05 0.000101615 6.11592e-05
threshold=0.77500000000000013 1.0000000180025095e-35 1.0000000180025095e-35 1.0000000180025095e-35 0.45000000000000007 1.0000000180025095e-35 1.0000000180025095e-35 0.35000000000000009 0.45000000000000007 1.0000000180025095e-35 1.0000000180025095e-35 1.0000000180025095e-35 0.27500000000000008 1.0000000180025095e-35 1.0000000180025095e-35 0.22500000000000003
decision_type=2 2 2 2 2 2 2 2 2 2 2 2 2 2 2 2
left_child=1 2 3 4 5 -1 8 11 13 -10 -9 -5 -13 14 -4 -15
right_child=-2 -3 6 7 -6 -7 -8 10 9 -11 -12 12 -14 15 -16 -17
leaf_value=0.0038967351005835963 -0.01322387827676721 0.0051866510510444643 -0.0025705699498454648 -0.002041499440868694 0.00025024202962716408 0.0023384562797016564 -0.0043305659946054221 -0.0035260984208434817 -0.0028694471344351763 -0.003636521622538566 -0.0028314430266618723 -0.0028318954010804489 -0.0022866965271532533 -0.0031834066379815337 -0.0029386555403470987 -0.0029069125652313229
leaf_weight=11 3.9999999999999991 14.999999999999998 3.0000000000000089 3.0000000000000018 9.0000000000000018 9 4.9999999999999991 4 3 5 4 3 4 4 5 4
leaf_count=5 2 5 3 3 3 3 5 4 3 5 4 3 4 4 5 4
internal_value=-0.00056148 -4.89059e-06 -0.00102954 0.000360962 0.00228146 0.00319551 -0.0032831 -0.00273317 -0.00306488 -0.00334887 -0.00317877 -0.0023767 -0.00252035 -0.00292289 -0.00280062 -0.00304516
internal_weight=95 91 76 47 29 20 29 18 24 8 8 10 7 16 8 8
internal_count=65 63 58 29 11 8 29 18 24 8 8 10 7 16 8 8
is_linear=0
shrinkage=0.05


Tree=32
num_leaves=17
num_cat=0
split_feature=80 33 44 70 11 62 78 11 18 65 23 40 78 6 44 78
split_gain=0.309313 0.0140913 0.00627569 0.00288334 0.00160806 0.000592515 0.000410046 0.000246985 0.000244277 0.000223898 0.000162259 0.000146855 9.86759e-05 5.98648e-05 2.68341e-05 9.28495e-06
threshold=1.0000000180025095e-35 0.33750000000000008 0.22500000000000003 1.0000000180025095e-35 0.35000000000000009 1.0000000180025095e-35 1.0000000180025095e-35 0.55000000000000016 1.0000000180025095e-35 1.0000000180025095e-35 1.0000000180025095e-35 1.0000000180025095e-35 1.0000000180025095e-35 1.0000000180025095e-35 0.43750000000000006 1.0000000180025095e-35
decision_type=2 2 2 2 2 2 2 2 2 2 2 2 2 2 2 2
left_child=3 2 13 4 5 6 11 8 15 10 -8 -1 -9 -2 -4 -6
right_child=1 -3 14 -5 7 -7 9 12 -10 -11 -12 -13 -14 -15 -16 -17
leaf_value=-0.0026441053487360451 0.0035703248158097259 0.00083131806717978588 0.0025258429762389915 -0.0040726911276578901 -0.0027445860207080818 -0.0018660836853086949 -0.0025674092272917424 -0.0035299194045364853 -0.0033008902799338095 -0.0027832115069031699 -0.0021022802777588365 -0.0030505684018135065 -0.0031787145882844919 0.0037433347105979911 0.0024166355530420942 -0.0028609498869627708
leaf_weight=4.0000000000000036 10 8.9999999999999982 9.0000000000000018 4.9999999999999991 3.0000000000000018 2.9999999999999991 3 4 4 3.0000000000000009 5 5 4 10 14.999999999999998 4
leaf_count=4 4 3 3 5 3 3 3 4 4 3 5 5 4 4 5 4
internal_value=1.53069e-05 0.00263397 0.0030027 -0.00293766 -0.00280253 -0.00252134 -0.00261963 -0.00314293 -0.00298919 -0.00241484 -0.0022767 -0.00286992 -0.00335432 0.00365683 0.00245759 -0.00281108
internal_weight=100 53 44 47 42 23 20 19 11 11 8 9 8 20 24 7
internal_count=66 19 16 47 42 23 20 19 11 11 8 9 8 8 8 7
is_linear=0
shrinkage=0.05


Tree=33
num_leaves=15
num_cat=0
split_feature=80 22 1 79 22 62 65 22 11 75 22 7 69 5
split_gain=0.235731 0.0172581 0.0107803 0.000668966 0.000903358 0.00179471 0.000675533 0.000520125 0.000334487 0.000116851 9.16537e-05 5.69541e-05 0.000144188 2.50932e-07
threshold=1.0000000180025095e-35 0.72500000000000009 1.0000000180025095e-35 1.0000000180025095e-35 0.55000000000000016 1.0000000180025095e-35 1.0000000180025095e-35 0.45000000000000007 0.35000000000000009 1.0000000180025095e-35 0.27500000000000008 1.0000000180025095e-35 1.0000000180025095e-35 1.0000000180025095e-35
decision_type=2 2 2 2 2 2 2 2 2 2 2 2 2 2
left_child=3 2 9 6 5 7 8 11 10 13 -1 12 -5 -2
right_child=1 -3 -4 4 -6 -7 -8 -9 -10 -11 -12 -13 -14 -15
leaf_value=-0.0023182743228971946 0.0035297263945852004 0.00067771434163053836 0.0016131436452269555 -0.0022395441929499238 -0.0020716145324210329 -0.0039545136503875257 -0.0030588198918849231 -0.003163738362491131 -0.0026499367132782939 0.0033104057734211281 -0.0019971662387251849 -0.0027025106052557626 -0.0027297625939051301 0.0035163384463105882
leaf_weight=4.0000000000000018 7 11.999999999999998 11.999999999999998 3.0000000000000089 2.9999999999999991 3.9999999999999991 3.9999999999999991 5.9999999999999991 4.9999999999999991 12 5 6 3 7
leaf_count=4 3 4 4 3 3 4 4 6 5 4 5 6 3 3
internal_value=-3.70521e-06 0.00233075 0.00285276 -0.00271819 -0.00288553 -0.00299652 -0.00248577 -0.00278363 -0.00232204 0.0034249 -0.00213988 -0.00259358 -0.00248465 0.00352303
internal_weight=93 50 38 43 25 22 18 18 14 26 9 12 6 14
internal_count=61 18 14 43 25 22 18 18 14 10 9 12 6 6
is_linear=0
shrinkage=0.05


Tree=34
num_leaves=15
num_cat=0
split_feature=80 0 22 28 63 22 22 66 22 71 19 22 40 5
split_gain=0.277143 0.0380364 0.0163871 0.00221716 0.00191218 0.001326 0.00100093 0.000651364 0.000758725 0.000323885 0.000194766 0.000180436 0.000172326 8.25932e-05
threshold=1.0000000180025095e-35 1.0000000180025095e-35 0.45000000000000007 1.0000000180025095e-35 1.0000000180025095e-35 0.65000000000000002 0.45000000000000007 1.0000000180025095e-35 0.55000000000000016 1.0000000180025095e-35 1.0000000180025095e-35 0.27500000000000008 1.0000000180025095e-35 1.0000000180025095e-35
decision_type=2 2 2 2 2 2 2 2 2 2 2 2 2 2
left_child=3 2 13 5 -5 6 9 8 -8 10 11 -1 -11 -2
right_child=1 -3 -4 4 -6 -7 7 -9 -10 12 -12 -13 -14 -15
leaf_value=-0.0025155483279377232 0.0033796814084053038 0.00092804834246635432 0.0057882327172491289 -0.004078989429399371 -0.0024090788016716633 -0.0013843463268131018 -0.0027132610324770222 -0.0022834843024611465 -0.0037651514634490001 -0.0022901079151779412 -0.0017931601343055556 -0.0020945807519767963 -0.0027304114028811454 0.0031885489534873228
leaf_weight=3.9999999999999982 10 14.999999999999998 8.9999999999999982 3.9999999999999991 3 2.9999999999999991 3.9999999999999982 3 3 4 3.0000000000000009 7 5 13
leaf_count=4 4 5 3 4 3 3 4 3 3 4 3 7 5 5
internal_value=0.000351682 0.00300559 0.00397944 -0.0025491 -0.00336331 -0.00239078 -0.00248228 -0.0028999 -0.00316407 -0.00230071 -0.00215027 -0.00224766 -0.00253472 0.00327165
internal_weight=90 47 32 43 7 36 33 10 7 23 14 11 9 23
internal_count=60 17 12 43 7 36 33 10 7 23 14 11 9 9
is_linear=0
shrinkage=0.05


Tree=35
num_leaves=16
num_cat=0
split_feature=22 80 75 0 0 70 22 66 17 22 12 7 71 5 5
split_gain=0.277699 0.293888 0.0554583 0.0185768 0.00308359 0.00240367 0.00106081 0.000524158 0.000477995 0.000321221 0.000126111 1.89279e-05 1.39369e-05 6.54431e-06 1.39947e-08
threshold=0.77500000000000013 1.0000000180025095e-35 1.0000000180025095e-35 0.45000000000000007 1.0000000180025095e-35 1.0000000180025095e-35 0.45000000000000007 1.0000000180025095e-35 1.0000000180025095e-35 0.27500000000000008 1.0000000180025095e-35 1.0000000180025095e-35 1.0000000180025095e-35 1.0000000180025095e-35 1.0000000180025095e-35
decision_type=2 2 2 2 2 2 2 2 2 2 2 2 2 2 2
left_child=1 5 3 4 14 6 8 11 9 10 12 -8 -1 -12 -3
right_child=-2 2 -4 -5 -6 -7 7 -9 -10 -11 13 -13 -14 -15 -16
leaf_value=-0.0022071402054280008 -0.01280561916064471 0.0031842560108218871 0.0054340789301527874 3.9044819358322362e-05 0.0019964237593942213 -0.0035616643354296688 -0.0030813542660325776 -0.0023034474113956091 -0.0016940773464739324 -0.0019514307752251624 -0.0025125469391544652 -0.0029275367502123112 -0.0023497046902775758 -0.0026102392468601459 0.0031810943303363665
leaf_weight=4.0000000000000053 3.9999999999999991 7 18 8.9999999999999982 9 4.9999999999999991 3.9999999999999982 4 3.9999999999999991 4.9999999999999991 3 4 3 4 7
leaf_count=4 2 3 6 3 3 5 4 4 4 5 3 4 3 4 3
internal_value=8.53213e-05 0.000658252 0.0032138 0.0019649 0.00271849 -0.00253619 -0.00238969 -0.00277078 -0.00219086 -0.00229544 -0.00241831 -0.00300445 -0.00226824 -0.00256837 0.00318268
internal_weight=94 90 50 32 23 40 35 12 23 19 14 8 7 7 14
internal_count=60 58 18 12 9 40 35 12 23 19 14 8 7 7 6
is_linear=0
shrinkage=0.05


Tree=36
num_leaves=17
num_cat=0
split_feature=80 0 44 78 11 44 11 62 17 16 71 11 23 8 11 8
split_gain=0.151845 0.0150308 0.00464623 0.00109088 0.000545635 0.00049836 0.00044463 0.00200677 0.000915426 0.000439671 0.000221332 0.000120024 5.86686e-05 4.06019e-05 2.91021e-05 2.8522e-05
threshold=1.0000000180025095e-35 0.45000000000000007 1.0000000180025095e-35 1.0000000180025095e-35 0.55000000000000016 0.43750000000000006 0.22500000000000003 1.0000000180025095e-35 1.0000000180025095e-35 1.0000000180025095e-35 1.0000000180025095e-35 0.35000000000000009 1.0000000180025095e-35 1.0000000180025095e-35 0.27350000000000002 1.0000000180025095e-35
decision_type=2 2 2 2 2 2 2 2 2 2 2 2 2 2 2 2
left_child=3 2 -2 6 9 -4 7 15 10 -5 -8 14 -12 -14 -11 -1
right_child=1 -3 5 4 -6 -7 8 -9 -10 11 12 -13 13 -15 -16 -17
leaf_value=-0.0021532142534852017 0.0029573297942988575 3.7092580977413391e-05 0.0021076143615775633 -0.0015881673200055951 -0.0012984014116227628 0.0016154170036315918 -0.0021204520598985268 -0.0037640079855918887 -0.0014609489124268295 -0.002173039652407169 -0.0023869195953011508 -0.0024700171003739025 -0.0025276583308974899 -0.0027877924342950178 -0.0019760552793741219 -0.0023420328740030526
leaf_weight=4.0000000000000018 15.999999999999998 8.9999999999999982 9.0000000000000018 4.0000000000000009 2.9999999999999991 11.999999999999998 3.9999999999999973 2.9999999999999991 2.9999999999999991 5 3 3.0000000000000009 3 3 3 4
leaf_count=4 6 3 3 4 3 4 4 3 3 5 3 3 3 3 3 4
internal_value=-0.000150455 0.00186967 0.00231543 -0.00221547 -0.00191396 0.00182636 -0.00241647 -0.00266118 -0.00224824 -0.00203707 -0.00242992 -0.00220031 -0.00256746 -0.00265773 -0.00209917 -0.00224762
internal_weight=91 46 37 45 18 21 27 11 16 15 13 11 9 6 8 8
internal_count=61 16 13 45 18 7 27 11 16 15 13 11 9 6 8 8
is_linear=0
shrinkage=0.05


Tree=37
num_leaves=17
num_cat=0
split_feature=22 75 79 78 0 22 70 11 51 22 16 22 5 22 8 11
split_gain=0.252096 0.178302 0.0502667 0.065705 0.0185893 0.00087373 0.000901881 0.000742333 0.000495858 0.000174596 0.000162962 0.000285336 0.000139547 0.000116377 0.000272116 9.21156e-05
threshold=0.77500000000000013 1.0000000180025095e-35 1.0000000180025095e-35 1.0000000180025095e-35 0.45000000000000007 0.55000000000000016 1.0000000180025095e-35 0.35000000000000009 1.0000000180025095e-35 0.45000000000000007 1.0000000180025095e-35 0.27500000000000008 1.0000000180025095e-35 1.0000000180025095e-35 1.0000000180025095e-35 0.55000000000000016
decision_type=2 2 2 2 2 2 2 2 2 2 2 2 2 2 2 2
left_child=1 2 3 4 12 6 8 10 13 -10 -5 -12 -1 14 -4 -9
right_child=-2 -3 5 7 -6 -7 -8 15 9 -11 11 -13 -14 -15 -16 -17
leaf_value=0.0029036182723939413 -0.012209687312133611 0.0050663198033968609 -0.0015736060527463706 -0.0014078339872260876 3.5237945202324113e-05 -0.0015094365614155929 -0.0030981587711721662 -0.0021780591458082201 -0.0023808530997484925 -0.0028854507332046822 -0.0022169024373094237 -0.0015718331094831226 0.0026394710876047611 -0.0022369455173611636 -0.0022470502182841295 -0.0025445768609642979
leaf_weight=10 3.9999999999999991 18 3.0000000000000089 3.0000000000000018 9.0000000000000018 2.9999999999999991 3.9999999999999991 2.9999999999999991 3.9999999999999991 3 3 4 10 5 3 4
leaf_count=4 2 6 3 3 3 3 4 3 4 3 3 4 4 5 3 4
internal_value=6.96947e-05 0.000621577 -0.000505259 0.000475522 0.00192235 -0.0023099 -0.00241905 -0.00199259 -0.00226814 -0.00259711 -0.00171615 -0.00184829 0.00277154 -0.00205879 -0.00191033 -0.0023875
internal_weight=93 89 71 46 29 25 22 17 18 7 10 7 20 11 6 7
internal_count=61 59 53 28 11 25 22 17 18 7 10 7 8 11 6 7
is_linear=0
shrinkage=0.05


Tree=38
num_leaves=15
num_cat=0
split_feature=22 80 22 22 64 6 12 70 22 78 5 7 19 12
split_gain=0.228078 0.22639 0.0681614 0.00449586 0.000482927 0.000218741 0.00140946 0.00107993 0.000941454 0.000339582 8.56473e-05 4.01829e-05 3.58185e-05 3.8819e-08
threshold=0.77500000000000013 1.0000000180025095e-35 0.65000000000000002 0.22500000000000003 1.0000000180025095e-35 1.0000000180025095e-35 1.0000000180025095e-35 1.0000000180025095e-35 0.45000000000000007 1.0000000180025095e-35 1.0000000180025095e-35 1.0000000180025095e-35 1.0000000180025095e-35 1.0000000180025095e-35
decision_type=2 2 2 2 2 2 2 2 2 2 2 2 2 2
left_child=1 4 3 10 5 7 -7 8 9 11 -3 -1 -10 -13
right_child=-2 2 -4 -5 -6 6 -8 -9 12 -11 -12 13 -14 -15
leaf_value=-0.0019399189623072713 -0.011599201941862702 0.0027584373392164695 0.0072236292478111063 0.0013011100598507457 -0.0015365758212283255 -0.0030096846166998144 -0.0016823482466861604 -0.0011547917810579142 -0.0026516102254390723 -0.0015175732318311931 0.0025458279583189217 -0.0021404874821503955 -0.0024508719332516186 -0.0021485310047864906
leaf_weight=4.0000000000000053 3.9999999999999991 10.000000000000004 8.9999999999999982 8.9999999999999982 3.9999999999999991 4 4 2.9999999999999991 4.9999999999999982 3.9999999999999991 9 3 4 3
leaf_count=4 2 4 3 3 4 4 4 3 5 4 3 3 4 3
internal_value=3.39911e-05 0.000654428 0.00343836 0.00222167 -0.00205625 -0.00211738 -0.00234602 -0.00204704 -0.00216342 -0.00190693 0.00265773 -0.00206267 -0.00256239 -0.00214451
internal_weight=79 75 37 28 38 34 8 26 23 14 19 10 9 6
internal_count=53 51 13 10 38 34 8 26 23 14 7 10 9 6
is_linear=0
shrinkage=0.05


Tree=39
num_leaves=14
num_cat=0
split_feature=80 1 22 22 44 22 70 62 22 18 22 22 7
split_gain=0.147973 0.0302645 0.00945725 0.00277273 0.00187313 0.000603362 0.000633536 0.000590713 0.000306248 0.000162574 0.000108605 7.30563e-05 0.000144572
threshold=1.0000000180025095e-35 1.0000000180025095e-35 0.22500000000000003 0.65000000000000002 0.22500000000000003 0.55000000000000016 1.0000000180025095e-35 1.0000000180025095e-35 0.45000000000000007 1.0000000180025095e-35 0.27500000000000008 1.0000000180025095e-35 1.0000000180025095e-35
decision_type=2 2 2 2 2 2 2 2 2 2 2 2 2
left_child=3 2 -2 5 -3 6 7 8 10 -10 11 12 -1
right_child=1 4 -4 -5 -6 -7 -8 -9 9 -11 -12 -13 -14
leaf_value=-0.0017110504023730745 0.0026277276105247434 0.001178308348688814 0.0046537357072035474 -0.00037864930927753452 0.00015819643934567769 -0.0014345134049654007 -0.0025432751700282096 -0.0013697184156626465 -0.0020225088112056241 -0.0024501724541187283 -0.0017070786841213706 -0.0021591443568468095 -0.0020750891417264934
leaf_weight=5.0000000000000018 16.000000000000004 9.0000000000000018 8.9999999999999982 2.9999999999999991 8.9999999999999982 4.9999999999999991 4.9999999999999991 3.9999999999999991 4.0000000000000018 5 4.9999999999999991 3.9999999999999991 6
leaf_count=5 6 3 3 3 3 5 5 4 4 5 5 4 6
internal_value=0.000122847 0.00223153 0.00335709 -0.00184831 0.000668252 -0.00195085 -0.00201879 -0.00193932 -0.00201788 -0.0022601 -0.00190889 -0.00197616 -0.00190962
internal_weight=89 43 25 46 18 43 38 33 29 9 20 15 11
internal_count=61 15 9 46 6 43 38 33 29 9 20 15 11
is_linear=0
shrinkage=0.05


Tree=40
num_leaves=13
num_cat=0
split_feature=80 44 6 11 1 11 11 8 38 11 78 5
split_gain=0.093987 0.00955927 0.00671489 0.00867513 0.00329653 0.00129523 0.000454322 0.00072043 0.000349418 0.000135907 7.87094e-05 1.15542e-06
threshold=1.0000000180025095e-35 1.0000000180025095e-35 1.0000000180025095e-35 0.35000000000000009 1.0000000180025095e-35 0.61250000000000016 0.35000000000000009 1.0000000180025095e-35 1.0000000180025095e-35 0.27350000000000002 1.0000000180025095e-35 1.0000000180025095e-35
decision_type=2 2 2 2 2 2 2 2 2 2 2 2
left_child=2 11 5 -4 -3 6 8 10 -1 -10 -8 -2
right_child=1 4 3 -5 -6 -7 7 -9 9 -11 -12 -13
leaf_value=-0.0018977566738612936 0.0025122496432491716 0.0013820292552312215 -0.0054308910854160789 -0.0016284514451399444 0.00027018437006821232 -0.00072070055951674783 -0.0021400567889213566 -0.0013776162716870508 -0.0013039165874943136 -0.0016801737481728194 -0.0024376271292567246 0.0024835215881466866
leaf_weight=8.0000000000000036 6.9999999999999982 15 2.9999999999999991 3 12 2.9999999999999991 4.9999999999999982 2.9999999999999991 6 4 4 7
leaf_count=8 3 5 3 3 4 3 5 3 6 4 4 3
internal_value=-0.000233837 0.00143764 -0.00199103 -0.00352967 0.000887876 -0.00171127 -0.00181033 -0.00204864 -0.00165146 -0.00145442 -0.00227231 0.00249789
internal_weight=80 41 39 6 27 33 30 12 18 10 9 14
internal_count=54 15 39 6 9 33 30 12 18 10 9 6
is_linear=0
shrinkage=0.05


Tree=41
num_leaves=17
num_cat=0
split_feature=22 80 22 0 64 75 65 56 17 17 71 69 66 22 8 5
split_gain=0.215463 0.191083 0.0669603 0.00368484 0.000575416 0.000546973 0.000358034 0.000253366 0.00129591 0.000692648 0.000279016 0.000426932 0.000385407 0.000136795 8.65545e-05 2.86574e-08
threshold=0.77500000000000013 1.0000000180025095e-35 0.65000000000000002 1.0000000180025095e-35 1.0000000180025095e-35 1.0000000180025095e-35 1.0000000180025095e-35 1.0000000180025095e-35 1.0000000180025095e-35 1.0000000180025095e-35 1.0000000180025095e-35 1.0000000180025095e-35 1.0000000180025095e-35 0.45000000000000007 1.0000000180025095e-35 1.0000000180025095e-35
decision_type=2 2 2 2 2 2 2 2 2 2 2 2 2 2 2 2
left_child=1 4 3 5 6 15 7 8 14 10 11 12 -9 -12 -1 -3
right_child=-2 2 -4 -5 -6 -7 -8 9 -10 -11 13 -13 -14 -15 -16 -17
leaf_value=-0.0014090550752977535 -0.011231842637062074 0.0023635167255997651 0.0066371138725015849 0.0011375651772444447 -0.0012143575819209219 0.001920902480681737 -0.0022920934483408929 -0.0011753331404179329 -0.0028717070817947383 -0.0010005867263923089 -0.0018521528877317901 -0.0020516001246869554 -0.0017961447127163408 -0.0022444462869316336 -0.0017888675133387244 0.0023593455020870483
leaf_weight=2.9999999999999982 3.9999999999999991 10.000000000000002 8.9999999999999982 11.999999999999998 3.9999999999999991 12.000000000000002 3.9999999999999991 5.0000000000000018 3 2.9999999999999991 5 5.0000000000000009 5 4 3 6.9999999999999991
leaf_count=3 2 4 3 4 4 4 4 5 3 3 5 5 5 4 3 3
internal_value=0.000133352 0.000616977 0.00273172 0.00187444 -0.00178615 0.00217936 -0.00184332 -0.00179346 -0.00202321 -0.00171688 -0.00180641 -0.00167436 -0.00148574 -0.00202651 -0.00159896 0.0023618
internal_weight=98 94 50 41 44 29 40 36 9 27 24 15 10 9 6 17
internal_count=64 62 18 15 44 11 40 36 9 27 24 15 10 9 6 7
is_linear=0
shrinkage=0.05


Tree=42
num_leaves=16
num_cat=0
split_feature=80 11 22 22 78 62 56 65 11 18 79 5 38 40 11
split_gain=0.0772709 0.01431 0.00306175 0.000399117 0.000796145 0.000949596 0.000345433 0.000174944 0.00016827 0.00013299 0.000171618 7.41265e-05 6.48345e-05 4.06028e-05 2.63134e-05
threshold=1.0000000180025095e-35 0.27350000000000002 0.65000000000000002 0.45000000000000007 1.0000000180025095e-35 1.0000000180025095e-35 1.0000000180025095e-35 1.0000000180025095e-35 1.0000000180025095e-35 1.0000000180025095e-35 1.0000000180025095e-35 1.0000000180025095e-35 1.0000000180025095e-35 1.0000000180025095e-35 0.35000000000000009
decision_type=2 2 2 2 2 2 2 2 2 2 2 2 2 2 2
left_child=2 6 3 4 5 8 11 12 13 10 -5 -2 -6 -1 -10
right_child=1 -3 -4 9 7 -7 -8 -9 14 -11 -12 -13 -14 -15 -16
leaf_value=-0.0013178900815546501 0.0022684614307114052 -5.4329598788172008e-05 -7.7239641298850392e-05 -0.0020272684865631167 -0.001306775181243816 -0.002503821533173323 0.0017932930340369539 -0.0015874293943246203 -0.0016916897147893903 -0.0021336580937107402 -0.0015269924149227635 0.0020563166961073873 -0.00099928489653393609 -0.0015612262301146981 -0.0018875816371291872
leaf_weight=3.0000000000000018 7.0000000000000009 11.999999999999998 2.9999999999999991 3.9999999999999982 3.0000000000000018 3.9999999999999991 12.000000000000002 3 3 6 3 10 4 4 4
leaf_count=3 3 4 3 4 3 4 4 3 3 6 3 4 4 4 4
internal_value=-0.000163915 0.0013978 -0.00161915 -0.00173198 -0.00162568 -0.0018244 0.00199869 -0.00126798 -0.00163028 -0.00196092 -0.00181286 0.00214367 -0.00113107 -0.00145694 -0.00180363
internal_weight=85 41 44 41 28 18 29 10 14 13 7 17 7 7 7
internal_count=59 15 44 41 28 18 11 10 14 13 7 7 7 7 7
is_linear=0
shrinkage=0.05


Tree=43
num_leaves=18
num_cat=0
split_feature=22 80 75 0 64 11 17 17 11 65 11 22 5 11 7 11 5
split_gain=0.189047 0.134763 0.0440104 0.0126928 0.000363317 0.000178503 0.00105205 0.000689914 0.000147676 0.000208197 0.000202805 0.000128268 7.3631e-05 6.78212e-05 0.000128398 3.7095e-05 1.45185e-05
threshold=0.77500000000000013 1.0000000180025095e-35 1.0000000180025095e-35 0.45000000000000007 1.0000000180025095e-35 0.22500000000000003 1.0000000180025095e-35 1.0000000180025095e-35 0.61250000000000016 1.0000000180025095e-35 0.55000000000000016 0.45000000000000007 1.0000000180025095e-35 1.0000000180025095e-35 1.0000000180025095e-35 0.35000000000000009 1.0000000180025095e-35
decision_type=2 2 2 2 2 2 2 2 2 2 2 2 2 2 2 2 2
left_child=1 4 3 16 5 6 13 8 9 10 11 15 -13 14 -1 -7 -3
right_child=-2 2 -4 -5 -6 7 -8 -9 -10 -11 -12 12 -14 -15 -16 -17 -18
leaf_value=-0.001202842717369398 -0.010736531857401133 0.0019413290359079835 0.0045330495884021126 -0.00036232541832658966 -0.001177729554474354 -0.0013585197506472424 -0.0026029306153456371 -0.00084164683551838011 -0.0019749485577146213 -0.0019213968655094505 -0.0011475309710173556 -0.0019484041569133596 -0.0015980924790104226 -0.0017342588243385152 -0.0016355635132640598 -0.0015911072492599484 0.0018561279028654098
leaf_weight=2.9999999999999982 3.9999999999999991 10 14.999999999999998 9.0000000000000018 4.9999999999999991 4.0000000000000124 2.9999999999999991 2.9999999999999991 2.9999999999999991 3.9999999999999991 2.9999999999999991 3 3 3 4 3 10
leaf_count=3 2 4 5 3 5 4 3 3 3 4 3 3 3 3 4 3 4
internal_value=-0.000105572 0.000377654 0.0023343 0.00119702 -0.001579 -0.00163044 -0.00178172 -0.0015548 -0.00164782 -0.00159875 -0.00151809 -0.00160361 -0.00177325 -0.00153536 -0.00145011 -0.0014582 0.00189873
internal_weight=92 88 44 29 44 39 13 26 23 20 16 13 6 10 7 7 20
internal_count=62 60 16 11 44 39 13 26 23 20 16 13 6 10 7 7 8
is_linear=0
shrinkage=0.05


Tree=44
num_leaves=17
num_cat=0
split_feature=44 80 66 11 6 70 70 11 11 38 11 11 5 11 51 11
split_gain=0.0863224 0.0737092 0.00321412 0.00234104 0.000583688 0.00369731 0.000950024 0.00150314 0.000343625 0.000329186 0.00022921 0.000186053 5.37973e-05 1.8249e-05 1.60068e-05 2.72055e-06
threshold=0.43750000000000006 1.0000000180025095e-35 1.0000000180025095e-35 0.27350000000000002 1.0000000180025095e-35 1.0000000180025095e-35 1.0000000180025095e-35 0.55000000000000016 0.61250000000000016 1.0000000180025095e-35 1.0000000180025095e-35 0.22500000000000003 1.0000000180025095e-35 0.35000000000000009 1.0000000180025095e-35 0.35000000000000009
decision_type=2 2 2 2 2 2 2 2 2 2 2 2 2 2 2 2
left_child=1 2 4 12 6 11 7 9 -9 14 -11 -6 -3 -12 -1 -16
right_child=-2 3 -4 -5 5 -7 -8 8 -10 10 13 -13 -14 -15 15 -17
leaf_value=-0.0015115606908996883 -0.0053088130222426521 0.0018945087607090288 -0.00026599351316690449 0.00088696397013134434 -0.00096947184453407957 -0.0033976991680295509 -0.00066168503593265395 -0.0026795201003551486 -0.0019227446988224978 -0.00092234162148088186 -0.0014833895489573473 -0.001526327679554621 0.0017506641120864795 -0.0013274024426937101 -0.0016244045086205004 -0.0016846324317157267
leaf_weight=3.0000000000000027 8.9999999999999982 13 4.9999999999999991 8.9999999999999982 2.9999999999999982 3 2.9999999999999991 2.9999999999999991 3 4.0000000000000009 3 3 13 5 5 3
leaf_count=3 3 5 5 3 3 3 3 3 3 4 3 3 5 5 5 3
internal_value=-0.000663321 -0.000147155 -0.00146281 0.001582 -0.00160877 -0.0019645 -0.00150872 -0.00159634 -0.00230113 -0.00141248 -0.00123138 -0.0012479 0.00182259 -0.0013859 -0.00161005 -0.00164699
internal_weight=90 81 46 35 41 9 32 29 6 23 12 6 26 8 11 8
internal_count=62 59 46 13 41 9 32 29 6 23 12 6 10 8 11 8
is_linear=0
shrinkage=0.05


Tree=45
num_leaves=15
num_cat=0
split_feature=80 70 22 11 22 40 11 5 19 22 55 78 22 22
split_gain=0.0623422 0.010724 0.00163496 0.000886799 0.00038693 0.000310386 0.00029827 0.00010053 9.13236e-05 7.00599e-05 4.51198e-05 4.11472e-05 3.06979e-05 3.40041e-05
threshold=1.0000000180025095e-35 1.0000000180025095e-35 1.0000000180025095e-35 0.55000000000000016 0.65000000000000002 1.0000000180025095e-35 1.0000000180025095e-35 1.0000000180025095e-35 1.0000000180025095e-35 0.45000000000000007 1.0000000180025095e-35 1.0000000180025095e-35 0.27500000000000008 0.45000000000000007
decision_type=2 2 2 2 2 2 2 2 2 2 2 2 2 2
left_child=1 3 7 5 -4 6 8 -2 -1 10 -7 -5 -8 -14
right_child=2 -3 4 11 -6 9 12 -9 -10 -11 -12 -13 13 -15
leaf_value=-0.0011211094679310914 0.0019633497628900737 0.00099578014167491348 0.0014060115814208982 -0.0020507755689322944 0.0010250933468341828 -0.001335016358643769 -0.0015139091759920112 0.0017330073751509187 -0.0007561707403510807 -0.001770394574850797 -0.0015915308147668836 -0.0018239848956000057 -0.0012205637060105805 -0.0014161516539752481
leaf_weight=4.0000000000000009 9 4.9999999999999991 15.000000000000002 4 11.999999999999998 3.0000000000000018 3.0000000000000009 10 3 3 4 4 3.9999999999999982 5
leaf_count=4 3 5 5 4 4 3 3 4 3 3 4 4 4 5
internal_value=0.000215129 -0.00117762 0.00148677 -0.00147133 0.00123671 -0.00134276 -0.00122409 0.00184212 -0.000964707 -0.00156824 -0.0014816 -0.00193738 -0.0013754 -0.00132922
internal_weight=88 42 46 37 27 29 19 19 7 10 7 8 12 9
internal_count=58 42 16 37 9 29 19 7 7 10 7 8 12 9
is_linear=0
shrinkage=0.05


Tree=46
num_leaves=15
num_cat=0
split_feature=80 0 22 22 64 8 7 8 71 22 75 69 22 12
split_gain=0.0617232 0.00115555 0.00129144 0.000460223 0.000370841 0.000462072 0.000608713 0.000348329 0.000289446 0.000223985 0.000222443 0.000117166 3.917e-05 4.70396e-06
threshold=1.0000000180025095e-35 1.0000000180025095e-35 0.72500000000000009 0.55000000000000016 1.0000000180025095e-35 1.0000000180025095e-35 1.0000000180025095e-35 1.0000000180025095e-35 1.0000000180025095e-35 0.45000000000000007 1.0000000180025095e-35 1.0000000180025095e-35 0.22500000000000003 1.0000000180025095e-35
decision_type=2 2 2 2 2 2 2 2 2 2 2 2 2 2
left_child=3 2 10 4 5 9 -7 -5 -8 11 -2 12 -1 -10
right_child=1 -3 -4 7 -6 6 8 -9 13 -11 -12 -13 -14 -15
leaf_value=-0.0010180643945932389 0.0018311015922914849 0.00089465494966134429 0.00096221665541330968 -0.0013254270345593492 -0.0010160796623677017 -0.0021265367604792126 -0.0010423455076913038 -0.0005634895060211419 -0.0015687449835240837 -0.0016785383534928162 0.0015198180451989173 -0.001473293857028087 -0.0012159784324467181 -0.0016479406133294103
leaf_weight=4.9999999999999982 11 11.999999999999998 8.9999999999999982 2.9999999999999991 4.9999999999999991 4.9999999999999973 2.9999999999999991 3 3 2.9999999999999991 12 2.9999999999999991 5 5
leaf_count=5 5 4 3 3 5 5 3 3 3 3 4 3 5 5
internal_value=-3.48016e-06 0.00131309 0.00147 -0.00135066 -0.00141653 -0.00147911 -0.0016691 -0.000944458 -0.00146118 -0.00128911 0.00166869 -0.00119924 -0.00111702 -0.00161824
internal_weight=87 44 32 43 37 32 16 6 11 16 23 13 10 8
internal_count=59 16 12 43 37 32 16 6 11 16 9 13 10 8
is_linear=0
shrinkage=0.05


Tree=47
num_leaves=17
num_cat=0
split_feature=75 80 0 70 0 62 22 51 22 69 22 22 78 12 5 6
split_gain=0.0931818 0.033104 0.00987502 0.0096464 0.00124512 0.000827054 0.000289272 0.000127756 4.16791e-05 1.30503e-05 5.34033e-05 1.96857e-05 3.12623e-05 2.69799e-06 1.78498e-06 1.44448e-06
threshold=1.0000000180025095e-35 1.0000000180025095e-35 0.45000000000000007 1.0000000180025095e-35 1.0000000180025095e-35 1.0000000180025095e-35 0.55000000000000016 1.0000000180025095e-35 0.45000000000000007 1.0000000180025095e-35 0.45000000000000007 0.27500000000000008 1.0000000180025095e-35 1.0000000180025095e-35 1.0000000180025095e-35 1.0000000180025095e-35
decision_type=2 2 2 2 2 2 2 2 2 2 2 2 2 2 2 2
left_child=1 3 4 5 15 6 7 9 13 10 11 12 14 -9 -1 -3
right_child=-2 2 -4 -5 -6 -7 -8 8 -10 -11 -12 -13 -14 -15 -16 -17
leaf_value=-0.0011933314613997914 0.0038660337734553549 0.0017800175185714445 -0.00041077153808954697 0.0010102151102910286 0.0010352917429473662 -0.00052924204307297875 -0.0017102964416456719 -0.0014237342091898112 -0.001598569983616471 -0.0013484579821427664 -0.0014249703846871853 -0.0010986425448209047 -0.0013637410476803778 -0.0013566771211723483 -0.0011387882443765795 0.0017504032514989373
leaf_weight=3.0000000000000053 18 7.0000000000000009 8.9999999999999982 4.9999999999999991 9.0000000000000018 2.9999999999999991 5.9999999999999991 3.0000000000000018 4 2.9999999999999991 2.9999999999999991 3.9999999999999991 3 3 3 10
leaf_count=3 6 3 3 5 3 3 6 3 4 3 3 4 3 3 3 4
internal_value=0.000623303 -0.00012502 0.00101671 -0.00105433 0.00151084 -0.00132599 -0.00139428 -0.00132889 -0.00147355 -0.00125276 -0.00123482 -0.00119093 -0.00123195 -0.00139021 -0.00116606 0.0017626
internal_weight=96 78 35 43 26 38 35 29 10 19 16 13 9 6 6 17
internal_count=62 56 13 43 10 38 35 29 10 19 16 13 9 6 6 7
is_linear=0
shrinkage=0.05


Tree=48
num_leaves=15
num_cat=0
split_feature=22 75 80 1 11 65 22 8 8 78 7 78 18 5
split_gain=0.173377 0.102538 0.0343953 0.0074312 0.000203781 0.000241359 0.000367103 0.000240533 0.000204101 0.000541573 0.00093184 0.000139101 0.000114295 1.30364e-06
threshold=0.77500000000000013 1.0000000180025095e-35 1.0000000180025095e-35 1.0000000180025095e-35 0.61250000000000016 1.0000000180025095e-35 0.55000000000000016 1.0000000180025095e-35 1.0000000180025095e-35 1.0000000180025095e-35 1.0000000180025095e-35 1.0000000180025095e-35 1.0000000180025095e-35 1.0000000180025095e-35
decision_type=2 2 2 2 2 2 2 2 2 2 2 2 2 2
left_child=1 2 4 13 5 6 8 -8 11 10 -10 12 -1 -4
right_child=-2 -3 3 -5 -6 -7 7 -9 9 -11 -12 -13 -14 -15
leaf_value=-0.00087287121452391144 -0.010156055539846422 0.0042369663218657181 0.0016628831066191193 -0.00010234055419762925 -0.0016842843964695931 -0.0016215493436902762 -0.0011736408419286213 -0.00054048397384273499 -0.0021918360609561208 -0.00082516279071569393 -0.0012351754254528455 -0.0013803821057081216 -0.0012632477718094982 0.0016910166080508914
leaf_weight=5 3.9999999999999991 14.999999999999998 10.000000000000002 9.0000000000000018 2.9999999999999991 3.9999999999999991 2.9999999999999991 3 3.9999999999999982 3.0000000000000009 7 4.0000000000000009 3 6.9999999999999991
leaf_count=5 2 5 4 3 3 4 3 3 4 3 7 4 3 3
internal_value=2.72669e-06 0.000510666 -0.00034925 0.00105942 -0.00128836 -0.00125537 -0.0012096 -0.000857062 -0.00129095 -0.00142065 -0.00158305 -0.00113964 -0.00101926 0.00167447
internal_weight=84 80 65 26 39 36 32 6 26 14 11 12 8 17
internal_count=56 54 49 10 39 36 32 6 26 14 11 12 8 7
is_linear=0
shrinkage=0.05


Tree=49
num_leaves=17
num_cat=0
split_feature=80 11 66 11 44 64 69 55 62 17 11 7 5 7 11 65
split_gain=0.0388817 0.00603793 0.00194685 0.00297959 0.000858504 0.000239941 0.000167456 0.000211503 0.00112797 0.000440984 0.000239269 0.000105084 7.77945e-05 5.63891e-05 2.03679e-05 3.07564e-06
threshold=1.0000000180025095e-35 0.27350000000000002 1.0000000180025095e-35 0.55000000000000016 0.22500000000000003 1.0000000180025095e-35 1.0000000180025095e-35 1.0000000180025095e-35 1.0000000180025095e-35 1.0000000180025095e-35 0.22500000000000003 1.0000000180025095e-35 1.0000000180025095e-35 1.0000000180025095e-35 0.55000000000000016 1.0000000180025095e-35
decision_type=2 2 2 2 2 2 2 2 2 2 2 2 2 2 2 2
left_child=2 4 5 -4 12 6 7 9 13 10 -1 15 -2 -9 -13 -12
right_child=1 -3 3 -5 -6 -7 -8 8 -10 -11 11 14 -14 -15 -16 -17
leaf_value=-0.00084923259273636932 0.001501936981311211 -5.6292733643203976e-05 -0.001169357099570334 0.00091516639028365395 0.00096025222705470195 -0.0008558639045804739 -0.0015306117478758098 -0.00086461380124092037 -0.0021872803568840022 -0.00053549875932124751 -0.0013864339329302316 -0.0012245956109836695 0.0013164400309324262 -0.001151378802023828 -0.0010522493694831304 -0.0014534063870087262
leaf_weight=4.0000000000000062 13 11.999999999999998 3.9999999999999991 3 18 4.9999999999999991 3.9999999999999991 3.0000000000000018 3 2.9999999999999991 2.9999999999999982 4 10 4 3 4
leaf_count=4 5 4 4 3 6 5 4 3 3 3 3 4 4 4 3 4
internal_value=1.7223e-06 0.000930162 -0.00104524 -0.00027599 0.00121888 -0.00117986 -0.00122615 -0.00118686 -0.00137612 -0.00109674 -0.00119028 -0.00128772 0.00142129 -0.00102848 -0.00115073 -0.0014247
internal_weight=100 53 47 7 41 40 35 31 10 21 18 14 23 7 7 7
internal_count=66 19 47 7 15 40 35 31 10 21 18 14 9 7 7 7
is_linear=0
shrinkage=0.05


Tree=50
num_leaves=17
num_cat=0
split_feature=22 75 80 0 64 55 62 22 71 79 66 69 11 7 77 11
split_gain=0.154854 0.0875083 0.026758 0.00812455 0.000344574 0.00014407 0.000975085 0.000254859 0.000303722 0.000275616 0.000132457 0.000114827 8.70688e-05 8.37125e-05 2.59954e-05 9.39398e-07
threshold=0.77500000000000013 1.0000000180025095e-35 1.0000000180025095e-35 0.45000000000000007 1.0000000180025095e-35 1.0000000180025095e-35 1.0000000180025095e-35 0.45000000000000007 1.0000000180025095e-35 1.0000000180025095e-35 1.0000000180025095e-35 1.0000000180025095e-35 0.27350000000000002 1.0000000180025095e-35 1.0000000180025095e-35 0.35000000000000009
decision_type=2 2 2 2 2 2 2 2 2 2 2 2 2 2 2 2
left_child=1 2 4 14 5 7 13 11 9 10 -9 12 -1 -7 -4 -14
right_child=-2 -3 3 -5 -6 6 -8 8 -10 -11 -12 -13 15 -15 -16 -17
leaf_value=-0.00070895535871386486 -0.0096957016736269001 0.003843132890760899 0.0013491409238089213 -0.00040827183984220011 -0.00066537471720948824 -0.00082138312670091817 -0.0020779162645339967 -0.0015391269698739058 -0.0016075637191534044 -0.00076769751940446423 -0.0010996202647220342 -0.0012120321082572142 -0.00097168326998750348 -0.0011448651396979888 0.0014637228101491925 -0.0010112517358114319
leaf_weight=5.0000000000000018 3.9999999999999991 14.999999999999998 11 9.0000000000000018 3.9999999999999991 2.9999999999999982 2.9999999999999991 2.9999999999999982 3.9999999999999991 4 4 2.9999999999999991 3 6 9 3
leaf_count=5 2 5 5 3 4 3 3 3 4 4 4 3 3 6 3 3
internal_value=-7.17352e-05 0.000360803 -0.000345075 0.000839297 -0.00110834 -0.00115155 -0.00129726 -0.00109126 -0.00123446 -0.00109879 -0.00128798 -0.000937834 -0.000863053 -0.00103704 0.0014007 -0.000991468
internal_weight=93 89 74 29 45 41 12 29 15 11 7 14 11 9 20 6
internal_count=63 61 56 11 45 41 12 29 15 11 7 14 11 9 8 6
is_linear=0
shrinkage=0.05


Tree=51
num_leaves=15
num_cat=0
split_feature=79 78 70 66 11 44 11 11 5 11 8 69 11 16
split_gain=0.0139651 0.0153872 0.00362278 0.00112534 0.00310157 0.000969726 0.000911531 0.000413249 0.000165884 0.000127563 4.64884e-05 4.29963e-05 3.07261e-05 2.66094e-05
threshold=1.0000000180025095e-35 1.0000000180025095e-35 1.0000000180025095e-35 1.0000000180025095e-35 0.55000000000000016 1.0000000180025095e-35 0.35000000000000009 0.55000000000000016 1.0000000180025095e-35 0.27350000000000002 1.0000000180025095e-35 1.0000000180025095e-35 0.22500000000000003 1.0000000180025095e-35
decision_type=2 2 2 2 2 2 2 2 2 2 2 2 2 2
left_child=1 5 7 6 -5 8 13 10 -1 -7 11 -2 -12 -3
right_child=2 3 -4 4 -6 9 -8 -9 -10 -11 12 -13 -14 -15
leaf_value=0.0014337475877255201 -0.00083691559266298892 -0.0005976344167720523 0.00035705293645150961 -0.0010591066209599375 0.001067657173067952 0.00092445930673016425 -0.0017001415602862836 -0.0016071440186351538 0.0011457510758191346 0.00071400103236859047 -0.001250230179478725 -0.0010687461588531732 -0.0010385492118075489 -0.00077065328718163063
leaf_weight=10 4.0000000000000053 4.0000000000000018 4.9999999999999991 3.9999999999999991 3 18.000000000000004 2.9999999999999991 3.9999999999999991 10 11.999999999999998 2.9999999999999991 4 4 5
leaf_count=4 4 4 5 4 3 6 3 4 4 4 3 4 4 5
internal_value=0.000198438 0.000559791 -0.000840452 -0.000651457 -0.000147636 0.00102007 -0.000945352 -0.00115558 0.00128975 0.000840276 -0.00103517 -0.000952831 -0.00112927 -0.000693756
internal_weight=93 69 24 19 7 50 12 19 20 30 15 8 7 9
internal_count=61 37 24 19 7 18 12 19 8 10 15 8 7 9
is_linear=0
shrinkage=0.05


Tree=52
num_leaves=16
num_cat=0
split_feature=75 80 0 66 78 11 62 17 11 11 38 7 5 40 11
split_gain=0.0747937 0.016088 0.00661192 0.00166068 0.000477681 0.000185337 0.000738926 0.000571193 0.000236192 0.000160925 7.53346e-05 2.14456e-06 1.57007e-06 5.88947e-07 3.37708e-07
threshold=1.0000000180025095e-35 1.0000000180025095e-35 0.45000000000000007 1.0000000180025095e-35 1.0000000180025095e-35 0.22500000000000003 1.0000000180025095e-35 1.0000000180025095e-35 0.55000000000000016 1.0000000180025095e-35 1.0000000180025095e-35 1.0000000180025095e-35 1.0000000180025095e-35 1.0000000180025095e-35 0.35000000000000009
decision_type=2 2 2 2 2 2 2 2 2 2 2 2 2 2 2
left_child=1 3 12 4 5 6 13 8 11 10 -6 -7 -3 -1 -11
right_child=-2 2 -4 -5 9 7 -8 -9 -10 14 -12 -13 -14 -15 -16
leaf_value=-0.0010372174593309552 0.0035920009762048719 0.0012670988749180518 -0.00042706588283181174 -0.0001436627625177304 -0.00077864153621097433 -0.001077105725804965 -0.001991873234510421 -0.00044195185958718257 -0.0015267867827787993 -0.00097953591806193173 -0.00042430035828147075 -0.0010211818269453942 0.0012362239975482225 -0.0010665241396054625 -0.00095581151545047732
leaf_weight=3.0000000000000018 14.999999999999998 7.0000000000000009 9.0000000000000018 5.9999999999999991 2.9999999999999982 2.9999999999999982 3 2.9999999999999991 4 3 3 4 10 4 3
leaf_count=3 5 3 3 6 3 3 3 3 4 3 3 4 4 4 3
internal_value=0.000396254 -0.00030869 0.000668782 -0.000913792 -0.00104215 -0.00117093 -0.00133534 -0.0010535 -0.00122029 -0.000784572 -0.000601471 -0.00104515 0.00124894 -0.00105396 -0.000967674
internal_weight=83 68 26 42 36 24 10 14 11 12 6 7 17 7 6
internal_count=57 52 10 42 36 24 10 14 11 12 6 7 7 7 6
is_linear=0
shrinkage=0.05


Tree=53
num_leaves=15
num_cat=0
split_feature=22 75 80 0 62 11 0 22 11 39 66 22 11 7
split_gain=0.142502 0.0807634 0.0190732 0.005372 0.00216433 0.000550053 0.000438324 6.27687e-05 0.000139928 6.73297e-05 3.46119e-05 8.36766e-06 7.46111e-06 5.0369e-06
threshold=0.77500000000000013 1.0000000180025095e-35 1.0000000180025095e-35 0.45000000000000007 1.0000000180025095e-35 0.55000000000000016 1.0000000180025095e-35 0.22500000000000003 0.27350000000000002 1.0000000180025095e-35 1.0000000180025095e-35 0.45000000000000007 1.0000000180025095e-35 1.0000000180025095e-35
decision_type=2 2 2 2 2 2 2 2 2 2 2 2 2 2
left_child=1 2 4 6 5 7 -4 9 -9 12 11 -10 13 -1
right_child=-2 -3 3 -5 -6 -7 -8 8 10 -11 -12 -13 -14 -15
leaf_value=-0.00092963939532637516 -0.0093918329104781158 0.0040590577681238454 0.0013050416950136422 -0.00040571266630043569 -0.0020811844617128375 -0.0014014920394401999 0.00082406621012422762 -0.00049640036304481332 -0.00086193666793406027 -0.00073884812494119005 -0.00099896816536784163 -0.00075147023114065313 -0.001073320209980011 -0.0010115898028016091
leaf_weight=3.0000000000000018 3.9999999999999991 11.999999999999998 10 9.0000000000000018 4.9999999999999991 5.9999999999999991 9 2.9999999999999991 3.9999999999999982 2.9999999999999991 4 3 2.9999999999999991 5
leaf_count=3 2 4 4 3 5 6 3 3 4 3 4 3 3 5
internal_value=-0.000184681 0.000281504 -0.000395073 0.000600557 -0.00110988 -0.000967046 0.00107721 -0.00087395 -0.000799088 -0.000948812 -0.000881639 -0.000814594 -0.00100608 -0.000980858
internal_weight=83 79 67 28 39 34 19 28 14 14 11 7 11 8
internal_count=55 53 49 10 39 34 7 28 14 14 11 7 11 8
is_linear=0
shrinkage=0.05


Tree=54
num_leaves=16
num_cat=0
split_feature=22 22 80 75 11 11 56 17 62 22 22 7 11 7 6
split_gain=0.13063 0.0629194 0.0265284 0.00128595 0.00110218 0.000163251 0.000132833 0.000427538 0.000292399 0.00020155 0.000167717 0.000153543 0.00016288 2.94588e-05 1.28248e-05
threshold=0.77500000000000013 0.72500000000000009 1.0000000180025095e-35 1.0000000180025095e-35 0.27350000000000002 0.61250000000000016 1.0000000180025095e-35 1.0000000180025095e-35 1.0000000180025095e-35 0.45000000000000007 0.27500000000000008 1.0000000180025095e-35 0.55000000000000016 1.0000000180025095e-35 1.0000000180025095e-35
decision_type=2 2 2 2 2 2 2 2 2 2 2 2 2 2 2
left_child=1 2 5 4 14 6 8 9 13 10 -8 12 -11 -1 -4
right_child=-2 -3 3 -5 -6 -7 7 -9 -10 11 -12 -13 -14 -15 -16
leaf_value=-0.00080816691042855408 -0.0089222407899796959 0.0042791420386897195 0.0012888358772865354 0.00036251353934252015 0.00061106390785425901 -0.001274470495991409 -0.001064074819441883 -0.00031579506273070974 -0.001427682634675875 -0.0010449774842709305 -0.00066754673634932264 -0.00086652957368642085 -0.0015109967624691001 -0.0010000613867305217 0.0012005946692079305
leaf_weight=3.9999999999999982 3.9999999999999991 8.9999999999999982 7.0000000000000044 11.999999999999998 11.999999999999998 3.9999999999999991 4.0000000000000062 2.9999999999999991 4 4.9999999999999982 7.9999999999999991 5 3 4 10
leaf_count=4 2 3 3 4 4 4 4 3 4 5 8 5 3 4 4
internal_value=-7.28782e-05 0.00030369 -0.00011724 0.000797823 0.000977951 -0.000969912 -0.000939456 -0.000879807 -0.00107864 -0.000947488 -0.000799723 -0.00108389 -0.00121973 -0.000904114 0.00123693
internal_weight=98 94 85 41 29 44 40 28 12 25 12 13 8 8 17
internal_count=64 62 59 15 11 44 40 28 12 25 12 13 8 8 7
is_linear=0
shrinkage=0.05


Tree=55
num_leaves=16
num_cat=0
split_feature=22 80 11 22 5 11 66 64 22 17 65 71 79 11 7
split_gain=0.112065 0.0294119 0.0101705 0.0101226 0.00053754 0.000216184 0.000276086 0.000204615 0.000215464 0.000532028 0.000259412 0.000448689 9.81494e-05 5.44108e-05 5.75095e-05
threshold=0.77500000000000013 1.0000000180025095e-35 0.27350000000000002 0.45000000000000007 1.0000000180025095e-35 0.61250000000000016 1.0000000180025095e-35 1.0000000180025095e-35 0.22500000000000003 1.0000000180025095e-35 1.0000000180025095e-35 1.0000000180025095e-35 1.0000000180025095e-35 1.0000000180025095e-35 1.0000000180025095e-35
decision_type=2 2 2 2 2 2 2 2 2 2 2 2 2 2 2
left_child=1 5 3 4 -3 6 7 8 9 13 11 12 -10 14 -1
right_child=-2 2 -4 -5 -6 -7 -8 -9 10 -11 -12 -13 -14 -15 -16
leaf_value=-0.00061421650461852503 -0.0084761295467615135 0.0011735395900905133 -0.00025265153575067722 0.0028758480730983948 0.00068593499823831582 -0.0012107469374313951 -0.00036397048194582263 -0.00052720705207320862 -0.00062574793337262253 -0.0015371380839496853 -0.0011986546994497381 -0.0010544026363641021 -0.0002754812652710825 -0.0010108711081556975 -0.00090381614863872513
leaf_weight=3.0000000000000018 3.9999999999999991 10 11.999999999999998 8.9999999999999982 13 3.9999999999999991 2.9999999999999991 3.9999999999999991 3.9999999999999982 3.9999999999999991 2.9999999999999991 5 4 4 4
leaf_count=3 2 4 4 3 5 4 3 4 4 4 3 5 4 4 4
internal_value=-0.000295197 8.53115e-05 0.000988713 0.00145422 0.000897937 -0.000861109 -0.000824305 -0.000863762 -0.000907189 -0.00104333 -0.000779556 -0.000682841 -0.000450615 -0.000863764 -0.000779702
internal_weight=90 86 44 32 23 42 38 35 31 15 16 13 8 11 7
internal_count=60 58 16 12 9 42 38 35 31 15 16 13 8 11 7
is_linear=0
shrinkage=0.05


Tree=56
num_leaves=18
num_cat=0
split_feature=22 80 0 44 6 11 64 65 22 70 19 22 11 7 76 11 5
split_gain=0.101423 0.0312642 0.00984527 0.00963185 0.000365225 0.000173954 0.000127801 9.32884e-05 0.000234793 0.000341744 0.000220366 0.000215041 8.86067e-05 0.000100631 6.63035e-05 3.27775e-05 2.4665e-05
threshold=0.77500000000000013 1.0000000180025095e-35 0.45000000000000007 0.43750000000000006 1.0000000180025095e-35 0.61250000000000016 1.0000000180025095e-35 1.0000000180025095e-35 0.55000000000000016 1.0000000180025095e-35 1.0000000180025095e-35 0.45000000000000007 0.27350000000000002 1.0000000180025095e-35 1.0000000180025095e-35 0.35000000000000009 1.0000000180025095e-35
decision_type=2 2 2 2 2 2 2 2 2 2 2 2 2 2 2 2 2
left_child=1 5 3 4 14 6 7 8 9 11 -10 12 13 -1 -3 -9 -13
right_child=-2 2 -4 -5 -6 -7 -8 15 10 -11 -12 16 -14 -15 -16 -17 -18
leaf_value=-0.00042813553125597487 -0.0080523228272795684 0.00062226804106363257 -0.00049807756828765075 0.0027700129275520643 0.0010944740345271732 -0.0011502095963805915 -0.0005678506445838139 -0.00090081081725656986 -0.00082391207688488073 -0.0012393917515873909 -0.00021787911343077815 -0.0010869962861761451 -0.00086519108153879651 -0.00074535939842462534 0.00082744473798407434 -0.001134539760338763 -0.00089733938996990493
leaf_weight=5.0000000000000053 3.9999999999999991 6.9999999999999973 8.9999999999999982 8.9999999999999982 13.000000000000002 3.9999999999999991 4.9999999999999991 2.9999999999999991 2.9999999999999991 4.9999999999999991 3 3.9999999999999991 3.9999999999999991 5 9 3 3
leaf_count=5 2 3 3 3 5 4 5 3 3 5 3 4 4 5 3 3 3
internal_value=-0.000254771 7.70398e-05 0.000988903 0.00134108 0.000897622 -0.000834824 -0.000805486 -0.000836753 -0.00080283 -0.000867892 -0.000520896 -0.00077944 -0.000666303 -0.000586747 0.00073768 -0.00101768 -0.00100571
internal_weight=98 94 47 38 29 47 43 38 32 26 6 21 14 10 16 6 7
internal_count=66 64 17 14 11 47 43 38 32 26 6 21 14 10 6 6 7
is_linear=0
shrinkage=0.05


Tree=57
num_leaves=17
num_cat=0
split_feature=22 22 80 5 55 69 64 55 62 17 22 7 66 7 22 11
split_gain=0.0968309 0.0514902 0.01882 0.00133669 0.000449959 0.000219591 0.000119504 0.00013564 0.000657331 0.00035991 0.000293736 7.57002e-05 0.000177056 5.15152e-05 4.59177e-05 3.57448e-05
threshold=0.77500000000000013 0.72500000000000009 1.0000000180025095e-35 1.0000000180025095e-35 1.0000000180025095e-35 1.0000000180025095e-35 1.0000000180025095e-35 1.0000000180025095e-35 1.0000000180025095e-35 1.0000000180025095e-35 0.45000000000000007 1.0000000180025095e-35 1.0000000180025095e-35 1.0000000180025095e-35 0.27500000000000008 0.55000000000000016
decision_type=2 2 2 2 2 2 2 2 2 2 2 2 2 2 2 2
left_child=1 2 5 -4 -5 6 7 9 13 10 14 12 -12 -9 -1 -13
right_child=-2 -3 3 4 -6 -7 -8 8 -10 -11 11 15 -14 -15 -16 -17
leaf_value=-0.00069302360837658085 -0.0076497072353959089 0.0038895015915234887 0.0010490834712982178 0.00029138908100624877 0.00073858230995635181 -0.0011566597386263311 -0.00053945811174344277 -0.00055422099151959041 -0.0015780096252759298 -0.00021898924411895373 -0.0013489622001846635 -0.00093860828007260937 -0.00084082233515800895 -0.000807980711882313 -0.00043425096664577716 -0.0006945290137082337
leaf_weight=3.0000000000000062 3.9999999999999991 8.9999999999999982 15.999999999999998 15 9 3.9999999999999991 4.9999999999999991 2.9999999999999982 2.9999999999999991 2.9999999999999991 2.9999999999999982 3 4 6 4 3
leaf_count=3 2 3 6 5 3 4 5 3 3 3 3 3 4 6 4 3
internal_value=-3.23818e-05 0.000295245 -8.98538e-05 0.000695085 0.000459087 -0.000803435 -0.000768112 -0.000800777 -0.000937048 -0.00072968 -0.000806283 -0.000946891 -0.0010586 -0.000723394 -0.000545154 -0.000816569
internal_weight=97 93 84 40 24 44 40 35 12 23 20 13 7 9 7 6
internal_count=63 61 58 14 8 44 40 35 12 23 20 13 7 9 7 6
is_linear=0
shrinkage=0.05


Tree=58
num_leaves=16
num_cat=0
split_feature=80 75 11 22 64 11 55 62 17 11 71 7 69 22 5
split_gain=0.0200018 0.00130575 0.000778966 0.00045546 0.000178014 0.00012551 9.10795e-05 0.000548813 0.000400794 0.000309023 0.000128436 6.19317e-05 2.26286e-05 4.65395e-05 1.94138e-05
threshold=1.0000000180025095e-35 1.0000000180025095e-35 0.27350000000000002 0.72500000000000009 1.0000000180025095e-35 0.61250000000000016 1.0000000180025095e-35 1.0000000180025095e-35 1.0000000180025095e-35 0.55000000000000016 1.0000000180025095e-35 1.0000000180025095e-35 1.0000000180025095e-35 0.45000000000000007 1.0000000180025095e-35
decision_type=2 2 2 2 2 2 2 2 2 2 2 2 2 2 2
left_child=4 2 14 -3 5 6 8 11 9 10 12 -8 13 -1 -2
right_child=1 3 -4 -5 -6 -7 7 -9 -10 -11 -12 -13 -14 -15 -16
leaf_value=-0.00051091963890939856 0.0010143772698938843 0.00015037688814724482 0.00054096156187976403 0.00062091284328036843 -0.00051248519623186444 -0.0011402240643898645 -0.00052650995397319415 -0.001499109218517939 -0.0002080397855024785 -0.0012212777044624092 -0.00098058661678805952 -0.00081386962905526149 -0.00075554442591965201 -0.00073973592370748511 0.0011176581228418011
leaf_weight=5.0000000000000089 13.000000000000002 12.000000000000002 11.999999999999998 8.9999999999999982 4.9999999999999991 2.9999999999999991 2.9999999999999982 3 2.9999999999999991 3.9999999999999991 3.9999999999999991 5 3.9999999999999991 4 6.9999999999999991
leaf_count=5 5 4 4 3 5 3 3 3 3 4 4 5 4 4 3
internal_value=8.31446e-06 0.000658392 0.000859439 0.000352035 -0.000792944 -0.000829847 -0.000803243 -0.000922382 -0.000748637 -0.000825866 -0.000732827 -0.00070611 -0.000656594 -0.000612616 0.00105053
internal_weight=96 53 32 21 43 38 35 11 24 21 17 8 13 9 20
internal_count=62 19 12 7 43 38 35 11 24 21 17 8 13 9 8
is_linear=0
shrinkage=0.05


Tree=59
num_leaves=17
num_cat=0
split_feature=22 22 80 70 16 17 22 22 22 71 22 66 22 8 78 55
split_gain=0.0933041 0.104883 0.00940751 0.00894736 0.00093233 0.000369434 0.00034697 0.000154982 0.000147687 8.47343e-05 7.4972e-05 4.18925e-05 0.000104808 4.17796e-05 3.12282e-05 1.61201e-06
threshold=0.77500000000000013 0.72500000000000009 1.0000000180025095e-35 1.0000000180025095e-35 1.0000000180025095e-35 1.0000000180025095e-35 0.22500000000000003 0.45000000000000007 0.22500000000000003 1.0000000180025095e-35 0.45000000000000007 1.0000000180025095e-35 0.55000000000000016 1.0000000180025095e-35 1.0000000180025095e-35 1.0000000180025095e-35
decision_type=2 2 2 2 2 2 2 2 2 2 2 2 2 2 2 2
left_child=1 2 3 5 -4 7 -6 8 9 -1 -8 12 13 -9 -10 -11
right_child=-2 -3 4 -5 6 -7 10 11 14 15 -12 -13 -14 -15 -16 -17
leaf_value=-0.00094553566537797402 -0.0072762522846460346 0.0069145803650220231 0.00096365840604098951 0.0015435008192434907 0.00068741575349122268 -0.00025193598121404649 0.00021804074317009907 -0.00069520769951244221 -0.00065212332022686825 -0.00069275330752134308 0.00042212675842973925 -0.00075076905195601293 -0.0011894871480762955 -0.00094204480410553504 -0.00045454980766711136 -0.00064092013829698152
leaf_weight=5.0000000000000018 3.9999999999999991 5.9999999999999991 12.999999999999998 4.9999999999999991 10.000000000000002 3.9999999999999991 9.0000000000000018 2.9999999999999982 2.9999999999999982 3 8.9999999999999982 3.9999999999999991 3 4 6 3
leaf_count=5 2 2 5 5 4 4 3 3 3 3 3 4 3 4 6 3
internal_value=0.000195934 0.000528031 7.18485e-05 -0.000444836 0.000613737 -0.000706459 0.000451274 -0.000759933 -0.000670618 -0.000793518 0.000320084 -0.000887524 -0.000942226 -0.000836257 -0.000520408 -0.000666837
internal_weight=94 90 84 43 41 38 28 34 20 11 18 14 10 7 9 6
internal_count=62 60 58 43 15 38 10 34 20 11 6 14 10 7 9 6
is_linear=0
shrinkage=0.05


Tree=60
num_leaves=15
num_cat=0
split_feature=22 22 80 22 70 22 17 22 66 22 50 71 78 77
split_gain=0.0811972 0.0991447 0.0160157 0.000718212 0.000346601 0.000456035 0.000198436 0.000138159 0.000105822 0.000202428 7.32777e-05 4.75654e-05 2.56552e-05 1.9051e-06
threshold=0.77500000000000013 0.72500000000000009 1.0000000180025095e-35 0.27500000000000008 1.0000000180025095e-35 0.45000000000000007 1.0000000180025095e-35 0.22500000000000003 1.0000000180025095e-35 0.55000000000000016 1.0000000180025095e-35 1.0000000180025095e-35 1.0000000180025095e-35 1.0000000180025095e-35
decision_type=2 2 2 2 2 2 2 2 2 2 2 2 2 2
left_child=1 2 4 13 5 6 7 10 9 -7 11 -1 -9 -4
right_child=-2 -3 3 -5 -6 8 -8 12 -10 -11 -12 -13 -14 -15
leaf_value=-0.00089825887233018766 -0.0069124395027756694 0.0065688515702883414 0.00095866266172379196 0.00044954851133904112 -0.0011298465728759766 -0.00081022101920098083 -0.00023933916454552673 -0.00057569588534533967 -0.0007132306054700166 -0.0012874333828222003 -0.00050745935489734017 -0.00068016382865607736 -0.00039074469823390239 0.00092695351276132786
leaf_weight=5.0000000000000053 3.9999999999999991 5.9999999999999991 10.000000000000004 11.999999999999998 4.9999999999999991 4.9999999999999982 3.9999999999999991 3 3.9999999999999991 4 2.9999999999999991 5 5 9
leaf_count=5 2 2 4 4 5 5 4 3 4 4 3 5 5 3
internal_value=3.96606e-05 0.000387266 -0.000113944 0.00075238 -0.000738504 -0.000687011 -0.000562106 -0.000623586 -0.000927212 -0.00102232 -0.000724192 -0.000789211 -0.000460101 0.000943643
internal_weight=84 80 74 31 43 38 25 21 13 9 13 10 8 19
internal_count=58 56 54 11 43 38 25 21 13 9 13 10 8 7
is_linear=0
shrinkage=0.05


Tree=61
num_leaves=13
num_cat=0
split_feature=22 75 11 80 22 11 62 12 64 7 22 22
split_gain=0.0667388 0.0144101 0.00975324 0.00979089 0.000638775 0.000466678 0.000356157 4.69614e-05 4.27174e-05 0.000113312 2.17212e-05 3.42378e-05
threshold=0.77500000000000013 1.0000000180025095e-35 0.61250000000000016 1.0000000180025095e-35 0.55000000000000016 0.27350000000000002 1.0000000180025095e-35 1.0000000180025095e-35 1.0000000180025095e-35 1.0000000180025095e-35 0.27500000000000008 0.45000000000000007
decision_type=2 2 2 2 2 2 2 2 2 2 2 2
left_child=1 2 3 4 6 -5 7 8 9 -1 -9 -12
right_child=-2 -3 -4 5 -6 -7 -8 10 -10 -11 11 -13
leaf_value=-0.00027544105250854029 -0.0065668178722262383 0.0016487767648262282 -0.0021561762318015099 0.00088761880262089613 -6.6207959316670899e-05 0.00046269517333712433 -0.0010618587094359099 -0.00076237391913309667 -0.00069165749785800746 -0.00063247924670577042 -0.00051330773276276893 -0.000709566599689424
leaf_weight=4.0000000000000018 3.9999999999999991 11.999999999999998 5.9999999999999991 14.000000000000002 4.9999999999999991 11.999999999999998 4.9999999999999991 4.0000000000000009 3.0000000000000009 5 3.9999999999999982 5
leaf_count=4 2 4 4 6 5 4 5 4 3 5 4 5
internal_value=-0.000265904 5.31297e-05 -0.000232658 -4.34594e-05 -0.000589429 0.0006915 -0.000676633 -0.000599588 -0.000528261 -0.000473796 -0.000665428 -0.00062234
internal_weight=83 79 67 61 35 26 30 25 12 9 13 9
internal_count=55 53 49 45 35 10 30 25 12 9 13 9
is_linear=0
shrinkage=0.05


Tree=62
num_leaves=15
num_cat=0
split_feature=44 80 5 55 64 55 62 22 8 22 11 11 7 22
split_gain=0.024579 0.0107195 0.000690765 0.000213442 0.000137849 0.00010324 0.000589398 0.000227496 0.000301061 0.000331853 0.000118643 0.000103984 5.07838e-05 1.35528e-05
threshold=0.43750000000000006 1.0000000180025095e-35 1.0000000180025095e-35 1.0000000180025095e-35 1.0000000180025095e-35 1.0000000180025095e-35 1.0000000180025095e-35 0.45000000000000007 1.0000000180025095e-35 0.55000000000000016 0.55000000000000016 0.27350000000000002 1.0000000180025095e-35 0.27500000000000008
decision_type=2 2 2 2 2 2 2 2 2 2 2 2 2 2
left_child=1 4 -3 -4 5 7 12 11 10 -10 -9 -1 -7 -13
right_child=-2 2 3 -5 -6 6 -8 8 9 -11 -12 13 -14 -15
leaf_value=-0.00024430831981589999 0.0031945985353862248 0.00085030843814214076 0.00023653955916718889 0.0005493135005235671 -0.00038364271167665723 -0.00041452477065225457 -0.0013917433718840281 -0.00075917954090982693 -0.00080087056849151837 -0.00010520383560409146 -0.0011442810820881276 -0.0006192970555275681 -0.00066647659987211221 -0.00049581852275878177
leaf_weight=4.0000000000000027 5.9999999999999991 11.999999999999998 12 10 4.9999999999999991 2.9999999999999982 2.9999999999999991 3.9999999999999982 4 3 4 3.9999999999999982 6 5
leaf_count=4 2 4 4 4 5 3 3 4 4 3 4 4 6 5
internal_value=0.000109419 -0.000124899 0.000545156 0.00037871 -0.000631163 -0.000662103 -0.000784805 -0.000609516 -0.000742196 -0.000502728 -0.00095173 -0.000456424 -0.000582493 -0.000550698
internal_weight=85 79 34 22 45 40 12 28 15 7 8 13 9 9
internal_count=59 57 12 8 45 40 12 28 15 7 8 13 9 9
is_linear=0
shrinkage=0.05


Tree=63
num_leaves=17
num_cat=0
split_feature=22 22 80 70 75 11 22 40 16 22 66 8 0 78 5 11
split_gain=0.0656029 0.0864953 0.0150997 0.00874967 0.00248882 0.000711511 0.000375934 0.000231857 0.000119792 0.00012267 0.000119578 0.000106681 4.03237e-05 3.82718e-05 2.90631e-05 4.30852e-06
threshold=0.77500000000000013 0.72500000000000009 1.0000000180025095e-35 1.0000000180025095e-35 1.0000000180025095e-35 0.55000000000000016 0.55000000000000016 1.0000000180025095e-35 1.0000000180025095e-35 0.22500000000000003 1.0000000180025095e-35 1.0000000180025095e-35 1.0000000180025095e-35 1.0000000180025095e-35 1.0000000180025095e-35 0.22500000000000003
decision_type=2 2 2 2 2 2 2 2 2 2 2 2 2 2 2 2
left_child=1 2 3 5 12 7 -7 8 11 -10 13 -1 14 -11 -4 -9
right_child=-2 -3 4 -5 -6 6 -8 15 9 10 -12 -13 -14 -15 -16 -17
leaf_value=-4.5799775398336298e-05 -0.0063439711928367616 0.0059982404112815862 0.00077478858176618763 -0.0030810268712230028 -8.6345568706747155e-05 -0.0006631597255667051 -0.0014035898260772225 -0.00070901977596804521 -0.00072507739067077586 -0.00044783882913179706 -0.00066112244967371232 -0.00046746436467704665 0.00069860044038958023 -0.00024033999303355808 0.00090762472578457425 -0.00077864082530140863
leaf_weight=3.0000000000000027 3.9999999999999991 5.9999999999999991 10.000000000000005 3.9999999999999991 11.999999999999998 2.9999999999999991 4 3.9999999999999982 5.0000000000000027 3.9999999999999982 3.9999999999999991 3 8.9999999999999982 5 6.9999999999999991 5
leaf_count=3 2 2 4 4 4 3 4 4 5 4 4 3 3 5 3 5
internal_value=-8.14552e-05 0.000203205 -0.000220822 -0.000851363 0.000509277 -0.000628396 -0.00108626 -0.000531273 -0.000450114 -0.000514607 -0.000433657 -0.000256632 0.000784179 -0.000332562 0.000829486 -0.000747698
internal_weight=92 88 82 44 38 40 7 33 24 18 13 6 26 9 17 9
internal_count=62 60 58 44 14 40 7 33 24 18 13 6 10 9 7 9
is_linear=0
shrinkage=0.05


Tree=64
num_leaves=16
num_cat=0
split_feature=22 22 17 80 75 11 11 7 40 22 71 79 22 22 79
split_gain=0.0630062 0.0727001 0.00591203 0.00284224 0.000892969 0.000179963 0.000146984 0.000203249 0.000136189 8.69234e-05 7.41493e-05 5.20901e-05 1.48786e-05 6.89756e-06 4.90852e-06
threshold=0.77500000000000013 0.72500000000000009 1.0000000180025095e-35 1.0000000180025095e-35 1.0000000180025095e-35 0.22500000000000003 0.55000000000000016 1.0000000180025095e-35 1.0000000180025095e-35 0.22500000000000003 1.0000000180025095e-35 1.0000000180025095e-35 0.45000000000000007 0.45000000000000007 1.0000000180025095e-35
decision_type=2 2 2 2 2 2 2 2 2 2 2 2 2 2 2
left_child=1 2 3 6 -5 -4 8 -8 9 14 -10 12 -11 -12 -1
right_child=-2 -3 5 4 -6 -7 7 -9 10 11 13 -13 -14 -15 -16
leaf_value=-0.00057163346403588848 -0.0060267722234129909 0.0056983287135759994 0.00087106309902782592 0.00057682076262103178 -8.2028286124113939e-05 0.00051809039257932454 -0.00091625418514013318 -0.00043807503534480923 -0.00042301252251490933 -0.00011377171225224936 -0.00064024227031040922 -0.00042544688330963247 -0.00027124421903863539 -0.0007330967200687154 -0.00048118535196408615
leaf_weight=2.9999999999999991 3.9999999999999991 5.9999999999999991 13.000000000000002 9 12 4.9999999999999991 4.9999999999999982 4 4.0000000000000009 2.9999999999999982 4 4 3 4 3
leaf_count=3 2 2 7 3 4 3 5 4 4 3 4 4 3 4 3
internal_value=0.000100813 0.00039972 -1.85914e-05 -0.000264262 0.000200336 0.000773015 -0.000527953 -0.00070373 -0.000471453 -0.000375956 -0.000598784 -0.000285684 -0.000192508 -0.000686669 -0.000526409
internal_weight=86 82 76 58 21 18 37 9 28 16 12 10 6 8 6
internal_count=58 56 54 44 7 10 37 9 28 16 12 10 6 8 6
is_linear=0
shrinkage=0.05


Tree=65
num_leaves=16
num_cat=0
split_feature=11 80 75 11 69 22 8 17 22 22 16 22 71 5 11
split_gain=0.0124755 0.00716591 0.00174141 0.000464436 0.00020003 0.000292065 0.000205966 0.000385755 0.000118266 7.16486e-05 6.45137e-05 7.82124e-05 4.18446e-05 2.9616e-05 1.50812e-06
threshold=0.61250000000000016 1.0000000180025095e-35 1.0000000180025095e-35 0.27350000000000002 1.0000000180025095e-35 0.55000000000000016 1.0000000180025095e-35 1.0000000180025095e-35 0.45000000000000007 0.72500000000000009 1.0000000180025095e-35 0.22500000000000003 1.0000000180025095e-35 1.0000000180025095e-35 0.35000000000000009
decision_type=2 2 2 2 2 2 2 2 2 2 2 2 2 2 2
left_child=1 4 3 13 5 6 8 12 10 -4 -1 -12 -8 -3 -14
right_child=-2 2 9 -5 -6 -7 7 -9 -10 -11 11 -13 14 -15 -16
leaf_value=-0.00018842075951397411 -0.0023721354470277829 0.00070583866909146298 -0.00011156235769804978 0.00035702438132526976 -0.00085167217766866097 -0.00012435343116521836 -0.00035376783926039908 -0.0010963650885969401 -0.00066640638979151854 8.7948971324496806e-05 -0.00059727072366513303 -0.00031183907024872801 -0.00055740469833835942 0.00083340242105935298 -0.00060753982203702117
leaf_weight=4.0000000000000009 5.9999999999999991 13.000000000000002 9.0000000000000018 11.999999999999998 3.9999999999999991 4.9999999999999991 3.0000000000000018 3.9999999999999991 3.9999999999999991 8.9999999999999982 4 6 3 6.9999999999999991 3
leaf_count=4 4 5 3 4 4 5 3 4 4 3 4 6 3 3 3
internal_value=-0.000164592 -1.74221e-05 0.00038163 0.000602938 -0.000516237 -0.000478966 -0.000536162 -0.000687815 -0.000426635 -1.18067e-05 -0.000358129 -0.000426012 -0.000506237 0.000750486 -0.000582472
internal_weight=96 90 50 32 40 36 31 13 18 18 14 10 9 20 6
internal_count=62 58 18 12 40 36 31 13 18 6 14 10 9 8 6
is_linear=0
shrinkage=0.05


Tree=66
num_leaves=16
num_cat=0
split_feature=22 75 11 80 11 65 78 11 17 17 22 11 60 5 7
split_gain=0.0519031 0.0241756 0.0146172 0.00605985 0.000580859 0.000215811 0.000357688 0.000110056 0.000398161 0.000216196 9.39913e-05 7.55299e-05 4.78959e-05 2.99023e-05 5.10371e-06
threshold=0.77500000000000013 1.0000000180025095e-35 0.66250000000000009 1.0000000180025095e-35 0.27350000000000002 1.0000000180025095e-35 1.0000000180025095e-35 0.22500000000000003 1.0000000180025095e-35 1.0000000180025095e-35 0.45000000000000007 0.55000000000000016 1.0000000180025095e-35 1.0000000180025095e-35 1.0000000180025095e-35
decision_type=2 2 2 2 2 2 2 2 2 2 2 2 2 2 2
left_child=1 2 3 5 -5 6 7 8 14 11 12 13 -8 -9 -1
right_child=-2 -3 -4 4 -6 -7 10 9 -10 -11 -12 -13 -14 -15 -16
leaf_value=-0.00042983670718967884 -0.005699080601334572 0.0017547724070027472 -0.0032419845927506687 0.00075684018576374407 0.00023429527516580291 -0.00079733291175216432 -0.00014276198538330697 -0.00057716284645721334 -0.0011568397283554077 -7.8024633694440126e-05 4.0722510311752552e-05 -0.00073019699193537218 -0.00040704992134124032 -0.00036833885242231184 -0.00051232882775366308
leaf_weight=3.0000000000000018 3.9999999999999991 18 3.9999999999999991 13.000000000000002 8.9999999999999982 4.9999999999999991 2.9999999999999982 2.9999999999999982 2.9999999999999991 2.9999999999999991 3 4 4 4 5
leaf_count=3 2 6 2 5 3 5 3 3 3 3 3 4 4 4 5
internal_value=-0.000134467 0.000130514 -0.000312465 -0.000123464 0.000543072 -0.000490059 -0.000446163 -0.000547255 -0.000665607 -0.000454265 -0.000193432 -0.000556876 -0.000293784 -0.000457835 -0.000481394
internal_weight=88 84 66 62 22 40 35 25 11 14 10 11 7 7 8
internal_count=58 56 50 48 8 40 35 25 11 14 10 11 7 7 8
is_linear=0
shrinkage=0.05


Tree=67
num_leaves=18
num_cat=0
split_feature=22 11 22 80 62 75 70 11 11 40 66 22 5 5 78 22 55
split_gain=0.0434874 0.0124365 0.0209986 0.00681778 0.00188674 0.00161488 0.000349085 0.000348484 0.000240037 5.54925e-05 5.29745e-05 0.000115676 9.0244e-05 3.01345e-05 1.89031e-05 1.13752e-05 2.98932e-05
threshold=0.77500000000000013 0.61250000000000016 0.65000000000000002 1.0000000180025095e-35 1.0000000180025095e-35 1.0000000180025095e-35 1.0000000180025095e-35 0.27350000000000002 0.55000000000000016 1.0000000180025095e-35 1.0000000180025095e-35 0.22500000000000003 1.0000000180025095e-35 1.0000000180025095e-35 1.0000000180025095e-35 0.45000000000000007 1.0000000180025095e-35
decision_type=2 2 2 2 2 2 2 2 2 2 2 2 2 2 2 2 2
left_child=1 2 3 4 6 7 8 13 9 10 11 12 -1 -5 -13 16 -11
right_child=-2 -3 -4 5 -6 -7 -8 -9 -10 15 -12 14 -14 -15 -16 -17 -18
leaf_value=-0.00034393615399797733 -0.0054141260683536535 -0.0025074350833892822 0.0029096929977337521 0.00061862778849899728 -0.001524073215550743 -0.00016008738154293196 2.9983138665556909e-05 0.00028955306495643326 -0.00089640085352584722 -0.00041208971330585539 -0.0005848266184329987 -0.00033354008725533876 -0.00073175914585590354 0.00075389026398105284 -0.00016750670038163658 -0.00063709757814649475 -0.00062088194536045181
leaf_weight=3.0000000000000018 3.9999999999999991 4.9999999999999991 5.9999999999999991 10.000000000000005 4.9999999999999991 11.999999999999998 2.9999999999999991 8.9999999999999982 3.9999999999999991 3.0000000000000018 3.9999999999999991 3 3 6.9999999999999991 4 4 4
leaf_count=3 2 3 2 4 5 4 3 3 4 3 4 3 3 3 4 4 4
internal_value=-0.000314068 -8.4852e-05 5.93494e-05 -0.000159908 -0.000615531 0.000319696 -0.000485739 0.000541134 -0.000534088 -0.00048233 -0.000425708 -0.000376749 -0.000537848 0.000674324 -0.000238664 -0.000569835 -0.0005314
internal_weight=93 89 84 78 40 38 35 26 32 28 17 13 6 17 7 11 7
internal_count=61 59 56 54 40 14 35 10 32 28 17 13 6 7 7 11 7
is_linear=0
shrinkage=0.05


Tree=68
num_leaves=17
num_cat=0
split_feature=22 75 11 80 11 69 6 70 55 78 22 66 22 5 22 29
split_gain=0.0431997 0.019065 0.00882642 0.0069817 0.000144828 8.51543e-05 7.00967e-05 0.000411114 5.62605e-05 3.91232e-05 0.00012862 0.000272474 9.67654e-05 1.63317e-05 1.15222e-05 1.11636e-05
threshold=0.77500000000000013 1.0000000180025095e-35 0.61250000000000016 1.0000000180025095e-35 0.27350000000000002 1.0000000180025095e-35 1.0000000180025095e-35 1.0000000180025095e-35 1.0000000180025095e-35 1.0000000180025095e-35 0.45000000000000007 1.0000000180025095e-35 0.45000000000000007 1.0000000180025095e-35 0.27500000000000008 1.0000000180025095e-35
decision_type=2 2 2 2 2 2 2 2 2 2 2 2 2 2 2 2
left_child=1 2 3 5 13 6 9 8 -8 12 14 -12 15 -5 -11 -1
right_child=-2 -3 -4 4 -6 -7 7 -9 -10 10 11 -13 -14 -15 -16 -17
leaf_value=-0.00033431535703130037 -0.0051434203982353216 0.0016238750603709681 -0.002028852260749166 0.00062009595955411583 0.00041201312301887387 -0.00064520661719143398 -0.0004590385011397304 -0.0010227940976619717 -0.00015282380918506529 -0.00038739846786484133 -0.00095143381816645473 -0.00027754760424916937 -6.7819608375430094e-05 0.00071619578104998389 -0.0002778434000598887 -0.00046190942812245333
leaf_weight=3.0000000000000018 3.9999999999999991 18 5.9999999999999991 12.000000000000002 9.0000000000000018 4.9999999999999991 2.9999999999999982 3 3 3.9999999999999982 2.9999999999999991 3 3 6.9999999999999991 6 4
leaf_count=3 2 6 4 4 3 5 3 3 3 4 3 3 3 3 6 4
internal_value=-5.6688e-05 0.000164474 -0.000190515 -2.83089e-05 0.000577237 -0.000452191 -0.000424617 -0.000544885 -0.000305931 -0.000382986 -0.000431475 -0.000614491 -0.000305404 0.000655501 -0.000321665 -0.000407226
internal_weight=96 92 74 68 28 40 35 9 6 26 16 6 10 19 10 7
internal_count=62 60 54 50 10 40 35 9 6 26 16 6 10 7 10 7
is_linear=0
shrinkage=0.05


Tree=69
num_leaves=16
num_cat=0
split_feature=22 62 11 22 80 75 11 69 11 22 22 79 40 5 5
split_gain=0.034862 0.0131412 0.0137659 0.0139085 0.00366762 0.0018282 0.000331274 9.32473e-05 6.27442e-05 5.2363e-05 4.71648e-05 5.99874e-05 1.93381e-05 1.47393e-05 6.3485e-07
threshold=0.77500000000000013 1.0000000180025095e-35 0.66250000000000009 0.65000000000000002 1.0000000180025095e-35 1.0000000180025095e-35 0.27350000000000002 1.0000000180025095e-35 0.55000000000000016 0.45000000000000007 0.22500000000000003 1.0000000180025095e-35 1.0000000180025095e-35 1.0000000180025095e-35 1.0000000180025095e-35
decision_type=2 2 2 2 2 2 2 2 2 2 2 2 2 2 2
left_child=1 2 3 4 7 6 13 8 9 10 11 -1 -13 -6 -11
right_child=-2 -3 -4 -5 5 -7 -8 -9 -10 14 -12 12 -14 -15 -16
leaf_value=-0.00059004001086577649 -0.0048862485215067867 -0.0029190999353886585 -0.0028530708048492672 0.0022826836910098793 0.00058909117554624846 -0.00023327675686838725 0.00025447477690047687 -0.00061294627608731399 -0.00021804839954711497 -0.00055726602440699937 -0.00026795060506888799 -0.00025367677832643188 -0.00040915235294960431 0.00068038599565625193 -0.00052473783143796009
leaf_weight=4.000000000000008 3.9999999999999991 3.9999999999999991 3.9999999999999991 6.9999999999999991 12.000000000000005 11.999999999999998 8.9999999999999982 4.9999999999999991 4.9999999999999991 2.9999999999999991 6.9999999999999991 3 6 6.9999999999999991 3
leaf_count=4 2 4 2 3 4 4 3 5 5 3 7 3 6 3 3
internal_value=-0.000317736 -0.000116922 1.19139e-05 0.000149985 -4.64473e-05 0.000283069 0.00050436 -0.000412576 -0.000380258 -0.000411453 -0.000372588 -0.000428931 -0.000357327 0.000622726 -0.000541002
internal_weight=95 91 87 83 76 40 28 36 31 26 20 13 9 19 6
internal_count=61 59 55 53 50 14 10 36 31 26 20 13 9 7 6
is_linear=0
shrinkage=0.05


Tree=70
num_leaves=17
num_cat=0
split_feature=22 80 75 65 11 11 22 70 62 7 11 56 1 6 27 69
split_gain=0.0317007 0.00368897 0.00193259 0.000292264 0.00044474 0.000220942 0.000183678 0.000182562 0.000133044 4.78029e-05 0.000100474 2.97021e-05 1.91619e-05 2.30876e-05 1.88983e-05 6.98506e-06
threshold=0.72500000000000009 1.0000000180025095e-35 1.0000000180025095e-35 1.0000000180025095e-35 0.55000000000000016 0.61250000000000016 0.45000000000000007 1.0000000180025095e-35 1.0000000180025095e-35 1.0000000180025095e-35 1.0000000180025095e-35 1.0000000180025095e-35 1.0000000180025095e-35 1.0000000180025095e-35 1.0000000180025095e-35 1.0000000180025095e-35
decision_type=2 2 2 2 2 2 2 2 2 2 2 2 2 2 2 2
left_child=1 3 12 4 6 -6 7 8 9 10 -1 -11 13 -3 -8 -12
right_child=-2 2 -4 -5 5 -7 14 -9 -10 11 15 -13 -14 -15 -16 -17
leaf_value=-0.00012361589935608176 0.0029363819956779481 0.00064636667791221811 -0.00022161292339054249 -0.00078659972641617062 0.00026544196298345925 -0.00030219137358168755 -0.00075660799629986288 -0.00066693018306978051 1.0082925048967203e-05 -0.00057584697691102818 -0.00037314973305910813 -0.00035335327265784139 0.00048649672211872191 0.00052797133568674318 -0.0005791335366666315 -0.00048104678280651552
leaf_weight=5.0000000000000124 9.9999999999999982 7.0000000000000009 11.999999999999998 3.9999999999999991 3.9999999999999991 3 2.9999999999999991 3.9999999999999991 2.9999999999999991 2.9999999999999991 3 3 9.0000000000000018 10 3 3
leaf_count=5 4 3 4 4 4 3 3 4 3 3 3 3 3 4 3 3
internal_value=0.000284079 -5.16554e-05 0.000303247 -0.00038059 -0.000336697 2.21705e-05 -0.000420432 -0.000358573 -0.000296901 -0.000351075 -0.000289152 -0.0004646 0.00054549 0.000576722 -0.000667871 -0.000427098
internal_weight=89 79 38 41 37 7 30 24 20 17 11 6 26 17 6 6
internal_count=59 55 14 41 37 7 30 24 20 17 11 6 10 7 6 6
is_linear=0
shrinkage=0.05


Tree=71
num_leaves=18
num_cat=0
split_feature=22 22 80 75 22 65 11 11 64 8 7 11 71 71 11 69 11
split_gain=0.0388714 0.0541385 0.00268842 0.00123317 0.000144507 0.000122388 0.000375169 0.000186224 0.000136266 0.000138257 0.000124298 9.02265e-05 5.04638e-05 4.23448e-05 1.51862e-05 1.0009e-05 6.85788e-06
threshold=0.77500000000000013 0.72500000000000009 1.0000000180025095e-35 1.0000000180025095e-35 0.27500000000000008 1.0000000180025095e-35 0.55000000000000016 0.61250000000000016 1.0000000180025095e-35 1.0000000180025095e-35 1.0000000180025095e-35 1.0000000180025095e-35 1.0000000180025095e-35 1.0000000180025095e-35 0.35000000000000009 1.0000000180025095e-35 0.22500000000000003
decision_type=2 2 2 2 2 2 2 2 2 2 2 2 2 2 2 2 2
left_child=1 2 5 4 -4 6 8 -8 9 11 -11 -1 -12 15 -7 -13 -14
right_child=-2 -3 3 -5 -6 14 7 -9 -10 10 12 13 16 -15 -16 -17 -18
leaf_value=-0.00010011790509452113 -0.0047887558117508892 0.0048336441318194076 0.00057836209352199832 -0.00022301335508624704 0.00031772684823307726 -0.00045900510934491953 0.00025216987123712894 -0.00023030259762890634 -9.5498497830703865e-05 -0.0007208089064806698 -0.00024244278514136863 -0.00047571264207363134 -0.00054705461176733161 -0.00021164146407196918 -0.00061809756055784706 -0.00036959884746465824 -0.00044014440012081946
leaf_weight=3.9999999999999991 3.9999999999999991 5.9999999999999991 13.000000000000002 9.0000000000000018 8.9999999999999982 2.9999999999999991 4 4 3.9999999999999991 5.0000000000000009 3 4.9999999999999982 3 2.9999999999999991 3 4 3
leaf_count=4 2 2 5 3 3 3 4 4 4 5 3 5 3 3 3 4 3
internal_value=2.81664e-05 0.000254845 -9.29118e-05 0.000270036 0.000471739 -0.000327316 -0.000297139 1.09336e-05 -0.000369627 -0.000406177 -0.000520926 -0.000305772 -0.000409881 -0.000374324 -0.000538551 -0.000428551 -0.0004936
internal_weight=89 85 79 31 22 48 42 8 34 30 14 16 9 12 6 9 6
internal_count=63 61 59 11 8 48 42 8 34 30 14 16 9 12 6 9 6
is_linear=0
shrinkage=0.05


Tree=72
num_leaves=18
num_cat=0
split_feature=22 22 80 5 22 69 65 11 11 22 70 62 1 64 11 22 19
split_gain=0.0353508 0.0483411 0.00279406 0.000718314 0.000208389 0.000196218 0.000126261 0.000314035 0.000168067 9.59094e-05 0.000176102 0.000186139 4.55968e-05 4.309e-05 1.37056e-05 1.20719e-05 3.45289e-06
threshold=0.77500000000000013 0.72500000000000009 1.0000000180025095e-35 1.0000000180025095e-35 0.22500000000000003 1.0000000180025095e-35 1.0000000180025095e-35 0.55000000000000016 0.61250000000000016 0.27500000000000008 1.0000000180025095e-35 1.0000000180025095e-35 1.0000000180025095e-35 1.0000000180025095e-35 0.35000000000000009 0.45000000000000007 1.0000000180025095e-35
decision_type=2 2 2 2 2 2 2 2 2 2 2 2 2 2 2 2 2
left_child=1 2 5 -4 -5 6 7 9 -9 10 11 13 -6 -1 -8 -11 -17
right_child=-2 -3 3 4 12 -7 14 8 -10 15 -12 -13 -14 -15 -16 16 -18
leaf_value=-0.00019056631523805344 -0.0045493179932236671 0.0045919621984163916 0.00049915141571545976 0.00026219092775136226 -0.0001020640949718654 -0.00066835245816037063 -0.00043605485310157138 0.00023956135846674438 -0.00021878746847505678 -0.00038555595868577572 -0.00051184897776693108 0.00011577528202906249 5.7094795111980697e-05 -0.000458552746567875 -0.00058719270073197532 -0.00053584838660754026 -0.0004648873621287444
leaf_weight=3.0000000000000018 3.9999999999999991 5.9999999999999991 15.999999999999998 10.000000000000002 9 3.9999999999999991 2.9999999999999991 4 4 2.9999999999999982 4.9999999999999991 4 9 3 3 4 3
leaf_count=3 2 2 6 4 3 4 3 4 4 3 5 4 3 3 3 4 3
internal_value=5.31941e-05 0.000251152 -4.82146e-05 0.0002319 7.91852e-05 -0.000334844 -0.000300638 -0.000262277 1.03869e-05 -0.000349529 -0.000269567 -0.000148426 -2.24846e-05 -0.00032456 -0.000511624 -0.000469472 -0.000505437
internal_weight=97 93 87 44 28 43 39 33 8 25 15 10 18 6 6 10 7
internal_count=63 61 59 16 10 43 39 33 8 25 15 10 6 6 6 10 7
is_linear=0
shrinkage=0.05


Tree=73
num_leaves=17
num_cat=0
split_feature=22 22 70 7 80 75 11 62 22 40 22 66 71 56 22 78
split_gain=0.0328681 0.0422457 0.00691862 0.00579277 0.00162976 0.000826834 0.000396476 0.000338425 0.000199466 6.41088e-05 6.0068e-05 9.45196e-05 8.28921e-05 1.73853e-05 4.29282e-05 1.60202e-05
threshold=0.77500000000000013 0.72500000000000009 1.0000000180025095e-35 1.0000000180025095e-35 1.0000000180025095e-35 1.0000000180025095e-35 0.27350000000000002 1.0000000180025095e-35 0.55000000000000016 1.0000000180025095e-35 0.22500000000000003 1.0000000180025095e-35 1.0000000180025095e-35 1.0000000180025095e-35 0.27500000000000008 1.0000000180025095e-35
decision_type=2 2 2 2 2 2 2 2 2 2 2 2 2 2 2 2
left_child=1 2 4 -4 7 6 -6 8 9 10 12 15 -1 -11 -15 -12
right_child=-2 -3 3 -5 5 -7 -8 -9 -10 13 11 -13 -14 14 -16 -17
leaf_value=-0.00057698194868862566 -0.0043218519538640978 0.0043623636166254679 0.0032042268974085651 9.7038348515828422e-05 0.00047960043053275761 -0.00019883158868954829 5.4240056003133455e-05 0.00010998651268891991 -0.00063802557221303386 -0.00049441078444942808 -0.00017602637584786867 -0.00044043099963649485 -0.00020529180377100898 -0.0002146994549548253 -0.00044634636530342198 -4.1777827573241655e-05
leaf_weight=3.0000000000000027 3.9999999999999991 5.9999999999999991 2.9999999999999991 3 14.000000000000002 11.999999999999998 8.9999999999999982 3.9999999999999991 5.9999999999999991 4.0000000000000009 4.9999999999999982 2.9999999999999991 3 3 6 4
leaf_count=3 2 2 3 3 6 4 3 4 6 4 5 3 3 3 6 4
internal_value=0.000110911 0.0003124 1.6061e-05 0.00165063 -0.000112984 0.000137617 0.000313155 -0.000326912 -0.000374144 -0.00032307 -0.000261964 -0.000197378 -0.000391137 -0.000407678 -0.000369131 -0.00011636
internal_weight=92 88 82 6 76 35 23 41 37 31 18 12 6 13 9 9
internal_count=64 62 60 6 54 13 9 41 37 31 18 12 6 13 9 9
is_linear=0
shrinkage=0.05


Tree=74
num_leaves=19
num_cat=0
split_feature=22 11 22 80 70 18 75 22 22 62 40 66 22 6 78 55 78 22
split_gain=0.0264798 0.0189217 0.0400908 0.00312377 0.00114841 0.00303256 0.00105741 0.000320929 0.00030313 0.000215714 8.92187e-05 8.57197e-05 3.0474e-05 1.95463e-05 1.44582e-05 1.01208e-05 8.92701e-06 2.11294e-06
threshold=0.77500000000000013 0.66250000000000009 0.72500000000000009 1.0000000180025095e-35 1.0000000180025095e-35 1.0000000180025095e-35 1.0000000180025095e-35 0.55000000000000016 0.27500000000000008 1.0000000180025095e-35 1.0000000180025095e-35 1.0000000180025095e-35 0.22500000000000003 1.0000000180025095e-35 1.0000000180025095e-35 1.0000000180025095e-35 1.0000000180025095e-35 0.45000000000000007
decision_type=2 2 2 2 2 2 2 2 2 2 2 2 2 2 2 2 2 2
left_child=1 2 3 4 7 -6 8 9 13 10 11 12 16 -5 -14 17 -1 -12
right_child=-2 -3 -4 6 5 -7 -8 -9 -10 -11 15 -13 14 -15 -16 -17 -18 -19
leaf_value=-0.00019502721819056486 -0.0041057592257857326 -0.0033202141756191851 0.0041442458828290308 0.00054804068058729157 -0.002155984550093611 9.2186429537832713e-05 -0.00018889000930357727 -0.00077986357888827726 0.00016280619699197513 0.00010448718676343561 -0.00033734243285531769 -0.00042923394285026011 -0.00016722505853977059 0.00044440793124242466 -3.968893724959343e-05 -0.00046969025279395275 -0.00031700404360890383 -0.00039668518584221594
leaf_weight=3.0000000000000027 3.9999999999999991 3.9999999999999991 5.9999999999999991 7.0000000000000009 2.9999999999999991 3 11.999999999999998 2.9999999999999991 11.999999999999998 3.9999999999999991 3.0000000000000018 3.9999999999999991 4.9999999999999982 13 4 4 3 3
leaf_count=3 2 2 2 3 3 3 4 3 4 4 3 4 5 5 4 4 3 3
internal_value=-0.000119796 4.62855e-05 0.000192655 -8.30373e-05 -0.000391471 -0.0010319 0.000211377 -0.000284733 0.000361477 -0.000239721 -0.000287198 -0.000223574 -0.000168732 0.000480679 -0.000110542 -0.000408084 -0.000256016 -0.000367014
internal_weight=100 96 92 86 42 6 44 36 32 33 29 19 15 20 9 10 6 6
internal_count=64 62 60 58 42 6 16 36 12 33 29 19 15 8 9 10 6 6
is_linear=0
shrinkage=0.05


Tree=75
num_leaves=18
num_cat=0
split_feature=22 11 22 80 75 1 69 11 78 78 62 16 22 66 22 7 5
split_gain=0.0238042 0.0169779 0.0363559 0.00200424 0.000934338 0.000183393 7.91383e-05 0.000103684 0.000355444 0.000105881 0.000182435 0.000125221 5.78699e-05 9.36876e-05 3.58056e-05 2.69828e-05 2.33797e-05
threshold=0.77500000000000013 0.66250000000000009 0.72500000000000009 1.0000000180025095e-35 1.0000000180025095e-35 1.0000000180025095e-35 1.0000000180025095e-35 0.55000000000000016 1.0000000180025095e-35 1.0000000180025095e-35 1.0000000180025095e-35 1.0000000180025095e-35 0.27500000000000008 1.0000000180025095e-35 0.45000000000000007 1.0000000180025095e-35 1.0000000180025095e-35
decision_type=2 2 2 2 2 2 2 2 2 2 2 2 2 2 2 2 2
left_child=1 2 3 6 5 16 7 9 -9 10 14 -11 -13 -14 15 -1 -5
right_child=-2 -3 -4 4 -6 -7 -8 8 -10 11 -12 12 13 -15 -16 -17 -18
leaf_value=-0.00013975717568731239 -0.0039004709571599963 -0.0031542037293547766 0.0039370333154996242 0.00040149666485376649 -0.0001794455112152112 0.00017142787886162593 -0.00048685422691050915 0.00014404179150005799 -0.00054438039660453786 2.2172924946062257e-05 -0.00069425721885636455 -0.00045597908901981996 -8.3120754570700252e-05 -0.00040777222020551554 -0.00044232559157535438 -0.00031559175768052221 0.00052063862926193653
leaf_weight=3.0000000000000009 3.9999999999999991 3.9999999999999991 5.9999999999999991 10.000000000000002 11.999999999999998 9.0000000000000018 4.9999999999999991 5 3 4.0000000000000009 3.9999999999999991 4.0000000000000009 4.9999999999999982 4 3.9999999999999991 8 6.9999999999999991
leaf_count=3 2 2 2 4 4 3 5 5 3 4 4 4 5 4 4 8 3
internal_value=-0.000120465 3.5411e-05 0.000172599 -8.70174e-05 0.000185498 0.000353934 -0.000298356 -0.000276936 -0.000114117 -0.000313118 -0.000394228 -0.000222466 -0.000297739 -0.00022741 -0.000314221 -0.000267637 0.000450555
internal_weight=101 97 93 87 38 26 49 44 8 36 19 17 13 9 15 11 17
internal_count=69 67 65 63 14 10 49 44 8 36 19 17 13 9 15 11 7
is_linear=0
shrinkage=0.05


Tree=76
num_leaves=20
num_cat=0
split_feature=22 11 22 80 75 22 11 64 6 11 5 11 7 71 11 69 19 5 22
split_gain=0.0217875 0.0155905 0.0323083 0.00155344 0.00078914 0.000400017 0.000115097 7.02662e-05 9.81399e-05 0.000150034 4.06382e-05 2.50119e-05 0.000101762 4.42147e-05 2.73295e-05 2.22772e-05 1.60198e-05 1.46894e-05 1.14317e-05
threshold=0.77500000000000013 0.66250000000000009 0.72500000000000009 1.0000000180025095e-35 1.0000000180025095e-35 0.27500000000000008 0.55000000000000016 1.0000000180025095e-35 1.0000000180025095e-35 0.22500000000000003 1.0000000180025095e-35 1.0000000180025095e-35 1.0000000180025095e-35 1.0000000180025095e-35 0.22500000000000003 1.0000000180025095e-35 1.0000000180025095e-35 1.0000000180025095e-35 0.45000000000000007
decision_type=2 2 2 2 2 2 2 2 2 2 2 2 2 2 2 2 2 2 2
left_child=1 2 3 6 5 17 7 8 11 -10 -8 12 -1 -14 -13 16 18 -5 -16
right_child=-2 -3 -4 4 -6 -7 10 -9 9 -11 -12 14 13 -15 15 -17 -18 -19 -20
leaf_value=3.0995876780555864e-05 -0.0037054482847452166 -0.0029964935580210298 0.0037401817739009858 0.00040476735000713492 -0.00017047323199221865 3.4816353581845762e-05 6.9392623845487822e-06 -0.00011434152023866775 -0.00074841926495234181 -0.00024836276036997631 -0.0002258359134430065 -0.00044662427001943163 -0.00018992890448619917 -0.0004613899781058231 -0.00029285514028742915 -0.00015944137412589036 -0.00023007455165497954 0.00049460670312068296 -0.00041239440179197112
leaf_weight=3.0000000000000018 3.9999999999999991 3.9999999999999991 5.9999999999999991 13.000000000000005 11.999999999999998 8.9999999999999982 5 4.9999999999999991 2.9999999999999991 3 3 3.0000000000000009 3 3 3.9999999999999982 3.0000000000000009 4 6.9999999999999991 4
leaf_count=3 2 2 2 5 4 3 5 5 3 3 3 3 3 3 4 3 4 3 4
internal_value=-8.911e-05 6.00173e-05 0.00019148 -5.32579e-05 0.000170534 0.00031164 -0.000252725 -0.000289014 -0.000315479 -0.000498391 -8.03514e-05 -0.000274832 -0.000206774 -0.000325659 -0.000308861 -0.000281308 -0.000311775 0.000436211 -0.000352625
internal_weight=101 97 93 87 41 29 46 38 33 6 8 27 9 6 18 15 12 20 8
internal_count=67 65 63 61 15 11 46 38 33 6 8 27 9 6 18 15 12 8 8
is_linear=0
shrinkage=0.05


Tree=77
num_leaves=15
num_cat=0
split_feature=11 22 80 22 65 11 70 62 0 66 11 11 6 22
split_gain=0.0114166 0.00582911 0.00131766 0.000467623 0.000206841 0.000166729 0.000155011 0.000158806 8.73648e-05 6.81381e-05 3.4385e-05 3.06277e-05 6.66791e-06 4.77094e-06
threshold=0.61250000000000016 0.65000000000000002 1.0000000180025095e-35 0.22500000000000003 1.0000000180025095e-35 0.55000000000000016 1.0000000180025095e-35 1.0000000180025095e-35 1.0000000180025095e-35 1.0000000180025095e-35 1.0000000180025095e-35 0.27350000000000002 1.0000000180025095e-35 0.45000000000000007
decision_type=2 2 2 2 2 2 2 2 2 2 2 2 2 2
left_child=1 2 4 12 5 6 7 9 -5 10 -1 -12 -4 -13
right_child=-2 -3 3 8 -6 -7 -8 -9 -10 -11 11 13 -14 -15
leaf_value=-7.3553125257603625e-05 -0.0023358031676616524 0.0015057978220283986 0.00046987639008356 -6.0078868732994615e-05 -0.00052538522286340596 0.00017576866472760838 -0.00046809772029519084 0.00012513254187069834 0.00016023006497157947 -0.00044126500918840366 -0.00036753174499608591 -0.00021645302961890891 0.00040086337997178949 -0.00012728147279024898
leaf_weight=5.0000000000000133 4.9999999999999991 6.9999999999999991 6.9999999999999982 9.0000000000000018 4.9999999999999991 2.9999999999999991 4.9999999999999991 3.9999999999999991 8.9999999999999982 2.9999999999999991 2.9999999999999982 3 7 3
leaf_count=5 3 3 3 3 5 3 5 4 3 3 3 3 3 3
internal_value=-2.44465e-05 0.000133866 -1.16424e-05 0.000218642 -0.000228381 -0.000177173 -0.000217897 -0.000158325 5.00756e-05 -0.000225021 -0.000178683 -0.000237089 0.00043537 -0.000171867
internal_weight=78 73 66 32 34 29 26 21 18 17 14 9 14 6
internal_count=52 49 46 12 34 29 26 21 6 17 14 9 6 6
is_linear=0
shrinkage=0.05


Tree=78
num_leaves=16
num_cat=0
split_feature=22 80 75 65 0 11 78 17 17 22 78 8 5 7 22
split_gain=0.015847 0.00108441 0.000714511 0.00025045 0.000137336 0.000116418 0.000132572 0.000152117 0.000103573 5.51614e-05 8.08451e-05 0.000273206 1.82427e-05 1.58313e-06 1.97368e-07
threshold=0.72500000000000009 1.0000000180025095e-35 1.0000000180025095e-35 1.0000000180025095e-35 1.0000000180025095e-35 0.22500000000000003 1.0000000180025095e-35 1.0000000180025095e-35 1.0000000180025095e-35 0.27500000000000008 1.0000000180025095e-35 1.0000000180025095e-35 1.0000000180025095e-35 1.0000000180025095e-35 0.27500000000000008
decision_type=2 2 2 2 2 2 2 2 2 2 2 2 2 2 2
left_child=1 3 4 5 12 6 7 13 9 -7 11 -11 -3 -1 -8
right_child=-2 2 -4 -5 -6 8 14 -9 -10 10 -12 -13 -14 -15 -16
leaf_value=-0.00023458819050574685 0.0020849240571260454 0.00034114026930183146 -0.00016557007753969328 -0.00060035578790120783 0.00014292776791585818 9.4805549451848411e-06 -8.3351290474335349e-05 -0.00068759347001711509 0.00017629303814222416 -0.00066397630143910668 6.9475267082452752e-06 -3.2766343792900436e-05 0.00044638258072414574 -0.00028263741114642466 -0.0001014881689722339
leaf_weight=2.9999999999999982 9.9999999999999982 10.000000000000005 11.999999999999998 3.9999999999999991 8.9999999999999982 4.0000000000000027 2.9999999999999991 3 2.9999999999999991 2.9999999999999982 3 4 6.9999999999999991 4 3
leaf_count=3 4 4 4 4 3 4 3 3 3 3 3 4 3 4 3
internal_value=0.000215252 -3.40373e-05 0.000153568 -0.000226713 0.000300863 -0.000181423 -0.000278226 -0.000389709 -9.03147e-05 -0.000147445 -0.000210215 -0.000303285 0.000384475 -0.000262045 -9.24197e-05
internal_weight=85 75 38 37 26 33 16 10 17 14 10 7 17 7 6
internal_count=55 51 14 37 10 33 16 10 17 14 10 7 7 7 6
is_linear=0
shrinkage=0.05


Tree=79
num_leaves=14
num_cat=0
split_feature=44 79 65 80 12 5 12 62 1 69 18 40 23
split_gain=0.0231208 0.00169395 0.000986135 0.000899339 0.00153406 0.000322188 0.000128952 0.000160758 4.64181e-05 2.18293e-05 3.04145e-05 1.59951e-05 6.23689e-07
threshold=0.43750000000000006 1.0000000180025095e-35 1.0000000180025095e-35 1.0000000180025095e-35 1.0000000180025095e-35 1.0000000180025095e-35 1.0000000180025095e-35 1.0000000180025095e-35 1.0000000180025095e-35 1.0000000180025095e-35 1.0000000180025095e-35 1.0000000180025095e-35 1.0000000180025095e-35
decision_type=2 2 2 2 2 2 2 2 2 2 2 2 2
left_child=1 2 3 4 -1 -5 7 11 -7 10 -8 -3 -12
right_child=-2 6 -4 5 -6 8 9 -9 -10 -11 12 -13 -14
leaf_value=-0.00011113960354123269 -0.0022435102274660796 -0.00013275337696541089 -0.00038872222998179498 0.00038785618419448541 0.0010656840155004626 0.00015201130416244267 2.7600614703260373e-05 -0.00065321400761604316 -4.5084853708330122e-06 -0.00021984670747769998 -0.00012323573367514955 -0.00027879050001502033 -0.00015207296470180152
leaf_weight=3.9999999999999973 11.999999999999998 3.0000000000000018 4.9999999999999991 14.999999999999998 9 10 3.9999999999999973 2.9999999999999991 9 3.9999999999999991 3 5 5
leaf_count=4 4 3 5 5 9 4 4 3 3 4 3 5 5
internal_value=-0.000198601 0.000112018 0.000278853 0.000349872 0.000703584 0.000214629 -0.000209293 -0.000341078 7.78704e-05 -0.000118691 -8.49725e-05 -0.000224027 -0.000141259
internal_weight=91 79 52 47 13 34 27 11 19 16 12 8 8
internal_count=61 57 30 25 13 12 27 11 7 16 12 8 8
is_linear=0
shrinkage=0.05


Tree=80
num_leaves=15
num_cat=0
split_feature=66 11 17 8 11 11 75 40 78 55 5 71 11 1
split_gain=0.00942885 0.00718147 0.00111905 0.00063597 0.000239788 0.000782891 0.00023565 0.000344748 0.000329519 0.000149095 6.50082e-05 3.36688e-05 2.47776e-05 2.28773e-05
threshold=1.0000000180025095e-35 0.61250000000000016 1.0000000180025095e-35 1.0000000180025095e-35 0.35000000000000009 0.55000000000000016 1.0000000180025095e-35 1.0000000180025095e-35 1.0000000180025095e-35 1.0000000180025095e-35 1.0000000180025095e-35 1.0000000180025095e-35 1.0000000180025095e-35 1.0000000180025095e-35
decision_type=2 2 2 2 2 2 2 2 2 2 2 2 2 2
left_child=1 2 4 13 6 10 7 8 9 -1 -6 -9 -10 -4
right_child=-2 -3 3 -5 5 -7 -8 11 12 -11 -12 -13 -14 -15
leaf_value=-2.8030076064169379e-05 0.0020243745378684254 -0.0018776004168709432 0.00031012557446956617 -0.00024442029340813559 -0.00035785924119409191 -0.0010963356277594964 -0.00027203181137641272 -0.0002277205038505296 -0.00014780185883864761 0.00031250264534416297 -0.00011098847462562842 -0.00044930633739568286 -0.00033789140482743573 0.00042970118423302965
leaf_weight=5.0000000000000044 4.9999999999999991 5.9999999999999991 12.000000000000005 5.9999999999999991 3.9999999999999973 2.9999999999999991 21 2.9999999999999991 3.9999999999999991 9 8 4 3 5.9999999999999991
leaf_count=3 5 4 6 6 4 3 7 3 4 5 6 4 3 2
internal_value=-9.13581e-05 -0.000203897 -8.97809e-05 0.000201383 -0.000198967 -0.00037389 -0.00014542 -5.04605e-05 5.08329e-05 0.000190884 -0.000193279 -0.000354341 -0.000229269 0.000349984
internal_weight=99 94 88 24 64 15 49 28 21 14 12 7 7 18
internal_count=65 60 56 14 42 13 29 22 15 8 10 7 7 8
is_linear=0
shrinkage=0.05


Tree=81
num_leaves=19
num_cat=0
split_feature=22 11 22 70 7 17 76 22 44 77 11 11 40 75 65 78 11 22
split_gain=0.0220925 0.0139907 0.0258515 0.00674091 0.00577097 0.000831638 0.000282579 0.000310562 0.000154967 7.61017e-05 7.3251e-05 8.38e-05 0.000143625 0.000308555 3.51119e-05 9.24777e-05 1.82158e-05 2.61747e-05
threshold=0.77500000000000013 0.66250000000000009 0.72500000000000009 1.0000000180025095e-35 1.0000000180025095e-35 1.0000000180025095e-35 1.0000000180025095e-35 0.55000000000000016 0.43750000000000006 1.0000000180025095e-35 0.61250000000000016 1.0000000180025095e-35 1.0000000180025095e-35 1.0000000180025095e-35 1.0000000180025095e-35 1.0000000180025095e-35 0.27350000000000002 0.35000000000000009
decision_type=2 2 2 2 2 2 2 2 2 2 2 2 2 2 2 2 2 2
left_child=1 2 3 5 -5 6 7 8 10 -7 11 12 13 -1 15 16 -13 -18
right_child=-2 -3 -4 4 -6 9 -8 -9 -10 -11 -12 14 -14 -15 -16 -17 17 -19
leaf_value=0.00019891094915302728 -0.0035959847271442415 -0.0026922344171907754 0.0034994135300318399 0.0032635778654366734 0.00016224309025953209 0.00016873715711491455 0.00010369702601262059 -0.00058938777656294408 0.00010691783002888162 0.00038855187594890586 7.0600502658635386e-05 -0.00032116062163064851 -0.0003692279860842973 -0.00028972283471375701 -0.00013138011054252276 -0.000502539432636695 -0.00028554352077965928 -9.0168372844345846e-05
leaf_weight=7.0000000000000018 3.9999999999999991 3.9999999999999991 5.9999999999999991 2.9999999999999991 3 6.9999999999999973 11.999999999999998 3.9999999999999991 5.9999999999999991 9 2.9999999999999991 3.0000000000000018 3.9999999999999991 6 3.9999999999999991 3.9999999999999991 3 4
leaf_count=5 2 2 2 3 3 5 4 4 2 3 3 3 4 2 4 4 3 4
internal_value=4.16665e-05 0.000199825 0.000331282 9.9468e-05 0.00171291 -2.7909e-05 -0.00011332 -0.000167575 -0.000129228 0.000292383 -0.000166514 -0.000186838 -0.000107228 -2.66123e-05 -0.000262026 -0.000299353 -0.000218079 -0.000173901
internal_weight=96 92 88 82 6 76 60 48 44 16 38 35 17 13 18 14 10 7
internal_count=62 60 58 56 6 50 42 38 34 8 32 29 11 7 18 14 10 7
is_linear=0
shrinkage=0.05


Tree=82
num_leaves=17
num_cat=0
split_feature=66 11 70 61 76 56 7 11 11 44 23 71 79 16 80 7
split_gain=0.0127169 0.00537489 0.00262117 0.00106162 0.000442074 0.000187131 0.000109748 7.54466e-05 0.000588047 0.00013628 9.33326e-05 9.11417e-05 5.69078e-05 2.98911e-05 8.87087e-05 1.32013e-05
threshold=1.0000000180025095e-35 0.61250000000000016 1.0000000180025095e-35 1.0000000180025095e-35 1.0000000180025095e-35 1.0000000180025095e-35 1.0000000180025095e-35 0.35000000000000009 0.55000000000000016 0.43750000000000006 1.0000000180025095e-35 1.0000000180025095e-35 1.0000000180025095e-35 1.0000000180025095e-35 1.0000000180025095e-35 1.0000000180025095e-35
decision_type=2 2 2 2 2 2 2 2 2 2 2 2 2 2 2 2
left_child=1 2 3 4 5 6 13 9 11 10 -7 -9 -12 -1 -15 -13
right_child=-2 -3 -4 -5 -6 7 -8 8 -10 -11 12 15 -14 14 -16 -17
leaf_value=6.9612890365533495e-05 0.0023182795530010481 -0.0017181794566567988 -0.0012793591874651613 0.00033422124106436969 9.8512176676498106e-05 3.1878002919256676e-05 -0.00034219520748592915 2.1293619647622114e-05 -0.0010120494446406762 -0.0003714058160160979 -0.00012750032474286854 -0.00039040299986178666 -0.00041558114656557629 -0.00027783190907939567 1.7336835818631308e-05 -0.00024207167249793804
leaf_weight=4.0000000000000009 4.9999999999999991 5.9999999999999991 4.9999999999999991 11.999999999999998 11.999999999999998 5.0000000000000018 3.9999999999999991 2.9999999999999982 2.9999999999999991 11.999999999999998 4 3 3 4 7 3
leaf_count=4 5 4 5 4 4 3 4 3 3 4 4 3 3 4 3 3
internal_value=-0.000136062 -0.000272414 -0.000169145 -9.88787e-05 -0.000176449 -0.00023644 -0.000109489 -0.000303442 -0.000405808 -0.000252259 -0.000133113 -0.000203727 -0.000250964 -4.74345e-05 -8.99973e-05 -0.000316237
internal_weight=95 90 84 79 67 55 19 36 12 24 12 9 7 15 11 6
internal_count=63 58 54 49 45 41 15 26 12 14 10 9 7 11 7 6
is_linear=0
shrinkage=0.05


Tree=83
num_leaves=17
num_cat=0
split_feature=44 22 77 80 64 7 70 8 22 66 12 22 71 22 12 78
split_gain=0.0183742 0.00997202 0.00102144 0.000129895 0.000104896 0.000144595 0.000151436 5.56291e-05 0.000212806 0.000332222 0.000186114 2.95521e-05 7.72942e-05 1.433e-05 2.36738e-05 1.2065e-05
threshold=0.43750000000000006 0.65000000000000002 1.0000000180025095e-35 1.0000000180025095e-35 1.0000000180025095e-35 1.0000000180025095e-35 1.0000000180025095e-35 1.0000000180025095e-35 0.55000000000000016 1.0000000180025095e-35 1.0000000180025095e-35 0.27500000000000008 1.0000000180025095e-35 0.27500000000000008 1.0000000180025095e-35 1.0000000180025095e-35
decision_type=2 2 2 2 2 2 2 2 2 2 2 2 2 2 2 2
left_child=1 2 3 4 5 7 13 8 9 11 -9 12 -1 14 -7 -13
right_child=-2 -3 -4 -5 -6 6 -8 10 -10 -11 -12 15 -14 -15 -16 -17
leaf_value=-0.00034113551179567865 -0.0020287351993223033 0.0022375865178764797 0.00034263771182547012 -1.167172079228542e-05 4.1058417991735041e-05 -0.00022988924368595092 0.0002180988910064722 -0.00070754289627075197 -0.00064631610487898188 -0.0005933264474151656 -0.00015059633490939931 -7.9793678984666844e-05 -5.3964209655532602e-06 -0.00024518309830455102 -3.1253241468220941e-05 5.2851449436275278e-05
leaf_weight=3.0000000000000089 11.999999999999998 4.9999999999999991 11.999999999999998 10.999999999999998 3.9999999999999991 2.9999999999999982 2.9999999999999991 2.9999999999999991 2.9999999999999991 3.9999999999999991 3 3 4 5 3 4
leaf_count=3 4 3 4 5 4 3 3 3 3 4 3 3 4 5 3 4
internal_value=-0.000215577 8.24759e-05 -7.59881e-05 -0.000165694 -0.000203343 -0.000227187 -9.6789e-05 -0.000294801 -0.000256439 -0.00019146 -0.00042907 -7.66405e-05 -0.000149285 -0.000182668 -0.000130571 -3.99646e-06
internal_weight=85 73 68 56 45 41 14 27 21 18 6 14 7 11 6 7
internal_count=61 57 54 50 45 41 14 27 21 18 6 14 7 11 6 7
is_linear=0
shrinkage=0.05


Tree=84
num_leaves=16
num_cat=0
split_feature=22 11 44 80 6 22 78 11 22 77 64 71 11 66 22
split_gain=0.0166628 0.00961561 0.00661095 0.00123925 0.00114751 0.00021707 0.000193319 0.000160171 7.48614e-05 6.64255e-05 1.5901e-05 9.85478e-06 3.0642e-05 9.80809e-06 0.000170453
threshold=0.77500000000000013 0.66250000000000009 0.43750000000000006 1.0000000180025095e-35 1.0000000180025095e-35 0.22500000000000003 1.0000000180025095e-35 1.0000000180025095e-35 0.45000000000000007 1.0000000180025095e-35 1.0000000180025095e-35 1.0000000180025095e-35 0.22500000000000003 1.0000000180025095e-35 0.55000000000000016
decision_type=2 2 2 2 2 2 2 2 2 2 2 2 2 2 2
left_child=1 2 3 4 6 9 8 10 11 -5 -8 -1 -13 14 -9
right_child=-2 -3 -4 5 -6 -7 7 13 -10 -11 -12 12 -14 -15 -16
leaf_value=-6.9194935531413624e-05 -0.0033831283450126651 -0.002474061712564435 0.0013148479784528414 0.00012788541551510038 -0.00094552244020936404 -5.868353958552083e-05 -2.55408502804736e-05 -0.00020469205337576575 0.0001128607924329117 0.00031104719059334856 -0.00018833432501802838 -0.00024603582365671171 -6.0368713457137338e-05 -0.00037637248868122692 -0.00073769205870727675
leaf_weight=4.0000000000000009 3.9999999999999991 3.9999999999999991 8.9999999999999982 11 5.9999999999999991 11.999999999999998 3.0000000000000027 2.9999999999999982 3.9999999999999991 9 3 5 4 5 3
leaf_count=4 2 2 3 5 6 4 3 3 4 3 3 5 4 5 3
internal_value=-0.00022937 -8.09579e-05 3.72201e-05 -0.000122483 -0.000308019 0.000109436 -0.000195519 -0.000314744 -7.62936e-05 0.000210308 -0.000106938 -0.000134495 -0.000163517 -0.000428092 -0.000471192
internal_weight=89 85 81 72 40 32 34 17 17 20 6 13 9 11 6
internal_count=59 57 55 52 40 12 34 17 17 8 6 13 9 11 6
is_linear=0
shrinkage=0.05


Tree=85
num_leaves=17
num_cat=0
split_feature=22 80 6 11 75 11 11 66 22 63 22 11 5 69 8 11
split_gain=0.0201854 0.00153645 0.000852938 0.00146313 0.000321995 0.000221549 0.000143901 8.29994e-05 6.46623e-05 4.66418e-05 5.23266e-05 3.26613e-05 1.75478e-05 1.22361e-05 9.74438e-06 8.95515e-06
threshold=0.72500000000000009 1.0000000180025095e-35 1.0000000180025095e-35 0.22500000000000003 1.0000000180025095e-35 0.27350000000000002 0.61250000000000016 1.0000000180025095e-35 0.55000000000000016 1.0000000180025095e-35 0.27500000000000008 1.0000000180025095e-35 1.0000000180025095e-35 1.0000000180025095e-35 1.0000000180025095e-35 0.22500000000000003
decision_type=2 2 2 2 2 2 2 2 2 2 2 2 2 2 2 2
left_child=1 2 6 -4 5 12 7 8 9 10 11 -1 -3 -12 -11 -16
right_child=-2 4 3 -5 -6 -7 -8 -9 -10 14 13 -13 -14 -15 15 -17
leaf_value=-9.8840941063826795e-05 -0.0025766679810153115 0.0002849017968401311 -0.0012788732000626622 0.00011785030364990231 -0.00012434741689099207 4.7179815980295346e-05 0.00014621674442120519 -0.00042897252715192737 -0.00037365419557318092 -0.00030808528730024896 5.8204087690683071e-05 -0.00031708623282611365 0.00038451547734439376 -7.5378503728037061e-05 -0.00024864177787094373 -0.00014826975238975133
leaf_weight=4.0000000000000036 8.9999999999999982 12.000000000000005 5 3 8.9999999999999982 11.999999999999998 2.9999999999999991 3.9999999999999991 3.9999999999999991 2.9999999999999991 4 3 6.9999999999999991 3 5 4
leaf_count=4 3 4 5 3 3 4 3 4 4 3 4 3 3 3 5 4
internal_value=-0.000324954 -8.65376e-05 -0.000286959 -0.000755102 0.000138937 0.000215374 -0.000185739 -0.000215029 -0.000186503 -0.000157711 -9.57101e-05 -0.000192375 0.000321602 9.54406e-07 -0.000230045 -0.000204032
internal_weight=94 85 45 8 40 31 37 34 30 26 14 7 19 7 12 9
internal_count=62 59 45 8 14 11 37 34 30 26 14 7 7 7 12 9
is_linear=0
shrinkage=0.05


Tree=86
num_leaves=16
num_cat=0
split_feature=22 70 7 80 62 11 75 11 11 78 11 65 19 5 11
split_gain=0.0171588 0.00701862 0.00560446 0.000649444 0.000219302 0.000261002 0.00020056 0.000213503 0.00015807 3.70292e-05 7.3276e-05 6.78044e-05 3.72484e-05 2.23939e-05 1.49852e-05
threshold=0.72500000000000009 1.0000000180025095e-35 1.0000000180025095e-35 1.0000000180025095e-35 1.0000000180025095e-35 0.61250000000000016 1.0000000180025095e-35 0.27350000000000002 0.55000000000000016 1.0000000180025095e-35 1.0000000180025095e-35 1.0000000180025095e-35 1.0000000180025095e-35 1.0000000180025095e-35 0.22500000000000003
decision_type=2 2 2 2 2 2 2 2 2 2 2 2 2 2 2
left_child=1 3 -3 4 5 8 7 13 9 12 -11 -12 -1 -5 -14
right_child=-2 2 -4 6 -6 -7 -8 -9 -10 10 11 -13 14 -15 -16
leaf_value=-3.8826261152280421e-05 0.0023047349601984022 0.0032784027357896173 0.00022213506260110682 0.00024868656561011432 0.000164312485139817 0.00021416099819665155 -5.4671107015262048e-05 -4.4714607712295319e-06 -0.00056755768600851302 -0.0001350335691677173 -0.00049178855144418768 -0.00019111281532483793 -0.00031456747092306609 0.00036528973307992731 -0.00016673854261171071
leaf_weight=4.0000000000000071 9.9999999999999982 2.9999999999999991 3 10.000000000000005 3.9999999999999991 2.9999999999999991 11.999999999999998 8.9999999999999982 3.9999999999999991 5.0000000000000009 5 3 3 6.9999999999999991 4
leaf_count=4 4 3 3 4 4 3 4 3 4 5 5 3 3 3 4
internal_value=0.000353401 0.000106396 0.00175027 -2.87166e-05 -0.000184112 -0.00022907 0.00011441 0.000192448 -0.000276559 -0.000228059 -0.000285188 -0.000379035 -0.000160542 0.0002967 -0.000230094
internal_weight=89 79 6 73 35 31 38 26 28 24 13 8 11 17 7
internal_count=59 55 6 49 35 31 14 10 28 24 13 8 11 7 7
is_linear=0
shrinkage=0.05


Tree=87
num_leaves=18
num_cat=0
split_feature=22 75 11 70 7 80 22 66 11 62 11 51 22 71 65 77 22
split_gain=0.0159936 0.0101512 0.00759879 0.00180474 0.00316447 0.000844931 0.000221548 0.000237199 0.000130255 0.000124949 0.000108219 5.00972e-05 9.89562e-05 6.55145e-05 1.04776e-05 4.4318e-06 1.96195e-06
threshold=0.77500000000000013 1.0000000180025095e-35 0.66250000000000009 1.0000000180025095e-35 1.0000000180025095e-35 1.0000000180025095e-35 0.55000000000000016 1.0000000180025095e-35 0.27350000000000002 1.0000000180025095e-35 0.61250000000000016 1.0000000180025095e-35 0.27500000000000008 1.0000000180025095e-35 1.0000000180025095e-35 1.0000000180025095e-35 0.45000000000000007
decision_type=2 2 2 2 2 2 2 2 2 2 2 2 2 2 2 2 2
left_child=1 2 3 5 -5 6 7 9 15 10 11 12 13 -1 -14 -7 -13
right_child=-2 -3 -4 4 -6 8 -8 -9 -10 -11 -12 16 14 -15 -16 -17 -18
leaf_value=-0.00035194798372685846 -0.0032003747299313547 0.0010961429655758871 -0.0023446654435247184 -0.0020855175641675788 0.00021102830505697053 0.00023312160701607337 -0.00053917978657409555 -0.00057031607235937074 4.5044400030747057e-05 0.00015609686379320921 0.00013978905238521596 -0.00025613187171984447 9.8952228048195437e-05 -9.5989957335405047e-05 -3.3194417483173304e-05 0.00028426837590005659 -0.00030565395136363796
leaf_weight=5.0000000000000089 3.9999999999999991 18 3.9999999999999991 2.9999999999999991 3 8.0000000000000036 3.9999999999999991 2.9999999999999991 11.999999999999998 3.9999999999999991 2.9999999999999991 4.0000000000000018 2.9999999999999991 5 3 9 4
leaf_count=5 2 6 2 3 3 4 4 3 4 4 3 4 3 5 3 3 4
internal_value=-0.000103259 2.71462e-05 -0.000222749 -0.00010648 -0.000937245 -3.20829e-05 -0.000187197 -0.000145787 0.00017117 -0.000104703 -0.00014334 -0.000178732 -0.000127651 -0.000223969 3.28789e-05 0.000260199 -0.000280893
internal_weight=99 95 77 73 6 67 38 34 29 31 27 24 16 10 6 17 8
internal_count=65 63 57 55 6 49 38 34 11 31 27 24 16 10 6 7 8
is_linear=0
shrinkage=0.05


Tree=88
num_leaves=14
num_cat=0
split_feature=22 75 11 62 80 11 22 22 78 5 22 78 7
split_gain=0.0145015 0.013128 0.00689903 0.0020554 0.00100139 0.000147911 0.000132172 3.45213e-05 2.81575e-05 2.14303e-05 1.87632e-05 2.2865e-05 1.2518e-05
threshold=0.77500000000000013 1.0000000180025095e-35 0.66250000000000009 1.0000000180025095e-35 1.0000000180025095e-35 0.27350000000000002 0.55000000000000016 0.45000000000000007 1.0000000180025095e-35 1.0000000180025095e-35 0.27500000000000008 1.0000000180025095e-35 1.0000000180025095e-35
decision_type=2 2 2 2 2 2 2 2 2 2 2 2 2
left_child=1 2 3 4 6 9 7 10 -9 -6 11 12 -1
right_child=-2 -3 -4 -5 5 -7 -8 8 -10 -11 -12 -13 -14
leaf_value=-4.2583785640696659e-05 -0.0030403565615415573 0.0015741247683763505 -0.0022274322633165865 -0.0010706389276310801 0.00022685695697034059 4.2792190409575903e-05 -0.0004781087744049728 -0.0001915260305395349 -0.00037913435371592628 0.00033536914935601613 -6.2291694727415844e-05 -0.00026928172301268207 -0.00016234810937021391
leaf_weight=3.0000000000000009 3.9999999999999991 11.999999999999998 3.9999999999999991 4.9999999999999991 13.000000000000002 11.999999999999998 3.9999999999999991 6.0000000000000018 3 6.9999999999999991 5.9999999999999991 3.9999999999999991 8
leaf_count=3 2 4 2 5 5 4 4 6 3 3 6 4 8
internal_value=-9.67146e-05 3.86252e-05 -0.000207055 -9.32306e-05 -1.91845e-05 0.00018157 -0.00020813 -0.000172132 -0.000254062 0.000264836 -0.00013702 -0.000166911 -0.000129685
internal_weight=91 87 75 71 66 32 34 30 9 20 21 15 11
internal_count=59 57 53 51 46 12 34 30 9 8 21 15 11
is_linear=0
shrinkage=0.05


Tree=89
num_leaves=17
num_cat=0
split_feature=22 75 11 70 7 22 77 62 76 11 0 22 11 78 63 78
split_gain=0.0132023 0.0108685 0.0061833 0.00153526 0.00275178 0.000632227 0.000248741 6.84434e-05 6.99234e-05 5.47184e-05 4.18223e-05 5.5239e-05 4.05598e-05 2.54122e-05 9.80108e-06 2.18459e-05
threshold=0.77500000000000013 1.0000000180025095e-35 0.66250000000000009 1.0000000180025095e-35 1.0000000180025095e-35 0.45000000000000007 1.0000000180025095e-35 1.0000000180025095e-35 1.0000000180025095e-35 0.35000000000000009 1.0000000180025095e-35 0.55000000000000016 1.0000000180025095e-35 1.0000000180025095e-35 1.0000000180025095e-35 1.0000000180025095e-35
decision_type=2 2 2 2 2 2 2 2 2 2 2 2 2 2 2 2
left_child=1 2 3 5 -5 6 7 8 9 12 11 13 14 -7 15 -1
right_child=-2 -3 -4 4 -6 10 -8 -9 -10 -11 -12 -13 -14 -15 -16 -17
leaf_value=7.5324782422588456e-05 -0.0028883384540677073 0.0012738615523752135 -0.0021160607167985293 -0.0019277097812543315 0.00021385698103889195 -0.00018194972556860492 0.00027376653937002027 0.00020182396983727815 9.6932384702894391e-05 7.2358131874352693e-05 -0.00010966771903137367 -0.0004486357793211937 -0.00023491160711273549 -0.0003601776427179477 -0.00012112394979340023 -0.00011548895466451841
leaf_weight=3.0000000000000018 3.9999999999999991 14.999999999999998 3.9999999999999991 2.9999999999999991 3 6.0000000000000018 11.999999999999998 3.9999999999999991 9.0000000000000018 4.9999999999999991 2.9999999999999991 4.9999999999999991 4.9999999999999991 3 4 3
leaf_count=3 2 5 2 3 3 6 4 4 3 5 1 5 5 3 4 3
internal_value=-7.9654e-05 4.94809e-05 -0.000205598 -9.32183e-05 -0.000856926 -1.9311e-05 7.88251e-05 7.93732e-06 -1.88057e-05 -7.08878e-05 -0.000279083 -0.000315386 -0.000118636 -0.000241359 -6.04988e-05 -2.00821e-05
internal_weight=91 87 72 68 6 62 45 33 29 20 17 14 15 9 10 6
internal_count=61 59 54 52 6 46 31 27 23 20 15 14 15 9 10 6
is_linear=0
shrinkage=0.05


Tree=90
num_leaves=16
num_cat=0
split_feature=22 75 11 61 65 79 11 11 1 22 78 62 5 50 11
split_gain=0.0122565 0.0115874 0.00585753 0.000604177 0.000109487 6.3674e-05 0.000188328 8.23721e-05 8.13756e-05 9.98751e-05 7.55139e-05 7.3504e-05 2.71088e-05 8.58298e-06 3.72135e-06
threshold=0.77500000000000013 1.0000000180025095e-35 0.66250000000000009 1.0000000180025095e-35 1.0000000180025095e-35 1.0000000180025095e-35 1.0000000180025095e-35 0.22500000000000003 1.0000000180025095e-35 0.55000000000000016 1.0000000180025095e-35 1.0000000180025095e-35 1.0000000180025095e-35 1.0000000180025095e-35 0.35000000000000009
decision_type=2 2 2 2 2 2 2 2 2 2 2 2 2 2 2
left_child=1 2 3 4 5 6 10 11 9 -8 -1 13 14 -7 -9
right_child=-2 -3 -4 -5 -6 7 8 12 -10 -11 -12 -13 -14 -15 -16
leaf_value=0.00029192460060585275 -0.0027439218014478684 0.0015274022909579799 -0.0020102577400393784 0.00023872641225655876 -0.00037223602557787675 -0.00022057634792872692 -0.00044437476608436574 2.6980663339296987e-05 -5.3509787863327393e-05 -6.2732072547078108e-05 1.1460079501072563e-05 -0.00047067279616991683 -0.00017646366759436203 -0.00011359987062557286 -4.3459408916532991e-05
leaf_weight=4.0000000000000018 3.9999999999999991 11.999999999999998 3.9999999999999991 14.999999999999998 3.9999999999999991 5.0000000000000018 3.9999999999999973 2.9999999999999982 9 3 6 2.9999999999999991 4 3 5
leaf_count=2 2 4 2 5 4 5 4 3 3 3 6 3 4 3 5
internal_value=-3.98258e-05 8.89407e-05 -0.000150803 -4.14233e-05 -0.000120711 -0.000100178 -4.65702e-05 -0.000160779 -0.000152955 -0.000280814 0.000123646 -0.000259609 -7.01841e-05 -0.00018046 -1.70444e-05
internal_weight=88 84 72 68 53 49 26 23 16 7 10 11 12 8 8
internal_count=58 56 52 50 45 41 18 23 10 7 8 11 12 8 8
is_linear=0
shrinkage=0.05


Tree=91
num_leaves=18
num_cat=0
split_feature=22 62 11 61 75 11 44 22 7 11 65 7 78 78 11 71 22
split_gain=0.0189585 0.00684235 0.00370379 0.000634758 0.000202567 0.000110436 0.000144768 7.73638e-05 7.59692e-05 5.93215e-05 6.03044e-05 5.88966e-05 6.31672e-05 4.87488e-05 3.48409e-05 3.89318e-06 2.45396e-06
threshold=0.72500000000000009 1.0000000180025095e-35 0.22500000000000003 1.0000000180025095e-35 1.0000000180025095e-35 1.0000000180025095e-35 0.22500000000000003 0.65000000000000002 1.0000000180025095e-35 0.55000000000000016 1.0000000180025095e-35 1.0000000180025095e-35 1.0000000180025095e-35 1.0000000180025095e-35 0.55000000000000016 1.0000000180025095e-35 0.35000000000000009
decision_type=2 2 2 2 2 2 2 2 2 2 2 2 2 2 2 2 2
left_child=1 3 -3 4 5 11 7 8 9 10 13 12 -1 16 -10 -13 -7
right_child=-2 2 -4 -5 -6 6 -8 -9 14 -11 -12 15 -14 -15 -16 -17 -18
leaf_value=0.00018860146422715243 -0.0023493639296955533 0.0025563034287188202 0.00023222112407286956 0.0002117604366503656 -0.00032551411228875322 -0.00023083353104690689 0.00018635828358431659 4.746951162815094e-06 -0.00015937405172735446 -0.00046584426114956544 -5.4913532221689823e-05 -7.1880387258715936e-05 -6.7912095983047027e-05 -0.00042215602006763221 5.6159170344471915e-05 -0.00015243242572372155 -0.00017544892034493384
leaf_weight=5.9999999999999982 8.9999999999999982 3.9999999999999991 3 15.999999999999998 11.999999999999998 6.0000000000000053 2.9999999999999991 4.9999999999999991 5.0000000000000018 2.9999999999999991 3.9999999999999991 2.9999999999999991 4 3.9999999999999991 3 3 3
leaf_count=4 3 4 3 6 4 4 1 3 5 3 4 3 4 4 3 3 3
internal_value=-0.000164751 6.12432e-05 0.00156027 -6.99215e-05 -0.000140342 -9.761e-05 -0.000146187 -0.000176419 -0.00020877 -0.000260858 -0.000224684 1.16889e-05 8.5996e-05 -0.000276921 -7.85491e-05 -0.000112156 -0.000212372
internal_weight=96 87 7 80 64 52 36 33 28 20 17 16 10 13 8 6 9
internal_count=64 61 7 54 48 44 30 29 26 18 15 14 8 11 8 6 7
is_linear=0
shrinkage=0.05


Tree=92
num_leaves=14
num_cat=0
split_feature=66 11 11 61 11 38 56 23 64 62 23 11 51
split_gain=0.00811097 0.0152018 0.00409899 0.000453352 0.000155678 0.000152224 0.000384543 0.000121131 7.23452e-05 0.00013861 2.02795e-05 1.58616e-05 9.79449e-07
threshold=1.0000000180025095e-35 0.55000000000000016 0.61250000000000016 1.0000000180025095e-35 0.55000000000000016 1.0000000180025095e-35 1.0000000180025095e-35 1.0000000180025095e-35 1.0000000180025095e-35 1.0000000180025095e-35 1.0000000180025095e-35 0.35000000000000009 1.0000000180025095e-35
decision_type=2 2 2 2 2 2 2 2 2 2 2 2 2
left_child=2 -2 3 4 5 8 -7 -8 9 10 12 -9 -1
right_child=1 -3 -4 -5 -6 6 7 11 -10 -11 -12 -13 -14
leaf_value=-0.0001059821535212296 -0.00040104822110151875 0.004307382119198639 -0.0015424199259723539 0.00020324790194326152 -0.00042162444442510609 0.00022541387123055758 -0.0002159660164680746 1.8400657508108354e-05 1.6881338281867406e-05 -0.00050790407112799585 -0.00025489916093647481 -8.6551794083788991e-05 -0.00014097231687628664
leaf_weight=3.0000000000000053 3.9999999999999991 3 4.9999999999999991 12.999999999999998 3.9999999999999991 9.9999999999999982 18 8.9999999999999982 2.9999999999999991 3.9999999999999991 4.9999999999999991 5.9999999999999991 6
leaf_count=3 4 3 3 5 4 6 6 5 3 4 5 4 6
internal_value=-1.98347e-05 0.00161685 -0.000153053 -6.72899e-05 -0.00011901 -0.000100097 -4.62082e-05 -0.000128518 -0.00021044 -0.000248327 -0.000174163 -2.35803e-05 -0.000129309
internal_weight=93 7 86 81 68 64 43 33 21 18 14 15 9
internal_count=61 7 54 51 46 42 21 15 21 18 14 9 9
is_linear=0
shrinkage=0.05


Tree=93
num_leaves=14
num_cat=0
split_feature=66 22 62 61 75 80 11 22 22 5 71 78 8
split_gain=0.0133082 0.0136271 0.00296783 0.000422343 0.000254051 0.000327406 0.000166079 0.000106529 1.71907e-05 8.45389e-05 3.58106e-05 1.9323e-05 2.30521e-06
threshold=1.0000000180025095e-35 0.72500000000000009 1.0000000180025095e-35 1.0000000180025095e-35 1.0000000180025095e-35 1.0000000180025095e-35 0.61250000000000016 0.55000000000000016 0.22500000000000003 1.0000000180025095e-35 1.0000000180025095e-35 1.0000000180025095e-35 1.0000000180025095e-35
decision_type=2 2 2 2 2 2 2 2 2 2 2 2 2
left_child=1 2 3 4 5 6 7 8 10 -10 -1 -11 -12
right_child=-2 -3 -4 -5 -6 -7 -8 -9 9 11 12 -13 -14
leaf_value=-0.00025181996170431348 0.0023342035314999521 -0.0021610323753621843 -0.0014346259878948331 0.00019101001435046784 -0.00030395735908920568 0.00016722179806003204 0.00022743060059535007 -0.0003735358687117696 -0.00024215419776737698 -5.7777896290644994e-05 -5.2223217790015031e-05 9.7636831924319254e-05 -0.00011020390811609102
leaf_weight=6.0000000000000053 4.9999999999999991 8.9999999999999982 3.9999999999999991 15.999999999999998 11.999999999999998 12.999999999999998 2.9999999999999991 4.9999999999999991 4.9999999999999973 4 3 4 4
leaf_count=6 5 3 4 6 4 5 3 5 5 4 3 4 4
internal_value=-0.000175047 -0.000317618 -0.000107609 -3.68343e-05 -9.86226e-05 -4.61967e-05 -0.000127798 -0.000162175 -0.000121528 -8.08719e-05 -0.000162185 1.99295e-05 -8.5355e-05
internal_weight=93 88 79 75 59 47 34 31 26 13 13 8 7
internal_count=61 56 53 49 43 39 34 31 26 13 13 8 7
is_linear=0
shrinkage=0.05


Tree=94
num_leaves=15
num_cat=0
split_feature=44 11 61 66 69 65 22 79 44 62 60 22 11 7
split_gain=0.00959298 0.0118087 0.000256131 8.83922e-05 0.000100309 6.98623e-05 7.178e-05 0.000162571 0.00015034 0.000123284 2.28595e-05 7.65589e-06 4.04235e-06 2.69665e-06
threshold=0.43750000000000006 0.61250000000000016 1.0000000180025095e-35 1.0000000180025095e-35 1.0000000180025095e-35 1.0000000180025095e-35 0.55000000000000016 1.0000000180025095e-35 1.0000000180025095e-35 1.0000000180025095e-35 1.0000000180025095e-35 0.45000000000000007 0.35000000000000009 1.0000000180025095e-35
decision_type=2 2 2 2 2 2 2 2 2 2 2 2 2 2
left_child=1 2 3 4 5 6 7 8 10 11 -1 13 -7 -9
right_child=-2 -3 -4 -5 -6 12 -8 9 -10 -11 -12 -13 -14 -15
leaf_value=5.2645880496129378e-05 -0.0012583954694370429 0.0024730034085223454 0.00016249138414143371 -0.00030938362579036038 -0.00030736866756342351 -0.00016696082311682404 0.00013466698195164402 -3.26703331666067e-05 -0.00012356613038314715 -0.00041077755740843714 0.00018598607534335717 -0.0001634027265633146 -0.00024904155482848478 -8.9329847833141676e-05
leaf_weight=5.0000000000000009 14.999999999999998 4.9999999999999991 12.999999999999998 3.9999999999999991 3.9999999999999991 2.9999999999999991 5.9999999999999991 3.0000000000000018 8.9999999999999982 3.9999999999999991 9 2.9999999999999991 3 7
leaf_count=5 5 5 5 4 4 3 4 3 3 4 5 3 3 7
internal_value=-0.0001004 0.000122292 -3.87158e-05 -8.23107e-05 -6.60912e-05 -4.75314e-05 -2.66006e-05 -5.07907e-05 3.587e-05 -0.000168038 0.000138365 -9.33483e-05 -0.000208001 -7.2332e-05
internal_weight=93 78 73 60 56 52 46 40 23 17 14 13 6 10
internal_count=63 58 53 48 44 40 34 30 13 17 10 13 6 10
is_linear=0
shrinkage=0.05


Tree=95
num_leaves=16
num_cat=0
split_feature=44 11 62 11 61 75 78 69 22 71 1 65 38 11 11
split_gain=0.0237091 0.0115726 0.000815159 0.00200253 0.000563192 0.000338952 0.000178045 0.000109687 0.000101668 9.46471e-05 0.0001419 1.60789e-05 1.51242e-05 1.26547e-05 2.63123e-06
threshold=0.43750000000000006 0.61250000000000016 1.0000000180025095e-35 0.22500000000000003 1.0000000180025095e-35 1.0000000180025095e-35 1.0000000180025095e-35 1.0000000180025095e-35 0.45000000000000007 1.0000000180025095e-35 1.0000000180025095e-35 1.0000000180025095e-35 1.0000000180025095e-35 0.22500000000000003 0.55000000000000016
decision_type=2 2 2 2 2 2 2 2 2 2 2 2 2 2 2
left_child=1 2 4 -4 5 6 7 9 11 10 -1 12 -8 -11 -10
right_child=-2 -3 3 -5 -6 -7 8 -9 14 13 -12 -13 -14 -15 -16
leaf_value=0.00024432906564990294 -0.002363069802716685 0.0023493531567510221 -0.0013811583805363626 0.00032774670204768568 0.00018836460697154204 -0.00051256228859225918 -0.00011329226351032645 -0.00025401407037861645 -0.00044143869502780337 -0.00019347811685292986 -5.582964772151575e-05 -7.2491273749619714e-05 -0.00026180510176345703 -7.4161100201308727e-05 -0.00037521644650648027
leaf_weight=7.000000000000008 11.999999999999998 4.9999999999999991 3.9999999999999991 3 14.999999999999998 5.9999999999999991 3.0000000000000018 4.9999999999999991 2.9999999999999991 3.9999999999999982 9 4 4 5 3
leaf_count=5 4 5 4 3 5 2 3 5 3 4 3 4 4 5 3
internal_value=-0.000290602 2.02686e-05 -0.000135004 -0.00064877 -8.21159e-05 -0.000158667 -0.000113489 -4.02317e-05 -0.000242766 2.52475e-06 7.54898e-05 -0.00015246 -0.000198157 -0.000127191 -0.000408328
internal_weight=92 80 75 7 68 53 47 30 17 25 16 11 7 9 6
internal_count=62 58 53 7 46 41 39 22 17 17 8 11 7 9 6
is_linear=0
shrinkage=0.05


Tree=96
num_leaves=15
num_cat=0
split_feature=44 75 61 78 11 8 11 7 11 79 11 11 11 11
split_gain=0.00514788 0.000420566 0.000300299 0.000113469 8.13067e-05 0.000145018 8.48706e-05 7.36465e-05 3.2692e-05 2.64108e-05 9.56197e-06 8.97879e-06 2.80678e-06 4.6347e-07
threshold=0.43750000000000006 1.0000000180025095e-35 1.0000000180025095e-35 1.0000000180025095e-35 0.55000000000000016 1.0000000180025095e-35 0.35000000000000009 1.0000000180025095e-35 1.0000000180025095e-35 1.0000000180025095e-35 0.35000000000000009 0.22500000000000003 0.55000000000000016 1.0000000180025095e-35
decision_type=2 2 2 2 2 2 2 2 2 2 2 2 2 2
left_child=1 2 3 4 5 6 9 -7 -5 -1 -10 -9 -12 -11
right_child=-2 -3 -4 8 -6 7 -8 11 10 13 12 -13 -14 -15
leaf_value=0.00010922825778834515 -0.001100096336255471 -0.00048693416950603324 0.00016599220152084646 -0.00010728396126069128 0.00015811266312084629 -0.00036352244205772893 -0.00014927018783055248 -0.00017187532939715307 -0.00033760451866934698 -3.7360309700792038e-05 -0.00020331536652520296 -6.5934390295296905e-05 -0.00026254774966218971 -9.5673351703832538e-06
leaf_weight=10.000000000000005 14.999999999999998 5.9999999999999991 12.999999999999998 4.9999999999999991 3.9999999999999991 4.9999999999999973 6.9999999999999991 4 2.9999999999999991 2.9999999999999991 4 4 4 3
leaf_count=4 5 2 5 5 4 5 5 4 3 3 4 4 4 3
internal_value=-0.000254529 -8.54158e-05 -5.05011e-05 -0.000100759 -5.57448e-05 -7.95067e-05 -4.06051e-06 -0.000212989 -0.000213293 5.94687e-05 -0.000261479 -0.000118905 -0.000232932 -2.34638e-05
internal_weight=90 75 69 56 40 36 23 13 16 16 11 8 8 6
internal_count=60 55 53 48 32 28 15 13 16 10 11 8 8 6
is_linear=0
shrinkage=0.05


Tree=97
num_leaves=18
num_cat=0
split_feature=22 70 7 17 44 76 79 51 0 11 22 66 61 11 22 11 78
split_gain=0.0263185 0.00114191 0.00234619 0.000385777 0.000194937 0.000145902 4.50178e-05 2.63185e-05 2.10935e-05 1.84173e-05 1.76299e-05 2.10001e-05 7.48332e-06 3.29525e-06 2.91781e-06 2.77892e-06 9.53666e-07
threshold=0.72500000000000009 1.0000000180025095e-35 1.0000000180025095e-35 1.0000000180025095e-35 0.43750000000000006 1.0000000180025095e-35 1.0000000180025095e-35 1.0000000180025095e-35 1.0000000180025095e-35 0.35000000000000009 0.45000000000000007 1.0000000180025095e-35 1.0000000180025095e-35 0.35000000000000009 1.0000000180025095e-35 1.0000000180025095e-35 1.0000000180025095e-35
decision_type=2 2 2 2 2 2 2 2 2 2 2 2 2 2 2 2 2
left_child=1 3 -3 4 5 6 10 9 12 -8 14 -12 -5 -9 16 -16 -1
right_child=-2 2 -4 8 -6 -7 7 13 -10 -11 11 -13 -14 -15 15 -17 -18
leaf_value=-0.0001568417081476321 0.002615986615419388 -0.001746796180183689 0.0002306574955582618 0.00016938651446253051 0.00016956090306242307 2.4848303291946652e-05 -9.996711771236732e-05 -0.00019966902036685493 0.00023748706250141063 5.6737857327486065e-05 -0.00035407873801887027 -0.00019205981589038852 8.9297332202217404e-05 -0.0001387826034624595 -0.00023742155754007403 -0.00018150837859138845 -0.00018744622648227957
leaf_weight=7.0000000000000053 9.9999999999999982 2.9999999999999991 3 5.0000000000000018 5.9999999999999991 11.999999999999998 5 4 5.9999999999999991 3 4 4 7 5 3.9999999999999982 5 4
leaf_count=3 4 3 3 5 2 4 5 4 2 3 4 4 3 5 2 5 4
internal_value=0.000186724 -9.25012e-05 -0.000758069 -4.31999e-05 -0.000101526 -0.000130061 -0.00017137 -0.000107189 0.000160941 -4.12028e-05 -0.000210338 -0.000273069 0.000122668 -0.000165843 -0.000185245 -0.000206359 -0.000167971
internal_weight=97 87 6 81 63 57 45 17 18 8 28 8 12 9 20 9 11
internal_count=65 61 6 55 45 43 39 17 10 8 22 8 8 9 14 7 7
is_linear=0
shrinkage=0.05


Tree=98
num_leaves=17
num_cat=0
split_feature=22 22 17 44 22 8 8 71 78 22 22 11 71 65 11 22
split_gain=0.0104074 0.00800764 0.000318338 0.000291512 0.000138236 0.000127235 3.69292e-05 4.85601e-05 8.32317e-05 3.69241e-05 5.86007e-05 4.85932e-05 4.05477e-05 2.60433e-05 2.41587e-05 2.07613e-06
threshold=0.77500000000000013 0.72500000000000009 1.0000000180025095e-35 0.22500000000000003 1.0000000180025095e-35 1.0000000180025095e-35 1.0000000180025095e-35 1.0000000180025095e-35 1.0000000180025095e-35 0.45000000000000007 0.65000000000000002 0.55000000000000016 1.0000000180025095e-35 1.0000000180025095e-35 1.0000000180025095e-35 0.45000000000000007
decision_type=2 2 2 2 2 2 2 2 2 2 2 2 2 2 2 2
left_child=1 2 3 6 5 -4 9 8 -8 12 11 -11 13 14 -1 -9
right_child=-2 -3 4 -5 -6 -7 7 15 -10 10 -12 -13 -14 -15 -16 -17
leaf_value=-0.00013932435191236424 -0.0024938784539699555 0.0015282351109716628 0.00015562976865718758 0.00016406363186736902 0.0003058196178504399 -0.00014162016450427472 0.00021912462931747249 -0.00012925759569043293 -0.00015332596376538274 -0.00022675541113130753 -0.00010400393337476997 -0.00048129603577156852 1.1509346586535685e-05 -4.7394467401318252e-05 -0.00026043503561855427 -0.00017758614267222579
leaf_weight=10.000000000000009 3.9999999999999991 8.9999999999999982 9.0000000000000018 8.9999999999999982 6.9999999999999991 5.9999999999999991 2.9999999999999973 5 3 4.9999999999999982 5 3 3.9999999999999991 3.9999999999999991 6.9999999999999991 4
leaf_count=6 2 3 5 3 3 6 3 5 3 5 3 3 4 4 5 4
internal_value=3.40318e-06 0.000110813 -4.10535e-05 -9.90351e-05 0.000122349 3.67298e-05 -0.000143712 -7.72824e-05 3.28993e-05 -0.000169935 -0.000238283 -0.000322208 -0.000134393 -0.000162184 -0.000189193 -0.000150737
internal_weight=97 93 84 62 22 15 53 15 6 38 13 8 25 21 17 9
internal_count=67 65 62 48 14 11 45 15 6 30 11 8 19 15 11 9
is_linear=0
shrinkage=0.05


Tree=99
num_leaves=15
num_cat=0
split_feature=11 17 22 8 44 75 11 80 79 11 0 22 40 5
split_gain=0.00477929 0.000253648 0.000124758 0.000114829 9.87826e-05 0.000317799 0.000176462 0.000180118 9.25682e-05 7.6704e-05 1.98371e-05 4.56071e-05 1.45675e-05 4.9321e-06
threshold=0.66250000000000009 1.0000000180025095e-35 1.0000000180025095e-35 1.0000000180025095e-35 0.43750000000000006 1.0000000180025095e-35 1.0000000180025095e-35 1.0000000180025095e-35 1.0000000180025095e-35 0.55000000000000016 1.0000000180025095e-35 0.45000000000000007 1.0000000180025095e-35 1.0000000180025095e-35
decision_type=2 2 2 2 2 2 2 2 2 2 2 2 2 2
left_child=1 4 3 -3 5 6 7 12 10 13 11 -8 -1 -10
right_child=-2 2 -4 -5 -6 -7 8 -9 9 -11 -12 -13 -14 -15
leaf_value=-1.7266268211339284e-05 -0.0017974899783439469 0.00014784827750797069 0.0002905286449406828 -0.0001345391443464905 3.4771145631869631e-05 -0.00045334938137481614 -0.00015058203134685761 0.00025465111580810377 -0.00015256007512410484 0.00013368403779168142 -0.00015905216569080946 -0.00037709463853389017 -0.00013282376050483433 -8.5321014048531644e-05
leaf_weight=6.0000000000000018 3.9999999999999991 9.0000000000000018 6.9999999999999991 5.9999999999999991 14.999999999999998 5.9999999999999991 3.9999999999999982 6.9999999999999991 5.9999999999999982 4.0000000000000009 6.0000000000000009 5 5 5
leaf_count=6 2 5 3 6 5 2 4 3 6 4 2 5 5 5
internal_value=-0.000105957 -3.16036e-05 0.000116232 3.48933e-05 -7.87396e-05 -0.00011027 -6.73855e-05 5.63801e-05 -0.000141645 -5.38153e-05 -0.000229474 -0.000276422 -6.97924e-05 -0.000121997
internal_weight=95 91 22 15 69 54 48 18 30 15 15 9 11 11
internal_count=63 61 14 11 47 42 40 14 26 15 11 9 11 11
is_linear=0
shrinkage=0.05


Tree=100
num_leaves=15
num_cat=0
split_feature=22 75 11 80 11 40 70 62 11 11 11 5 22 11
split_gain=0.00941947 0.00731028 0.00308859 0.000334189 8.82588e-05 4.00776e-05 8.03842e-05 0.00010413 5.49044e-05 0.000107372 1.28502e-05 3.06858e-05 8.1031e-06 9.77565e-09
threshold=0.77500000000000013 1.0000000180025095e-35 0.61250000000000016 1.0000000180025095e-35 0.55000000000000016 1.0000000180025095e-35 1.0000000180025095e-35 1.0000000180025095e-35 0.35000000000000009 1.0000000180025095e-35 0.27350000000000002 1.0000000180025095e-35 0.27500000000000008 0.27350000000000002
decision_type=2 2 2 2 2 2 2 2 2 2 2 2 2 2
left_child=1 2 3 4 5 6 7 8 9 -1 11 -5 -7 -11
right_child=-2 -3 -4 10 -6 12 -8 -9 -10 13 -12 -13 -14 -15
leaf_value=7.5090286845806847e-05 -0.0023480197414755821 0.0010342111203095151 -0.0011767633657048769 0.00011207117260290451 -0.00034949338684479397 -0.00010618417836667507 -0.00026890734831492105 0.00023682135215494782 0.00011202574241906405 -0.00023043683031573884 8.557483088225123e-05 0.00024191856916461673 -0.0001873246021568775 -0.00022666109871352088
leaf_weight=5.0000000000000089 3.9999999999999991 18 5.9999999999999991 13.000000000000002 2.9999999999999991 7.9999999999999982 2.9999999999999991 3.9999999999999991 3.9999999999999991 3 9.0000000000000018 6.9999999999999991 5 4
leaf_count=5 2 6 4 5 3 8 3 4 4 3 3 3 5 4
internal_value=2.72422e-05 0.000130515 -8.93036e-05 6.64875e-06 -8.89337e-05 -6.72204e-05 -2.75581e-05 8.64425e-06 -4.84e-05 -0.000101875 0.000135191 0.000157518 -0.000137392 -0.000228279
internal_weight=96 92 74 68 39 36 23 20 16 12 29 20 13 7
internal_count=62 60 54 50 39 36 23 20 16 12 11 8 13 7
is_linear=0
shrinkage=0.05


Tree=101
num_leaves=17
num_cat=0
split_feature=22 22 17 44 75 11 40 11 78 69 78 8 22 18 22 66
split_gain=0.00827433 0.00753965 0.000171393 0.000102486 0.000356149 0.000146565 0.000104385 8.31606e-05 5.38948e-05 4.89218e-05 7.63649e-05 4.55878e-05 3.12348e-05 5.72466e-05 1.84379e-05 8.51824e-06
threshold=0.77500000000000013 0.72500000000000009 1.0000000180025095e-35 0.43750000000000006 1.0000000180025095e-35 1.0000000180025095e-35 1.0000000180025095e-35 0.22500000000000003 1.0000000180025095e-35 1.0000000180025095e-35 1.0000000180025095e-35 1.0000000180025095e-35 0.55000000000000016 1.0000000180025095e-35 0.45000000000000007 1.0000000180025095e-35
decision_type=2 2 2 2 2 2 2 2 2 2 2 2 2 2 2 2
left_child=1 2 3 4 5 6 8 11 -1 10 12 -4 13 -7 -12 -16
right_child=-2 -3 7 -5 -6 9 -8 -9 -10 -11 14 -13 -14 -15 15 -17
leaf_value=0.0001823176343653661 -0.0022306185215711593 0.0014657615787453124 0.00010053450751001949 9.9430547561496499e-05 -0.00048239245079457761 7.4179676760520222e-06 -0.00012504036214003073 0.00032594576089953388 -3.8261250301729889e-05 -0.00030548314243787904 -0.00015028937719762319 -0.00010619866661727427 7.0053734816610813e-05 -0.00020305280534860986 -0.00033987039544930051 -0.0002207189487914244
leaf_weight=9.0000000000000018 3.9999999999999991 8.9999999999999982 7.9999999999999982 5.9999999999999991 5.9999999999999991 7.0000000000000018 6.9999999999999991 2.9999999999999991 3.9999999999999991 3.9999999999999991 5.0000000000000018 4 3.9999999999999991 6 3 3
leaf_count=5 2 3 4 2 2 3 7 3 4 4 5 4 2 6 3 3
internal_value=-6.52027e-06 9.45751e-05 -6.1636e-05 -9.72901e-05 -0.00011764 -7.55537e-05 3.06266e-05 9.04879e-05 0.000114447 -0.000141916 -0.00011855 3.16234e-05 -5.2128e-05 -8.97224e-05 -0.000221201 -0.000280295
internal_weight=92 88 79 64 58 52 20 15 13 32 28 12 17 13 11 6
internal_count=62 60 57 46 44 42 16 11 9 26 22 8 11 9 11 6
is_linear=0
shrinkage=0.05


Tree=102
num_leaves=16
num_cat=0
split_feature=22 62 70 80 22 22 22 7 11 5 11 11 79 63 18
split_gain=0.0525211 0.00118455 0.00196484 0.000222114 0.000119409 8.69977e-05 5.27725e-05 4.8248e-05 5.35279e-05 2.69608e-05 2.3877e-05 6.14553e-06 6.24021e-06 1.0254e-05 7.23592e-06
threshold=0.72500000000000009 1.0000000180025095e-35 1.0000000180025095e-35 1.0000000180025095e-35 0.45000000000000007 0.22500000000000003 0.35000000000000009 1.0000000180025095e-35 0.55000000000000016 1.0000000180025095e-35 0.35000000000000009 0.27350000000000002 1.0000000180025095e-35 1.0000000180025095e-35 1.0000000180025095e-35
decision_type=2 2 2 2 2 2 2 2 2 2 2 2 2 2 2
left_child=1 3 -3 4 10 9 -7 8 -6 -5 11 12 13 -1 -14
right_child=-2 2 -4 5 7 6 -8 -9 -10 -11 -12 -13 14 -15 -16
leaf_value=5.9264409355819052e-05 0.0044406156454767495 0.0001623291289433837 -0.0016472942971934872 9.8995599322594099e-05 -0.00019984560300751283 -9.5639812449614174e-05 6.4526672940701249e-05 -9.2351878993213188e-05 -0.00045851507845024256 0.00022070675206902835 6.4076482667587702e-05 -0.00012439583369996398 -0.00013556782893526053 -7.1464042412117105e-05 -4.275513388815203e-05
leaf_weight=3.000000000000008 6.9999999999999991 2.9999999999999991 3 13.000000000000002 5.9999999999999982 9.0000000000000018 11.999999999999998 4.9999999999999991 3 6.9999999999999991 4.9999999999999991 2.9999999999999991 3 3 7
leaf_count=3 3 3 3 5 6 3 4 5 3 3 5 3 3 3 7
internal_value=0.000277642 -6.51908e-05 -0.000742483 -1.37509e-05 -0.000100836 6.69622e-05 -4.11611e-06 -0.000216884 -0.000286069 0.000141595 -3.31414e-05 -5.8725e-05 -4.64118e-05 -6.09982e-06 -7.05989e-05
internal_weight=92 85 6 79 38 41 21 14 9 20 24 19 16 6 10
internal_count=62 59 6 53 38 15 7 14 9 8 24 19 16 6 10
is_linear=0
shrinkage=0.05


Tree=103
num_leaves=14
num_cat=0
split_feature=70 0 75 12 63 44 61 71 7 23 0 65 66
split_gain=0.00414923 0.00192513 0.000225074 0.000154134 0.000136677 0.000101185 2.32498e-05 1.56692e-05 7.05368e-06 7.83205e-06 2.78584e-06 2.51116e-06 1.88411e-06
threshold=1.0000000180025095e-35 0.45000000000000007 1.0000000180025095e-35 1.0000000180025095e-35 1.0000000180025095e-35 0.22500000000000003 1.0000000180025095e-35 1.0000000180025095e-35 1.0000000180025095e-35 1.0000000180025095e-35 1.0000000180025095e-35 1.0000000180025095e-35 1.0000000180025095e-35
decision_type=2 2 2 2 2 2 2 2 2 2 2 2 2
left_child=1 2 3 4 6 7 -1 10 -9 -10 11 12 -5
right_child=-2 -3 -4 5 -6 -7 -8 8 9 -11 -12 -13 -14
leaf_value=0.00016873986654294027 0.0014825906822807156 -0.00085674813534650544 -0.00022351581581114304 -0.00020731388882268181 -0.00014724239057007556 0.00016990699805319309 5.4078495928219382e-05 -0.00014959625744571294 3.1101750209927556e-06 -0.00010376234422437845 -0.0001195279648527503 -0.00013838339073117824 -0.00016575546663564938
leaf_weight=12.000000000000005 3.9999999999999991 8.9999999999999982 21 5.0000000000000089 5.9999999999999991 2.9999999999999991 6.9999999999999991 2.9999999999999982 3 4 2.9999999999999991 3.9999999999999991 6
leaf_count=8 4 3 7 5 6 1 3 3 3 4 1 4 6
internal_value=-9.15804e-05 -0.000164798 -8.39203e-05 -3.1572e-05 6.07989e-05 -0.000106065 0.000126496 -0.000135633 -8.54508e-05 -5.79598e-05 -0.000163512 -0.000172309 -0.000184646
internal_weight=90 86 77 56 25 31 19 28 10 7 18 15 11
internal_count=58 54 51 44 17 27 11 26 10 7 16 15 11
is_linear=0
shrinkage=0.05


Tree=104
num_leaves=16
num_cat=0
split_feature=11 75 79 22 17 78 22 20 6 65 18 11 71 55 22
split_gain=0.00308143 0.000371924 0.000157362 0.000142129 4.40644e-05 6.79664e-05 3.19965e-05 2.57137e-05 3.70428e-05 1.46046e-05 1.2081e-05 2.71185e-05 1.90379e-05 9.09343e-06 2.263e-07
threshold=0.61250000000000016 1.0000000180025095e-35 1.0000000180025095e-35 0.55000000000000016 1.0000000180025095e-35 1.0000000180025095e-35 0.27500000000000008 1.0000000180025095e-35 1.0000000180025095e-35 1.0000000180025095e-35 1.0000000180025095e-35 0.22500000000000003 1.0000000180025095e-35 1.0000000180025095e-35 0.72500000000000009
decision_type=2 2 2 2 2 2 2 2 2 2 2 2 2 2 2
left_child=1 2 3 4 5 -1 -7 8 10 -8 12 -12 -4 -6 -3
right_child=-2 14 7 -5 13 6 9 -9 -10 -11 11 -13 -14 -15 -16
leaf_value=0.00011082680161612538 -0.0012390564836096019 -0.0002747957439472277 -0.00022037671842554084 -0.00016625117942956942 0.00019327512321372833 -0.00017209590878337617 -6.7539660570522129e-05 -4.7622881538700314e-06 -0.00026106323115527631 8.8476358602444314e-05 -0.00016971017757896331 2.9156159143894907e-05 -5.3752523187237467e-05 0.00011380889530604082 -0.00026358316342035929
leaf_weight=13 5.9999999999999991 9.0000000000000018 4.0000000000000053 6.9999999999999991 5.9999999999999973 4 3 3.9999999999999991 4.9999999999999991 3 3 4 3 9 8.9999999999999982
leaf_count=5 4 3 4 5 2 4 3 4 5 3 3 4 3 5 3
internal_value=-0.000143522 -6.70895e-05 -1.35925e-05 4.07855e-05 7.89238e-05 3.54424e-05 -6.25574e-05 -0.000119984 -0.000144241 1.04683e-05 -0.000102519 -5.60723e-05 -0.000148966 0.000145595 -0.000269189
internal_weight=92 86 68 45 38 23 10 23 19 6 14 7 7 15 18
internal_count=60 56 50 27 22 15 10 23 19 6 14 7 7 7 6
is_linear=0
shrinkage=0.05


Tree=105
num_leaves=15
num_cat=0
split_feature=66 22 70 22 75 63 77 12 22 71 50 12 22 16
split_gain=0.0120753 0.0126139 0.00174367 0.000130771 0.000145988 0.000130344 2.85883e-05 1.91804e-05 2.54524e-05 1.85987e-05 1.28523e-05 1.97886e-05 1.93909e-05 4.13336e-06
threshold=1.0000000180025095e-35 0.72500000000000009 1.0000000180025095e-35 0.55000000000000016 1.0000000180025095e-35 1.0000000180025095e-35 1.0000000180025095e-35 1.0000000180025095e-35 0.35000000000000009 1.0000000180025095e-35 1.0000000180025095e-35 1.0000000180025095e-35 0.45000000000000007 1.0000000180025095e-35
decision_type=2 2 2 2 2 2 2 2 2 2 2 2 2 2
left_child=1 2 3 4 5 6 7 13 9 -9 11 -7 -13 -1
right_child=-2 -3 -4 -5 -6 10 -8 8 -10 -11 -12 12 -14 -15
leaf_value=6.787580205127595e-05 0.0022286557778716087 -0.0020693158109982806 -0.00099038825836032622 -0.00024709264592578017 -0.0001601678338677933 -0.00022844271734356894 0.00018361135541150969 -5.4130396165419383e-05 0.00013552270247600974 7.7916160807944818e-05 -1.4269955136114733e-05 2.2633742385854317e-05 -0.00013815986108966168 0.00012355359212961047
leaf_weight=5.0000000000000009 4.9999999999999991 8.9999999999999982 4.9999999999999991 5.9999999999999991 11.999999999999998 2.9999999999999973 5.9999999999999991 7.9999999999999982 3.9999999999999991 4 3.9999999999999991 3 5 10
leaf_count=3 5 3 5 4 4 3 2 4 4 4 4 3 5 6
internal_value=-0.000158484 -0.000300576 -8.8327e-05 -2.3894e-05 -2.96914e-06 3.33075e-05 8.37107e-05 6.43751e-05 2.62945e-05 -1.01149e-05 -9.10204e-05 -0.00011893 -7.78623e-05 0.000104994
internal_weight=89 84 75 70 64 52 37 31 16 12 15 11 8 15
internal_count=59 54 51 46 42 38 23 21 12 8 15 11 8 9
is_linear=0
shrinkage=0.05


Tree=106
num_leaves=16
num_cat=0
split_feature=66 22 11 77 38 75 11 11 11 80 11 0 22 62 50
split_gain=0.00814305 0.0128324 0.000168607 0.000157095 0.000114187 0.000115006 6.25206e-05 4.99128e-05 4.79895e-05 3.29503e-05 3.21964e-05 7.99985e-06 2.81028e-05 5.71544e-06 2.93414e-06
threshold=1.0000000180025095e-35 0.72500000000000009 0.55000000000000016 1.0000000180025095e-35 1.0000000180025095e-35 1.0000000180025095e-35 1.0000000180025095e-35 0.61250000000000016 0.22500000000000003 1.0000000180025095e-35 0.27350000000000002 1.0000000180025095e-35 0.35000000000000009 1.0000000180025095e-35 1.0000000180025095e-35
decision_type=2 2 2 2 2 2 2 2 2 2 2 2 2 2 2
left_child=1 2 3 4 8 6 9 -4 13 -6 -8 12 -12 14 -1
right_child=-2 -3 7 -5 5 -7 10 -9 -10 -11 11 -13 -14 -15 -16
leaf_value=-0.0001251893391599878 0.0018588524777442218 -0.0020038070778052013 0.00038901426208515964 0.00013407353156556686 2.1458523115143169e-05 -0.00015215945119659107 -0.00017660031250367543 0.00010059083676120884 -0.00030394756235182287 0.00018951540779588475 -7.3696728698754069e-05 -2.9283844762378268e-05 0.00012874656313215381 -0.00017934441566467286 -6.7735787524725297e-05
leaf_weight=5.0000000000000018 4.9999999999999991 8.9999999999999982 2.9999999999999991 11.999999999999998 5.0000000000000018 11.999999999999998 3.0000000000000027 3 4.9999999999999991 7 2.9999999999999991 8.9999999999999982 4 2.9999999999999991 4
leaf_count=5 5 3 3 4 5 4 3 3 5 3 3 3 4 3 4
internal_value=-0.000103353 -0.000216123 -9.85174e-06 -3.10729e-05 -6.41022e-05 -2.07319e-05 3.01433e-05 0.000244803 -0.000173804 0.000119492 -2.62873e-05 1.89634e-06 4.19852e-05 -0.000119577 -9.96544e-05
internal_weight=92 87 78 72 60 43 31 6 17 12 19 16 7 12 9
internal_count=60 55 52 46 42 25 21 6 17 8 13 10 7 12 9
is_linear=0
shrinkage=0.05


Tree=107
num_leaves=17
num_cat=0
split_feature=0 17 22 76 8 44 75 80 8 71 22 78 65 29 71 22
split_gain=0.00311293 0.000125765 9.22746e-05 8.5347e-05 5.1524e-05 4.26291e-05 0.00036403 9.61265e-05 6.00696e-05 4.79928e-05 4.41266e-05 3.09552e-05 4.43047e-05 1.25646e-05 5.02647e-06 6.61653e-07
threshold=0.45000000000000007 1.0000000180025095e-35 1.0000000180025095e-35 1.0000000180025095e-35 1.0000000180025095e-35 0.43750000000000006 1.0000000180025095e-35 1.0000000180025095e-35 1.0000000180025095e-35 1.0000000180025095e-35 0.55000000000000016 1.0000000180025095e-35 1.0000000180025095e-35 1.0000000180025095e-35 1.0000000180025095e-35 0.45000000000000007
decision_type=2 2 2 2 2 2 2 2 2 2 2 2 2 2 2 2
left_child=1 3 4 5 -3 6 7 8 10 -10 11 13 -13 14 -1 -11
right_child=-2 2 -4 -5 -6 -7 -8 -9 9 15 -12 12 -14 -15 -16 -17
leaf_value=-3.8586001270838645e-05 -0.0012012976066519817 0.00010975414576629795 0.00030437018722295761 8.7233402559326758e-05 -7.9403340350836515e-05 4.4672749936580656e-06 -0.00063333318879206979 0.00017025983033818194 0.00011931935208849615 -6.7011770734097799e-05 -0.00026807000045664609 -0.00026495917001739138 -4.1704090835992237e-05 -0.00011814442890075344 5.2942414185963564e-05 -9.6713697227338927e-05
leaf_weight=3.0000000000000036 5.9999999999999991 9.0000000000000018 3.9999999999999991 8.9999999999999982 5.9999999999999991 11.999999999999998 2.9999999999999991 3.9999999999999991 4.9999999999999973 5 4.9999999999999991 5 4 3 3 3
leaf_count=3 2 5 2 3 6 4 1 2 5 5 5 5 4 3 3 3
internal_value=-0.000101473 -2.19679e-05 9.0992e-05 -5.55028e-05 3.40912e-05 -7.88597e-05 -0.000102114 -6.22723e-05 -8.81092e-05 -2.20024e-06 -0.000136666 -0.000100165 -0.000165735 -3.4596e-05 7.17821e-06 -7.815e-05
internal_weight=89 83 19 64 15 55 43 40 36 13 23 18 9 9 6 8
internal_count=61 59 13 46 11 43 39 38 36 13 23 18 9 9 6 8
is_linear=0
shrinkage=0.05


Tree=108
num_leaves=16
num_cat=0
split_feature=44 11 66 66 75 80 11 11 18 60 8 5 7 11 11
split_gain=0.00854596 0.00607778 0.0113969 0.00044666 0.000340802 0.000135055 6.14964e-05 2.78339e-05 2.82952e-05 1.5955e-05 2.64697e-05 6.0739e-06 3.19644e-06 2.54029e-06 5.62395e-07
threshold=0.43750000000000006 0.55000000000000016 1.0000000180025095e-35 1.0000000180025095e-35 1.0000000180025095e-35 1.0000000180025095e-35 0.27350000000000002 0.22500000000000003 1.0000000180025095e-35 1.0000000180025095e-35 1.0000000180025095e-35 1.0000000180025095e-35 1.0000000180025095e-35 0.35000000000000009 1.0000000180025095e-35
decision_type=2 2 2 2 2 2 2 2 2 2 2 2 2 2 2
left_child=1 3 -3 4 5 7 11 9 13 10 -1 -7 -12 -9 -11
right_child=-2 2 -4 -5 -6 6 -8 8 -10 14 12 -13 -14 -15 -16
leaf_value=5.0122360698878777e-05 -0.0013448677258566023 -6.7003599833697071e-05 0.0038311858816693217 -0.0005756373851909302 -0.00038920093017319837 0.00011469992071700586 -2.237146254628897e-05 8.8758090714691136e-05 -9.3992124311625952e-05 -0.00019258005486335608 -0.00016640673081080114 0.00017330577996160304 -9.8131750564789383e-05 2.789278951240703e-05 -0.00016196429884682094
leaf_weight=2.9999999999999982 11.999999999999998 5 3 3.9999999999999991 5.9999999999999991 12.000000000000005 8.9999999999999982 3.0000000000000018 6 2.9999999999999991 3 6.9999999999999991 4 4 3
leaf_count=3 4 5 3 4 2 4 3 3 6 3 3 3 4 4 3
internal_value=-0.000105983 9.22381e-05 0.00139482 -6.32937e-05 -3.0764e-05 6.96624e-06 8.52927e-05 -6.86593e-05 -1.43159e-05 -0.000112813 -7.4138e-05 0.000136292 -0.000127392 5.39779e-05 -0.000177272
internal_weight=87 75 8 67 63 57 28 29 13 16 10 19 7 7 6
internal_count=57 53 8 45 41 39 10 29 13 16 10 7 7 7 6
is_linear=0
shrinkage=0.05


Tree=109
num_leaves=17
num_cat=0
split_feature=22 66 17 22 44 75 22 78 22 8 40 55 11 78 76 77
split_gain=0.0057393 0.000402335 0.00012114 0.000146505 0.000128032 0.000285852 8.75008e-05 4.05034e-05 4.55351e-05 3.9378e-05 2.17393e-05 3.05391e-05 1.55034e-05 2.7882e-05 7.78459e-06 5.46044e-07
threshold=0.72500000000000009 1.0000000180025095e-35 1.0000000180025095e-35 0.35000000000000009 0.43750000000000006 1.0000000180025095e-35 0.45000000000000007 1.0000000180025095e-35 0.55000000000000016 1.0000000180025095e-35 1.0000000180025095e-35 1.0000000180025095e-35 0.35000000000000009 1.0000000180025095e-35 1.0000000180025095e-35 1.0000000180025095e-35
decision_type=2 2 2 2 2 2 2 2 2 2 2 2 2 2 2 2
left_child=1 2 4 9 5 6 10 8 -8 15 12 -12 13 14 -1 -4
right_child=-2 -3 3 -5 -6 -7 7 -9 -10 -11 11 -13 -14 -15 -16 -17
leaf_value=9.0812062782268625e-05 -0.0016062115629514057 -0.00044280700429226276 0.000110599910840392 0.00038988986052572732 0.00019878465682268145 -0.00036974088288843632 -0.0001544331794138998 -0.00024506164045305922 7.1900594048202027e-05 -6.3108603935688737e-05 0.00010445941394815846 -9.0922052186215291e-05 2.7012229630989691e-06 -2.4323933757841587e-05 0.00016842516294370095 9.1126920758850032e-05
leaf_weight=7.0000000000000053 5.9999999999999991 4.9999999999999991 6.0000000000000044 3.9999999999999991 5.9999999999999991 5.9999999999999991 4.9999999999999982 3.9999999999999991 4 4.9999999999999991 2.9999999999999982 6 6.9999999999999991 3.9999999999999991 6 9
leaf_count=5 2 5 4 2 2 2 5 4 2 5 3 6 5 4 2 3
internal_value=-0.00011052 -7.36931e-06 1.91818e-05 0.000113657 -1.99113e-05 -4.51454e-05 -2.80687e-06 -0.000112678 -5.38404e-05 5.84099e-05 4.04756e-05 -2.57949e-05 6.5327e-05 9.11141e-05 0.000126633 9.89161e-05
internal_weight=93 87 82 24 58 52 46 13 9 20 33 9 24 17 13 15
internal_count=61 59 54 14 40 38 36 11 7 12 25 9 16 11 7 7
is_linear=0
shrinkage=0.05


Tree=110
num_leaves=19
num_cat=0
split_feature=22 22 17 44 22 78 11 11 65 11 8 0 80 38 22 11 51 77
split_gain=0.00780393 0.00844367 0.000125297 0.000162595 7.91038e-05 6.38154e-05 0.000127729 0.000125142 4.70206e-05 0.000121866 3.80923e-05 3.52942e-05 1.34088e-05 7.07531e-06 6.49198e-06 1.64463e-05 5.50144e-06 1.37388e-06
threshold=0.77500000000000013 0.72500000000000009 1.0000000180025095e-35 0.43750000000000006 1.0000000180025095e-35 1.0000000180025095e-35 0.55000000000000016 0.27350000000000002 1.0000000180025095e-35 0.55000000000000016 1.0000000180025095e-35 1.0000000180025095e-35 1.0000000180025095e-35 1.0000000180025095e-35 1.0000000180025095e-35 0.35000000000000009 1.0000000180025095e-35 1.0000000180025095e-35
decision_type=2 2 2 2 2 2 2 2 2 2 2 2 2 2 2 2 2 2
left_child=1 2 3 5 10 6 11 13 9 -9 17 12 14 -7 16 -16 -1 -4
right_child=-2 -3 4 -5 -6 7 -8 8 -10 -11 -12 -13 -14 -15 15 -17 -18 -19
leaf_value=6.0459933592937836e-06 -0.0021176068112254143 0.001592692153321372 0.00010506991529837241 0.00018884542708595594 0.00028253727359697225 -3.6319977759073138e-05 0.00021815860527567567 -0.00052471517192316248 -0.00012914451363030819 -0.00010314434427224717 -6.6145592912410708e-05 2.867263586570819e-05 -0.00015133592023630624 7.2271863852317112e-05 -0.00020369368576211852 -5.5611114948987957e-05 -7.6880506821908046e-05 7.1233557537198064e-05
leaf_weight=3.0000000000000018 3.9999999999999991 8.9999999999999982 6.0000000000000053 5.9999999999999991 3.9999999999999991 3.0000000000000027 3.9999999999999991 3.9999999999999982 4 3 5.9999999999999991 5.9999999999999991 10.000000000000002 3 3 5 6 6
leaf_count=3 2 3 4 2 2 3 4 4 4 3 6 2 4 3 3 5 6 2
internal_value=4.38946e-05 0.000138906 -2.06563e-05 -5.80819e-05 8.14135e-05 -8.55183e-05 -4.86749e-05 -0.000165707 -0.000265897 -0.000344042 3.67193e-05 -8.10183e-05 -0.000105394 1.79759e-05 -7.83695e-05 -0.000111142 -4.92383e-05 8.81517e-05
internal_weight=95 91 82 60 22 54 37 17 11 7 18 33 27 6 17 8 9 12
internal_count=65 63 60 46 14 44 27 17 11 7 12 23 21 6 17 8 9 6
is_linear=0
shrinkage=0.05


Tree=111
num_leaves=15
num_cat=0
split_feature=17 44 75 22 8 22 66 22 5 38 71 78 22 22
split_gain=0.000205341 0.000266348 0.000236686 0.000111524 3.03424e-05 2.38869e-05 5.80873e-05 5.73193e-05 5.00524e-05 3.00648e-05 2.84577e-05 2.55029e-05 2.03064e-05 2.41983e-07
threshold=1.0000000180025095e-35 0.22500000000000003 1.0000000180025095e-35 0.35000000000000009 1.0000000180025095e-35 0.55000000000000016 1.0000000180025095e-35 0.22500000000000003 1.0000000180025095e-35 1.0000000180025095e-35 1.0000000180025095e-35 1.0000000180025095e-35 0.35000000000000009 0.72500000000000009
decision_type=2 2 2 2 2 2 2 2 2 2 2 2 2 2
left_child=1 2 5 4 -2 6 7 9 -9 10 -1 -7 -10 -3
right_child=3 13 -4 -5 -6 11 -8 8 12 -11 -12 -13 -14 -15
leaf_value=1.7941085388883938e-05 0.00010355266526208387 9.3631974111000682e-05 -0.00055615262438853585 0.00035626849858090283 -3.9937613764777778e-05 -9.2758191749453577e-05 -0.00028528359932048869 -0.00010497581533854829 3.1049777576949308e-05 -0.00024621076154289766 -0.00016098617481475228 -0.00026214172248728568 0.00018653046960632002 8.2786215676201728e-05
leaf_weight=4.0000000000000018 14.000000000000005 12.000000000000002 2.9999999999999991 3.9999999999999991 4.9999999999999991 4.9999999999999982 2.9999999999999991 5.9999999999999973 7 3.9999999999999991 5 4 3 8.9999999999999982
leaf_count=4 6 4 1 2 5 3 3 6 5 4 5 4 3 3
internal_value=-1.20887e-05 -5.7522e-05 -0.000127445 0.00011631 6.57921e-05 -9.60764e-05 -7.58367e-05 -5.41698e-05 9.19281e-06 -0.000132155 -8.14629e-05 -0.00016804 7.7694e-05 8.89838e-05
internal_weight=88 65 44 23 19 41 32 29 16 13 9 9 10 21
internal_count=58 45 38 13 11 37 30 27 14 13 9 7 8 7
is_linear=0
shrinkage=0.05


Tree=112
num_leaves=17
num_cat=0
split_feature=66 33 70 7 44 62 50 80 71 78 16 44 23 65 77 23
split_gain=0.00536413 0.00188456 0.00104507 0.00191889 0.00011664 0.000111792 5.35602e-05 1.60179e-05 4.2813e-05 3.95455e-05 1.64326e-05 1.52438e-05 1.32755e-05 2.65993e-05 7.43337e-06 9.62702e-07
threshold=1.0000000180025095e-35 0.33750000000000008 1.0000000180025095e-35 1.0000000180025095e-35 0.22500000000000003 1.0000000180025095e-35 1.0000000180025095e-35 1.0000000180025095e-35 1.0000000180025095e-35 1.0000000180025095e-35 1.0000000180025095e-35 0.43750000000000006 1.0000000180025095e-35 1.0000000180025095e-35 1.0000000180025095e-35 1.0000000180025095e-35
decision_type=2 2 2 2 2 2 2 2 2 2 2 2 2 2 2 2
left_child=1 2 4 -4 5 6 7 8 9 -1 15 -6 -11 -14 -8 -10
right_child=-2 -3 3 -5 11 -7 14 -9 10 12 -12 -13 13 -15 -16 -17
leaf_value=-0.00033674455480650069 0.0013231607922534749 -0.00096894799886892242 -0.0015842597155521316 0.00020407616975717243 3.4766168230109733e-05 0.00021019834384787829 -1.1127528523502407e-05 -4.7606845440056462e-05 -6.509857485070826e-05 -0.00022164468537084759 5.2811863133683768e-05 0.00011707682472964127 -7.1379850851371872e-06 -0.00018948140495922414 6.2494247686117874e-05 -9.6126020653173325e-05
leaf_weight=2.9999999999999991 6.9999999999999991 5.9999999999999991 2.9999999999999991 3 9.0000000000000018 3.9999999999999991 7.9999999999999982 12.999999999999998 4.9999999999999982 2.9999999999999991 3.0000000000000009 14.999999999999998 4 4 6 5
leaf_count=3 7 2 3 3 3 4 6 5 5 3 3 5 4 4 2 5
internal_value=-1.21242e-05 -0.00011156 -5.31021e-05 -0.000690092 -6.49311e-06 -4.48532e-05 -6.37459e-05 -9.32055e-05 -0.00011516 -0.000175832 -4.98221e-05 8.62103e-05 -0.000131947 -9.83097e-05 2.04247e-05 -8.06123e-05
internal_weight=101 94 88 6 82 58 54 40 27 14 13 24 11 8 14 10
internal_count=67 60 58 6 52 44 40 32 27 14 13 8 11 8 8 10
is_linear=0
shrinkage=0.05


Tree=113
num_leaves=16
num_cat=0
split_feature=66 22 17 22 44 75 80 22 1 11 8 5 38 51 22
split_gain=0.00953079 0.00992368 0.000150311 0.000157045 0.000118713 0.000191514 0.000120222 5.11581e-05 5.0993e-05 4.20879e-05 1.91213e-05 1.47037e-05 1.34191e-05 2.68496e-05 9.25792e-06
threshold=1.0000000180025095e-35 0.72500000000000009 1.0000000180025095e-35 0.35000000000000009 0.43750000000000006 1.0000000180025095e-35 1.0000000180025095e-35 0.55000000000000016 1.0000000180025095e-35 0.27350000000000002 1.0000000180025095e-35 1.0000000180025095e-35 1.0000000180025095e-35 1.0000000180025095e-35 0.35000000000000009
decision_type=2 2 2 2 2 2 2 2 2 2 2 2 2 2 2
left_child=1 2 4 10 5 6 7 9 -8 12 -4 -11 13 -1 -13
right_child=-2 -3 3 -5 -6 -7 8 -9 -10 11 -12 14 -14 -15 -16
leaf_value=5.6938904890557665e-06 0.002067453361232765 -0.0017504373358355628 8.4674347696515374e-05 0.00039459386607632041 0.00016886771967013678 -0.0003318030076722304 0.00018069443134923605 -0.00023574869032017888 7.5977166286773139e-07 -5.4932496762679273e-05 -2.4645514592217906e-05 1.9370407244423403e-06 -0.00020092643098905684 -0.00016810434433864427 0.00011813143064500761
leaf_weight=4.0000000000000053 4.9999999999999991 8.9999999999999982 12.000000000000005 3.9999999999999991 5.9999999999999991 5.9999999999999991 6.9999999999999973 4.9999999999999991 9 5.9999999999999982 5.9999999999999991 4 3.9999999999999991 5 3
leaf_count=4 5 3 6 2 2 2 3 5 3 6 6 4 4 5 3
internal_value=-5.73014e-05 -0.000175343 -3.32915e-07 0.000111209 -4.19248e-05 -6.57881e-05 -3.18287e-05 -8.9279e-05 7.94812e-05 -6.11117e-05 4.82344e-05 2.50365e-06 -0.000124727 -9.08607e-05 5.17346e-05
internal_weight=95 90 81 22 59 53 47 31 16 26 18 13 13 9 7
internal_count=63 58 55 14 41 39 37 31 6 26 12 13 13 9 7
is_linear=0
shrinkage=0.05


Tree=114
num_leaves=18
num_cat=0
split_feature=22 22 66 17 22 44 75 22 7 22 80 11 8 22 8 55 77
split_gain=0.0069784 0.00853777 0.000627111 9.19702e-05 0.000141733 8.1831e-05 0.000213651 0.000100435 8.44821e-05 9.43495e-05 2.62492e-05 2.4019e-05 1.7257e-05 1.06454e-05 6.09813e-06 1.7156e-05 2.24049e-07
threshold=0.77500000000000013 0.72500000000000009 1.0000000180025095e-35 1.0000000180025095e-35 0.35000000000000009 0.43750000000000006 1.0000000180025095e-35 0.45000000000000007 1.0000000180025095e-35 0.65000000000000002 1.0000000180025095e-35 0.22500000000000003 1.0000000180025095e-35 0.27500000000000008 1.0000000180025095e-35 1.0000000180025095e-35 1.0000000180025095e-35
decision_type=2 2 2 2 2 2 2 2 2 2 2 2 2 2 2 2 2
left_child=1 2 3 5 12 6 7 10 9 -9 11 14 16 -13 15 -1 -5
right_child=-2 -3 -4 4 -6 -7 -8 8 -10 -11 -12 13 -14 -15 -16 -17 -18
leaf_value=2.7954469745357809e-05 -0.0019926862791180612 0.0016041287117534214 -0.00055859168991446496 8.7272680927223136e-05 0.00037486416986212137 0.00016042433368662994 -0.00031521284254267814 -0.00038817509193904708 4.5530190691351882e-05 -4.4755653652828181e-05 0.00010369598749093711 0.00013721811119467018 -2.3413214754934113e-05 2.1863479560124684e-05 9.8668927239486942e-06 -0.00013021986342209854 7.3608577561875188e-05
leaf_weight=3.0000000000000018 3.9999999999999991 8.9999999999999982 4.9999999999999991 6.0000000000000053 3.9999999999999991 5.9999999999999991 5.9999999999999991 3.9999999999999982 5 4 12.999999999999998 4 5.9999999999999991 4 5 4 6
leaf_count=3 2 3 5 4 2 2 2 4 5 2 5 4 6 4 5 4 2
internal_value=5.26695e-05 0.000139706 -1.53506e-05 1.86019e-05 0.000105648 -1.44157e-05 -3.45895e-05 2.01349e-06 -0.000115698 -0.000216465 4.83846e-05 1.24322e-05 4.58227e-05 7.95408e-05 -3.23068e-05 -6.24309e-05 8.04406e-05
internal_weight=98 94 85 80 22 58 52 46 13 8 33 20 18 8 12 7 12
internal_count=64 62 59 54 14 40 38 36 11 6 25 20 12 8 12 7 6
is_linear=0
shrinkage=0.05


Tree=115
num_leaves=13
num_cat=0
split_feature=22 70 66 22 22 62 7 80 11 50 11 71
split_gain=0.0229734 0.00113712 0.000537453 0.000114852 6.76171e-05 6.3209e-05 5.90355e-05 3.07492e-05 2.9528e-05 2.78028e-05 1.20997e-05 3.29392e-06
threshold=0.72500000000000009 1.0000000180025095e-35 1.0000000180025095e-35 0.55000000000000016 0.27500000000000008 1.0000000180025095e-35 1.0000000180025095e-35 1.0000000180025095e-35 0.22500000000000003 1.0000000180025095e-35 0.27350000000000002 1.0000000180025095e-35
decision_type=2 2 2 2 2 2 2 2 2 2 2 2
left_child=1 2 3 4 5 7 10 8 9 11 -6 -1
right_child=-2 -3 -4 -5 6 -7 -8 -9 -10 -11 -12 -13
leaf_value=-0.00018189774680649854 0.0024851635098457336 -0.0007929628514102661 -0.00046561898586029813 -0.00017945511014355969 0.00019484999123960719 0.00019659121753647926 -5.41757675819099e-05 3.5879550887329968e-05 4.1392052080482247e-05 4.4009104385622779e-06 0.00011235091978960554 -0.00011562636451950915
leaf_weight=5.0000000000000018 9.9999999999999982 4.9999999999999991 5.9999999999999991 5.9999999999999991 10.000000000000005 3.9999999999999991 3.9999999999999991 15.999999999999998 4.9999999999999991 3.9999999999999991 7.9999999999999991 3
leaf_count=5 4 5 6 4 4 4 4 6 5 4 6 3
internal_value=0.000232275 -6.41582e-05 -1.28339e-05 2.89617e-05 5.01566e-05 8.88199e-06 0.000119573 -1.38706e-05 -6.06943e-05 -0.00010323 0.000158184 -0.000157046
internal_weight=86 76 71 65 59 37 22 33 17 12 18 8
internal_count=60 56 51 45 41 27 14 23 17 12 10 8
is_linear=0
shrinkage=0.05


Tree=116
num_leaves=18
num_cat=0
split_feature=44 22 66 75 62 22 80 22 11 18 79 11 16 71 11 78 22
split_gain=0.00661918 0.0151945 0.000493344 0.000260973 7.44598e-05 0.000123755 3.72169e-05 5.76695e-05 3.62078e-05 2.37394e-05 1.30875e-05 1.30132e-05 1.30835e-05 1.18616e-05 1.33023e-05 4.68309e-06 4.61719e-06
threshold=0.43750000000000006 0.65000000000000002 1.0000000180025095e-35 1.0000000180025095e-35 1.0000000180025095e-35 0.55000000000000016 1.0000000180025095e-35 0.22500000000000003 0.22500000000000003 1.0000000180025095e-35 1.0000000180025095e-35 0.27350000000000002 1.0000000180025095e-35 1.0000000180025095e-35 0.22500000000000003 1.0000000180025095e-35 0.45000000000000007
decision_type=2 2 2 2 2 2 2 2 2 2 2 2 2 2 2 2 2
left_child=1 2 3 4 5 6 7 9 -6 15 -9 12 -8 -11 -15 -1 -12
right_child=-2 -3 -4 -5 8 -7 11 10 -10 13 16 -13 -14 14 -16 -17 -18
leaf_value=-7.8503725429375834e-05 -0.0010273957252502441 0.0036079248384339735 -0.00049872059025801718 -0.00030124618594224253 0.00010370749980211257 -0.00024497166741639377 7.5554292416199994e-05 0.00016190072055906064 0.00032342789927497501 7.7510271997501435e-05 1.314745586569188e-05 3.7899654772546557e-05 0.00016468093007071213 -0.00010101340872097352 3.8267796238263438e-05 -0.00016114455793285739 8.9117757306667023e-05
leaf_weight=3.0000000000000044 14.999999999999998 2.9999999999999991 4.9999999999999991 5.9999999999999991 5 3.9999999999999991 10.000000000000005 3.9999999999999973 3 3 4 8.9999999999999982 6.9999999999999991 4 3 4 4
leaf_count=3 5 3 5 2 5 4 4 4 3 3 4 3 3 4 3 4 4
internal_value=-6.26046e-05 0.00011606 -1.82421e-05 1.46674e-05 4.29581e-05 2.35487e-05 4.30775e-05 4.13293e-06 0.000186103 -5.51064e-05 8.80553e-05 8.65156e-05 0.000112253 -5.67194e-06 -4.13215e-05 -0.000125727 5.11326e-05
internal_weight=96 81 78 73 67 59 55 29 8 17 12 26 17 10 7 7 8
internal_count=66 61 58 53 51 43 39 29 8 17 12 10 7 10 7 7 8
is_linear=0
shrinkage=0.05


Tree=117
num_leaves=15
num_cat=0
split_feature=44 11 66 39 22 22 22 18 0 79 22 79 11 71
split_gain=0.00746296 0.00907172 0.000392075 0.00016043 0.00024098 0.000129744 4.39553e-05 1.78552e-05 1.28109e-05 1.06842e-05 6.11247e-06 3.34039e-06 1.1214e-06 1.11085e-06
threshold=0.43750000000000006 0.61250000000000016 1.0000000180025095e-35 1.0000000180025095e-35 0.55000000000000016 0.35000000000000009 0.27500000000000008 1.0000000180025095e-35 1.0000000180025095e-35 1.0000000180025095e-35 1.0000000180025095e-35 1.0000000180025095e-35 0.35000000000000009 1.0000000180025095e-35
decision_type=2 2 2 2 2 2 2 2 2 2 2 2 2 2
left_child=1 2 3 4 6 9 10 8 12 -5 11 -1 -8 -11
right_child=-2 -3 -4 5 -6 -7 7 -9 -10 13 -12 -13 -14 -15
leaf_value=-6.8215267240772734e-05 -0.0012466589881417653 0.0021521762933116406 -0.00047378454124555 6.7179464773895804e-05 -0.00036388066752503315 0.0003518499899655581 8.8164015445120868e-05 -5.5482811876572673e-05 1.170765608549118e-05 -3.3548225959142047e-05 -0.00011076142351763945 -2.5373921484320559e-05 0.00012860386050306258 6.7009041913479443e-06
leaf_weight=13.000000000000005 11.999999999999998 4.9999999999999991 4.9999999999999991 12.000000000000005 5.9999999999999991 3.9999999999999991 3.0000000000000018 3.9999999999999991 6 2.9999999999999991 5.9999999999999991 6.9999999999999991 4 4
leaf_count=7 4 5 5 6 4 2 3 4 2 3 4 7 4 4
internal_value=-8.20562e-05 8.83735e-05 -4.56397e-05 -1.59074e-05 -6.70418e-05 9.3031e-05 -2.56224e-05 3.68954e-05 6.53195e-05 3.85428e-05 -6.64994e-05 -5.32208e-05 0.000111272 -1.05487e-05
internal_weight=94 82 77 72 49 23 43 17 13 19 26 20 7 7
internal_count=64 60 55 50 35 15 31 13 9 13 18 14 7 7
is_linear=0
shrinkage=0.05


Tree=118
num_leaves=16
num_cat=0
split_feature=22 66 44 62 22 77 76 22 5 60 69 6 11 11 80
split_gain=0.00909653 0.000391288 0.000171921 0.0001009 9.33081e-05 4.84061e-05 1.47818e-05 2.48864e-05 5.94416e-05 2.10701e-05 6.79981e-06 2.44953e-06 5.67355e-06 2.82203e-07 1.28806e-07
threshold=0.72500000000000009 1.0000000180025095e-35 0.22500000000000003 1.0000000180025095e-35 0.55000000000000016 1.0000000180025095e-35 1.0000000180025095e-35 0.27500000000000008 1.0000000180025095e-35 1.0000000180025095e-35 1.0000000180025095e-35 1.0000000180025095e-35 0.22500000000000003 0.55000000000000016 1.0000000180025095e-35
decision_type=2 2 2 2 2 2 2 2 2 2 2 2 2 2 2
left_child=1 2 3 4 5 6 7 9 -9 11 -10 12 -1 -6 -11
right_child=-2 -3 -4 -5 13 -7 -8 8 10 14 -12 -13 -14 -15 -16
leaf_value=-8.5644895734731093e-05 -0.0016937303874227736 -0.00045009531721007084 0.00018029221488783759 0.00015442944131791592 -0.00019574732286855575 0.00011186084787671765 3.404708889623483e-05 -0.00010875893640331927 0.00014838648785371329 -0.0001286917008352854 4.8805387996253545e-05 -1.0766599272452971e-05 1.330598024651408e-06 -0.00021452906075865026 -0.00011870813094511893
leaf_weight=5 8.9999999999999982 4.9999999999999991 11.999999999999998 6.9999999999999991 4 5.9999999999999991 5.9999999999999991 5.9999999999999982 4 6 3 6.0000000000000009 3 4 7
leaf_count=5 3 5 4 7 2 2 2 6 4 6 3 4 3 4 3
internal_value=-0.000183008 -2.11447e-05 6.0041e-06 -2.52117e-05 -4.61698e-05 -2.17131e-05 -3.91358e-05 -5.01133e-05 6.72373e-06 -7.74792e-05 0.000105709 -3.49166e-05 -5.30291e-05 -0.000205138 -0.000123316
internal_weight=93 84 79 67 60 52 46 40 13 27 7 14 8 8 13
internal_count=63 60 55 51 44 38 36 34 13 21 7 12 8 6 9
is_linear=0
shrinkage=0.05


Tree=119
num_leaves=18
num_cat=0
split_feature=11 66 22 70 22 22 75 18 11 76 11 29 75 79 64 5 6
split_gain=0.0039937 0.000384116 0.000146705 0.000127728 0.000271555 7.7612e-05 0.000191216 0.000122365 3.8607e-05 3.2245e-05 1.92896e-05 2.89767e-05 1.48382e-05 9.93855e-06 1.35184e-05 2.82273e-05 5.57346e-06
threshold=0.66250000000000009 1.0000000180025095e-35 0.72500000000000009 1.0000000180025095e-35 0.55000000000000016 0.35000000000000009 1.0000000180025095e-35 1.0000000180025095e-35 0.35000000000000009 1.0000000180025095e-35 0.22500000000000003 1.0000000180025095e-35 1.0000000180025095e-35 1.0000000180025095e-35 1.0000000180025095e-35 1.0000000180025095e-35 1.0000000180025095e-35
decision_type=2 2 2 2 2 2 2 2 2 2 2 2 2 2 2 2 2
left_child=1 2 3 4 5 6 8 12 9 10 11 13 -7 14 15 -1 -5
right_child=-2 -3 -4 16 -6 7 -8 -9 -10 -11 -12 -13 -14 -15 -16 -17 -18
leaf_value=-7.4176666073201622e-06 -0.0016143192886374893 -0.0004275905556278303 0.00021418680747350061 0.00025680537025133771 -0.00031441453445170609 0.00013614991524567202 -0.00028324904851615432 -0.00010265770368278026 -8.9375854128905181e-05 0.00014476875464121503 0.0001200125048399059 -0.00012172255831046642 0.00024734872082869208 -4.6713625852135014e-05 -4.0646178240422161e-05 0.00013457650472576329 0.0001666501862928271
leaf_weight=7.0000000000000124 3.9999999999999991 4.9999999999999991 8.9999999999999982 2.9999999999999991 6.9999999999999991 6.0000000000000018 5.9999999999999991 4.9999999999999991 6.9999999999999991 5.9999999999999991 3.9999999999999991 3.9999999999999991 6 3.9999999999999991 3.9999999999999991 7 4
leaf_count=3 2 5 3 3 5 4 2 5 5 2 4 4 2 4 4 5 4
internal_value=-6.70042e-05 -1.16099e-06 2.27957e-05 1.26423e-06 -1.82997e-05 1.31064e-05 -1.88302e-05 0.000105159 1.80654e-05 3.89568e-05 1.77944e-05 2.06855e-06 0.000191749 2.4576e-05 4.04182e-05 6.35794e-05 0.000205288
internal_weight=98 94 89 80 73 66 49 17 43 36 30 26 12 22 18 14 7
internal_count=66 64 59 56 49 44 33 11 31 26 24 20 6 16 12 8 7
is_linear=0
shrinkage=0.05


Tree=120
num_leaves=17
num_cat=0
split_feature=22 22 66 70 22 79 22 16 76 6 11 6 71 8 78 22
split_gain=0.00640787 0.0087923 0.000416711 0.000123954 0.000229731 4.78148e-05 7.34939e-05 2.24362e-05 4.51941e-05 1.38739e-05 3.22189e-05 5.03002e-06 3.49629e-06 4.24145e-06 2.67472e-06 5.37375e-10
threshold=0.77500000000000013 0.72500000000000009 1.0000000180025095e-35 1.0000000180025095e-35 0.55000000000000016 1.0000000180025095e-35 0.35000000000000009 1.0000000180025095e-35 1.0000000180025095e-35 1.0000000180025095e-35 0.22500000000000003 1.0000000180025095e-35 1.0000000180025095e-35 1.0000000180025095e-35 1.0000000180025095e-35 0.45000000000000007
decision_type=2 2 2 2 2 2 2 2 2 2 2 2 2 2 2 2
left_child=1 2 3 4 5 6 7 -1 14 10 -7 -5 -12 -14 -9 -15
right_child=-2 -3 -4 11 -6 9 -8 8 -10 -11 12 -13 13 15 -16 -17
leaf_value=6.1073832528729159e-05 -0.0019072009250521661 0.0016178191536002689 -0.00047706262615974991 0.00024396509785826008 -0.00032104738056659698 -0.00019011701903461146 0.00018208269861393742 -0.00011054815217253884 5.7623069733381261e-05 -0.0001613464087616497 3.9826579450164013e-05 0.00015831787604838606 -7.104371907189486e-05 2.2430516158541037e-06 -6.2666882513440201e-05 1.2966765401264028e-06
leaf_weight=10.999999999999998 3.9999999999999991 8.9999999999999982 4.9999999999999991 2.9999999999999991 5.9999999999999991 3.0000000000000027 6.9999999999999991 7 9 2.9999999999999991 2.9999999999999973 4 3 3 5 3
leaf_count=5 2 3 5 3 4 3 3 3 3 3 3 4 3 3 5 3
internal_value=4.80175e-05 0.000141123 -3.60803e-05 -4.58161e-06 -2.676e-05 4.21763e-06 3.53289e-05 3.22651e-06 -2.70745e-05 -6.31901e-05 -4.35589e-05 0.000195024 -6.91935e-06 -2.25013e-05 -9.05976e-05 1.76986e-06
internal_weight=88 84 75 70 63 57 39 32 21 18 15 7 12 9 12 6
internal_count=58 56 53 48 41 37 19 16 11 18 15 7 12 9 8 6
is_linear=0
shrinkage=0.05


Tree=121
num_leaves=16
num_cat=0
split_feature=70 11 66 11 11 22 75 11 11 79 22 38 5 22 77
split_gain=0.0100499 0.00212284 0.000300729 0.000139858 0.00016337 7.80135e-05 0.00019778 0.000154987 2.91563e-05 3.20254e-05 2.50712e-05 6.04924e-06 5.94005e-06 3.94449e-06 4.42053e-08
threshold=1.0000000180025095e-35 0.61250000000000016 1.0000000180025095e-35 0.35000000000000009 0.55000000000000016 0.27500000000000008 1.0000000180025095e-35 0.22500000000000003 0.22500000000000003 1.0000000180025095e-35 0.35000000000000009 1.0000000180025095e-35 1.0000000180025095e-35 0.45000000000000007 1.0000000180025095e-35
decision_type=2 2 2 2 2 2 2 2 2 2 2 2 2 2 2
left_child=1 2 3 5 10 6 8 13 9 11 -5 14 -12 -7 -1
right_child=-2 -3 -4 4 -6 7 -8 -9 -10 -11 12 -13 -14 -15 -16
leaf_value=2.8400238079484539e-05 0.0022271872102282942 -0.0009109695263240221 -0.00038235789538703106 -0.00012034581741318109 -0.00045391420523325609 0.00014787273947149506 -0.00026355920126661662 -6.3517558980189862e-05 0.00015973506029695272 -8.6030656966613612e-05 -1.849738570551077e-05 8.2826047291746348e-05 8.1001771225904407e-05 0.00019915298248330754 3.4248871573557448e-05
leaf_weight=7.0000000000000036 4.9999999999999991 6.9999999999999991 4.9999999999999991 4.9999999999999982 2.9999999999999991 5.0000000000000027 5.9999999999999991 9.0000000000000018 4.9999999999999991 4.9999999999999991 3 10 3 14.999999999999998 6
leaf_count=5 5 5 5 3 3 3 2 5 3 5 3 6 3 5 2
internal_value=4.28901e-05 -7.32959e-05 -5.89684e-06 1.70581e-05 -0.000126854 4.66871e-05 5.05697e-07 0.000108793 4.85175e-05 2.86572e-05 -3.7656e-05 5.35894e-05 3.12522e-05 0.000186333 3.10996e-05
internal_weight=99 94 87 82 14 68 39 29 33 28 11 23 6 20 13
internal_count=63 58 53 48 12 36 23 13 21 18 9 13 6 8 7
is_linear=0
shrinkage=0.05


Tree=122
num_leaves=14
num_cat=0
split_feature=22 66 75 17 22 22 40 79 11 80 22 11 77
split_gain=0.0118868 0.000329015 0.000158687 2.80889e-05 9.074e-05 8.98693e-05 3.76104e-05 2.49245e-05 1.37412e-05 3.20309e-05 1.80875e-05 1.08185e-05 9.03323e-07
threshold=0.72500000000000009 1.0000000180025095e-35 1.0000000180025095e-35 1.0000000180025095e-35 0.35000000000000009 0.55000000000000016 1.0000000180025095e-35 1.0000000180025095e-35 0.35000000000000009 1.0000000180025095e-35 1.0000000180025095e-35 0.22500000000000003 1.0000000180025095e-35
decision_type=2 2 2 2 2 2 2 2 2 2 2 2 2
left_child=1 2 3 5 7 6 8 12 9 10 -1 -8 -5
right_child=-2 -3 -4 4 -6 -7 11 -9 -10 -11 -12 -13 -14
leaf_value=-6.833714010099353e-05 0.0021237982170922414 -0.00046976491794339383 -0.00025038122354696196 6.5131736482726364e-05 0.00027875145897269252 -0.00018566437065601349 -0.00010598991546430627 -7.8800376504659661e-05 3.8334321288857594e-06 0.00014072168123675509 9.4074823330932586e-05 -9.6932768688670225e-06 4.0085633130123212e-05
leaf_weight=4.0000000000000009 6.9999999999999991 3.9999999999999991 5.9999999999999991 6.0000000000000044 3.9999999999999991 5.9999999999999991 4.9999999999999982 4.9999999999999991 8.0000000000000018 10 3 7 9
leaf_count=4 3 4 2 4 2 4 5 5 6 4 3 7 3
internal_value=0.000151104 -2.82313e-05 -4.03768e-06 1.80229e-05 6.13569e-05 -6.16345e-06 2.29448e-05 1.7878e-05 5.78704e-05 8.32996e-05 1.26799e-06 -4.98169e-05 5.01041e-05
internal_weight=84 77 73 67 24 43 37 20 25 17 7 12 15
internal_count=56 53 49 47 14 33 29 12 17 11 7 12 7
is_linear=0
shrinkage=0.05


Tree=123
num_leaves=19
num_cat=0
split_feature=22 75 11 66 11 29 11 22 11 79 8 11 22 61 80 60 69 56
split_gain=0.00634989 0.00788523 0.00387786 0.000307097 8.93901e-05 7.32873e-05 5.65578e-05 4.31651e-05 2.74318e-05 2.65629e-05 3.07674e-05 1.79713e-05 2.9121e-05 1.51027e-05 2.49862e-05 7.72955e-05 1.25226e-05 4.75771e-06
threshold=0.77500000000000013 1.0000000180025095e-35 0.66250000000000009 1.0000000180025095e-35 0.55000000000000016 1.0000000180025095e-35 0.61250000000000016 0.65000000000000002 0.35000000000000009 1.0000000180025095e-35 1.0000000180025095e-35 0.27350000000000002 0.27500000000000008 1.0000000180025095e-35 1.0000000180025095e-35 1.0000000180025095e-35 1.0000000180025095e-35 1.0000000180025095e-35
decision_type=2 2 2 2 2 2 2 2 2 2 2 2 2 2 2 2 2 2
left_child=1 2 3 4 5 7 -6 9 17 11 16 12 13 14 15 -1 -11 -7
right_child=-2 -3 -4 -5 6 8 -8 -9 -10 10 -12 -13 -14 -15 -16 -17 -18 -19
leaf_value=0.00015661453580833023 -0.0019141118973493576 0.0010617113394093597 -0.0016165302018634976 -0.00044356658981996593 0.00034497905289754272 -0.0001161417264484044 3.7956328984970844e-05 -0.0001450111420126632 -0.00026115543829898034 0.00011298620374873286 -0.00011853401520056649 -1.8157063459511848e-05 0.00019171941676177084 -9.3031994765624391e-07 0.00014631884696427732 -0.00017912729041806108 -2.2151137636683411e-05 -3.2845139503478994e-05
leaf_weight=4.0000000000000036 3.9999999999999991 18 3.9999999999999991 3.9999999999999991 2.9999999999999991 3.9999999999999982 3 3.9999999999999991 3 2.9999999999999982 6 7.9999999999999991 3.9999999999999991 10 7 3 4 3
leaf_count=4 2 6 2 4 3 4 3 2 3 3 6 4 2 4 3 3 4 3
internal_value=3.73832e-05 0.000119551 -0.000100694 -1.76342e-05 7.05752e-06 -1.05054e-05 0.000191468 1.29195e-05 -0.000134657 2.58118e-05 -3.545e-05 4.79341e-05 6.68172e-05 4.60002e-05 7.9522e-05 1.27252e-05 3.57649e-05 -8.04432e-05
internal_weight=99 95 77 73 69 63 6 53 10 49 13 36 28 24 14 7 7 7
internal_count=65 63 57 55 51 45 6 35 10 33 13 20 16 14 10 7 7 7
is_linear=0
shrinkage=0.05


Tree=124
num_leaves=15
num_cat=0
split_feature=44 66 69 65 11 11 70 77 44 61 63 78 8 50
split_gain=0.0055541 0.000180501 3.28053e-05 2.33385e-05 2.58285e-05 4.02409e-05 4.20561e-05 6.14603e-06 2.36465e-05 1.82101e-05 1.78409e-05 2.74719e-05 1.39051e-06 9.70429e-07
threshold=0.43750000000000006 1.0000000180025095e-35 1.0000000180025095e-35 1.0000000180025095e-35 0.55000000000000016 0.35000000000000009 1.0000000180025095e-35 1.0000000180025095e-35 1.0000000180025095e-35 1.0000000180025095e-35 1.0000000180025095e-35 1.0000000180025095e-35 1.0000000180025095e-35 1.0000000180025095e-35
decision_type=2 2 2 2 2 2 2 2 2 2 2 2 2 2
left_child=1 2 3 4 5 6 7 8 9 10 11 -1 -7 -12
right_child=-2 -3 -4 -5 -6 12 -8 -9 -10 -11 13 -13 -14 -15
leaf_value=0.00015293254602713404 -0.0011852174686888854 -0.00029322673702457305 -0.00013133250991813838 -0.00010248224949464201 0.00011877558892592788 -0.00011434420477598908 -0.00011880349600687623 7.1147130802273758e-05 -4.4815914912356274e-05 -4.8077503743115818e-05 -7.8391776696662402e-06 -4.5507244067266561e-06 -7.4792647501453738e-05 2.6989490288542579e-05
leaf_weight=9.0000000000000018 11.999999999999998 5.9999999999999991 4.9999999999999991 4.9999999999999991 4.9999999999999991 4.9999999999999982 4.9999999999999991 8.9999999999999982 8.9999999999999982 3.9999999999999991 4 4.0000000000000009 4 4
leaf_count=5 4 6 5 5 5 3 5 3 3 2 4 4 4 4
internal_value=-0.000183807 -2.97436e-05 -7.7867e-06 1.43313e-06 9.8134e-06 2.55318e-07 1.84468e-05 3.44061e-05 2.46805e-05 4.96993e-05 6.83234e-05 0.000104476 -9.67657e-05 9.57516e-06
internal_weight=90 78 72 67 62 57 48 43 34 25 21 13 9 8
internal_count=62 58 52 47 42 37 30 25 22 19 17 9 7 8
is_linear=0
shrinkage=0.05


Tree=125
num_leaves=15
num_cat=0
split_feature=22 44 62 22 55 22 22 5 11 55 11 6 80 71
split_gain=0.0216071 5.04838e-05 4.5442e-05 9.73855e-05 6.02596e-05 2.26642e-05 2.07158e-05 1.3928e-05 1.32702e-05 1.92677e-05 1.5844e-05 1.40575e-05 3.35153e-06 9.95324e-06
threshold=0.72500000000000009 0.22500000000000003 1.0000000180025095e-35 0.55000000000000016 1.0000000180025095e-35 0.65000000000000002 0.35000000000000009 1.0000000180025095e-35 0.27350000000000002 1.0000000180025095e-35 0.35000000000000009 1.0000000180025095e-35 1.0000000180025095e-35 1.0000000180025095e-35
decision_type=2 2 2 2 2 2 2 2 2 2 2 2 2 2
left_child=1 2 3 6 -4 -5 8 -8 9 -1 -10 12 13 -11
right_child=-2 -3 4 5 -6 -7 7 -9 10 11 -12 -13 -14 -15
leaf_value=5.7062869891524322e-05 0.0024445419013500217 6.6298983680705231e-05 0.0002441644280528029 -0.00029986335721332591 -5.2278832299634807e-05 -0.00014018488582223651 -2.4446789757348592e-05 0.00010749995562946423 -0.0001960024476526693 -0.00015479952999157827 -4.3996356544084842e-05 1.9825788007842162e-06 -5.3954001323290861e-05 -4.8981767395162014e-05
leaf_weight=4.9999999999999991 9.9999999999999982 11.999999999999998 2.9999999999999991 3.9999999999999982 4 5 4 4 2.9999999999999991 4 4 9.0000000000000018 10 5
leaf_count=5 4 4 3 4 4 3 4 4 3 4 4 5 4 5
internal_value=0.000259671 -2.78116e-05 -4.54573e-05 -6.02219e-05 7.47683e-05 -0.000211153 -3.19223e-05 4.15266e-05 -4.66121e-05 -3.33482e-05 -0.000109142 -4.9493e-05 -7.38762e-05 -9.60119e-05
internal_weight=86 76 64 57 7 9 48 8 40 33 7 28 19 9
internal_count=60 56 52 45 7 7 38 8 30 23 7 18 13 9
is_linear=0
shrinkage=0.05


Tree=126
num_leaves=17
num_cat=0
split_feature=22 66 44 75 62 70 78 11 51 22 11 44 22 5 11 22
split_gain=0.0107224 0.000178908 0.000127494 0.000212846 4.99504e-05 3.91888e-05 3.59741e-05 2.98136e-05 3.05947e-05 1.86668e-05 1.30686e-05 2.76127e-05 1.16005e-05 1.14548e-05 5.15375e-06 1.86542e-07
threshold=0.72500000000000009 1.0000000180025095e-35 0.43750000000000006 1.0000000180025095e-35 1.0000000180025095e-35 1.0000000180025095e-35 1.0000000180025095e-35 0.55000000000000016 1.0000000180025095e-35 0.35000000000000009 0.27350000000000002 0.22500000000000003 0.27500000000000008 1.0000000180025095e-35 0.22500000000000003 0.45000000000000007
decision_type=2 2 2 2 2 2 2 2 2 2 2 2 2 2 2 2
left_child=1 2 3 4 6 -6 7 8 10 12 13 15 -8 -1 -10 -12
right_child=-2 -3 -4 -5 5 -7 9 -9 14 -11 11 -13 -14 -15 -16 -17
leaf_value=2.3315314865612891e-05 0.0020226340208734784 -0.00027342329364425194 0.00023129894398152829 -0.00029395928916831814 0.00027958607921997706 4.0524778887629504e-05 -8.6735437507741179e-05 0.0001506308573880233 -2.896855124466431e-05 -0.00018634733666355406 -6.5625124382980501e-05 7.5628507571915787e-05 3.7632490663478768e-05 9.3825592117961274e-05 -0.00011186403688043353 -5.1685434300452464e-05
leaf_weight=15.999999999999998 6.9999999999999991 5.9999999999999991 5.9999999999999991 5.9999999999999991 2.9999999999999991 4 4.9999999999999982 3.9999999999999991 3 3 5.9999999999999982 5.9999999999999991 3 9.0000000000000018 5 4
leaf_count=8 3 6 2 2 3 4 5 4 3 3 4 2 3 5 5 2
internal_value=0.000138438 -9.75747e-06 9.30271e-06 -7.9957e-06 1.61702e-05 0.00014298 2.30047e-06 1.93783e-05 8.66384e-06 -7.99838e-05 2.61159e-05 -9.17009e-06 -4.00975e-05 4.8699e-05 -8.07782e-05 -6.00492e-05
internal_weight=96 89 83 77 71 7 64 53 49 11 41 16 8 25 8 10
internal_count=64 61 55 53 51 7 44 33 29 11 21 8 8 13 8 6
is_linear=0
shrinkage=0.05


Tree=127
num_leaves=17
num_cat=0
split_feature=11 22 62 11 44 75 22 51 22 11 38 0 78 11 22 77
split_gain=0.00592149 0.0182115 0.0067526 0.00406271 0.000136333 0.000164883 5.87079e-05 3.82103e-05 2.24581e-05 2.32222e-05 1.39107e-05 1.19414e-05 6.24218e-06 5.40822e-06 6.55556e-06 5.26271e-07
threshold=0.66250000000000009 0.72500000000000009 1.0000000180025095e-35 0.22500000000000003 0.43750000000000006 1.0000000180025095e-35 0.55000000000000016 1.0000000180025095e-35 0.35000000000000009 1.0000000180025095e-35 1.0000000180025095e-35 1.0000000180025095e-35 1.0000000180025095e-35 0.22500000000000003 0.45000000000000007 1.0000000180025095e-35
decision_type=2 2 2 2 2 2 2 2 2 2 2 2 2 2 2 2
left_child=1 2 4 -4 5 6 7 8 9 10 15 -11 -8 -9 -15 -1
right_child=-2 -3 3 -5 -6 -7 12 13 -10 11 -12 -13 -14 14 -16 -17
leaf_value=6.1671566072618592e-06 -0.001649941789219156 0.0029773736993471784 0.0026560498517937958 0.0002219612477347254 0.00021973398203651109 -0.0002792613037551443 -8.6608966812491442e-05 -0.00010218042618362234 0.00011201812812942081 -9.8064597259508467e-05 9.177471365546806e-05 6.5597278686861195e-06 -0.00017040903621818866 2.2540693559373413e-05 -7.0951287634670726e-05 2.5756412651389833e-05
leaf_weight=7.9999999999999991 3.9999999999999991 5.9999999999999991 3.9999999999999991 3 5.9999999999999991 5.9999999999999991 4.9999999999999982 4.9999999999999991 7.9999999999999991 4.9999999999999982 10 6 4 3 5 6.0000000000000009
leaf_count=6 2 2 4 3 2 2 3 5 6 5 6 2 4 3 5 2
internal_value=0.000232463 0.000316125 0.000126036 0.00161287 -9.13088e-06 -2.84716e-05 -5.32176e-06 1.3728e-05 3.64373e-05 1.91617e-05 4.67343e-05 -4.09968e-05 -0.000123853 -6.13874e-05 -3.58918e-05 1.45626e-05
internal_weight=94 90 84 7 77 71 65 56 43 35 24 11 9 13 8 14
internal_count=62 60 58 7 51 49 47 40 27 21 14 7 7 13 8 8
is_linear=0
shrinkage=0.05


Tree=128
num_leaves=17
num_cat=0
split_feature=11 22 44 75 78 19 22 11 19 19 22 6 11 6 5 77
split_gain=0.0021885 0.000184791 0.000126819 0.000144256 7.27637e-05 3.34475e-05 1.80305e-05 1.68512e-05 0.000105966 9.66054e-05 9.57752e-05 8.30184e-05 3.54958e-05 3.03828e-05 2.75806e-05 2.91394e-06
threshold=0.61250000000000016 0.72500000000000009 0.43750000000000006 1.0000000180025095e-35 1.0000000180025095e-35 1.0000000180025095e-35 0.35000000000000009 1.0000000180025095e-35 1.0000000180025095e-35 1.0000000180025095e-35 0.55000000000000016 1.0000000180025095e-35 0.35000000000000009 1.0000000180025095e-35 1.0000000180025095e-35 1.0000000180025095e-35
decision_type=2 2 2 2 2 2 2 2 2 2 2 2 2 2 2 2
left_child=1 2 3 4 7 6 -6 9 10 14 12 -10 -9 -11 15 -1
right_child=-2 -3 -4 -5 5 -7 -8 8 11 13 -12 -13 -14 -15 -16 -17
leaf_value=-2.4808985472191122e-05 -0.0010225688980426641 -0.00025126602914598255 0.00020874728603909412 -0.0002652982637907068 -0.00024257133045466623 1.0731312795542182e-05 -0.00010552488286824276 9.6602861594874325e-05 0.0004156936813766758 -8.2335879560559955e-05 -0.00022868344094604254 4.3720581258336691e-05 -5.4582867111700273e-05 -0.00028360784053802483 0.00011968351564064504 2.4468592406871415e-05
leaf_weight=6 5.9999999999999991 8.9999999999999982 5.9999999999999991 5.9999999999999991 3.9999999999999982 3.9999999999999991 6 11.000000000000009 2.9999999999999991 5.0000000000000018 3.9999999999999991 3 5.9999999999999991 3 8 6
leaf_count=4 4 3 2 2 4 4 6 5 3 5 2 3 4 3 4 2
internal_value=-9.79693e-05 -3.63294e-05 -1.24475e-05 -3.01431e-05 -9.69483e-06 -0.000111465 -0.000160343 1.62103e-05 4.43942e-05 -1.0967e-05 -8.55236e-06 0.000229707 4.32432e-05 -0.000157813 4.77713e-05 -1.70197e-07
internal_weight=96 90 81 75 69 14 10 55 27 28 21 6 17 8 20 12
internal_count=60 56 53 51 49 14 10 35 17 18 11 6 9 8 10 6
is_linear=0
shrinkage=0.05


Tree=129
num_leaves=16
num_cat=0
split_feature=44 11 70 75 22 51 22 11 76 60 79 11 11 11 19
split_gain=0.0172274 0.0103601 0.00191978 0.000110379 3.33756e-05 1.86636e-05 2.36665e-05 2.09008e-05 3.39472e-05 6.75632e-05 1.76772e-05 6.78869e-06 5.28923e-06 4.68788e-06 4.6854e-06
threshold=0.43750000000000006 0.61250000000000016 1.0000000180025095e-35 1.0000000180025095e-35 0.55000000000000016 1.0000000180025095e-35 0.35000000000000009 0.35000000000000009 1.0000000180025095e-35 1.0000000180025095e-35 1.0000000180025095e-35 0.22500000000000003 0.22500000000000003 0.27350000000000002 1.0000000180025095e-35
decision_type=2 2 2 2 2 2 2 2 2 2 2 2 2 2 2
left_child=1 2 3 4 5 6 7 8 9 11 13 14 -7 -11 -1
right_child=-2 -3 -4 -5 -6 12 -8 -9 -10 10 -12 -13 -14 -15 -16
leaf_value=-2.0220511942170554e-06 -0.0020056344297093649 0.0022352796031191247 -0.0010659214959014207 -0.00025203333546717962 -0.00013811905131054422 -0.0001329978501113753 0.00010265295975841581 -0.00010831427061930299 0.00010881290848677356 -0.000139258229076707 -3.4805176498290765e-05 9.2477374710142623e-05 -5.1686522783711543e-05 -0.00022765019287665679 6.3015444175107413e-05
leaf_weight=9.0000000000000018 11.999999999999998 4.9999999999999991 4.9999999999999991 5.9999999999999991 5.9999999999999991 2.9999999999999982 4.9999999999999991 4.9999999999999991 5.9999999999999991 3.0000000000000018 3 3.9999999999999991 6 3 3.9999999999999991
leaf_count=5 4 5 5 2 4 3 5 3 2 3 3 2 6 3 4
internal_value=-0.000249972 3.86297e-05 -0.000122889 -4.80448e-05 -2.65724e-05 -1.34492e-05 5.5245e-07 -1.32449e-05 1.60967e-06 -2.31295e-05 -0.000133905 3.5516e-05 -7.87903e-05 -0.000183454 1.79895e-05
internal_weight=85 73 68 63 57 51 42 37 32 26 9 17 9 6 13
internal_count=59 55 50 45 43 39 30 25 22 20 9 11 9 6 9
is_linear=0
shrinkage=0.05


Tree=130
num_leaves=18
num_cat=0
split_feature=11 62 11 66 22 22 75 5 78 11 63 5 11 77 51 11 11
split_gain=0.00286586 0.00125707 0.00252488 0.000103676 8.7033e-05 7.51055e-05 0.000114619 5.69881e-05 2.33371e-05 2.44747e-05 1.90799e-05 1.32219e-05 1.56021e-05 5.8514e-06 1.46136e-06 3.33475e-08 3.15838e-06
threshold=0.66250000000000009 1.0000000180025095e-35 0.22500000000000003 1.0000000180025095e-35 0.55000000000000016 0.35000000000000009 1.0000000180025095e-35 1.0000000180025095e-35 1.0000000180025095e-35 0.35000000000000009 1.0000000180025095e-35 1.0000000180025095e-35 0.22500000000000003 1.0000000180025095e-35 1.0000000180025095e-35 1.0000000180025095e-35 0.55000000000000016
decision_type=2 2 2 2 2 2 2 2 2 2 2 2 2 2 2 2 2
left_child=1 3 -3 4 5 6 8 -7 9 11 -10 12 13 14 -1 -6 -17
right_child=-2 2 -4 -5 15 7 -8 -9 10 -11 -12 -13 -14 -15 -16 16 -18
leaf_value=-2.4261021878503773e-05 -0.001469045868725516 -0.0018255472998134792 0.00022582509554922573 -0.00027114891330711546 -0.00013842085997263585 -1.4787213876843456e-05 -0.00023943166791771852 0.00021377161222820479 -0.00018727340114613373 -7.6445835241299536e-05 -8.9483738217192372e-06 7.4386349078849867e-05 9.338067611679435e-05 2.3346264303351442e-05 -6.2145897391019386e-05 -0.00010256772511638699 -0.0001654006046010181
leaf_weight=7.0000000000000053 3.9999999999999991 2.9999999999999991 3 4.9999999999999991 9.0000000000000018 4.9999999999999982 5.9999999999999991 6 2.9999999999999991 6.9999999999999991 3 10.000000000000002 3.9999999999999991 5.9999999999999991 4 4 4
leaf_count=5 2 3 3 5 3 3 2 4 3 5 3 6 2 2 4 2 4
internal_value=-0.0001598 -0.000100957 -0.000799861 -5.04342e-05 -3.62858e-05 -8.40376e-06 -3.44265e-05 0.000109881 -6.47121e-06 7.99822e-06 -9.81109e-05 2.70662e-05 4.53284e-06 -1.63725e-05 -3.80373e-05 -0.000136333 -0.000133984
internal_weight=93 89 6 83 78 61 50 11 44 38 6 31 21 17 11 17 8
internal_count=61 59 6 53 48 39 32 7 30 24 6 19 13 11 9 9 6
is_linear=0
shrinkage=0.05


Tree=131
num_leaves=18
num_cat=0
split_feature=66 22 22 62 56 44 75 22 51 22 22 80 22 71 22 5 5
split_gain=0.00656221 0.0112259 0.0093378 0.00100658 0.00147796 0.000212137 0.000110856 5.73184e-05 1.61904e-05 1.63685e-05 7.61182e-06 5.82818e-06 1.59239e-05 1.30348e-05 2.85043e-06 2.51796e-06 3.70134e-07
threshold=1.0000000180025095e-35 0.55000000000000016 0.72500000000000009 1.0000000180025095e-35 1.0000000180025095e-35 0.43750000000000006 1.0000000180025095e-35 0.55000000000000016 1.0000000180025095e-35 0.35000000000000009 0.45000000000000007 1.0000000180025095e-35 0.27500000000000008 1.0000000180025095e-35 0.65000000000000002 1.0000000180025095e-35 1.0000000180025095e-35
decision_type=2 2 2 2 2 2 2 2 2 2 2 2 2 2 2 2 2
left_child=2 -2 3 5 -5 6 7 8 9 11 -10 12 13 -1 -9 -13 -15
right_child=1 -3 -4 4 -6 -7 -8 14 10 -11 -12 15 -14 16 -16 -17 -18
leaf_value=-8.5992798509929971e-05 -0.00036580724990926684 0.0036803169137177359 -0.0017489619139167999 -0.0012535808142274619 0.00021453384154786659 0.0002879030381639799 -0.0002274601118794332 -0.00015713055909145619 2.3165113088907679e-06 9.9287436543298621e-05 -8.4929259028285732e-05 1.6853833464362345e-05 9.4910650659585372e-05 5.8111084702735135e-06 -9.743934206198899e-05 5.0825349753722541e-05 3.0648366858561828e-05
leaf_weight=5.9999999999999982 3.9999999999999991 3 8.9999999999999982 3.9999999999999991 3 5.9999999999999991 5.9999999999999991 4 4.9999999999999982 6.9999999999999991 5 12 2.9999999999999991 3 4 10 3
leaf_count=6 4 3 3 4 3 2 2 4 5 5 5 4 3 3 2 4 3
internal_value=-0.000106378 0.00136825 -0.000221071 -5.13055e-05 -0.000624389 2.90513e-06 -2.22417e-05 -2.38191e-06 1.61222e-05 2.91742e-05 -4.13064e-05 1.59095e-05 -8.12309e-06 -3.38815e-05 -0.000127285 3.22954e-05 1.82297e-05
internal_weight=97 7 90 81 7 74 68 62 54 44 10 37 15 12 8 22 6
internal_count=65 7 58 55 7 48 46 44 38 28 10 23 15 12 6 8 6
is_linear=0
shrinkage=0.05


Tree=132
num_leaves=18
num_cat=0
split_feature=22 75 11 11 78 65 17 22 55 5 51 69 19 64 22 77 38
split_gain=0.00683711 0.00998916 0.00277335 0.000102478 8.35236e-05 4.72016e-05 4.46181e-05 3.1353e-05 1.10997e-05 1.07832e-05 1.04497e-05 6.85593e-06 4.1304e-06 5.03081e-05 1.92874e-06 2.02677e-07 5.16715e-07
threshold=0.77500000000000013 1.0000000180025095e-35 0.66250000000000009 0.27350000000000002 1.0000000180025095e-35 1.0000000180025095e-35 1.0000000180025095e-35 0.55000000000000016 1.0000000180025095e-35 1.0000000180025095e-35 1.0000000180025095e-35 1.0000000180025095e-35 1.0000000180025095e-35 1.0000000180025095e-35 0.45000000000000007 1.0000000180025095e-35 1.0000000180025095e-35
decision_type=2 2 2 2 2 2 2 2 2 2 2 2 2 2 2 2 2
left_child=1 2 3 8 6 -6 7 11 9 -1 12 14 15 -14 -5 16 -10
right_child=-2 -3 -4 4 5 -7 -8 -9 10 -11 -12 -13 13 -15 -16 -17 -18
leaf_value=0.00011936225346289577 -0.0019720701500773432 0.0013184109582410506 -0.0013760113797616214 -7.418358529451189e-05 -0.00032073549111373729 -9.0297283895779382e-05 9.3480297364294544e-05 -0.00019881140906363726 -1.9590003648772799e-06 1.3378796211327424e-05 -5.9154431801289321e-05 2.6915863963949962e-05 -3.9610360399819907e-05 0.00021938272790672874 -3.06600792100653e-05 2.1336258699496589e-05 1.9804636152305952e-05
leaf_weight=5.9999999999999982 3.9999999999999991 14.999999999999998 3.9999999999999991 7.0000000000000053 4.9999999999999982 4 4.9999999999999991 3.9999999999999991 5.0000000000000089 4 3.9999999999999991 2.9999999999999991 5 3 4 5.9999999999999991 6
leaf_count=4 2 5 2 5 5 4 3 2 3 4 4 3 5 3 4 2 4
internal_value=5.06401e-05 0.000140538 -9.50362e-05 -2.28686e-05 -8.9184e-05 -0.000218319 -3.86531e-05 -7.53569e-05 3.1544e-05 7.69689e-05 1.58803e-05 -4.00841e-05 2.78859e-05 5.7512e-05 -5.83569e-05 1.39441e-05 9.91207e-06
internal_weight=94 90 75 71 32 9 23 18 39 10 29 14 25 8 11 17 11
internal_count=64 62 57 55 26 9 17 14 29 8 21 12 17 8 9 9 7
is_linear=0
shrinkage=0.05


Tree=133
num_leaves=14
num_cat=0
split_feature=11 62 66 75 69 78 11 11 8 23 11 11 5
split_gain=0.00229598 0.00179788 0.000115374 4.04878e-05 3.49664e-05 2.16147e-05 1.52085e-05 1.2106e-05 1.69792e-05 9.16698e-06 1.38991e-05 6.53376e-06 1.16393e-05
threshold=0.66250000000000009 1.0000000180025095e-35 1.0000000180025095e-35 1.0000000180025095e-35 1.0000000180025095e-35 1.0000000180025095e-35 0.55000000000000016 0.35000000000000009 1.0000000180025095e-35 1.0000000180025095e-35 0.35000000000000009 0.27350000000000002 1.0000000180025095e-35
decision_type=2 2 2 2 2 2 2 2 2 2 2 2 2
left_child=1 2 3 4 5 6 7 8 11 -7 -11 12 -1
right_child=-2 -3 -4 -5 -6 9 -8 -9 -10 10 -12 -13 -14
leaf_value=3.2630974289661804e-05 -0.0013072108442429454 -0.0010055364435538649 -0.00026372556239948611 -8.2578688549498716e-05 -0.00012465129475458525 -0.00012705538683803756 0.0001201642236992484 -4.1995437017508919e-05 -4.0775579483514391e-05 5.8765300006295235e-05 -8.3606012049131074e-05 9.5519612336324283e-06 0.00010823338161571881
leaf_weight=14 3.9999999999999991 4.9999999999999991 4.9999999999999991 18 4.9999999999999991 2.9999999999999982 3.9999999999999991 6.9999999999999991 6.9999999999999991 3 4 9.0000000000000018 8
leaf_count=6 2 5 5 6 5 3 4 5 7 3 4 3 4
internal_value=-0.000134523 -8.35364e-05 -3.05479e-05 -1.63297e-05 2.30277e-06 1.30616e-05 2.67332e-05 1.84282e-05 2.95589e-05 -5.39294e-05 -2.25897e-05 4.54409e-05 6.01228e-05
internal_weight=96 92 87 82 64 59 49 45 38 10 7 31 22
internal_count=62 60 55 50 44 39 29 25 20 10 7 13 10
is_linear=0
shrinkage=0.05


Tree=134
num_leaves=18
num_cat=0
split_feature=70 7 22 75 11 22 11 11 44 7 5 11 16 80 80 11 5
split_gain=0.00815059 0.0072732 0.00599876 0.00811075 0.00220188 0.000103792 3.27668e-05 2.60136e-05 3.04514e-05 1.10774e-05 1.06736e-05 1.27461e-05 7.31898e-06 7.42718e-05 5.42059e-05 3.68569e-06 1.62611e-05
threshold=1.0000000180025095e-35 1.0000000180025095e-35 0.77500000000000013 1.0000000180025095e-35 0.66250000000000009 0.45000000000000007 0.55000000000000016 0.27350000000000002 0.22500000000000003 1.0000000180025095e-35 1.0000000180025095e-35 0.35000000000000009 1.0000000180025095e-35 1.0000000180025095e-35 1.0000000180025095e-35 0.35000000000000009 1.0000000180025095e-35
decision_type=2 2 2 2 2 2 2 2 2 2 2 2 2 2 2 2 2
left_child=2 -2 3 4 5 7 15 9 10 12 -9 -12 13 -1 -14 -7 -17
right_child=1 -3 -4 -5 -6 6 -8 8 -10 -11 11 -13 14 -15 -16 16 -18
leaf_value=0.0002512240826035847 0.0036833905770132938 0.00020172345490815735 -0.0018540300428867341 0.0011807443636159102 -0.0012418502650689335 -0.00013297421974129979 -0.00024905818718252705 -0.00016342001041872806 5.4810527944937352e-05 -3.2221733126789333e-05 -0.00012822251792385939 -1.6336367532078706e-05 -8.3379845697587971e-05 -1.8860118663204567e-05 0.00012915631135304765 1.5187601093202824e-05 -0.00013880614133086053
leaf_weight=4.0000000000000036 2.9999999999999991 3 3.9999999999999991 14.999999999999998 3.9999999999999991 3.9999999999999982 4.9999999999999991 3.0000000000000009 5.9999999999999991 4.9999999999999991 4 7 6 7 6 3 4
leaf_count=4 3 3 2 5 2 2 5 3 2 5 4 5 6 3 2 3 4
internal_value=0.00016015 0.00194256 3.7225e-05 0.00012837 -0.000103772 -3.26416e-05 -0.000142928 4.1205e-06 -3.94321e-05 3.52295e-05 -7.98218e-05 -5.70222e-05 4.98928e-05 7.93523e-05 2.28882e-05 -9.46871e-05 -7.28088e-05
internal_weight=93 6 87 83 68 64 16 48 20 28 14 11 23 11 12 11 7
internal_count=63 6 57 55 50 48 14 34 14 20 12 9 15 7 8 9 7
is_linear=0
shrinkage=0.05


Tree=135
num_leaves=15
num_cat=0
split_feature=66 62 11 22 44 75 11 80 11 50 71 5 78 22
split_gain=0.00873057 0.00153855 0.0012867 5.71142e-05 7.39486e-05 0.000249357 3.50989e-05 2.72925e-05 7.65527e-06 2.07231e-05 7.51525e-06 4.42529e-06 1.8589e-06 9.2023e-07
threshold=1.0000000180025095e-35 1.0000000180025095e-35 0.61250000000000016 0.55000000000000016 0.43750000000000006 1.0000000180025095e-35 0.27350000000000002 1.0000000180025095e-35 0.22500000000000003 1.0000000180025095e-35 1.0000000180025095e-35 1.0000000180025095e-35 1.0000000180025095e-35 0.45000000000000007
decision_type=2 2 2 2 2 2 2 2 2 2 2 2 2 2
left_child=1 2 3 4 5 7 -5 8 9 12 -10 -9 -1 -12
right_child=-2 -3 -4 6 -6 -7 -8 11 10 -11 13 -13 -14 -15
leaf_value=-9.6861275960691262e-05 0.0020078730821842328 -0.00099073235178366299 -0.00079471301754286598 -6.2678313115611671e-05 0.00015267908262709778 -0.00033691589099665484 -0.00021564648583686599 1.8159617502533366e-05 3.7267456937115635e-05 2.3488806618843224e-05 -2.2059068821060155e-05 5.7433893492158777e-05 -0.00014892758917994795 -5.8692423044703895e-05
leaf_weight=4 4.9999999999999991 4.9999999999999991 5.9999999999999991 9.9999999999999982 5.9999999999999991 5.9999999999999991 5.9999999999999991 15.999999999999998 5 4 3 13.000000000000002 3 4
leaf_count=4 5 5 4 4 2 2 4 6 5 4 3 5 3 4
internal_value=-2.63161e-05 -0.000138085 -8.85122e-05 -3.55471e-05 -1.44236e-05 -3.17101e-05 -0.000120041 3.506e-06 -3.71688e-05 -6.72975e-05 -9.5508e-06 3.57653e-05 -0.000119175 -4.29924e-05
internal_weight=96 91 86 80 64 58 16 52 23 11 12 29 7 7
internal_count=60 55 50 46 38 36 8 34 23 11 12 11 7 7
is_linear=0
shrinkage=0.05


Tree=136
num_leaves=16
num_cat=0
split_feature=22 70 7 66 22 51 22 19 12 22 22 22 11 38 77
split_gain=0.0213738 0.00113911 0.00205284 0.00022701 6.04924e-05 3.87904e-05 3.93157e-05 1.75311e-05 5.56705e-06 4.36556e-06 3.99105e-06 1.33409e-05 1.50111e-05 1.39705e-06 4.62153e-10
threshold=0.72500000000000009 1.0000000180025095e-35 1.0000000180025095e-35 1.0000000180025095e-35 0.55000000000000016 1.0000000180025095e-35 0.45000000000000007 1.0000000180025095e-35 1.0000000180025095e-35 0.45000000000000007 1.0000000180025095e-35 0.27500000000000008 0.35000000000000009 1.0000000180025095e-35 1.0000000180025095e-35
decision_type=2 2 2 2 2 2 2 2 2 2 2 2 2 2 2
left_child=1 3 -3 4 5 6 7 10 -7 -10 13 -12 -13 14 -1
right_child=-2 2 -4 -5 -6 8 -8 -9 9 -11 11 12 -14 -15 -16
leaf_value=1.9270934542094305e-05 0.0023815694078803064 -0.0016512422046313685 0.00019846010351708774 -0.00030741708178538829 -0.00013957362728736673 -0.00011778242769651121 0.00014562612341251224 0.00011451632715761662 9.7693409770727141e-06 -6.6524511203169817e-05 -4.5883514313674e-05 8.9520541587262433e-05 -2.7783069526776668e-05 4.3853015813510862e-05 1.8672922548527517e-05
leaf_weight=7 9.9999999999999982 2.9999999999999991 3 5.9999999999999991 5.9999999999999991 2.9999999999999973 7.9999999999999991 4.9999999999999991 3 5 9.0000000000000018 5.9999999999999982 5 10 6
leaf_count=5 4 3 3 6 4 3 4 5 3 5 5 4 3 6 2
internal_value=0.000195022 -6.22193e-05 -0.000726391 -1.17759e-05 1.25234e-05 2.6144e-05 4.30056e-05 2.59021e-05 -5.96965e-05 -3.79143e-05 1.55982e-05 -7.37186e-07 3.62007e-05 2.98028e-05 1.89949e-05
internal_weight=95 85 6 79 73 67 56 48 11 8 43 20 11 23 13
internal_count=65 61 6 55 49 45 34 30 11 8 25 12 7 13 7
is_linear=0
shrinkage=0.05


Tree=137
num_leaves=17
num_cat=0
split_feature=22 22 70 66 22 75 7 11 11 22 61 16 80 44 22 79
split_gain=0.00698699 0.0169734 0.00331876 0.000173162 8.92755e-05 0.000115698 1.50848e-05 1.57404e-05 1.21692e-05 1.565e-05 1.17449e-05 2.12384e-05 9.79539e-06 4.00961e-06 2.06226e-05 2.71214e-06
threshold=0.77500000000000013 0.72500000000000009 1.0000000180025095e-35 1.0000000180025095e-35 0.55000000000000016 1.0000000180025095e-35 1.0000000180025095e-35 0.22500000000000003 0.27350000000000002 0.27500000000000008 1.0000000180025095e-35 1.0000000180025095e-35 1.0000000180025095e-35 0.22500000000000003 0.35000000000000009 1.0000000180025095e-35
decision_type=2 2 2 2 2 2 2 2 2 2 2 2 2 2 2 2
left_child=1 2 3 4 5 6 8 -8 9 10 11 -1 -13 14 15 -10
right_child=-2 -3 -4 -5 -6 -7 7 -9 13 -11 -12 12 -14 -15 -16 -17
leaf_value=0.00017891652241814866 -0.0019031548872590065 0.0027989459534486136 0.0014437186760915212 -0.0002920462371548638 -0.00018126363782877371 -0.00015864223759207461 -9.7654388810042319e-05 3.5416816826909775e-05 -7.6431884372141166e-05 0.00016017227899283172 8.7494415412139549e-06 -6.2076303947833357e-06 9.8767656891141076e-05 4.9089236805836357e-05 9.1726289247162648e-05 -1.8206718959845602e-05
leaf_weight=4.0000000000000027 3.9999999999999991 5.9999999999999991 3.9999999999999991 5.9999999999999991 6.9999999999999991 8.9999999999999982 3.9999999999999982 5 4.0000000000000018 3.9999999999999991 9 5 4 5.9999999999999991 3.9999999999999991 4
leaf_count=4 2 2 4 6 5 3 4 5 2 2 3 5 2 2 4 4
internal_value=0.000139051 0.000235155 4.04362e-05 -3.44056e-05 -1.2002e-05 7.10815e-06 3.52544e-05 -2.37259e-05 4.73186e-05 6.91974e-05 5.26565e-05 8.30537e-05 4.04481e-05 1.57159e-05 -9.70771e-07 -4.73193e-05
internal_weight=89 85 79 75 69 62 53 9 44 26 22 13 9 18 12 8
internal_count=59 57 55 51 45 40 37 9 28 16 14 11 7 12 10 6
is_linear=0
shrinkage=0.05


Tree=138
num_leaves=16
num_cat=0
split_feature=22 62 66 44 75 22 51 22 80 5 76 11 38 22 11
split_gain=0.0149601 0.00885605 0.000206917 6.85187e-05 0.000209062 2.78539e-05 1.46888e-05 1.02622e-05 1.55807e-05 1.6375e-05 1.16324e-05 1.0292e-05 6.72095e-06 4.18694e-06 7.24285e-07
threshold=0.72500000000000009 1.0000000180025095e-35 1.0000000180025095e-35 0.43750000000000006 1.0000000180025095e-35 0.55000000000000016 1.0000000180025095e-35 0.22500000000000003 1.0000000180025095e-35 1.0000000180025095e-35 1.0000000180025095e-35 0.27350000000000002 1.0000000180025095e-35 0.27500000000000008 0.22500000000000003
decision_type=2 2 2 2 2 2 2 2 2 2 2 2 2 2 2
left_child=1 2 3 4 5 6 7 8 12 -10 11 -9 -1 14 -8
right_child=-2 -3 -4 -5 -6 -7 13 10 9 -11 -12 -13 -14 -15 -16
leaf_value=-3.8929677259602592e-07 0.0021460540592670441 0.0021345377340912818 -0.00034875582205131652 0.00014569593283037346 -0.00031208725413307549 -0.00010440604334386688 -2.723391517065466e-05 0.00015216366155073051 -8.395383483730253e-06 9.1313864686526358e-05 2.5058398023247719e-06 4.4560019159689542e-05 -8.7343678023898969e-05 -6.8930655834265048e-05 7.5100339017808417e-06
leaf_weight=4.0000000000000018 9.9999999999999982 4.9999999999999991 4.9999999999999991 5.9999999999999991 5.9999999999999991 5.9999999999999991 2.9999999999999982 3.9999999999999982 10.000000000000002 6.9999999999999991 5.9999999999999991 5 5 6 3
leaf_count=4 4 5 5 2 2 4 3 2 4 3 2 5 5 6 3
internal_value=0.000321488 9.62324e-05 -3.78666e-05 -1.5973e-05 -3.08963e-05 -2.30058e-06 9.25853e-06 2.3499e-05 4.49876e-06 3.26614e-05 5.64327e-05 9.23839e-05 -4.86973e-05 -3.93963e-05 -9.86194e-06
internal_weight=91 81 76 71 65 59 53 41 26 17 15 9 9 12 6
internal_count=59 55 50 45 43 41 37 25 16 7 9 7 9 12 6
is_linear=0
shrinkage=0.05


Tree=139
num_leaves=15
num_cat=0
split_feature=22 62 66 22 29 22 11 17 11 11 22 22 22 80
split_gain=0.00725263 0.00772946 0.000136174 2.05744e-05 1.60123e-05 1.76994e-05 6.02073e-06 4.72161e-06 4.36523e-06 4.27534e-06 2.64707e-06 2.35426e-06 1.01389e-06 1.53347e-05
threshold=0.72500000000000009 1.0000000180025095e-35 1.0000000180025095e-35 0.55000000000000016 1.0000000180025095e-35 0.35000000000000009 1.0000000180025095e-35 1.0000000180025095e-35 0.22500000000000003 0.55000000000000016 0.27500000000000008 0.45000000000000007 0.22500000000000003 1.0000000180025095e-35
decision_type=2 2 2 2 2 2 2 2 2 2 2 2 2 2
left_child=1 2 3 4 5 6 7 12 -6 -5 -8 -10 13 -1
right_child=-2 -3 -4 9 8 -7 10 -9 11 -11 -12 -13 -14 -15
leaf_value=-2.2183545403701519e-05 0.0017945170402526855 0.0018368035399665434 -0.00026000613409754201 -4.9590849084779609e-05 -8.751673332881184e-05 9.3115216198687756e-05 -8.0835345822076028e-06 -1.2342289185405451e-05 7.1345343409727001e-06 -0.00012269468134036286 -5.734288963139988e-05 -5.1459751557558764e-05 7.6855882070958611e-06 8.6748165527491687e-05
leaf_weight=6.0000000000000018 6.9999999999999991 5.9999999999999991 5.9999999999999991 4 4.9999999999999982 5.9999999999999991 5.9999999999999982 11.000000000000002 3 4 5 4 3.9999999999999991 7
leaf_count=6 3 6 6 2 5 4 4 5 3 4 3 4 2 3
internal_value=0.000253617 0.000113535 -3.20931e-05 -1.1055e-05 -5.16322e-07 1.31686e-05 8.69164e-07 1.31826e-05 -5.18349e-05 -8.61428e-05 -3.04742e-05 -2.63479e-05 2.96987e-05 3.6472e-05
internal_weight=84 77 71 65 57 45 39 28 12 8 11 7 17 13
internal_count=60 57 51 45 39 27 23 16 12 6 7 7 11 9
is_linear=0
shrinkage=0.05


Tree=140
num_leaves=17
num_cat=0
split_feature=22 75 66 79 22 6 55 11 22 11 61 12 71 16 11 29
split_gain=0.0113271 0.000149777 0.000168232 5.52846e-05 5.18344e-05 1.99228e-05 3.80446e-05 2.27295e-05 8.91475e-06 1.44664e-05 7.48869e-06 1.1606e-05 6.69749e-06 1.27054e-06 2.9323e-07 9.77002e-08
threshold=0.72500000000000009 1.0000000180025095e-35 1.0000000180025095e-35 1.0000000180025095e-35 0.55000000000000016 1.0000000180025095e-35 1.0000000180025095e-35 0.55000000000000016 0.45000000000000007 0.35000000000000009 1.0000000180025095e-35 1.0000000180025095e-35 1.0000000180025095e-35 1.0000000180025095e-35 0.35000000000000009 1.0000000180025095e-35
decision_type=2 2 2 2 2 2 2 2 2 2 2 2 2 2 2 2
left_child=1 2 3 4 10 7 -7 8 9 12 11 13 -5 -1 -13 -14
right_child=-2 -3 -4 5 -6 6 -8 -9 -10 -11 -12 14 15 -15 -16 -17
leaf_value=6.8560377985704688e-05 -0.0019335789812935725 -0.00029884373458723227 -0.00031831772139412351 -7.1803743048803737e-05 -0.00011461352090312479 -2.9656963306479136e-05 -0.00024772986380412472 -0.00017092868996163209 4.3690679012797774e-05 -0.00013758751835363608 9.0277317212894559e-06 2.892127660743426e-05 2.6074457370365652e-05 0.00010242793697317311 1.1797323822975158e-05 1.331382469894985e-05
leaf_weight=3.9999999999999991 8.9999999999999982 5.9999999999999991 4.9999999999999991 3.0000000000000053 5.9999999999999991 4.0000000000000018 4 2.9999999999999991 3.9999999999999991 2.9999999999999991 9.9999999999999982 5 3 9 5 3
leaf_count=4 3 2 5 3 4 4 4 3 4 3 4 3 3 5 3 3
internal_value=-0.000255141 -5.89604e-05 -3.86885e-05 -1.75045e-05 2.05713e-05 -7.25029e-05 -0.000138693 -4.46333e-05 -2.09529e-05 -4.25007e-05 4.51504e-05 6.08559e-05 -1.08052e-05 9.20071e-05 2.03593e-05 1.96941e-05
internal_weight=86 77 71 66 39 27 8 19 16 12 33 23 9 13 10 6
internal_count=60 57 55 50 23 27 8 19 16 12 19 15 9 9 6 6
is_linear=0
shrinkage=0.05


Tree=141
num_leaves=18
num_cat=0
split_feature=22 66 75 79 11 6 22 29 11 18 22 0 71 80 60 11 77
split_gain=0.0156256 0.000179875 5.18731e-05 3.94957e-05 6.71999e-05 5.34888e-05 2.57358e-05 1.95068e-05 1.66468e-05 1.24076e-05 6.01561e-06 1.24323e-05 1.68784e-06 1.31642e-06 2.49197e-05 1.77706e-07 1.02893e-08
threshold=0.72500000000000009 1.0000000180025095e-35 1.0000000180025095e-35 1.0000000180025095e-35 0.55000000000000016 1.0000000180025095e-35 0.45000000000000007 1.0000000180025095e-35 0.22500000000000003 1.0000000180025095e-35 0.27500000000000008 0.45000000000000007 1.0000000180025095e-35 1.0000000180025095e-35 1.0000000180025095e-35 0.22500000000000003 1.0000000180025095e-35
decision_type=2 2 2 2 2 2 2 2 2 2 2 2 2 2 2 2 2
left_child=1 2 3 6 5 7 10 12 -7 -6 13 -12 -5 14 -1 -9 -15
right_child=-2 -3 -4 4 9 8 -8 15 -10 -11 11 -13 -14 16 -16 -17 -18
leaf_value=9.1939028425258487e-05 0.0020457046106457711 -0.00038021863438189032 -0.00014848458684153028 -2.0880372903775394e-05 6.7181303165853027e-06 -0.0003203550974527995 -0.00010872844177356455 -0.00012685677890355386 -0.00015378756991898016 0.00015052151090155043 0.0001047393830958754 2.9540659549335635e-06 2.8732482072276366e-05 1.5977854491211471e-05 -0.00011185684015799776 -0.00011075849761255084 1.8442305736243723e-05
leaf_weight=3.0000000000000027 9.9999999999999982 3.9999999999999991 8.9999999999999982 4.0000000000000053 2.9999999999999991 2.9999999999999991 3.9999999999999991 3 3 3 5.9999999999999982 6 3 8 3 4 9
leaf_count=3 4 4 3 4 3 3 4 3 3 3 4 2 3 4 3 4 3
internal_value=0.000184926 -5.36356e-05 -3.59825e-05 -2.04052e-05 -6.81399e-05 -0.000112168 1.14179e-05 -5.86377e-05 -0.000237071 7.86198e-05 2.51489e-05 5.38467e-05 3.82279e-07 1.01761e-05 -9.95891e-06 -0.000117658 1.72826e-05
internal_weight=88 78 74 65 26 20 39 14 6 6 35 12 7 23 6 7 17
internal_count=60 56 52 49 26 20 23 14 6 6 19 6 7 13 6 7 7
is_linear=0
shrinkage=0.05


Tree=142
num_leaves=17
num_cat=0
split_feature=44 11 62 11 75 80 65 11 11 69 71 55 39 11 5 71
split_gain=0.00793983 0.010111 0.00611121 0.00743422 0.000135492 4.78495e-05 3.23431e-05 3.13989e-05 3.87033e-05 6.74382e-05 1.44443e-05 1.42351e-05 9.24389e-06 5.90218e-06 5.3096e-06 4.53502e-06
threshold=0.43750000000000006 0.61250000000000016 1.0000000180025095e-35 0.22500000000000003 1.0000000180025095e-35 1.0000000180025095e-35 1.0000000180025095e-35 0.22500000000000003 0.55000000000000016 1.0000000180025095e-35 1.0000000180025095e-35 1.0000000180025095e-35 1.0000000180025095e-35 0.27350000000000002 1.0000000180025095e-35 1.0000000180025095e-35
decision_type=2 2 2 2 2 2 2 2 2 2 2 2 2 2 2 2
left_child=1 2 4 -4 5 6 7 11 9 10 -9 -1 15 14 -7 -13
right_child=-2 -3 3 -5 -6 13 -8 8 -10 -11 -12 12 -14 -15 -16 -17
leaf_value=6.4429052872583227e-05 -0.0014219455498581132 0.0021352274692617358 -0.0034778517321683469 4.2142474558204403e-05 -0.00027647732834642136 1.4906635208587557e-05 5.0084536742360807e-05 -0.00031667370494687942 2.3367746810739241e-05 2.7881424951677521e-05 -0.00018919899303000416 -0.00012607749777089337 1.3678537410063045e-05 -2.0882852065066497e-06 7.649046934342809e-05 -4.4753654704739637e-05
leaf_weight=3.0000000000000009 11.999999999999998 4.9999999999999991 2.9999999999999991 3 5.9999999999999991 7.0000000000000018 4.9999999999999991 3.9999999999999982 2.9999999999999991 2.9999999999999991 5 4 3 11.999999999999998 7 3
leaf_count=3 4 5 3 3 2 3 5 4 3 3 5 4 3 4 3 3
internal_value=-0.000226719 -3.79987e-05 -0.000191043 -0.00171785 -5.01063e-05 -2.70856e-05 -6.70536e-05 -8.79711e-05 -0.000137263 -0.00017742 -0.000245854 -3.1096e-05 -5.97535e-05 2.36431e-05 4.56986e-05 -9.12244e-05
internal_weight=88 76 71 6 65 59 33 28 15 12 9 13 10 26 14 7
internal_count=60 56 51 6 45 43 33 28 15 12 9 13 10 10 6 7
is_linear=0
shrinkage=0.05


Tree=143
num_leaves=14
num_cat=0
split_feature=22 44 66 38 22 71 22 22 79 62 78 22 77
split_gain=0.031014 0.000165293 0.00013384 3.75923e-05 4.74143e-05 4.80193e-05 3.51021e-05 4.28447e-05 2.89518e-05 2.15413e-05 2.12372e-05 1.1722e-06 1.76159e-07
threshold=0.72500000000000009 0.43750000000000006 1.0000000180025095e-35 1.0000000180025095e-35 0.35000000000000009 1.0000000180025095e-35 0.55000000000000016 0.22500000000000003 1.0000000180025095e-35 1.0000000180025095e-35 1.0000000180025095e-35 1.0000000180025095e-35 1.0000000180025095e-35
decision_type=2 2 2 2 2 2 2 2 2 2 2 2 2
left_child=1 2 3 4 8 -6 7 -5 11 -10 -9 12 -1
right_child=-2 -3 -4 6 5 -7 -8 10 9 -11 -12 -13 -14
leaf_value=2.7895183848158912e-05 0.0044892579317092896 0.00022721908365686737 -0.00029547665792051703 -0.00010331161499309993 0.0002095505176112056 -2.2875226568430657e-05 -0.00017707161799383661 -2.1751385481495945e-05 -3.5987845954618272e-05 -0.00018144117202609775 0.00012267132842680437 -8.4457627963274721e-06 1.6219855751842257e-05
leaf_weight=7.0000000000000018 3.9999999999999991 5.9999999999999991 4.9999999999999991 13.000000000000005 4.9999999999999982 4 5.9999999999999991 6.9999999999999982 7.0000000000000018 4 4 3.9999999999999991 6
leaf_count=5 2 2 5 7 3 4 4 5 7 4 4 2 2
internal_value=0.000195284 -2.49199e-05 -4.59314e-05 -2.73087e-05 6.41553e-06 0.00010625 -6.89018e-05 -4.18594e-05 -2.56742e-05 -8.888e-05 3.0766e-05 1.52237e-05 2.25066e-05
internal_weight=82 78 72 67 37 9 30 24 28 11 11 17 13
internal_count=56 54 52 47 27 7 20 16 20 11 9 9 7
is_linear=0
shrinkage=0.05


Tree=144
num_leaves=20
num_cat=0
split_feature=22 22 62 70 44 75 80 38 22 11 11 22 8 11 11 11 11 71 77
split_gain=0.00800215 0.0127574 0.00132352 0.00194687 0.000157285 0.000114245 3.50084e-05 4.75796e-05 5.40687e-05 1.27581e-05 1.89332e-05 1.16534e-05 6.31762e-06 2.7922e-06 2.6623e-06 2.22464e-06 2.05578e-06 6.50793e-07 1.97638e-07
threshold=0.77500000000000013 0.72500000000000009 1.0000000180025095e-35 1.0000000180025095e-35 0.43750000000000006 1.0000000180025095e-35 1.0000000180025095e-35 1.0000000180025095e-35 0.45000000000000007 1.0000000180025095e-35 0.35000000000000009 0.45000000000000007 1.0000000180025095e-35 0.55000000000000016 0.22500000000000003 0.27350000000000002 0.55000000000000016 1.0000000180025095e-35 1.0000000180025095e-35
decision_type=2 2 2 2 2 2 2 2 2 2 2 2 2 2 2 2 2 2 2
left_child=1 2 4 -4 5 6 7 11 9 -9 -11 12 -1 -10 17 18 -13 -14 -8
right_child=-2 -3 3 -5 -6 -7 15 8 13 10 -12 16 14 -15 -16 -17 -18 -19 -20
leaf_value=3.0724424626290163e-05 -0.0022084619849920273 0.0023029983043670655 9.8993179077903445e-05 -0.0017023330631976323 0.00021585810463875532 -0.00025952686943734687 1.9558492931537319e-05 2.6058706862386302e-05 -0.00018647138276719485 -0.00015709358995081853 9.0719093956674126e-06 2.3962712536255518e-05 -5.5820714139069106e-05 -0.00024554971241741436 -1.4599988935515279e-05 -5.2137914786322251e-06 8.2497268158476781e-05 -8.8754803679573017e-05 3.0760476753736536e-05
leaf_weight=3.0000000000000009 3.9999999999999991 5.9999999999999991 2.9999999999999991 3 5.9999999999999991 5.9999999999999991 7.0000000000000044 4.0000000000000018 4 4 3 2.9999999999999991 3 4 3 8.9999999999999982 3 3 9
leaf_count=3 2 2 3 3 2 2 3 4 4 4 3 3 3 4 3 3 3 3 3
internal_value=-2.2356e-05 7.93233e-05 -8.74523e-05 -0.00080167 -2.95428e-05 -5.11958e-05 -3.10347e-05 -6.19184e-05 -0.000117106 -4.51749e-05 -8.58798e-05 -3.66518e-06 -3.21128e-05 -0.000216011 -5.30585e-05 1.46732e-05 5.323e-05 -7.22878e-05 2.58596e-05
internal_weight=90 86 80 6 74 68 62 37 19 11 7 18 12 8 9 25 6 6 16
internal_count=60 58 56 6 50 48 46 37 19 11 7 18 12 8 9 9 6 6 6
is_linear=0
shrinkage=0.05


Tree=145
num_leaves=15
num_cat=0
split_feature=22 75 44 66 70 22 8 78 65 7 12 22 22 61
split_gain=0.00713001 0.00388917 0.00253139 0.000113226 3.9311e-05 5.65335e-05 2.83007e-05 2.28651e-05 1.65795e-05 1.6464e-05 2.25743e-05 4.33815e-06 1.03653e-05 1.30484e-05
threshold=0.77500000000000013 1.0000000180025095e-35 0.22500000000000003 1.0000000180025095e-35 1.0000000180025095e-35 0.55000000000000016 1.0000000180025095e-35 1.0000000180025095e-35 1.0000000180025095e-35 1.0000000180025095e-35 1.0000000180025095e-35 0.35000000000000009 1.0000000180025095e-35 1.0000000180025095e-35
decision_type=2 2 2 2 2 2 2 2 2 2 2 2 2 2
left_child=1 2 3 4 5 6 7 11 -9 -8 -11 12 13 -1
right_child=-2 -3 -4 -5 -6 -7 9 8 -10 10 -12 -13 -14 -15
leaf_value=7.2857296826051745e-05 -0.0020980393514037133 0.00071545433408270282 -0.0010911581572145225 -0.00024465475929901008 0.00012450664798961954 -0.0001428421532701967 -0.00015969883922177066 0.00019930245095262455 5.0621683767531062e-05 -0.00013078065433849888 4.2710253037512299e-05 5.1569269271567467e-05 -4.9931112360874457e-05 -2.3684446101209946e-05
leaf_weight=7.0000000000000053 3.9999999999999991 18 5.9999999999999991 4.9999999999999991 5.9999999999999991 6.9999999999999991 2.9999999999999973 3 5 3 5 4.9999999999999991 6.9999999999999991 7
leaf_count=5 2 6 2 5 6 5 3 3 5 3 5 3 5 3
internal_value=-3.39713e-05 6.09284e-05 -0.000109818 -1.63565e-05 3.32434e-06 -1.06582e-05 9.90371e-06 3.24575e-05 0.000106377 -5.98079e-05 -2.23488e-05 9.71302e-06 -2.52754e-07 2.45864e-05
internal_weight=91 87 69 63 58 52 45 34 8 11 8 26 21 14
internal_count=61 59 53 51 46 40 35 24 8 11 8 16 13 8
is_linear=0
shrinkage=0.05


Tree=146
num_leaves=17
num_cat=0
split_feature=70 66 11 22 44 11 23 60 44 78 28 33 77 19 71 11
split_gain=0.0113488 0.00579112 0.00972344 0.00421371 8.11605e-05 3.22952e-05 2.06551e-05 2.98802e-05 1.99064e-05 1.53082e-05 1.09411e-05 9.61654e-06 5.57754e-06 3.08903e-06 2.53935e-06 5.47536e-07
threshold=1.0000000180025095e-35 1.0000000180025095e-35 0.55000000000000016 0.72500000000000009 0.43750000000000006 0.55000000000000016 1.0000000180025095e-35 1.0000000180025095e-35 0.22500000000000003 1.0000000180025095e-35 1.0000000180025095e-35 0.33750000000000008 1.0000000180025095e-35 1.0000000180025095e-35 1.0000000180025095e-35 0.27350000000000002
decision_type=2 2 2 2 2 2 2 2 2 2 2 2 2 2 2 2
left_child=1 3 -3 4 5 6 7 10 9 11 13 14 -12 -1 -8 -11
right_child=-2 2 -4 -5 -6 -7 8 -9 -10 15 12 -13 -14 -15 -16 -17
leaf_value=2.3437920026481139e-05 0.002684383111045463 -0.00026524432032601911 0.0035003922006580975 -0.0010162076602379482 0.0001692924958964189 -0.00014481244259513914 -8.3439950831234303e-05 -8.8848588711698545e-05 0.00010006735101342201 8.0536085200340804e-05 -4.871765559073538e-05 2.1824944997206331e-05 1.5055060309047497e-05 9.5190185432632738e-05 -3.3047971664927897e-05 5.0327482555682446e-05
leaf_weight=3.0000000000000009 3.9999999999999991 3.9999999999999991 3 11.999999999999998 5.9999999999999991 4.9999999999999991 5.0000000000000089 15.999999999999998 5.9999999999999991 2.9999999999999991 7.9999999999999991 5.9999999999999991 6.0000000000000009 3 5 3
leaf_count=3 4 4 3 4 2 5 3 8 2 3 6 2 2 3 5 3
internal_value=7.6034e-05 -3.49596e-05 0.0013486 -0.00014628 -7.09208e-06 -2.24299e-05 -1.28687e-05 -3.79196e-05 1.93395e-05 -2.67724e-06 2.82367e-06 -2.82181e-05 -2.13865e-05 5.93141e-05 -5.8244e-05 6.54318e-05
internal_weight=98 94 7 87 75 69 64 36 28 22 20 16 14 6 10 6
internal_count=62 58 7 51 47 45 40 22 18 16 14 10 8 6 8 6
is_linear=0
shrinkage=0.05


Tree=147
num_leaves=17
num_cat=0
split_feature=22 66 22 75 70 44 79 22 7 62 22 80 28 71 8 77
split_gain=0.0107443 0.000133818 9.8676e-05 0.000136394 5.61156e-05 3.99789e-05 2.5176e-05 2.24611e-05 1.88035e-05 1.69978e-05 8.70381e-06 7.33851e-06 6.81011e-06 1.04793e-05 9.31008e-06 4.00571e-09
threshold=0.72500000000000009 1.0000000180025095e-35 0.27500000000000008 1.0000000180025095e-35 1.0000000180025095e-35 0.22500000000000003 1.0000000180025095e-35 0.55000000000000016 1.0000000180025095e-35 1.0000000180025095e-35 0.35000000000000009 1.0000000180025095e-35 1.0000000180025095e-35 1.0000000180025095e-35 1.0000000180025095e-35 1.0000000180025095e-35
decision_type=2 2 2 2 2 2 2 2 2 2 2 2 2 2 2 2
left_child=1 2 3 4 9 6 7 10 -8 11 -4 12 13 -1 -15 -13
right_child=-2 -3 5 -5 -6 -7 8 -9 -10 -11 -12 15 -14 14 -16 -17
leaf_value=-0.00011868659967149145 0.0017132965475320817 -0.00027334758080542086 -7.8658806160092313e-06 -0.00027788081594432392 -0.00017666116356849671 0.00014760386095278796 3.8474835455417614e-05 -8.752956843333474e-05 0.00019681401705990231 9.9869046243838974e-05 8.1456501502543676e-05 1.6011351544875651e-05 3.0859973048791272e-05 3.2701334566809232e-05 -8.3819924232860388e-05 1.4302307196582353e-05
leaf_weight=3.9999999999999982 9.9999999999999982 4.9999999999999991 6.0000000000000018 5.9999999999999991 4.9999999999999991 8.9999999999999982 5.0000000000000018 5.9999999999999991 3 3.9999999999999991 5 7.9999999999999991 3.0000000000000009 4 3 6.0000000000000009
leaf_count=4 4 5 4 2 5 3 5 4 3 4 3 4 3 4 3 2
internal_value=0.000166004 -2.26903e-05 -6.4139e-06 -5.67449e-05 -2.0885e-05 5.724e-05 2.4709e-05 -9.71119e-06 9.7852e-05 3.455e-06 3.27352e-05 -1.03184e-05 -3.59158e-05 -5.41273e-05 -1.72363e-05 1.52789e-05
internal_weight=92 82 77 43 37 34 25 17 8 32 11 28 14 11 7 14
internal_count=62 58 53 31 29 22 19 11 8 24 7 20 14 11 7 6
is_linear=0
shrinkage=0.05


Tree=148
num_leaves=16
num_cat=0
split_feature=62 78 22 22 22 79 22 11 22 8 22 22 5 22 11
split_gain=0.0079825 0.002828 0.0112506 0.00449918 5.78025e-05 5.65155e-05 2.6047e-05 1.73936e-05 1.35967e-05 1.12217e-05 7.19018e-06 3.19496e-06 5.45496e-06 7.62325e-07 9.15795e-08
threshold=1.0000000180025095e-35 1.0000000180025095e-35 0.65000000000000002 0.72500000000000009 0.45000000000000007 1.0000000180025095e-35 0.27500000000000008 0.22500000000000003 0.45000000000000007 1.0000000180025095e-35 0.45000000000000007 0.22500000000000003 1.0000000180025095e-35 0.45000000000000007 0.55000000000000016
decision_type=2 2 2 2 2 2 2 2 2 2 2 2 2 2 2
left_child=1 3 4 5 6 8 -3 -7 11 10 -9 12 -1 -11 -6
right_child=-2 2 -4 -5 14 7 -8 9 -10 13 -12 -13 -14 -15 -16
leaf_value=2.1312955504981789e-05 0.0020212389272637669 -5.5510482707177305e-05 0.0033273312010957548 -0.0010510622213284174 -0.0001896503187405566 -0.00014005604258272787 0.00013938750683640435 -2.8370303334668298e-05 9.8827748701700742e-05 -1.2573974284653859e-05 -0.00013784007169306275 8.8203407358378182e-06 7.68525991588831e-05 1.9307569600641725e-05 -0.00017729586567535681
leaf_weight=12.000000000000005 4.9999999999999991 3.9999999999999982 2.9999999999999991 11.999999999999998 3 5.0000000000000027 3 2.9999999999999973 8.9999999999999982 3 3 11.999999999999998 6.9999999999999991 5 3
leaf_count=4 5 4 3 4 3 5 3 3 3 3 3 4 3 5 3
internal_value=7.84744e-05 -3.31787e-05 0.00056733 -0.000168505 -6.95937e-05 1.09987e-05 2.80172e-05 -6.0005e-05 4.47254e-05 -3.14154e-05 -8.31052e-05 2.90183e-05 4.17749e-05 7.35199e-06 -0.000183473
internal_weight=92 87 16 71 13 59 7 19 40 14 6 31 19 8 6
internal_count=58 53 16 37 13 33 7 19 14 14 6 11 7 8 6
is_linear=0
shrinkage=0.05


Tree=149
num_leaves=16
num_cat=0
split_feature=44 11 80 64 62 11 11 65 11 8 79 11 71 0 5
split_gain=0.00371194 0.00905186 5.33315e-05 5.93008e-05 2.16415e-05 4.45659e-05 2.11651e-05 2.07758e-05 1.93718e-05 4.88618e-05 4.81172e-05 1.40478e-05 2.70042e-06 1.79812e-06 3.09157e-07
threshold=0.43750000000000006 0.61250000000000016 1.0000000180025095e-35 1.0000000180025095e-35 1.0000000180025095e-35 0.55000000000000016 0.22500000000000003 1.0000000180025095e-35 1.0000000180025095e-35 1.0000000180025095e-35 1.0000000180025095e-35 0.35000000000000009 1.0000000180025095e-35 1.0000000180025095e-35 1.0000000180025095e-35
decision_type=2 2 2 2 2 2 2 2 2 2 2 2 2 2 2
left_child=1 2 3 4 5 7 -6 8 9 -1 -10 -12 -11 -4 -13
right_child=-2 -3 13 -5 6 -7 -8 -9 10 12 11 14 -14 -15 -16
leaf_value=0.00012169215697213063 -0.00076383628882467755 0.0024120181988109834 6.6674326912366907e-06 0.00011451623195171124 -0.00026892945170402526 -0.00022765664830330936 -8.1112387488246885e-05 5.6259185657836501e-05 -0.0002291508362395689 -0.0001374567140980313 -0.00012403892178554084 -2.8752721846103661e-06 -7.0369480332980533e-05 3.1582862138748172e-05 1.9824097398668522e-05
leaf_weight=4.0000000000000036 14.999999999999998 3.9999999999999991 14.000000000000002 3.9999999999999991 2.9999999999999991 3.9999999999999991 3 3.9999999999999991 4.9999999999999991 3 3 3 3 14.999999999999998 3
leaf_count=4 5 4 6 4 3 4 3 4 5 3 3 3 3 5 3
internal_value=-4.58197e-05 9.77837e-05 -3.25957e-05 -6.86044e-05 -8.78803e-05 -7.15414e-05 -0.000175021 -4.92392e-05 -6.68223e-05 -1.3671e-05 -0.000104787 -3.56967e-05 -0.000103913 1.95547e-05 8.47441e-06
internal_weight=90 75 71 42 38 32 6 28 24 10 14 9 6 29 6
internal_count=62 57 53 42 38 32 6 28 24 10 14 9 6 11 6
is_linear=0
shrinkage=0.05


Tree=150
num_leaves=13
num_cat=0
split_feature=22 70 11 44 60 55 11 22 11 51 61 63
split_gain=0.00653297 0.00236624 0.00020543 4.43599e-05 3.40005e-05 1.55825e-05 1.53573e-05 9.70238e-06 1.20089e-05 9.222e-06 7.81199e-06 8.55696e-06
threshold=0.72500000000000009 1.0000000180025095e-35 0.55000000000000016 0.22500000000000003 1.0000000180025095e-35 1.0000000180025095e-35 0.35000000000000009 0.45000000000000007 0.27350000000000002 1.0000000180025095e-35 1.0000000180025095e-35 1.0000000180025095e-35
decision_type=2 2 2 2 2 2 2 2 2 2 2 2
left_child=1 2 3 4 6 7 9 8 -6 10 11 -1
right_child=-2 -3 -4 -5 5 -7 -8 -9 -10 -11 -12 -13
leaf_value=0.00013126705671311323 0.0014789948506014688 -0.0011674530105665326 -0.00035306951031088829 6.6206266637891531e-05 5.9880714737422075e-05 -0.00012979480379726735 -9.4134660321287819e-05 -0.00010965444846078754 -5.5631954132372309e-05 -4.9923564074561003e-05 1.7104737568073546e-06 2.4452839861623941e-05
leaf_weight=3.0000000000000071 6.9999999999999991 4.9999999999999991 4.9999999999999991 11.999999999999998 3.0000000000000027 10.000000000000002 3.9999999999999991 4.9999999999999991 8.9999999999999982 4.9999999999999991 13 5
leaf_count=3 3 5 5 4 3 6 4 5 7 5 5 5
internal_value=1.49966e-05 -0.000114725 -4.35945e-05 -2.11688e-05 -3.95635e-05 -8.02691e-05 -2.9285e-06 -5.11363e-05 -2.67538e-05 1.11032e-05 2.56334e-05 6.45082e-05
internal_weight=86 79 74 69 57 27 30 17 12 26 21 8
internal_count=60 57 52 47 43 21 22 15 10 18 13 8
is_linear=0
shrinkage=0.05


Tree=151
num_leaves=16
num_cat=0
split_feature=22 11 22 44 16 76 80 22 79 62 22 71 61 22 50
split_gain=0.00747769 0.00572898 0.0102857 0.000133851 2.45046e-05 3.82238e-05 0.00010678 7.08193e-05 2.56633e-05 5.55377e-05 1.36029e-05 8.18985e-06 6.76815e-06 6.58114e-06 8.77781e-07
threshold=0.77500000000000013 0.66250000000000009 0.72500000000000009 0.22500000000000003 1.0000000180025095e-35 1.0000000180025095e-35 1.0000000180025095e-35 0.45000000000000007 1.0000000180025095e-35 1.0000000180025095e-35 0.27500000000000008 1.0000000180025095e-35 1.0000000180025095e-35 0.45000000000000007 1.0000000180025095e-35
decision_type=2 2 2 2 2 2 2 2 2 2 2 2 2 2 2
left_child=1 2 3 4 8 6 7 10 12 11 -6 -10 -1 14 -13
right_child=-2 -3 -4 -5 5 -7 -8 -9 9 -11 -12 13 -14 -15 -16
leaf_value=7.6858492102474006e-05 -0.0021620819345116618 -0.0017960139783099295 0.0021340164045492811 0.00013438066525850445 -4.3184466776438037e-05 2.1882274369191782e-06 -0.00035243755992269148 -0.00021533446619287136 6.618881986166037e-05 -0.00020116913776291768 7.3447210597805664e-05 -1.3109485735185443e-05 5.6116716586984688e-06 -7.8172521898522957e-05 2.2668968692111467e-05
leaf_weight=4.9999999999999973 3.9999999999999991 3.9999999999999991 5.9999999999999991 11.999999999999998 5.0000000000000018 9.0000000000000018 3.9999999999999991 4.9999999999999991 3.0000000000000009 4.9999999999999991 5 4 10 4 3
leaf_count=5 2 2 2 4 5 3 2 5 3 5 5 4 4 4 3
internal_value=-4.99446e-05 5.06334e-05 0.000142966 -1.84708e-05 -4.80549e-05 -8.26934e-05 -0.0001229 -6.16906e-05 -1.95292e-05 -5.81263e-05 1.51314e-05 -7.03962e-06 2.93606e-05 -2.7011e-05 2.22414e-06
internal_weight=88 84 80 74 62 28 19 15 34 19 10 14 15 11 7
internal_count=58 56 54 52 48 20 17 15 28 19 10 14 9 11 7
is_linear=0
shrinkage=0.05


Tree=152
num_leaves=16
num_cat=0
split_feature=22 11 22 60 44 75 22 11 70 78 71 11 63 11 22
split_gain=0.0066583 0.00508129 0.00943587 5.91231e-05 8.62007e-05 0.000126219 5.41344e-05 3.50156e-05 4.10726e-05 1.94518e-05 1.42174e-05 1.02893e-05 8.00677e-06 7.44016e-06 2.42026e-06
threshold=0.77500000000000013 0.66250000000000009 0.72500000000000009 1.0000000180025095e-35 1.0000000180025095e-35 1.0000000180025095e-35 0.45000000000000007 1.0000000180025095e-35 1.0000000180025095e-35 1.0000000180025095e-35 1.0000000180025095e-35 1.0000000180025095e-35 1.0000000180025095e-35 0.55000000000000016 0.45000000000000007
decision_type=2 2 2 2 2 2 2 2 2 2 2 2 2 2 2
left_child=1 2 3 7 5 6 9 8 12 11 -9 -5 -1 -8 -12
right_child=-2 -3 -4 4 -6 -7 13 10 -10 -11 14 -13 -14 -15 -16
leaf_value=3.6259822081774453e-05 -0.0020539779216051102 -0.0017062131548300386 0.002027315398057302 5.7691304828040238e-05 1.9931641484921178e-05 -0.00043591981132825214 -0.00016036688175518067 0.00011904461571248251 -0.00015176320448517799 -0.00010635094658937306 4.8982787120621645e-05 -4.9898136057890942e-05 -4.0049467352218925e-05 -0.00026453133226217077 -1.4529109466820951e-05
leaf_weight=11.000000000000005 3.9999999999999991 3.9999999999999991 5.9999999999999991 5.0000000000000053 14.999999999999998 2.9999999999999991 3.9999999999999991 7.9999999999999982 4.9999999999999991 5.9999999999999991 3 4 4.9999999999999991 3 3
leaf_count=5 2 2 2 3 5 1 4 4 5 6 3 4 5 3 3
internal_value=-6.0387e-05 3.3429e-05 0.000119337 -3.3301e-05 -7.48272e-05 -0.000131683 -9.01956e-05 1.41575e-05 -2.66764e-05 -3.66161e-05 7.54084e-05 9.87378e-06 1.24132e-05 -0.000205009 1.72268e-05
internal_weight=89 85 81 75 40 25 22 35 21 15 14 9 16 7 6
internal_count=57 55 53 51 26 21 20 25 15 13 10 7 10 7 6
is_linear=0
shrinkage=0.05


Tree=153
num_leaves=20
num_cat=0
split_feature=66 11 22 75 79 22 22 6 11 22 11 71 38 11 80 1 77 11 29
split_gain=0.00637934 0.00710923 0.00430708 0.000130163 2.99204e-05 3.26509e-05 2.61617e-05 4.7733e-05 3.60153e-05 2.33892e-05 1.37537e-05 7.99038e-06 5.34485e-06 3.55493e-06 8.17579e-06 3.28051e-06 2.33775e-07 1.779e-07 4.48808e-08
threshold=1.0000000180025095e-35 0.55000000000000016 0.72500000000000009 1.0000000180025095e-35 1.0000000180025095e-35 0.55000000000000016 0.55000000000000016 1.0000000180025095e-35 0.61250000000000016 0.45000000000000007 0.35000000000000009 1.0000000180025095e-35 1.0000000180025095e-35 0.35000000000000009 1.0000000180025095e-35 1.0000000180025095e-35 1.0000000180025095e-35 0.22500000000000003 1.0000000180025095e-35
decision_type=2 2 2 2 2 2 2 2 2 2 2 2 2 2 2 2 2 2 2
left_child=2 -2 3 4 5 12 7 8 9 10 11 -6 15 14 -14 16 -1 -9 -13
right_child=1 -3 -4 -5 6 -7 -8 17 -10 -11 -12 18 13 -15 -16 -17 -18 -19 -20
leaf_value=-3.046984602406154e-06 -0.00019707507271959912 0.0032451219012727957 -0.0010418216387430826 -0.00024902113946154717 -6.0538593485640788e-05 -9.099847108397322e-05 9.0669809530178713e-05 -0.00017946362495422364 -0.00018337619064065318 0.00013127176013464731 -0.00011753209255402908 4.372563756381471e-05 1.2325926218181844e-05 1.5847829636186362e-05 9.0632028877735133e-05 4.6737645364676911e-05 1.0009075049310923e-05 -0.0001966827796422876 3.5076860028008615e-05
leaf_weight=8.0000000000000018 2.9999999999999991 3 11.999999999999998 5.9999999999999991 3.0000000000000089 5.9999999999999991 2.9999999999999991 2.9999999999999991 2.9999999999999991 2.9999999999999991 2.9999999999999991 3 5.0000000000000009 4.9999999999999991 10 5.9999999999999991 5.9999999999999991 3 3
leaf_count=6 3 3 4 2 3 4 3 3 3 3 3 3 5 3 4 2 2 3 3
internal_value=-5.5104e-05 0.00152402 -0.000159222 -2.51566e-05 -6.75678e-06 1.77674e-05 -4.85388e-05 -6.59399e-05 -2.52288e-05 6.40071e-06 -2.4817e-05 6.08797e-06 3.40823e-05 5.23595e-05 6.453e-05 1.58052e-05 2.54847e-06 -0.000188073 3.94012e-05
internal_weight=97 6 91 79 73 46 27 24 18 15 12 9 40 20 15 20 14 6 6
internal_count=65 6 59 55 53 26 27 24 18 15 12 9 22 12 9 10 8 6 6
is_linear=0
shrinkage=0.05


Tree=154
num_leaves=18
num_cat=0
split_feature=11 22 8 63 44 66 22 22 38 11 0 28 78 11 80 55 77
split_gain=0.00697425 0.00109384 0.000541067 0.00253922 0.000106997 6.08611e-05 4.67036e-05 2.31698e-05 2.07452e-05 1.81872e-05 1.20994e-05 9.23128e-06 2.61307e-06 1.24341e-06 2.95661e-07 2.92766e-07 6.91982e-09
threshold=0.61250000000000016 0.72500000000000009 1.0000000180025095e-35 1.0000000180025095e-35 0.43750000000000006 1.0000000180025095e-35 0.55000000000000016 0.27500000000000008 1.0000000180025095e-35 0.35000000000000009 0.45000000000000007 1.0000000180025095e-35 1.0000000180025095e-35 0.22500000000000003 1.0000000180025095e-35 1.0000000180025095e-35 1.0000000180025095e-35
decision_type=2 2 2 2 2 2 2 2 2 2 2 2 2 2 2 2 2
left_child=1 2 4 -4 5 6 7 8 13 11 12 -5 -9 16 15 -10 -1
right_child=-2 -3 3 9 -6 -7 -8 10 14 -11 -12 -13 -14 -15 -16 -17 -18
leaf_value=7.1072636880368621e-06 0.001784339378355071 -0.00065623513526386686 -0.0014304998214356595 -7.8258891589939582e-05 0.00018812321747342748 -0.0002002640593855176 -0.00015028269141718437 5.9849084937013697e-05 -4.0691619021041918e-05 8.490600099321452e-05 -9.0942465855429574e-06 3.268421666386226e-05 0.00011202136229258028 4.0497563168173657e-05 -6.5154614052377068e-05 -6.2781056233992161e-05 9.5086211028198402e-06
leaf_weight=5.9999999999999982 4.9999999999999991 8.9999999999999982 4.0000000000000009 5 5.9999999999999991 4.9999999999999991 5.9999999999999991 5.9999999999999982 3.0000000000000009 5.0000000000000009 5.9999999999999991 3 4 3.9999999999999991 13 3 6
leaf_count=4 5 3 4 5 2 5 4 4 3 5 2 3 4 2 5 3 2
internal_value=-3.52781e-05 -0.000132066 -7.65661e-05 -0.000328865 -1.34913e-05 -3.30023e-05 -1.83302e-05 -2.80643e-06 -2.55926e-05 1.00991e-05 4.70384e-05 -3.66552e-05 8.0718e-05 1.63553e-05 -6.09173e-05 -5.17363e-05 8.30794e-06
internal_weight=99 94 85 17 68 62 57 51 35 13 16 8 10 16 19 6 12
internal_count=65 60 57 17 40 38 33 29 19 13 10 8 8 8 11 6 6
is_linear=0
shrinkage=0.05


Tree=155
num_leaves=16
num_cat=0
split_feature=66 11 11 44 0 70 11 11 65 69 18 80 40 64 6
split_gain=0.00459757 0.00710142 0.00363985 0.000400479 6.96264e-06 8.82471e-06 9.74166e-06 4.19954e-05 8.38086e-06 5.50531e-06 1.70042e-05 4.01787e-06 9.64993e-06 2.45434e-05 2.82089e-06
threshold=1.0000000180025095e-35 0.55000000000000016 0.61250000000000016 0.43750000000000006 1.0000000180025095e-35 1.0000000180025095e-35 1.0000000180025095e-35 0.55000000000000016 1.0000000180025095e-35 1.0000000180025095e-35 1.0000000180025095e-35 1.0000000180025095e-35 1.0000000180025095e-35 1.0000000180025095e-35 1.0000000180025095e-35
decision_type=2 2 2 2 2 2 2 2 2 2 2 2 2 2 2
left_child=2 -2 3 4 5 6 11 8 9 10 -8 12 13 -1 -7
right_child=1 -3 -4 -5 -6 14 7 -9 -10 -11 -12 -13 -14 -15 -16
leaf_value=0.00013130157312843946 -0.00019138636125717314 0.0030267254177791369 -0.0016185721149668099 -0.00030256728641688826 2.6410942276318868e-05 6.7654395631204053e-05 -0.00016327844350598719 -0.00022782712039770558 3.837121585092973e-05 4.4148524466436361e-06 -1.7486557286853588e-05 -2.7795388506582147e-05 -4.0726510778767985e-05 -5.7887450869505586e-05 3.5155506338924164e-06
leaf_weight=4 3.9999999999999991 3 3.9999999999999991 14.999999999999998 8.9999999999999982 2.9999999999999991 3.0000000000000053 2.9999999999999991 3.9999999999999991 3.9999999999999991 6 13 5 3 4
leaf_count=4 4 3 2 5 3 3 3 3 4 4 6 5 5 3 4
internal_value=-4.09651e-05 0.0011878 -0.000148482 -7.11093e-05 -1.41934e-05 -2.12211e-05 -2.93449e-05 -5.53546e-05 -2.49183e-05 -4.43919e-05 -6.60839e-05 -8.53715e-06 1.23259e-05 5.02206e-05 3.10036e-05
internal_weight=87 7 80 76 61 52 45 20 17 13 9 25 12 7 7
internal_count=61 7 54 52 47 44 37 20 17 13 9 17 12 7 7
is_linear=0
shrinkage=0.05


Tree=156
num_leaves=18
num_cat=0
split_feature=22 66 44 75 11 8 70 71 6 11 44 22 61 80 22 38 78
split_gain=0.00928623 0.000243696 0.000107593 0.000110553 3.5442e-05 4.17544e-05 2.25045e-05 9.75016e-06 2.9377e-05 1.10844e-05 4.15876e-06 6.44123e-06 8.25569e-06 6.37321e-06 1.13792e-05 4.56511e-05 2.0451e-06
threshold=0.72500000000000009 1.0000000180025095e-35 0.43750000000000006 1.0000000180025095e-35 0.55000000000000016 1.0000000180025095e-35 1.0000000180025095e-35 1.0000000180025095e-35 1.0000000180025095e-35 0.35000000000000009 0.22500000000000003 0.65000000000000002 1.0000000180025095e-35 1.0000000180025095e-35 0.27500000000000008 1.0000000180025095e-35 1.0000000180025095e-35
decision_type=2 2 2 2 2 2 2 2 2 2 2 2 2 2 2 2 2
left_child=1 2 3 4 6 -6 7 10 9 -9 11 12 13 14 15 -1 -16
right_child=-2 -3 -4 -5 5 -7 -8 8 -10 -11 -12 -13 -14 -15 16 -17 -18
leaf_value=0.0001156162426923398 0.0015883080661296845 -0.00036989165470004083 0.00019384543411433698 -0.00023192258086055518 -0.00025372572902900481 1.0074854556781548e-05 -9.4558694399893284e-05 -1.6194885150374229e-05 -0.00015762703454432389 0.00010151433173935703 6.7916644426683584e-05 -3.6751347943209117e-05 -1.5014374262786339e-05 8.642042812425644e-05 4.5886272952581436e-05 -0.00016021926276152951 0.00010426857043057678
leaf_weight=3.0000000000000089 9.9999999999999982 4.9999999999999991 5.9999999999999991 5.9999999999999991 2.9999999999999991 3 4.9999999999999991 5.9999999999999982 2.9999999999999991 3 5.9999999999999991 3.9999999999999991 6.9999999999999991 6.9999999999999991 3 3 3
leaf_count=3 4 5 2 2 3 3 5 6 3 3 2 2 3 3 3 3 3
internal_value=0.000155964 -3.25024e-05 -8.74259e-06 -2.7443e-05 -6.64849e-06 -0.000121825 6.3904e-06 1.69059e-05 -2.21256e-05 2.30415e-05 2.99165e-05 2.23164e-05 3.14038e-05 4.85052e-05 2.6388e-05 -2.23015e-05 7.50774e-05
internal_weight=86 76 71 65 59 6 53 48 12 9 36 30 26 19 12 6 6
internal_count=58 54 49 47 45 6 39 34 12 9 22 20 18 15 12 6 6
is_linear=0
shrinkage=0.05


Tree=157
num_leaves=18
num_cat=0
split_feature=22 62 11 11 44 75 71 80 11 22 22 5 18 11 5 12 79
split_gain=0.0253038 0.00150515 0.001757 0.000273516 8.34854e-05 0.000116066 4.30622e-05 9.71119e-06 2.18842e-05 3.20877e-05 2.53731e-05 1.61182e-05 1.08846e-05 2.39347e-06 1.47913e-06 8.67661e-06 1.11059e-06
threshold=0.72500000000000009 1.0000000180025095e-35 0.22500000000000003 0.55000000000000016 0.43750000000000006 1.0000000180025095e-35 1.0000000180025095e-35 1.0000000180025095e-35 0.35000000000000009 0.45000000000000007 0.27500000000000008 1.0000000180025095e-35 1.0000000180025095e-35 0.27350000000000002 1.0000000180025095e-35 1.0000000180025095e-35 1.0000000180025095e-35
decision_type=2 2 2 2 2 2 2 2 2 2 2 2 2 2 2 2 2
left_child=1 3 -3 4 5 7 -5 8 10 -10 12 -11 16 -12 -9 -16 -1
right_child=-2 2 -4 6 -6 -7 -8 14 9 11 13 -13 -14 -15 15 -17 -18
leaf_value=-6.2340855583897746e-05 0.0030460982450417114 -0.0017004899137342971 1.0747173413013416e-05 -0.00042920032283291223 0.00018415316008031369 -0.0002203264448326081 -0.00017860281125952796 1.8494457084064679e-05 -6.0302880956442052e-05 4.0570417574296382e-05 -0.00015861990007882317 0.00020447195274755355 4.6681503105598186e-05 -9.5460385394593054e-05 8.2099405699409574e-05 7.8770610103775744e-06 -2.2096558435199155e-05
leaf_weight=4.0000000000000018 6.9999999999999991 2.9999999999999991 3 3.9999999999999991 5.9999999999999991 5.9999999999999991 3 15.000000000000002 4.0000000000000018 3 2.9999999999999991 3 6 3 6.9999999999999973 9 3
leaf_count=4 3 3 3 4 2 2 3 5 4 3 3 3 6 3 3 3 3
internal_value=0.000156554 -8.1409e-05 -0.000844871 -2.34245e-05 5.58441e-06 -1.06491e-05 -0.000321801 1.03186e-05 -1.04789e-05 4.93916e-05 -4.19897e-05 0.000122521 -2.7357e-06 -0.00012704 2.97744e-05 4.03493e-05 -4.50933e-05
internal_weight=92 85 6 79 72 66 7 60 29 10 19 6 13 6 31 16 7
internal_count=60 57 6 51 44 42 7 40 29 10 19 6 13 6 11 6 7
is_linear=0
shrinkage=0.05


Tree=158
num_leaves=20
num_cat=0
split_feature=22 11 22 44 62 66 50 56 11 8 22 70 71 80 0 79 77 5 22
split_gain=0.00767931 0.00589439 0.00729791 9.13107e-05 8.07029e-05 4.63123e-05 1.48305e-05 2.31412e-05 2.81e-05 1.66914e-05 2.86829e-05 1.44047e-05 9.56818e-06 7.99521e-06 7.78645e-06 1.28331e-05 1.6258e-06 1.49862e-06 2.06876e-08
threshold=0.77500000000000013 0.66250000000000009 0.72500000000000009 0.22500000000000003 1.0000000180025095e-35 1.0000000180025095e-35 1.0000000180025095e-35 1.0000000180025095e-35 0.61250000000000016 1.0000000180025095e-35 0.55000000000000016 1.0000000180025095e-35 1.0000000180025095e-35 1.0000000180025095e-35 0.45000000000000007 1.0000000180025095e-35 1.0000000180025095e-35 1.0000000180025095e-35 0.35000000000000009
decision_type=2 2 2 2 2 2 2 2 2 2 2 2 2 2 2 2 2 2 2
left_child=1 2 3 4 5 6 7 13 9 10 14 -6 -11 17 15 -9 -8 -1 -17
right_child=-2 -3 -4 -5 11 -7 16 8 -10 12 -12 -13 -14 -15 -16 18 -18 -19 -20
leaf_value=-8.7385984079446665e-05 -0.002208678796887398 -0.0018525543622672559 0.0017942604919274647 0.00011940351105295123 0.00021533125060765694 -0.00019225630210712553 -1.065663782355841e-05 8.4758730954490448e-05 -0.00016967266953239841 0.00012297385643857218 -0.00012453900350616702 7.0393778150901193e-05 1.0024446528404949e-05 -0.00013891589478589594 -6.5276973570386571e-05 -2.6637562041287306e-05 2.0321945582206049e-05 -4.4104586959292636e-05 -2.0765654820327951e-05
leaf_weight=3.9999999999999982 3.9999999999999991 3.9999999999999991 5.9999999999999991 11.999999999999998 2.9999999999999991 4.9999999999999991 8 5.0000000000000089 2.9999999999999991 3 5.9999999999999991 4 5 7 2.9999999999999991 3 9 4 3
leaf_count=4 2 2 2 4 3 5 6 5 3 3 4 4 5 3 1 3 3 4 3
internal_value=-6.17072e-05 2.68277e-05 0.000107661 -8.6558e-06 -2.91453e-05 -4.57863e-05 -3.41617e-05 -4.89093e-05 -2.42405e-05 -8.65847e-06 -3.3074e-05 0.00013251 5.23805e-05 -9.98916e-05 6.12522e-06 2.55985e-05 5.74379e-06 -6.57453e-05 -2.37016e-05
internal_weight=101 97 93 87 75 68 63 46 31 28 20 7 8 15 14 11 17 8 6
internal_count=69 67 65 63 59 52 47 38 27 24 16 7 8 11 12 11 9 8 6
is_linear=0
shrinkage=0.05


Tree=159
num_leaves=16
num_cat=0
split_feature=11 22 62 11 11 66 56 11 71 38 5 71 0 11 22
split_gain=0.00456911 0.00158261 0.000986517 0.000923645 7.85615e-05 3.70834e-05 3.86205e-05 3.22524e-05 1.50958e-05 1.41957e-05 7.62574e-06 5.89862e-06 1.65648e-06 4.0498e-06 1.09317e-06
threshold=0.66250000000000009 0.65000000000000002 1.0000000180025095e-35 0.22500000000000003 0.55000000000000016 1.0000000180025095e-35 1.0000000180025095e-35 1.0000000180025095e-35 1.0000000180025095e-35 1.0000000180025095e-35 1.0000000180025095e-35 1.0000000180025095e-35 1.0000000180025095e-35 0.35000000000000009 0.45000000000000007
decision_type=2 2 2 2 2 2 2 2 2 2 2 2 2 2 2
left_child=1 2 4 -4 5 6 8 -8 9 -1 -6 12 13 -9 -13
right_child=-2 -3 3 -5 10 -7 7 11 -10 -11 -12 14 -14 -15 -16
leaf_value=-2.1112885369802816e-05 -0.0017599267303012311 0.00069069103379401251 -0.0011587370303459466 1.858873777867605e-06 -0.00012899656333805373 -0.00015643492952222005 0.00017714351415634141 -1.7443503020331249e-05 4.4756038550985981e-05 -0.00010767013073847111 -0.00023445207407348786 7.2732828508984925e-06 6.0788454720750442e-05 6.4712863725920497e-05 -3.2654256210662423e-05
leaf_weight=10.000000000000004 3.9999999999999991 6.9999999999999991 3.9999999999999991 3 2.9999999999999991 3.9999999999999991 4.0000000000000027 3.0000000000000018 3.9999999999999991 9 4 2.9999999999999991 6 3 4
leaf_count=6 2 3 4 3 3 4 2 3 4 5 4 3 2 3 4
internal_value=-0.000115728 -2.30971e-05 -0.000101168 -0.000661339 -3.23747e-05 -1.04112e-05 2.28652e-06 4.81007e-05 -4.35276e-05 -6.21137e-05 -0.000189257 2.09338e-05 4.22116e-05 2.36347e-05 -1.55425e-05
internal_weight=75 71 64 7 57 50 46 23 23 19 7 19 12 6 7
internal_count=55 53 50 7 43 36 32 17 15 11 7 15 8 6 7
is_linear=0
shrinkage=0.05


Tree=160
num_leaves=16
num_cat=0
split_feature=22 66 44 22 11 19 11 8 22 38 63 71 77 11 22
split_gain=0.0363952 0.000174617 5.882e-05 1.66273e-05 1.82144e-05 2.60202e-05 1.78781e-05 4.60466e-05 2.75812e-05 5.88491e-06 4.8227e-06 1.15213e-05 9.19944e-07 6.39685e-07 5.91593e-08
threshold=0.72500000000000009 1.0000000180025095e-35 0.43750000000000006 0.27500000000000008 0.27350000000000002 1.0000000180025095e-35 0.35000000000000009 1.0000000180025095e-35 0.45000000000000007 1.0000000180025095e-35 1.0000000180025095e-35 1.0000000180025095e-35 1.0000000180025095e-35 0.27350000000000002 1.0000000180025095e-35
decision_type=2 2 2 2 2 2 2 2 2 2 2 2 2 2 2
left_child=1 2 3 4 5 9 8 -8 13 12 -7 -12 -1 -5 -11
right_child=-2 -3 -4 6 -6 10 7 -9 -10 14 11 -13 -14 -15 -16
leaf_value=-1.6392232334640403e-05 -0.004041134814421336 -0.00029509526677429676 0.00016011816139022511 5.8315461501479122e-05 -9.4357658859475378e-05 0.00010556894121691588 -1.4289468526840214e-05 0.00021331210155040023 -9.8156398162245755e-05 -4.6448522166778823e-05 -3.4594776419301818e-05 0.00010397723914744951 1.0288502865781385e-05 3.3023476134985679e-05 -5.2848244085907932e-05
leaf_weight=7.0000000000000018 5.9999999999999991 4.9999999999999991 5.9999999999999991 5.0000000000000018 6.9999999999999991 3.9999999999999982 4.9999999999999982 4 4.9999999999999991 13.000000000000002 3 3 6 5 4.9999999999999991
leaf_count=5 2 5 2 3 5 4 5 4 3 7 3 3 2 3 3
internal_value=-0.000280506 -8.65326e-06 9.70841e-06 -2.82574e-06 -1.9816e-05 -7.08935e-06 3.11547e-05 8.68668e-05 -2.27249e-06 -2.97125e-05 6.30423e-05 3.46912e-05 -4.07805e-06 4.56695e-05 -4.82262e-05
internal_weight=89 83 78 72 48 41 24 9 15 31 10 6 13 10 18
internal_count=59 57 52 50 32 27 18 9 9 17 10 6 7 6 10
is_linear=0
shrinkage=0.05


Tree=161
num_leaves=18
num_cat=0
split_feature=0 22 44 60 76 64 79 65 55 22 70 77 9 6 12 69 6
split_gain=0.00179402 0.00796786 7.67977e-05 4.23547e-05 6.70405e-05 6.01003e-05 3.56693e-05 2.46847e-05 3.61203e-05 2.40733e-05 1.70154e-05 1.08846e-05 4.29601e-06 1.01632e-05 5.10026e-06 3.89192e-06 7.10754e-07
threshold=0.45000000000000007 0.72500000000000009 0.43750000000000006 1.0000000180025095e-35 1.0000000180025095e-35 1.0000000180025095e-35 1.0000000180025095e-35 1.0000000180025095e-35 1.0000000180025095e-35 0.45000000000000007 1.0000000180025095e-35 1.0000000180025095e-35 1.0000000180025095e-35 1.0000000180025095e-35 1.0000000180025095e-35 1.0000000180025095e-35 1.0000000180025095e-35
decision_type=2 2 2 2 2 2 2 2 2 2 2 2 2 2 2 2 2
left_child=1 2 3 5 6 10 7 8 9 -5 11 12 13 14 -1 -8 -12
right_child=-2 -3 -4 4 -6 -7 15 -9 -10 -11 16 -13 -14 -15 -16 -17 -18
leaf_value=-7.862521088100019e-05 -0.00062612858342213763 0.0018720697611570359 0.00015211223702256879 -5.1393411122262455e-05 4.4275382404319119e-05 0.00018662915917957437 1.8813496080838362e-05 -4.3555611046031122e-05 -0.00029214580950792879 -0.00021596087317448106 7.4167972585807243e-05 2.2611696234283352e-05 -7.8261811722768481e-06 -0.0001172051207201245 -5.7364673314926515e-06 -5.3222803981043388e-05 3.9750089248021432e-05
leaf_weight=4.0000000000000089 8.9999999999999982 5.9999999999999991 5.9999999999999991 5.0000000000000018 8.9999999999999982 3.9999999999999991 3.0000000000000018 3.9999999999999991 4.9999999999999991 4 2.9999999999999991 5.9999999999999991 3.9999999999999991 5.9999999999999991 6 5 3
leaf_count=4 3 2 2 3 3 4 3 4 3 4 3 2 4 4 6 5 3
internal_value=4.43855e-05 0.000117092 -1.96597e-05 -3.41757e-05 -7.33416e-05 3.90239e-06 -0.000114055 -0.000153098 -0.000184396 -0.000124535 -1.89385e-05 -3.64533e-05 -5.41728e-05 -6.57594e-05 -3.4892e-05 -2.62092e-05 5.6959e-05
internal_weight=92 83 77 71 35 36 26 18 14 9 32 26 20 16 10 8 6
internal_count=62 59 57 55 25 30 22 14 10 7 26 20 18 14 10 8 6
is_linear=0
shrinkage=0.05


Tree=162
num_leaves=16
num_cat=0
split_feature=22 44 75 66 70 12 38 61 78 22 5 22 22 63 79
split_gain=0.00811241 5.90148e-05 8.54716e-05 4.77713e-05 3.0875e-05 3.49358e-05 3.46835e-05 2.17157e-05 1.33378e-05 1.00376e-05 1.10911e-05 8.27398e-06 1.31688e-06 1.56695e-07 1.34723e-07
threshold=0.72500000000000009 0.43750000000000006 1.0000000180025095e-35 1.0000000180025095e-35 1.0000000180025095e-35 1.0000000180025095e-35 1.0000000180025095e-35 1.0000000180025095e-35 1.0000000180025095e-35 0.55000000000000016 1.0000000180025095e-35 0.35000000000000009 0.45000000000000007 1.0000000180025095e-35 1.0000000180025095e-35
decision_type=2 2 2 2 2 2 2 2 2 2 2 2 2 2 2
left_child=1 2 3 4 5 6 8 9 13 10 12 14 -7 -1 -12
right_child=-2 -3 -4 -5 -6 7 -8 -9 -10 -11 11 -13 -14 -15 -16
leaf_value=-1.211128866998478e-05 0.0015019956231117249 0.00014450663390258949 -0.0001994882399837176 -0.00015178011264652016 0.00011666444576500606 -0.00010350969387218345 0.0001361027335016323 4.95042729501923e-05 8.7032475857995453e-05 -0.00010718817024358682 -3.6661626072600494e-05 6.4691716882710618e-05 -6.2937545590102662e-05 -2.2952003055252137e-05 -2.4350505782422257e-05
leaf_weight=10.000000000000005 9.9999999999999982 5.9999999999999991 5.9999999999999991 4.9999999999999991 5.9999999999999991 4.0000000000000036 6.9999999999999991 5.9999999999999991 3.9999999999999991 6.9999999999999991 4.9999999999999982 3.0000000000000009 4 4.9999999999999991 4
leaf_count=4 4 2 2 5 6 4 5 2 4 5 3 3 4 5 4
internal_value=0.000157504 -6.45784e-06 -1.83761e-05 -2.85219e-06 8.6038e-06 -2.38541e-06 4.09606e-05 -3.65368e-05 5.90826e-06 -5.56571e-05 -3.76212e-05 -7.21958e-06 -8.32236e-05 -1.57249e-05 -3.119e-05
internal_weight=92 82 76 70 65 59 26 33 19 27 20 12 8 15 9
internal_count=62 58 56 54 49 43 18 25 13 23 18 10 8 9 7
is_linear=0
shrinkage=0.05


Tree=163
num_leaves=15
num_cat=0
split_feature=44 22 70 11 66 78 22 76 7 22 11 5 11 11
split_gain=0.0158377 0.00732719 0.00150176 5.75257e-05 2.53016e-05 5.09737e-05 2.37726e-05 1.20694e-05 1.00541e-05 2.54981e-06 8.27582e-06 3.55298e-06 7.27989e-07 1.12799e-07
threshold=0.43750000000000006 0.65000000000000002 1.0000000180025095e-35 0.55000000000000016 1.0000000180025095e-35 1.0000000180025095e-35 1.0000000180025095e-35 1.0000000180025095e-35 1.0000000180025095e-35 0.22500000000000003 1.0000000180025095e-35 1.0000000180025095e-35 0.27350000000000002 0.35000000000000009
decision_type=2 2 2 2 2 2 2 2 2 2 2 2 2 2
left_child=1 2 3 4 5 7 -7 8 9 10 11 -1 -8 -10
right_child=-2 -3 -4 -5 -6 6 12 -9 13 -11 -12 -13 -14 -15
leaf_value=-1.3185935222281829e-05 -0.001904022474385177 0.0019043725065421313 -0.00091338842292316253 -0.00017520471476018429 -0.00011958556278841571 0.00020692388497991492 6.697720770413676e-05 3.8665482619156441e-05 2.7165019419044252e-05 -1.5735695157153325e-05 -0.00012724409558965516 -6.0309306536510112e-05 3.2144544335703047e-05 1.4901281489680208e-05
leaf_weight=8.0000000000000071 11.999999999999998 4.9999999999999991 4.9999999999999991 4.9999999999999991 3.9999999999999991 3.9999999999999982 3 8.9999999999999982 5 6.9999999999999991 2.9999999999999991 8 3 3
leaf_count=4 4 3 5 5 4 4 3 3 5 5 3 4 3 3
internal_value=-0.000222309 5.79762e-05 -7.98145e-05 -1.25908e-05 1.67356e-06 1.08252e-05 0.000112506 -1.28215e-05 -2.64504e-05 -4.15325e-05 -5.10365e-05 -3.67476e-05 4.95609e-05 2.25661e-05
internal_weight=84 72 67 62 57 53 10 43 34 26 19 16 6 8
internal_count=58 54 51 46 41 37 10 27 24 16 11 8 6 8
is_linear=0
shrinkage=0.05


Tree=164
num_leaves=18
num_cat=0
split_feature=22 11 22 44 62 22 7 22 11 11 38 71 79 6 11 70 22
split_gain=0.00671551 0.00414142 0.00703257 0.000116045 4.97535e-05 4.79041e-05 5.14097e-05 2.03028e-05 5.70724e-06 1.25705e-05 9.6816e-06 3.81225e-06 3.38071e-06 1.69545e-06 1.10083e-06 4.91952e-07 3.05259e-07
threshold=0.77500000000000013 0.66250000000000009 0.72500000000000009 0.43750000000000006 1.0000000180025095e-35 0.45000000000000007 1.0000000180025095e-35 0.55000000000000016 0.27350000000000002 1.0000000180025095e-35 1.0000000180025095e-35 1.0000000180025095e-35 1.0000000180025095e-35 1.0000000180025095e-35 0.55000000000000016 1.0000000180025095e-35 0.22500000000000003
decision_type=2 2 2 2 2 2 2 2 2 2 2 2 2 2 2 2 2
left_child=1 2 3 4 5 8 7 -7 9 10 11 13 -10 -1 -8 -6 -12
right_child=-2 -3 -4 -5 15 6 14 -9 12 -11 16 -13 -14 -15 -16 -17 -18
leaf_value=-5.2893440442858288e-05 -0.0020211966708302497 -0.0014973512035794557 0.0017985675483942034 0.00023248242214322091 0.00011474195246895155 -6.230483530089256e-05 1.8577494968970618e-05 -0.00019422286256615603 6.2440763161118551e-06 9.9977881181985136e-05 4.938100828439927e-05 3.0049234919715675e-05 -5.1378346779529227e-05 -1.3025129374000241e-05 6.1411082666988162e-05 0.00014152684016153214 3.30377632053569e-05
leaf_weight=3.9999999999999973 3.9999999999999991 3.9999999999999991 5.9999999999999991 5.9999999999999991 2.9999999999999991 5.0000000000000018 2.9999999999999991 7 6.9999999999999982 4.9999999999999991 10.000000000000002 3.9999999999999991 4 8 3 4 3.9999999999999991
leaf_count=4 2 2 2 2 3 5 3 5 5 3 6 4 4 4 3 4 2
internal_value=-1.80243e-05 7.40756e-05 0.000149807 2.13322e-05 3.48849e-06 -1.03539e-05 -7.95066e-05 -0.000139257 1.67058e-05 2.65792e-05 1.43461e-05 -1.22236e-05 -1.47095e-05 -2.63146e-05 3.99943e-05 0.000130048 4.47115e-05
internal_weight=91 87 83 77 71 64 18 12 46 35 30 16 11 12 6 7 14
internal_count=63 61 59 57 55 48 16 10 32 23 20 12 9 8 6 7 8
is_linear=0
shrinkage=0.05


Tree=165
num_leaves=14
num_cat=0
split_feature=44 22 75 66 62 11 38 22 51 69 11 77 61
split_gain=0.00681562 0.00468524 8.29547e-05 4.19982e-05 1.98537e-05 3.53372e-05 1.08314e-05 7.09586e-06 9.22321e-06 2.961e-06 2.36612e-06 1.73682e-06 2.57434e-06
threshold=0.43750000000000006 0.65000000000000002 1.0000000180025095e-35 1.0000000180025095e-35 1.0000000180025095e-35 0.55000000000000016 1.0000000180025095e-35 0.35000000000000009 1.0000000180025095e-35 1.0000000180025095e-35 0.27350000000000002 1.0000000180025095e-35 1.0000000180025095e-35
decision_type=2 2 2 2 2 2 2 2 2 2 2 2 2
left_child=1 2 3 4 5 6 7 8 11 10 -8 12 -1
right_child=-2 -3 -4 -5 -6 -7 9 -9 -10 -11 -12 -13 -14
leaf_value=1.2488416978158036e-05 -0.0010634062190850576 0.0014432577067054809 -0.0001896731807695081 -0.00013459219248034061 0.0001025208233234783 -0.00011997168534435334 4.4531884883657414e-05 4.8470555339008572e-05 -7.2661564918234954e-05 9.3986520369071524e-06 8.6014624685049057e-05 1.9633163335836592e-05 -4.1327343205921344e-05
leaf_weight=5.0000000000000071 14.999999999999998 5.9999999999999991 5.9999999999999991 4.9999999999999991 5.9999999999999991 4.9999999999999991 11.000000000000005 5.9999999999999991 4.9999999999999991 3.9999999999999991 4.9999999999999991 9 4
leaf_count=5 5 4 2 5 6 5 7 4 5 4 3 3 2
internal_value=-8.83523e-05 0.000101593 -1.17869e-05 4.6334e-06 1.62355e-05 6.64827e-06 1.95687e-05 4.64376e-08 -1.25859e-05 4.78759e-05 5.74952e-05 4.10173e-06 -1.14297e-05
internal_weight=92 77 71 65 60 54 49 29 23 20 16 18 9
internal_count=60 55 51 49 44 38 33 19 15 14 10 10 7
is_linear=0
shrinkage=0.05


Tree=166
num_leaves=17
num_cat=0
split_feature=62 11 22 75 11 22 11 71 66 11 79 79 71 80 5 22
split_gain=0.0075641 0.00769262 0.00582556 0.00447541 0.00287522 9.57451e-05 2.50199e-05 2.42749e-05 4.52429e-05 2.14733e-05 1.17541e-05 8.41717e-06 7.00167e-06 9.02839e-06 1.18048e-05 8.12333e-06
threshold=1.0000000180025095e-35 0.22500000000000003 0.77500000000000013 1.0000000180025095e-35 0.66250000000000009 0.45000000000000007 0.35000000000000009 1.0000000180025095e-35 1.0000000180025095e-35 0.35000000000000009 1.0000000180025095e-35 1.0000000180025095e-35 1.0000000180025095e-35 1.0000000180025095e-35 1.0000000180025095e-35 1.0000000180025095e-35
decision_type=2 2 2 2 2 2 2 2 2 2 2 2 2 2 2 2
left_child=2 -2 3 4 5 9 -7 8 10 12 -8 -11 13 15 -15 -1
right_child=1 -3 -4 -5 -6 6 7 -9 -10 11 -12 -13 -14 14 -16 -17
leaf_value=-5.9226503362879175e-05 0.0035917864413931968 1.1138885747641324e-05 -0.0018982995301485063 0.00094719152257312096 -0.0014006467419676483 -0.00021452138666063533 -3.1050154939293874e-05 -0.00020456976102044188 -0.00019887787445137893 -5.4172240197658529e-06 0.0001089145468237499 -0.00010799138435686471 8.8467934983782473e-05 1.1500167546238605e-05 8.3759031113004299e-05 2.706592010023693e-05
leaf_weight=4.9999999999999982 2.9999999999999991 3 3.9999999999999991 11.999999999999998 3.9999999999999991 5.0000000000000027 2.9999999999999982 2.9999999999999991 3 4 3 4 4.9999999999999991 13 10 6
leaf_count=5 3 3 2 4 2 3 3 3 3 2 3 4 5 5 4 6
internal_value=8.63555e-05 0.00180146 -3.61522e-05 5.69552e-05 -0.000100145 -1.8864e-05 -0.00012055 -8.13958e-05 -4.03378e-05 1.79162e-05 3.89322e-05 -5.67043e-05 3.3223e-05 2.50987e-05 4.29171e-05 -1.21579e-05
internal_weight=90 6 84 80 68 64 17 12 9 47 6 8 39 34 23 11
internal_count=60 6 54 52 48 46 15 12 9 31 6 6 25 20 9 11
is_linear=0
shrinkage=0.05


Tree=167
num_leaves=17
num_cat=0
split_feature=66 22 44 75 22 79 22 62 11 11 7 8 11 64 5 76
split_gain=0.00744075 0.00376872 0.000136036 0.000111549 6.51283e-05 1.2166e-05 4.17105e-05 2.98241e-05 1.95257e-05 1.78391e-05 3.31533e-05 8.34489e-06 7.30788e-06 8.21e-06 1.56433e-05 3.37136e-06
threshold=1.0000000180025095e-35 0.72500000000000009 0.43750000000000006 1.0000000180025095e-35 0.65000000000000002 1.0000000180025095e-35 0.55000000000000016 1.0000000180025095e-35 0.61250000000000016 0.22500000000000003 1.0000000180025095e-35 1.0000000180025095e-35 0.35000000000000009 1.0000000180025095e-35 1.0000000180025095e-35 1.0000000180025095e-35
decision_type=2 2 2 2 2 2 2 2 2 2 2 2 2 2 2 2
left_child=1 2 3 4 5 12 7 8 9 11 -11 -7 13 14 -1 -16
right_child=-2 -3 -4 -5 -6 6 -8 -9 -10 10 -12 -13 -14 -15 15 -17
leaf_value=7.1432400727644525e-06 0.0018501561740413308 -0.00095603388423720994 0.00022666904454429946 -0.00022754909005016089 -0.00019717192044481637 1.4874085900373722e-05 0.00015828756149858237 -0.00016386169590987265 -0.00012787682596050826 -3.9673619418560224e-05 0.00019539118899653351 -8.7258755229413496e-05 -1.5582625720916051e-05 -1.6533423331566154e-05 0.00011389834357292524 6.2821991741657249e-05
leaf_weight=10.000000000000004 4.9999999999999991 11.999999999999998 5.9999999999999991 5.9999999999999991 3.9999999999999991 4.0000000000000089 2.9999999999999991 3.9999999999999991 2.9999999999999991 2.9999999999999991 3 4 6.9999999999999991 4.9999999999999991 7 6
leaf_count=4 5 4 2 2 2 4 3 4 3 3 3 4 5 5 5 2
internal_value=-2.55249e-05 -0.000133323 -1.68882e-06 -2.1546e-05 -1.92668e-06 1.13103e-05 -1.61084e-05 -4.10221e-05 -1.21186e-05 1.26867e-05 7.78588e-05 -3.61923e-05 3.01116e-05 4.15352e-05 5.41588e-05 9.03246e-05
internal_weight=92 87 75 69 63 59 24 21 17 14 6 8 35 28 23 13
internal_count=60 55 51 49 47 45 24 21 17 14 6 8 21 16 11 7
is_linear=0
shrinkage=0.05


Tree=168
num_leaves=16
num_cat=0
split_feature=22 70 7 22 75 11 23 55 79 63 61 78 80 11 5
split_gain=0.0097292 0.00122762 0.001978 0.000123915 0.000104695 4.10809e-05 3.48687e-05 9.69462e-06 9.02936e-06 6.9517e-06 8.39895e-06 6.18625e-06 4.78327e-06 1.72366e-06 3.8539e-07
threshold=0.72500000000000009 1.0000000180025095e-35 1.0000000180025095e-35 0.55000000000000016 1.0000000180025095e-35 0.35000000000000009 1.0000000180025095e-35 1.0000000180025095e-35 1.0000000180025095e-35 1.0000000180025095e-35 1.0000000180025095e-35 1.0000000180025095e-35 1.0000000180025095e-35 0.27350000000000002 1.0000000180025095e-35
decision_type=2 2 2 2 2 2 2 2 2 2 2 2 2 2 2
left_child=1 3 -3 4 5 7 -7 13 -8 10 12 -5 -9 -1 -10
right_child=-2 2 -4 11 -6 6 8 9 14 -11 -12 -13 -14 -15 -16
leaf_value=8.7422096735930875e-05 0.0015581575781106949 -0.0016997874636823934 0.0001158864159757892 -0.00018477914854884145 -0.0002161716421445211 -0.00021538909835120058 -6.4857893656673164e-05 1.6619038069620706e-05 6.0584124488135164e-06 -4.3942213960690427e-05 -1.4945576965276684e-05 -0.00027271553553873671 8.0649847430842262e-05 4.8984886670950797e-05 3.1402389564997667e-05
leaf_weight=6.9999999999999982 9.9999999999999982 2.9999999999999991 3 4 5.9999999999999991 2.9999999999999973 7 5.0000000000000053 3 3.9999999999999991 6.9999999999999991 4 7 5 3
leaf_count=5 4 3 3 2 2 3 5 5 3 4 3 4 3 3 3
internal_value=9.80149e-05 -0.000107639 -0.000791951 -4.44717e-05 -1.86085e-05 4.63422e-06 -6.17369e-05 3.49753e-05 -2.62787e-05 1.59677e-05 2.85803e-05 -0.000228747 5.39703e-05 7.14066e-05 1.87304e-05
internal_weight=81 71 6 65 57 51 16 35 13 23 19 8 12 12 6
internal_count=55 51 6 45 39 37 14 23 11 15 11 6 8 8 6
is_linear=0
shrinkage=0.05


Tree=169
num_leaves=15
num_cat=0
split_feature=22 66 22 22 75 71 11 5 70 64 5 11 11 8
split_gain=0.00387081 0.000164764 4.94847e-05 4.01276e-05 9.61865e-05 6.73525e-05 3.02394e-05 8.00338e-06 5.18215e-06 4.26294e-06 6.53466e-06 1.50666e-05 1.24937e-05 8.69405e-06
threshold=0.72500000000000009 1.0000000180025095e-35 0.65000000000000002 0.35000000000000009 1.0000000180025095e-35 1.0000000180025095e-35 0.35000000000000009 1.0000000180025095e-35 1.0000000180025095e-35 1.0000000180025095e-35 1.0000000180025095e-35 1.0000000180025095e-35 0.22500000000000003 1.0000000180025095e-35
decision_type=2 2 2 2 2 2 2 2 2 2 2 2 2 2
left_child=1 2 3 4 6 7 8 -5 9 10 12 -12 13 -1
right_child=-2 -3 -4 5 -6 -7 -8 -9 -10 -11 11 -13 -14 -15
leaf_value=1.4624772120441771e-05 -0.00098613991091648745 -0.00027777232923350919 -0.00017697514267638327 0.00018949449528008703 -0.00020536305770898859 -7.8547727316617975e-05 -9.0247220162252366e-05 0.00010384151634449759 -2.6286771753802898e-05 -1.5326479915529492e-05 9.542219748254862e-05 -2.2088580798091632e-07 7.8604038571938878e-05 -7.5656310218619194e-05
leaf_weight=8.0000000000000018 11.999999999999998 5.9999999999999991 3.9999999999999991 4.9999999999999982 5.9999999999999991 4.9999999999999991 6.9999999999999991 6 4.9999999999999991 4.9999999999999991 10.000000000000002 6.9999999999999991 4.9999999999999991 3.9999999999999991
leaf_count=4 4 6 2 3 2 5 5 4 5 5 6 5 3 4
internal_value=-0.000146761 -2.54055e-05 -5.74057e-06 3.64215e-06 -1.59984e-05 7.36114e-05 6.27985e-06 0.000142775 2.16364e-05 2.77804e-05 3.41197e-05 5.60398e-05 1.21996e-05 -1.54689e-05
internal_weight=95 83 77 73 57 16 51 11 44 39 34 17 17 12
internal_count=63 59 53 51 39 12 37 7 32 27 22 11 11 8
is_linear=0
shrinkage=0.05


Tree=170
num_leaves=14
num_cat=0
split_feature=11 62 22 78 22 44 11 5 11 71 28 22 77
split_gain=0.00673251 0.00134792 0.00162123 4.9833e-05 3.32217e-05 1.94774e-05 2.26045e-05 1.50186e-05 1.75239e-05 1.3465e-05 4.07863e-06 2.31306e-06 1.10449e-06
threshold=0.61250000000000016 1.0000000180025095e-35 0.72500000000000009 1.0000000180025095e-35 0.45000000000000007 0.22500000000000003 0.27350000000000002 1.0000000180025095e-35 1.0000000180025095e-35 1.0000000180025095e-35 1.0000000180025095e-35 1.0000000180025095e-35 1.0000000180025095e-35
decision_type=2 2 2 2 2 2 2 2 2 2 2 2 2
left_child=1 2 3 5 11 6 7 8 10 -8 -1 -5 -12
right_child=-2 -3 -4 4 -6 -7 9 -9 -10 -11 12 -13 -14
leaf_value=-6.4806998852873083e-05 0.0017388831248808857 -0.00087309003235228977 -0.00072282205025355026 -6.1283943068701787e-05 -0.00019368969602510334 7.1848137789250666e-05 -2.0643887910409835e-05 8.7413912738806436e-05 9.5924505149014305e-05 -0.00013299782258400226 -2.1676386192363374e-05 -1.0272274230374022e-05 8.6618218726168064e-06
leaf_weight=4.000000000000008 4.9999999999999991 5.9999999999999991 8.9999999999999982 3.9999999999999982 4.9999999999999991 11.999999999999998 7.9999999999999982 6.9999999999999991 3.9999999999999991 4 6 5 6
leaf_count=4 5 6 3 4 5 4 6 3 2 4 4 5 2
internal_value=-4.10724e-05 -0.00015232 -9.38788e-05 -6.79431e-06 -9.03533e-05 1.61434e-05 -9.96471e-07 2.43807e-05 2.31913e-06 -5.80952e-05 -2.10822e-05 -3.29441e-05 -6.50728e-06
internal_weight=85 80 74 65 14 51 39 27 20 12 16 9 12
internal_count=57 52 46 43 14 29 25 15 12 10 10 9 6
is_linear=0
shrinkage=0.05


Tree=171
num_leaves=15
num_cat=0
split_feature=44 66 62 22 11 22 22 11 80 55 71 5 5 22
split_gain=0.0137022 0.00599577 6.16967e-05 3.34946e-05 2.98456e-05 1.62259e-05 1.11294e-05 1.73093e-05 9.47669e-06 6.52104e-06 6.11346e-06 4.52639e-06 2.96789e-06 1.53238e-06
threshold=0.43750000000000006 1.0000000180025095e-35 1.0000000180025095e-35 0.65000000000000002 0.55000000000000016 0.55000000000000016 0.35000000000000009 0.35000000000000009 1.0000000180025095e-35 1.0000000180025095e-35 1.0000000180025095e-35 1.0000000180025095e-35 1.0000000180025095e-35 0.27500000000000008
decision_type=2 2 2 2 2 2 2 2 2 2 2 2 2 2
left_child=1 2 3 4 6 -6 8 -8 9 13 11 -11 -10 -1
right_child=-2 -3 -4 -5 5 -7 7 -9 12 10 -12 -13 -14 -15
leaf_value=-0.00010797778571334984 -0.0017076792001413804 0.0017947548342635855 0.00013212718601737704 -0.00016493112780153752 -0.00020114429838334524 -3.6696026412149258e-05 -3.4236122155562049e-05 0.00010004163292857507 -5.3663450216845359e-06 -5.2671860127399356e-06 3.110564284725114e-05 -9.2123334373657884e-05 3.7082858865947595e-05 -5.7441048556938751e-05
leaf_weight=2.9999999999999973 11.999999999999998 4.9999999999999991 6.9999999999999991 3.9999999999999991 2.9999999999999991 3 3.9999999999999982 6 10.000000000000002 3 4 3 6.9999999999999991 3
leaf_count=3 4 5 7 2 3 3 2 6 4 3 4 3 3 3
internal_value=-0.000155344 0.000131241 -7.38565e-06 -2.58119e-05 -1.44552e-05 -0.00011892 1.21311e-07 4.63305e-05 -1.38815e-05 -4.15003e-05 -1.67749e-05 -4.86953e-05 1.21127e-05 -8.27094e-05
internal_weight=77 65 60 53 49 6 43 10 33 16 10 6 17 6
internal_count=55 51 46 39 37 6 31 8 23 16 10 6 7 6
is_linear=0
shrinkage=0.05


Tree=172
num_leaves=13
num_cat=0
split_feature=66 22 44 22 51 22 16 71 19 80 22 71
split_gain=0.00519194 0.00296023 0.000234458 3.23967e-05 1.81199e-05 3.13447e-05 2.41951e-05 3.51115e-06 9.15979e-06 1.50877e-06 1.38451e-06 3.82431e-06
threshold=1.0000000180025095e-35 0.72500000000000009 0.43750000000000006 0.55000000000000016 1.0000000180025095e-35 0.27500000000000008 1.0000000180025095e-35 1.0000000180025095e-35 1.0000000180025095e-35 1.0000000180025095e-35 0.45000000000000007 1.0000000180025095e-35
decision_type=2 2 2 2 2 2 2 2 2 2 2 2
left_child=1 2 3 4 5 6 7 8 -1 -8 11 -6
right_child=-2 -3 -4 -5 10 -7 9 -9 -10 -11 -12 -13
leaf_value=-1.9868362887091971e-06 0.0015390948951244355 -0.0008460791471103827 0.00030274366339047755 -0.00013473807581855607 -4.9193901941180245e-05 8.4172065059343973e-05 -9.1587820497807151e-05 -2.5492701679468157e-05 7.2699693555478012e-05 -5.7948878093156951e-05 -5.1135750254616135e-05 -0.00012903028400614854
leaf_weight=13.000000000000005 4.9999999999999991 11.999999999999998 5.9999999999999991 5.9999999999999991 2.9999999999999982 8.9999999999999982 4.9999999999999973 4.9999999999999991 5.9999999999999991 10 4 3
leaf_count=5 5 4 2 4 3 5 5 5 6 4 4 3
internal_value=-2.51222e-05 -0.000120501 3.88349e-06 -2.41346e-05 -1.26929e-05 6.30517e-08 -1.93467e-05 1.17877e-05 2.15984e-05 -6.91619e-05 -7.39216e-05 -8.91121e-05
internal_weight=87 82 70 64 58 48 39 24 19 15 10 6
internal_count=55 50 46 44 40 30 25 16 11 9 10 6
is_linear=0
shrinkage=0.05


Tree=173
num_leaves=16
num_cat=0
split_feature=44 11 66 75 62 33 80 23 7 28 11 71 5 71 69
split_gain=0.00475234 0.00492632 0.000249392 9.68937e-05 3.93888e-05 5.03045e-06 1.00782e-05 1.35111e-05 1.60592e-05 1.29191e-05 8.49431e-06 7.53553e-06 3.65736e-06 2.27959e-06 1.97798e-07
threshold=0.43750000000000006 0.61250000000000016 1.0000000180025095e-35 1.0000000180025095e-35 1.0000000180025095e-35 0.33750000000000008 1.0000000180025095e-35 1.0000000180025095e-35 1.0000000180025095e-35 1.0000000180025095e-35 0.27350000000000002 1.0000000180025095e-35 1.0000000180025095e-35 1.0000000180025095e-35 1.0000000180025095e-35
decision_type=2 2 2 2 2 2 2 2 2 2 2 2 2 2 2
left_child=1 2 3 4 5 6 7 9 10 13 -9 -10 -8 -1 -12
right_child=-2 -3 -4 -5 -6 -7 12 8 11 -11 14 -13 -14 -15 -16
leaf_value=-0.00013283754233270873 -0.00089608641962210338 0.0015940138907171786 -0.00041212552168872212 -0.00019803315905543665 0.00012406903052968637 -4.499198403209448e-05 5.7446712174977508e-06 5.167809188909202e-05 0.00013281336093011004 2.4125277802037691e-05 -4.9991487079144775e-05 2.0745474224289251e-05 4.7909611991296207e-05 -7.517997728427871e-05 -3.5637406836031001e-05
leaf_weight=3.0000000000000018 14.999999999999998 4.9999999999999991 3.9999999999999991 5.9999999999999991 6.9999999999999991 5.9999999999999991 9 3.0000000000000027 2.9999999999999991 3 5.9999999999999982 3 12 4 4
leaf_count=3 5 5 4 2 7 2 3 3 3 3 6 3 4 4 4
internal_value=-8.10368e-05 7.57035e-05 -2.82904e-05 -6.03905e-06 1.22461e-05 -1.73177e-06 3.45946e-06 -1.56429e-05 9.11643e-06 -6.26857e-05 -2.21126e-05 7.67794e-05 2.98389e-05 -9.98904e-05 -4.42499e-05
internal_weight=93 78 73 69 63 56 50 29 19 10 13 6 21 7 10
internal_count=61 56 51 47 45 38 36 29 19 10 13 6 7 7 10
is_linear=0
shrinkage=0.05


Tree=174
num_leaves=18
num_cat=0
split_feature=11 44 66 70 11 22 77 80 11 51 6 8 22 64 50 22 6
split_gain=0.00277895 0.000290657 0.000152137 4.96625e-05 7.98075e-05 1.06254e-05 4.78807e-06 5.10395e-06 4.80673e-06 1.48553e-05 1.42533e-05 9.45649e-06 7.62225e-06 6.66745e-06 8.28064e-06 3.34251e-06 1.8065e-08
threshold=0.66250000000000009 0.43750000000000006 1.0000000180025095e-35 1.0000000180025095e-35 0.55000000000000016 0.55000000000000016 1.0000000180025095e-35 1.0000000180025095e-35 1.0000000180025095e-35 1.0000000180025095e-35 1.0000000180025095e-35 1.0000000180025095e-35 0.35000000000000009 1.0000000180025095e-35 1.0000000180025095e-35 0.22500000000000003 1.0000000180025095e-35
decision_type=2 2 2 2 2 2 2 2 2 2 2 2 2 2 2 2 2
left_child=1 2 3 4 6 -6 7 8 9 13 11 12 -10 14 -1 -9 -5
right_child=-2 -3 -4 16 5 -7 -8 15 10 -11 -12 -13 -14 -15 -16 -17 -18
leaf_value=0.00014049479505047206 -0.0013516327831894161 0.00033241075774033868 -0.00032901931845117364 0.00011720134934876115 -0.0002662585504973928 -0.00013318360239888228 1.9616027323839568e-05 -4.9791974484273492e-05 2.9438778195374966e-05 -7.9300933672736052e-05 -0.00011871506382400784 6.556459120474755e-05 -7.5992607162334014e-05 3.5776351433014492e-06 2.3016826404879486e-05 -1.0152800112134881e-05 0.00011206862982362507
leaf_weight=2.9999999999999982 3.9999999999999991 5.9999999999999991 3.9999999999999991 2.9999999999999991 2.9999999999999991 3 11.999999999999998 13.000000000000002 2.9999999999999982 3.0000000000000009 3.0000000000000009 4 4 5 3 8.9999999999999982 4
leaf_count=3 2 2 4 3 3 3 4 5 3 3 3 4 4 5 3 3 4
internal_value=-6.36954e-05 -3.08659e-06 -2.85674e-05 -1.25433e-05 -2.55974e-05 -0.000199721 -8.74676e-06 -1.55538e-05 -1.3936e-06 1.93229e-05 -2.21101e-05 4.23675e-06 -3.08077e-05 4.62203e-05 8.17558e-05 -3.35759e-05 0.000114268
internal_weight=89 85 79 75 68 6 62 50 28 14 14 11 7 11 6 22 7
internal_count=61 59 57 53 46 6 40 36 28 14 14 11 7 11 6 8 7
is_linear=0
shrinkage=0.05


Tree=175
num_leaves=16
num_cat=0
split_feature=66 11 75 11 62 70 33 69 78 6 0 11 8 11 65
split_gain=0.00278257 0.00536522 0.00312253 0.00187473 7.76643e-06 9.45677e-06 6.14381e-06 6.95917e-06 4.38771e-06 4.2778e-06 2.56347e-06 1.10601e-05 1.53779e-05 2.40028e-06 2.42262e-06
threshold=1.0000000180025095e-35 0.55000000000000016 1.0000000180025095e-35 0.61250000000000016 1.0000000180025095e-35 1.0000000180025095e-35 0.33750000000000008 1.0000000180025095e-35 1.0000000180025095e-35 1.0000000180025095e-35 1.0000000180025095e-35 0.35000000000000009 1.0000000180025095e-35 0.35000000000000009 1.0000000180025095e-35
decision_type=2 2 2 2 2 2 2 2 2 2 2 2 2 2 2
left_child=2 -2 3 4 6 -6 7 8 9 10 11 12 -1 14 -10
right_child=1 -3 -4 -5 5 -7 -8 -9 13 -11 -12 -13 -14 -15 -16
leaf_value=6.8571946273247319e-05 -0.00028595694263155259 0.0027043674296389018 0.00068494033766910436 -0.0011038946220651269 0.00012745401860835652 1.910080512364705e-06 -4.297895939089358e-05 -4.5937810791656379e-05 -6.5466635472451664e-05 1.0522196264771213e-06 6.6697170647482087e-06 0.00011829706199932844 -3.0239651096053421e-05 1.6307755140587686e-05 -1.9236831576563414e-06
leaf_weight=9.0000000000000089 2.9999999999999991 3 18 3.9999999999999991 2.9999999999999991 3 5.9999999999999991 4.9999999999999991 2.9999999999999982 13.999999999999998 5.9999999999999991 3.9999999999999991 6.9999999999999991 4 3
leaf_count=5 3 3 6 2 3 3 2 5 3 6 2 4 7 4 3
internal_value=0.000167006 0.00120921 9.67454e-05 -5.23744e-05 1.04029e-05 6.4682e-05 5.06401e-06 1.03051e-05 1.59294e-05 2.33352e-05 3.53337e-05 4.39329e-05 2.53419e-05 -1.3694e-05 -3.36952e-05
internal_weight=95 6 89 71 67 6 61 55 50 40 26 20 16 10 6
internal_count=61 6 55 49 47 6 41 39 34 24 18 16 12 10 6
is_linear=0
shrinkage=0.05


Tree=176
num_leaves=20
num_cat=0
split_feature=22 11 22 44 62 11 22 22 38 7 76 80 11 79 16 11 11 8 77
split_gain=0.0053444 0.00301695 0.00801667 0.000209431 5.29747e-05 9.69805e-05 2.76835e-05 3.24255e-05 1.41322e-05 1.10766e-05 7.85506e-06 1.04536e-05 4.40327e-05 1.77346e-05 6.99065e-06 3.13217e-06 1.36873e-05 1.00088e-06 2.1444e-07
threshold=0.77500000000000013 0.66250000000000009 0.72500000000000009 0.43750000000000006 1.0000000180025095e-35 0.55000000000000016 0.65000000000000002 0.45000000000000007 1.0000000180025095e-35 1.0000000180025095e-35 1.0000000180025095e-35 1.0000000180025095e-35 1.0000000180025095e-35 1.0000000180025095e-35 1.0000000180025095e-35 0.27350000000000002 1.0000000180025095e-35 1.0000000180025095e-35 1.0000000180025095e-35
decision_type=2 2 2 2 2 2 2 2 2 2 2 2 2 2 2 2 2 2 2
left_child=1 2 3 4 5 6 7 8 15 -7 11 12 -10 -14 -9 16 17 18 -1
right_child=-2 -3 -4 -5 -6 9 -8 14 10 -11 -12 -13 13 -15 -16 -17 -18 -19 -20
leaf_value=-5.6058675519514955e-06 -0.0018011806532740593 -0.0012764597544446588 0.0018914165596167249 0.0002815432303274671 0.00011705423918707918 -0.00026872401504078879 -0.00014514575595967472 4.6940881293267016e-05 0.00013345036228808245 -0.00014162822238480047 2.2631837055087092e-06 -9.9114205804653457e-05 -0.00018740064309289055 -2.6580889607430432e-05 0.00015488104739536839 -3.6480408743955196e-05 9.5279782544821512e-05 -2.5983849191106856e-05 7.2757437010295679e-06
leaf_weight=7.0000000000000089 3.9999999999999991 3.9999999999999991 5.9999999999999991 5.9999999999999991 5.9999999999999991 3.9999999999999991 3.9999999999999991 2.9999999999999991 3.0000000000000036 3 5.9999999999999991 10 3 4 3 3.9999999999999991 3.9999999999999991 4.9999999999999991 6
leaf_count=5 2 2 2 2 6 4 2 3 3 3 2 4 3 4 3 2 2 5 2
internal_value=-1.2436e-05 6.61901e-05 0.000127921 -2.70813e-06 -2.54482e-05 -3.78398e-05 -1.7922e-05 -9.14793e-06 -2.1847e-05 -0.000214254 -4.7913e-05 -6.29658e-05 -2.68174e-05 -9.55036e-05 0.000100911 4.21891e-06 1.16188e-05 -6.97255e-06 3.39491e-07
internal_weight=95 91 87 81 75 69 62 58 52 7 26 20 10 7 6 26 22 18 13
internal_count=61 59 57 55 53 47 40 38 32 7 16 14 10 7 6 16 14 12 7
is_linear=0
shrinkage=0.05


Tree=177
num_leaves=18
num_cat=0
split_feature=62 70 66 11 22 44 75 22 11 22 78 65 17 12 29 8 11
split_gain=0.00799864 0.00729469 0.00373226 0.0050412 0.00244187 0.000192414 9.28724e-05 2.84225e-05 1.80837e-05 2.72044e-05 5.08072e-06 1.07824e-05 3.05085e-06 3.30967e-06 4.25065e-06 4.1856e-06 1.64233e-06
threshold=1.0000000180025095e-35 1.0000000180025095e-35 1.0000000180025095e-35 0.55000000000000016 0.72500000000000009 0.43750000000000006 1.0000000180025095e-35 0.65000000000000002 0.55000000000000016 0.55000000000000016 1.0000000180025095e-35 1.0000000180025095e-35 1.0000000180025095e-35 1.0000000180025095e-35 1.0000000180025095e-35 1.0000000180025095e-35 0.35000000000000009
decision_type=2 2 2 2 2 2 2 2 2 2 2 2 2 2 2 2 2
left_child=2 -2 4 -4 5 6 7 8 10 -10 12 -12 13 14 -1 16 -15
right_child=1 -3 3 -5 -6 -7 -8 -9 9 -11 11 -13 -14 15 -16 -17 -18
leaf_value=8.4547004662454114e-05 0.00011522860925955077 0.0036020354678233456 -0.00027369844998853901 0.0026249217645575597 -0.00077524241060018546 0.00026746606454253197 -0.00021592419361695649 -0.00013788847136311233 -0.00018855120870284737 1.0629974713083354e-05 -9.9544476105014226e-05 2.5852012549876231e-05 2.2235771586351537e-06 1.7921521794050937e-05 1.5395163791254161e-05 5.8176409220322945e-05 -2.2604190744459628e-05
leaf_weight=5 2.9999999999999991 3 2.9999999999999991 3 11.999999999999998 5.9999999999999991 5.9999999999999991 3.9999999999999991 2.9999999999999991 4 2.9999999999999991 4 17 4.9999999999999982 4 4.0000000000000009 5
leaf_count=3 3 3 3 3 4 2 2 2 3 4 3 4 7 3 4 4 3
internal_value=9.22692e-05 0.00185863 -2.81647e-05 0.00117561 -0.000116246 -3.27504e-06 -2.8657e-05 -9.28456e-06 2.41661e-07 -7.47334e-05 1.14082e-05 -2.78893e-05 1.82852e-05 3.01569e-05 5.38129e-05 1.49494e-05 -2.34133e-06
internal_weight=94 6 88 6 82 70 64 58 54 7 47 7 40 23 9 14 10
internal_count=60 6 54 6 48 44 42 40 38 7 31 7 24 17 7 10 6
is_linear=0
shrinkage=0.05


Tree=178
num_leaves=17
num_cat=0
split_feature=66 11 62 70 44 23 28 7 44 76 8 0 77 11 79 11
split_gain=0.00303365 0.00525693 0.00113536 0.00213767 0.00131796 1.67456e-05 1.50733e-05 9.79534e-06 7.40681e-06 6.49819e-06 5.36814e-06 2.50959e-06 1.00768e-06 2.40543e-07 2.12879e-07 1.49244e-06
threshold=1.0000000180025095e-35 0.55000000000000016 1.0000000180025095e-35 1.0000000180025095e-35 0.43750000000000006 1.0000000180025095e-35 1.0000000180025095e-35 1.0000000180025095e-35 0.22500000000000003 1.0000000180025095e-35 1.0000000180025095e-35 0.45000000000000007 1.0000000180025095e-35 0.55000000000000016 1.0000000180025095e-35 0.27350000000000002
decision_type=2 2 2 2 2 2 2 2 2 2 2 2 2 2 2 2
left_child=2 -2 4 -4 5 6 10 8 9 11 -1 14 -8 -9 15 -7
right_child=1 -3 3 -5 -6 7 12 13 -10 -11 -12 -13 -14 -15 -16 -17
leaf_value=-6.309924759149837e-05 -0.00027514265821082518 0.0024936758136997615 0.00010946717423697313 -0.0017780662824710206 -0.00054363530750075977 1.4594848713992737e-05 -2.2177421124069943e-05 6.7976239370182165e-05 3.7254532799124718e-05 -6.9860795823236316e-05 -0.00012406155350618066 3.2163764505336685e-05 6.8007779191248105e-06 4.7953644146521875e-05 -2.4394906358793377e-05 -3.2057793578132984e-05
leaf_weight=13.000000000000002 3.9999999999999991 3 2.9999999999999991 3 14.999999999999998 3.0000000000000089 6.0000000000000018 2.9999999999999991 5.9999999999999991 5.9999999999999991 4.9999999999999991 2.9999999999999991 6 3 7 4
leaf_count=7 4 3 3 3 5 3 4 3 2 2 5 1 2 3 7 4
internal_value=-8.94548e-05 0.000911494 -0.000170927 -0.0008343 -0.000121174 -2.36835e-05 -5.10953e-05 -1.87646e-07 -1.22192e-05 -2.51254e-05 -8.00332e-05 -9.33645e-06 -7.68832e-06 5.79649e-05 -1.82294e-05 -1.20638e-05
internal_weight=93 7 86 6 80 65 30 35 29 23 18 17 12 6 14 7
internal_count=61 7 54 6 48 43 18 25 19 17 12 15 6 6 14 7
is_linear=0
shrinkage=0.05


Tree=179
num_leaves=15
num_cat=0
split_feature=44 11 66 22 23 19 22 80 11 16 64 6 5 11
split_gain=0.0089159 0.00529528 9.87631e-05 2.58569e-05 7.72506e-06 1.98981e-05 1.24945e-05 7.24426e-06 5.97895e-06 4.55784e-06 2.57926e-05 7.92855e-06 3.43405e-06 4.45508e-07
threshold=0.43750000000000006 0.61250000000000016 1.0000000180025095e-35 0.65000000000000002 1.0000000180025095e-35 1.0000000180025095e-35 0.45000000000000007 1.0000000180025095e-35 0.27350000000000002 1.0000000180025095e-35 1.0000000180025095e-35 1.0000000180025095e-35 1.0000000180025095e-35 0.35000000000000009
decision_type=2 2 2 2 2 2 2 2 2 2 2 2 2 2
left_child=1 2 3 4 7 6 8 9 -6 10 11 -1 -9 -10
right_child=-2 -3 -4 -5 5 -7 -8 12 13 -11 -12 -13 -14 -15
leaf_value=-2.1954720224519916e-05 -0.0015856399304336973 0.0018509593064663932 -0.00026138552057091146 -0.0001285567064769566 6.8865249340887969e-05 0.00011295637697912754 -6.7021080758422621e-05 -1.6119147351543815e-05 1.3946206308901313e-05 -9.1032887333616e-05 0.00010760887914026778 -0.00010439196135848761 2.9542204574681813e-05 -6.2622682889923443e-06
leaf_weight=7.0000000000000018 8.9999999999999982 3.9999999999999991 3.9999999999999991 3.9999999999999991 5.0000000000000098 4.9999999999999991 4.9999999999999991 7.0000000000000009 4.9999999999999982 2.9999999999999991 2.9999999999999991 5 10 6
leaf_count=7 3 4 4 2 3 5 5 3 3 3 3 5 4 4
internal_value=-0.000100779 8.22863e-05 -2.02454e-05 -5.40605e-06 2.6694e-06 2.33139e-05 1.97039e-06 -1.26665e-05 2.35302e-05 -3.4773e-05 -2.35211e-05 -5.63036e-05 1.07405e-05 2.9234e-06
internal_weight=82 73 69 65 61 26 21 35 16 18 15 12 17 11
internal_count=58 55 51 47 45 20 15 25 10 18 15 12 7 7
is_linear=0
shrinkage=0.05


Tree=180
num_leaves=18
num_cat=0
split_feature=22 66 44 11 22 22 79 6 80 11 38 55 22 11 18 22 5
split_gain=0.0108218 0.000839612 0.000309738 3.52858e-05 4.74531e-05 2.46229e-05 1.41289e-05 1.49038e-05 6.29137e-06 5.05241e-06 5.6743e-06 3.56902e-06 3.4722e-06 8.41447e-06 3.27707e-06 2.07594e-06 8.19854e-06
threshold=0.72500000000000009 1.0000000180025095e-35 0.43750000000000006 0.55000000000000016 0.55000000000000016 0.65000000000000002 1.0000000180025095e-35 1.0000000180025095e-35 1.0000000180025095e-35 1.0000000180025095e-35 1.0000000180025095e-35 1.0000000180025095e-35 0.45000000000000007 0.35000000000000009 1.0000000180025095e-35 0.22500000000000003 1.0000000180025095e-35
decision_type=2 2 2 2 2 2 2 2 2 2 2 2 2 2 2 2 2
left_child=1 2 3 5 -5 6 8 12 9 10 -1 -9 13 14 -8 16 -10
right_child=-2 -3 -4 4 -6 -7 7 11 15 -11 -12 -13 -14 -15 -16 -17 -18
leaf_value=4.1643331132945615e-05 0.001713881827890873 -0.00065275048080366111 0.00036055653666456543 -0.00026999658051257334 -6.9330606493167569e-06 -0.00012212887522764504 -2.7644371342224357e-05 -0.00012818523585641137 -1.6987941657694484e-06 3.0743166765508542e-06 0.00013261049559029438 -5.6040826893877229e-05 4.128875443711877e-05 -8.4522388836679368e-05 3.8457255286630236e-05 -4.5133623643778268e-06 6.5418209331775346e-05
leaf_weight=3.9999999999999982 9.9999999999999982 4.9999999999999991 5.9999999999999991 2.9999999999999991 4 3.9999999999999991 3.0000000000000018 2.9999999999999991 13.000000000000002 3 3 4 3.9999999999999991 2.9999999999999991 5 11.999999999999998 6.9999999999999991
leaf_count=4 4 5 2 3 4 2 3 3 5 3 3 4 4 3 5 4 3
internal_value=0.00015708 -2.39432e-05 1.4872e-05 -1.27827e-05 -0.000119675 -1.77916e-06 5.7427e-06 -2.67172e-05 2.27455e-05 5.73628e-05 8.06293e-05 -8.69599e-05 1.39607e-06 -1.31104e-05 1.36691e-05 1.19276e-05 2.17922e-05
internal_weight=96 86 81 75 7 68 64 22 42 10 7 7 15 11 8 32 20
internal_count=64 60 55 53 7 46 44 22 22 10 7 7 15 11 8 12 8
is_linear=0
shrinkage=0.05


Tree=181
num_leaves=18
num_cat=0
split_feature=22 22 66 22 75 75 11 8 22 11 5 79 16 8 6 77 78
split_gain=0.00545885 0.00784347 0.000277915 0.000125039 0.000215048 5.87177e-05 3.69854e-05 3.03764e-05 5.59827e-05 5.43268e-05 6.37824e-06 6.23997e-06 1.21149e-05 3.90828e-06 1.56866e-06 1.52707e-06 9.61957e-07
threshold=0.77500000000000013 0.72500000000000009 1.0000000180025095e-35 0.27500000000000008 1.0000000180025095e-35 1.0000000180025095e-35 0.35000000000000009 1.0000000180025095e-35 0.55000000000000016 0.55000000000000016 1.0000000180025095e-35 1.0000000180025095e-35 1.0000000180025095e-35 1.0000000180025095e-35 1.0000000180025095e-35 1.0000000180025095e-35 1.0000000180025095e-35
decision_type=2 2 2 2 2 2 2 2 2 2 2 2 2 2 2 2 2
left_child=1 2 3 5 7 6 11 8 10 -9 -5 12 15 -13 -15 -1 -12
right_child=-2 -3 -4 4 -6 -7 -8 9 -10 -11 16 13 -14 14 -16 -17 -18
leaf_value=5.1495012303348642e-05 -0.0017750158905982972 0.0018563774724801381 -0.0004286245406547096 -1.6587213031016268e-05 0.00034252870827913286 -0.00020497274235822263 -0.00015943608887027951 -2.1149095846340061e-05 -0.00014869356527924538 0.00026032297561566031 4.4674363452941171e-05 8.2880083937197869e-06 -6.6818870618590156e-05 -4.148160922341048e-05 -8.7215006351470928e-05 1.5822114558735242e-05 7.7571203291881816e-05
leaf_weight=5.9999999999999982 3.9999999999999991 5.9999999999999991 3.9999999999999991 4.0000000000000044 5.9999999999999991 5.9999999999999991 4.9999999999999991 3.9999999999999991 5.9999999999999991 3 5 3.0000000000000009 3.9999999999999991 5 3 6 4
leaf_count=4 2 2 4 2 2 2 5 4 4 3 3 3 4 5 3 2 4
internal_value=2.75692e-05 0.000117698 -2.32755e-05 -1.12678e-07 7.27091e-05 -6.14363e-05 -3.45232e-05 1.0443e-05 -2.23607e-05 9.94818e-05 3.59468e-05 -1.13912e-05 8.5392e-06 -4.03808e-05 -5.86316e-05 3.36586e-05 5.92952e-05
internal_weight=84 80 74 70 32 38 32 26 19 7 13 27 16 11 8 12 9
internal_count=58 56 54 50 22 28 26 20 13 7 9 21 10 11 8 6 7
is_linear=0
shrinkage=0.05


Tree=182
num_leaves=15
num_cat=0
split_feature=11 22 44 66 75 18 22 11 79 79 22 8 5 56
split_gain=0.00725901 0.00646514 0.000284013 0.000148925 8.74951e-05 1.02769e-05 4.07779e-05 9.12447e-06 9.20332e-06 6.20704e-06 1.27366e-05 3.39997e-06 2.46256e-06 2.24909e-07
threshold=0.61250000000000016 0.72500000000000009 0.43750000000000006 1.0000000180025095e-35 1.0000000180025095e-35 1.0000000180025095e-35 0.45000000000000007 0.27350000000000002 1.0000000180025095e-35 1.0000000180025095e-35 0.45000000000000007 1.0000000180025095e-35 1.0000000180025095e-35 1.0000000180025095e-35
decision_type=2 2 2 2 2 2 2 2 2 2 2 2 2 2
left_child=1 2 3 4 5 7 13 8 12 -9 -11 -10 -1 -7
right_child=-2 -3 -4 -5 -6 6 -8 9 11 10 -12 -13 -14 -15
leaf_value=1.2144637262930957e-05 0.0020518397650448605 -0.0017095829670627912 0.00032540227596958483 -0.00029599331392091702 -0.00019472411562067768 -2.4685102398507301e-05 0.00017733197455527258 -6.2989788259276092e-05 7.5984474581976729e-07 -5.8621440985007212e-05 7.766591540227332e-05 -6.9655279366997997e-05 4.4631307828240091e-05 -7.3681042219201706e-06
leaf_weight=14.000000000000004 3.9999999999999991 5.9999999999999991 5.9999999999999991 4.9999999999999991 5.9999999999999991 4.9999999999999982 4 8.9999999999999982 2.9999999999999991 3.9999999999999991 3 4 10 3
leaf_count=6 4 2 2 5 2 5 4 5 3 4 3 4 6 3
internal_value=-2.80307e-05 -0.000129488 -4.74341e-06 -3.30416e-05 -1.28146e-05 5.68472e-06 4.69832e-05 -4.85957e-06 1.09676e-05 -3.55248e-05 -2.12574e-07 -3.94774e-05 2.56807e-05 -1.81912e-05
internal_weight=86 82 76 70 65 59 12 47 31 16 7 7 24 8
internal_count=58 54 52 50 45 43 12 31 19 12 7 7 12 8
is_linear=0
shrinkage=0.05


Tree=183
num_leaves=17
num_cat=0
split_feature=44 11 66 75 70 11 44 6 7 0 6 11 64 5 69 17
split_gain=0.00309234 0.000497714 0.000136376 7.89122e-05 8.23301e-06 1.37931e-05 9.89532e-06 5.95334e-06 4.88463e-06 5.66834e-06 5.79649e-06 5.40572e-06 2.84304e-06 1.59062e-05 2.37175e-06 1.99931e-06
threshold=0.43750000000000006 0.61250000000000016 1.0000000180025095e-35 1.0000000180025095e-35 1.0000000180025095e-35 1.0000000180025095e-35 0.22500000000000003 1.0000000180025095e-35 1.0000000180025095e-35 0.45000000000000007 1.0000000180025095e-35 0.35000000000000009 1.0000000180025095e-35 1.0000000180025095e-35 1.0000000180025095e-35 1.0000000180025095e-35
decision_type=2 2 2 2 2 2 2 2 2 2 2 2 2 2 2 2
left_child=1 2 3 4 5 12 8 -6 9 10 11 -7 13 15 -13 -1
right_child=-2 -3 -4 -5 7 6 -8 -9 -10 -11 -12 14 -14 -15 -16 -17
leaf_value=2.5200606614816914e-05 -0.00083728251357873288 -0.00060043312259949744 -0.00028119365393649789 -0.00018498791226496299 0.00010884424070051562 -7.2838151390897021e-05 3.6486879495593415e-05 1.5667238039895891e-05 1.09034962952137e-05 -1.3333221431821586e-06 -0.00012089552474208176 1.2532390974229203e-05 -1.1969501065323131e-05 8.4270789779515717e-05 -4.6279131978129335e-05 -1.8093196922563946e-05
leaf_weight=4.0000000000000027 14.999999999999998 3.9999999999999991 4.9999999999999991 5.9999999999999991 2.9999999999999991 8.0000000000000089 5.9999999999999991 4 4.9999999999999991 5.9999999999999991 2.9999999999999991 3.9999999999999991 3.9999999999999991 9 3 8
leaf_count=4 5 4 5 2 3 6 2 4 5 2 3 4 4 5 3 4
internal_value=-0.000177213 -5.64692e-05 -2.85736e-05 -1.12708e-05 4.28592e-06 -1.70075e-06 -2.19617e-05 5.56002e-05 -3.40546e-05 -4.34208e-05 -5.745e-05 -4.47609e-05 2.66646e-05 3.40235e-05 -1.26725e-05 -3.66193e-06
internal_weight=97 82 78 73 67 60 35 7 29 24 18 15 25 21 7 12
internal_count=65 60 56 51 49 42 25 7 23 18 16 13 17 13 7 8
is_linear=0
shrinkage=0.05


Tree=184
num_leaves=17
num_cat=0
split_feature=70 66 11 22 44 11 75 22 22 80 50 12 5 65 8 17
split_gain=0.00857334 0.00313044 0.00363159 0.00188444 0.000336917 8.79829e-05 6.2395e-05 2.67667e-05 1.60951e-05 7.00182e-06 5.54763e-06 1.23831e-05 2.92187e-06 2.88119e-06 5.2561e-06 2.27641e-06
threshold=1.0000000180025095e-35 1.0000000180025095e-35 0.55000000000000016 0.72500000000000009 0.43750000000000006 0.55000000000000016 1.0000000180025095e-35 0.55000000000000016 0.65000000000000002 1.0000000180025095e-35 1.0000000180025095e-35 1.0000000180025095e-35 1.0000000180025095e-35 1.0000000180025095e-35 1.0000000180025095e-35 1.0000000180025095e-35
decision_type=2 2 2 2 2 2 2 2 2 2 2 2 2 2 2 2
left_child=1 3 -3 4 5 6 8 -7 9 10 11 -1 -11 14 -13 -12
right_child=-2 2 -4 -5 -6 7 -8 -9 -10 12 15 13 -14 -15 -16 -17
leaf_value=-0.00010014637140557161 0.0020995957736158746 -0.00015025901472351204 0.0023099538714935375 -0.00068281159425775213 0.00035099626208345098 -0.0003280912603562077 -0.00017573849957746765 -0.00011687788646668192 -0.00010314161190763117 3.2144365377462237e-06 5.2105962337615591e-05 -6.596936291316525e-05 3.512744218684159e-05 2.7751809466280964e-05 1.0927391704171894e-05 -5.5114083806984115e-06
leaf_weight=5.0000000000000044 4.9999999999999991 2.9999999999999991 3 11.999999999999998 5.9999999999999991 2.9999999999999991 5.9999999999999991 3 3.9999999999999991 15.999999999999998 2.9999999999999991 3.9999999999999982 13.000000000000002 4.0000000000000009 5 4
leaf_count=5 5 3 3 4 2 3 2 3 2 6 3 4 5 4 5 4
internal_value=8.21292e-05 -2.51828e-05 0.00107985 -0.000100526 -8.58595e-06 -3.94073e-05 -2.22438e-05 -0.000222485 -6.36503e-06 8.03609e-07 -1.85877e-05 -3.32758e-05 1.75203e-05 -7.5564e-06 -2.32489e-05 1.91818e-05
internal_weight=99 94 6 88 76 70 64 6 58 54 25 18 29 13 9 7
internal_count=63 58 6 52 48 46 40 6 38 36 25 18 11 13 9 7
is_linear=0
shrinkage=0.05


Tree=185
num_leaves=16
num_cat=0
split_feature=22 22 66 44 22 70 71 8 22 50 1 8 61 22 79
split_gain=0.00424756 0.00240056 0.000501837 0.000285206 1.38176e-05 2.84356e-05 1.78573e-05 1.48377e-05 3.97548e-05 1.20288e-05 7.26014e-06 4.05206e-06 2.88918e-06 2.37513e-06 1.25516e-06
threshold=0.77500000000000013 0.72500000000000009 1.0000000180025095e-35 0.43750000000000006 0.27500000000000008 1.0000000180025095e-35 1.0000000180025095e-35 1.0000000180025095e-35 0.55000000000000016 1.0000000180025095e-35 1.0000000180025095e-35 1.0000000180025095e-35 1.0000000180025095e-35 0.35000000000000009 1.0000000180025095e-35
decision_type=2 2 2 2 2 2 2 2 2 2 2 2 2 2 2
left_child=1 2 3 4 5 9 7 8 10 11 13 14 -11 -6 -1
right_child=-2 -3 -4 -5 6 -7 -8 -9 -10 12 -12 -13 -14 -15 -16
leaf_value=-5.0324039378513872e-05 -0.0016121691092848779 0.00082783086432351011 -0.00047233092239669833 0.00033344645053148272 5.2348462243874709e-05 -0.00017030981252901258 -9.6023440710268923e-05 0.00010599496599752457 -0.00012159426230937243 3.5830179695039997e-05 1.2801635441266827e-05 -9.8219793289899837e-05 -1.0719671299739274e-05 0.00011526552067759134 -2.1396969095803798e-05
leaf_weight=15.000000000000005 3.9999999999999991 8.9999999999999982 5.9999999999999991 5.9999999999999991 3.000000000000008 3.9999999999999991 3.9999999999999991 3.9999999999999991 4.9999999999999991 4.9999999999999973 9 3.9999999999999991 10 3 4.9999999999999991
leaf_count=7 2 3 6 2 3 4 4 4 3 5 3 4 4 3 5
internal_value=-1.71411e-05 5.2208e-05 -3.18957e-05 2.4239e-06 -2.55498e-05 -4.33491e-05 1.78469e-06 1.80861e-05 5.04268e-07 -3.03274e-05 4.12038e-05 -5.22802e-05 4.79695e-06 8.3807e-05 -4.30923e-05
internal_weight=96 92 83 77 71 43 28 24 20 39 15 24 15 6 20
internal_count=62 60 57 51 49 29 20 16 12 25 9 16 9 6 12
is_linear=0
shrinkage=0.05


Tree=186
num_leaves=16
num_cat=0
split_feature=62 11 22 22 66 11 55 11 22 50 18 0 22 79 77
split_gain=0.00536829 0.00455109 0.00409401 0.00818857 0.00044133 3.49348e-05 2.5579e-05 0.000133813 1.63203e-05 1.2457e-05 2.74766e-06 3.20044e-06 6.08517e-07 1.87252e-07 1.3932e-07
threshold=1.0000000180025095e-35 0.22500000000000003 0.77500000000000013 0.72500000000000009 1.0000000180025095e-35 0.55000000000000016 1.0000000180025095e-35 1.0000000180025095e-35 0.65000000000000002 1.0000000180025095e-35 1.0000000180025095e-35 0.45000000000000007 0.27500000000000008 1.0000000180025095e-35 1.0000000180025095e-35
decision_type=2 2 2 2 2 2 2 2 2 2 2 2 2 2 2
left_child=2 -2 3 4 5 6 7 -1 10 13 11 12 -9 -8 -11
right_child=1 -3 -4 -5 -6 -7 9 8 -10 14 -12 -13 -14 -15 -16
leaf_value=0.00031076074228622021 0.0025749844804522585 -1.2545361338804163e-06 -0.0015315607190132142 0.0018836509436368943 -0.00044871437130495907 -0.00012824136763811111 -5.510581854301002e-05 2.8536832251120307e-05 -9.1904823784716433e-05 1.7616257745040841e-05 -1.2119157084574302e-05 -2.8652847201252982e-06 5.1375084357070071e-05 -4.2734773887787018e-05 7.2332200943492341e-06
leaf_weight=3.9999999999999991 3.9999999999999991 3 3.9999999999999991 5.9999999999999991 5.9999999999999991 4.9999999999999991 13.000000000000002 5.0000000000000089 3.9999999999999991 7.0000000000000018 5.9999999999999991 5.9999999999999991 7 3.9999999999999991 6
leaf_count=2 4 3 2 2 6 5 7 3 2 5 6 2 5 4 2
internal_value=0.000141173 0.00147088 2.90289e-05 0.000108046 -3.78941e-05 -1.1042e-06 9.14879e-06 4.02446e-05 1.59942e-06 -2.40201e-05 1.71835e-05 2.6951e-05 4.18591e-05 -5.2195e-05 1.28241e-05
internal_weight=90 7 83 79 73 67 62 32 28 30 24 18 12 17 13
internal_count=60 7 53 51 49 43 38 20 18 18 16 10 8 11 7
is_linear=0
shrinkage=0.05


Tree=187
num_leaves=15
num_cat=0
split_feature=44 70 66 75 11 19 64 23 65 80 79 11 11 5
split_gain=0.00473458 0.00220937 0.000580897 5.36243e-05 3.84122e-05 7.01999e-06 4.08886e-06 3.25241e-06 2.45301e-06 4.13395e-06 2.92417e-05 3.28648e-06 2.26149e-06 7.59659e-06
threshold=0.43750000000000006 1.0000000180025095e-35 1.0000000180025095e-35 1.0000000180025095e-35 0.55000000000000016 1.0000000180025095e-35 1.0000000180025095e-35 1.0000000180025095e-35 1.0000000180025095e-35 1.0000000180025095e-35 1.0000000180025095e-35 0.35000000000000009 0.27350000000000002 1.0000000180025095e-35
decision_type=2 2 2 2 2 2 2 2 2 2 2 2 2 2
left_child=1 2 3 4 5 8 7 -7 9 10 -1 -12 13 -11
right_child=-2 -3 -4 -5 -6 6 -8 -9 -10 12 11 -13 -14 -15
leaf_value=-0.00015838825784157971 -0.0010622920313229165 0.0010204197256825866 -0.00058574734255671505 -0.00017082675088507434 -0.00014756215619854629 -8.9799269335344458e-05 1.0529532058474915e-05 -2.6037931093014773e-05 3.8180449919309468e-05 -2.0478756946081722e-06 5.6705704628257075e-05 -7.388790982076897e-06 -6.8917055614292625e-06 6.2558259066593434e-05
leaf_weight=2.9999999999999973 11.999999999999998 4.9999999999999991 4.9999999999999991 5.9999999999999991 4.9999999999999991 3.9999999999999982 3 4 4.9999999999999991 13.000000000000002 4 4 11.999999999999998 6.9999999999999991
leaf_count=3 4 5 5 2 5 4 3 4 5 5 4 4 4 3
internal_value=-0.000136164 2.75526e-06 -6.5089e-05 -2.78992e-05 -1.44997e-05 -3.22322e-06 -3.92509e-05 -5.79186e-05 5.03313e-06 1.17879e-06 -2.52634e-05 2.46585e-05 1.02683e-05 2.05643e-05
internal_weight=92 80 75 70 64 59 11 8 48 43 11 8 32 20
internal_count=60 56 51 46 44 39 11 8 28 23 11 8 12 8
is_linear=0
shrinkage=0.05


Tree=188
num_leaves=16
num_cat=0
split_feature=22 75 11 11 62 5 22 51 11 5 78 11 17 11 11
split_gain=0.0031724 0.00371542 0.00286735 9.4273e-05 7.15995e-05 3.26527e-05 1.47513e-05 1.61046e-05 1.14267e-05 8.17819e-06 3.30908e-06 3.33548e-06 5.56135e-06 2.7053e-06 8.97216e-07
threshold=0.77500000000000013 1.0000000180025095e-35 0.66250000000000009 0.55000000000000016 1.0000000180025095e-35 1.0000000180025095e-35 0.45000000000000007 1.0000000180025095e-35 0.35000000000000009 1.0000000180025095e-35 1.0000000180025095e-35 0.35000000000000009 1.0000000180025095e-35 1.0000000180025095e-35 1.0000000180025095e-35
decision_type=2 2 2 2 2 2 2 2 2 2 2 2 2 2 2
left_child=1 2 3 4 6 -5 7 10 -8 -10 11 12 13 -1 -12
right_child=-2 -3 -4 5 -6 -7 8 -9 9 -11 14 -13 -14 -15 -16
leaf_value=5.8146523078903558e-05 -0.0014078248292207719 0.00067821608714034988 -0.0014211715431883933 -0.00010961349762510507 -0.00018089254902276612 -0.00031164277461357407 -0.00012053543003275993 -8.6092320270836356e-05 4.0183751843869678e-05 -7.6565173609803098e-05 -3.6447928869165488e-05 -2.2971246507950128e-05 1.361762941301362e-06 1.3102373923175039e-05 -4.6773799112997946e-06
leaf_weight=9.9999999999999982 3.9999999999999991 18 3.9999999999999991 4 6.9999999999999991 4 4.9999999999999982 4.9999999999999991 3 3 3.9999999999999982 4.9999999999999991 17 4.9999999999999991 5
leaf_count=6 2 6 2 4 7 4 3 5 3 3 4 3 7 3 5
internal_value=-2.73355e-05 2.84418e-05 -0.000115952 -4.81489e-05 -2.93107e-05 -0.000210628 -1.21966e-05 -8.69988e-07 -6.4711e-05 -1.81907e-05 8.39331e-06 1.50073e-05 2.09415e-05 4.31318e-05 -1.87976e-05
internal_weight=103 99 81 77 69 8 62 51 11 6 46 37 32 15 9
internal_count=67 65 59 57 49 8 42 33 9 6 28 19 16 9 9
is_linear=0
shrinkage=0.05


Tree=189
num_leaves=17
num_cat=0
split_feature=22 75 11 80 11 70 79 23 50 5 55 78 11 5 11 17
split_gain=0.0028312 0.00333837 0.00258902 6.48977e-05 2.00517e-05 0.000113068 6.50312e-05 4.20268e-05 9.11111e-06 8.57765e-06 6.45578e-06 1.88451e-06 1.64385e-06 6.23629e-06 8.00674e-07 5.38125e-08
threshold=0.77500000000000013 1.0000000180025095e-35 0.66250000000000009 1.0000000180025095e-35 0.35000000000000009 1.0000000180025095e-35 1.0000000180025095e-35 1.0000000180025095e-35 1.0000000180025095e-35 1.0000000180025095e-35 1.0000000180025095e-35 1.0000000180025095e-35 0.27350000000000002 1.0000000180025095e-35 0.27350000000000002 1.0000000180025095e-35
decision_type=2 2 2 2 2 2 2 2 2 2 2 2 2 2 2 2
left_child=1 2 3 4 5 8 -6 -8 10 -9 11 -1 13 -5 -13 -10
right_child=-2 -3 -4 12 6 -7 7 9 15 -11 -12 14 -14 -15 -16 -17
leaf_value=2.4585815845057319e-05 -0.0013374336063861848 0.00070380870718508967 -0.0013501129811629654 -2.0135703380219634e-06 -0.00027853843872435399 -0.00030098358402028683 -0.00022065907251089811 6.5624628526469051e-05 4.5873657412206134e-05 -4.1318648727610706e-05 -7.815316086634994e-05 -8.1347439845558253e-06 -4.9340887926518917e-06 5.652302061207593e-05 -4.2305626751234125e-05 3.6403307361373044e-05
leaf_weight=3.0000000000000053 3.9999999999999991 14.999999999999998 3.9999999999999991 13.000000000000002 4.9999999999999973 3.9999999999999991 2.9999999999999991 3 2.9999999999999991 5 4.9999999999999991 4 11.999999999999998 6.9999999999999991 3 3
leaf_count=3 2 5 2 5 5 4 3 3 3 5 5 4 4 3 3 3
internal_value=-3.5216e-05 2.14022e-05 -0.000111534 -4.36669e-05 -8.5316e-05 -5.73427e-05 -0.000129024 -6.10633e-05 -1.09349e-05 -1.21492e-06 -3.17643e-05 -8.56984e-06 9.69611e-06 1.84742e-05 -2.27794e-05 4.11385e-05
internal_weight=96 92 77 73 41 25 16 11 21 8 15 10 32 20 7 6
internal_count=62 60 55 53 41 25 16 11 21 8 15 10 12 8 7 6
is_linear=0
shrinkage=0.05


Tree=190
num_leaves=18
num_cat=0
split_feature=66 11 22 44 75 70 11 22 7 22 22 11 78 11 38 5 61
split_gain=0.00310234 0.00422117 0.00150683 0.000245501 8.84543e-05 3.4324e-05 6.71648e-05 2.63123e-05 2.28361e-05 1.04108e-05 1.00362e-05 1.28717e-05 9.0923e-06 8.48236e-06 5.8545e-06 4.40512e-06 5.55133e-08
threshold=1.0000000180025095e-35 0.55000000000000016 0.72500000000000009 0.43750000000000006 1.0000000180025095e-35 1.0000000180025095e-35 0.55000000000000016 0.55000000000000016 1.0000000180025095e-35 0.65000000000000002 0.45000000000000007 0.35000000000000009 1.0000000180025095e-35 0.22500000000000003 1.0000000180025095e-35 1.0000000180025095e-35 1.0000000180025095e-35
decision_type=2 2 2 2 2 2 2 2 2 2 2 2 2 2 2 2 2
left_child=2 -2 3 4 5 6 9 -8 -7 10 11 12 13 15 -14 16 -1
right_child=1 -3 -4 -5 -6 8 7 -9 -10 -11 -12 -13 14 -15 -16 -17 -18
leaf_value=-4.1655101813375906e-06 -7.248340407386423e-05 0.0024086193336794771 -0.00062353415414690978 0.00028524945179621378 -0.00023138665128499272 -0.00021398108801804483 -0.00028218211761365332 -7.2769017424434407e-05 -3.1490810215473168e-05 -7.8757802839390934e-05 7.2274571284651766e-05 -6.470094917209021e-05 1.0265327000524852e-05 6.6518561652628705e-05 -7.089077436830847e-05 4.2224546389964721e-05 -1.061802580807125e-05
leaf_weight=5.0000000000000044 3.9999999999999991 3 11.999999999999998 5.9999999999999991 5.9999999999999991 3.9999999999999991 2.9999999999999991 3 3 3.9999999999999991 4.9999999999999991 6.9999999999999991 3.9999999999999982 7.9999999999999991 5 5.9999999999999991 10
leaf_count=5 4 3 4 2 2 4 3 3 3 2 5 5 4 4 5 4 4
internal_value=-2.34697e-05 0.000990846 -0.000101494 -2.21967e-05 -4.74663e-05 -3.09958e-05 -1.87721e-05 -0.000177476 -0.000135771 -1.13833e-06 5.07123e-06 -2.39581e-06 9.08146e-06 2.27065e-05 -3.48214e-05 6.01617e-06 -8.46719e-06
internal_weight=98 7 91 79 73 67 60 6 7 54 50 45 38 29 9 21 15
internal_count=66 7 59 55 53 51 44 6 7 38 36 31 26 17 9 13 9
is_linear=0
shrinkage=0.05


Tree=191
num_leaves=17
num_cat=0
split_feature=66 22 70 11 7 22 22 12 38 11 22 11 61 22 40 80
split_gain=0.00456109 0.00131174 5.46163e-05 5.87982e-05 5.10464e-05 2.37469e-05 1.66393e-05 5.06176e-05 1.83358e-05 1.51342e-05 1.41885e-05 1.1295e-05 6.16189e-06 4.80801e-06 5.2777e-07 4.15101e-08
threshold=1.0000000180025095e-35 0.72500000000000009 1.0000000180025095e-35 0.55000000000000016 1.0000000180025095e-35 0.55000000000000016 0.22500000000000003 1.0000000180025095e-35 1.0000000180025095e-35 0.35000000000000009 0.45000000000000007 0.27350000000000002 1.0000000180025095e-35 0.45000000000000007 1.0000000180025095e-35 1.0000000180025095e-35
decision_type=2 2 2 2 2 2 2 2 2 2 2 2 2 2 2 2
left_child=1 2 3 6 -4 -5 8 -8 11 10 -9 12 14 -11 -1 -10
right_child=-2 -3 4 5 -6 -7 7 9 15 13 -12 -13 -14 -15 -16 -17
leaf_value=3.3932504011318059e-05 0.0013180875995506844 -0.00059235747903585434 -0.000321596364180247 -0.00026807302686696256 -2.9916269704699508e-05 -6.913056907554466e-05 0.00016899432055652132 7.0178095484152429e-06 -6.5343472233507806e-05 2.2729994573940831e-06 -0.00011209757765755056 -6.635416415520013e-05 -1.0087124537676572e-05 6.8660846445709459e-05 5.6905742385424665e-05 -7.0923129096627226e-05
leaf_weight=5.0000000000000036 5.9999999999999991 11.999999999999998 2.9999999999999991 2.9999999999999991 3 3 5.0000000000000027 5 4.9999999999999973 6 5 4.9999999999999991 10 5 5 10
leaf_count=5 6 4 3 3 3 3 3 3 5 4 3 3 4 5 5 4
internal_value=-1.67062e-05 -0.000105692 -3.08209e-05 -1.8743e-05 -0.000175756 -0.000168602 -5.11946e-06 2.60198e-05 -2.536e-05 -8.02174e-06 -5.25399e-05 8.61967e-07 1.7666e-05 3.24493e-05 4.54191e-05 -6.90632e-05
internal_weight=96 90 78 72 6 6 66 26 40 21 10 25 20 11 10 15
internal_count=66 60 56 50 6 6 44 18 26 15 6 17 14 9 10 9
is_linear=0
shrinkage=0.05


Tree=192
num_leaves=18
num_cat=0
split_feature=22 75 11 66 79 11 17 71 11 71 22 22 22 17 77 8 11
split_gain=0.0026124 0.00311302 0.00234226 0.00012477 2.98273e-05 2.86021e-05 5.21226e-05 2.31267e-05 1.40668e-05 1.13867e-05 8.41254e-06 4.67101e-06 1.08294e-05 5.55586e-06 1.68421e-06 1.03758e-06 4.14604e-07
threshold=0.77500000000000013 1.0000000180025095e-35 0.66250000000000009 1.0000000180025095e-35 1.0000000180025095e-35 0.22500000000000003 1.0000000180025095e-35 1.0000000180025095e-35 0.35000000000000009 1.0000000180025095e-35 0.55000000000000016 0.35000000000000009 0.27500000000000008 1.0000000180025095e-35 1.0000000180025095e-35 1.0000000180025095e-35 0.55000000000000016
decision_type=2 2 2 2 2 2 2 2 2 2 2 2 2 2 2 2 2
left_child=1 2 3 4 10 6 9 16 -9 -6 11 12 13 -1 -15 -10 -7
right_child=-2 -3 -4 -5 5 7 -8 8 15 -11 -12 -13 -14 14 -16 -17 -18
leaf_value=4.785425029695032e-05 -0.0012715496122837067 0.00062484816104794549 -0.0012835951289162041 -0.00028203120571561162 -0.00013005275201673298 4.124031887234497e-05 -0.00030551676948865252 2.4682807270437463e-05 -7.9027848551049807e-05 -1.1901865946128962e-06 -5.1070710954566802e-05 5.775044672191143e-05 -6.162215489894152e-05 -2.0779147113595779e-05 1.3420129350076117e-05 -0.00011622249614447354 6.752733606845138e-05
leaf_weight=10.000000000000004 3.9999999999999991 18 3.9999999999999991 4.9999999999999991 3.0000000000000018 3.0000000000000009 3 3.0000000000000009 3 4 5.9999999999999991 4.9999999999999991 4.9999999999999991 5.9999999999999991 9 5 3
leaf_count=6 2 6 2 5 3 3 3 3 3 4 4 3 3 4 3 5 3
internal_value=-1.98375e-05 3.28661e-05 -0.000105519 -4.09672e-05 -2.32419e-05 -6.40487e-05 -0.000131147 -2.45791e-05 -6.76498e-05 -5.6417e-05 3.63088e-06 1.30083e-05 5.55127e-06 1.8986e-05 -2.59581e-07 -0.000102275 5.43838e-05
internal_weight=99 95 77 73 68 27 10 17 11 7 41 35 30 25 15 8 6
internal_count=65 63 57 55 50 27 10 17 11 7 23 19 16 13 7 8 6
is_linear=0
shrinkage=0.05


Tree=193
num_leaves=16
num_cat=0
split_feature=22 70 44 75 66 79 22 22 12 8 22 78 5 38 8
split_gain=0.00478094 0.00219123 0.000178701 0.000105533 0.00011821 1.68991e-05 7.28333e-06 4.85837e-06 1.16961e-05 1.09251e-05 4.4716e-06 3.30731e-06 2.86475e-06 2.82216e-06 1.28682e-06
threshold=0.72500000000000009 1.0000000180025095e-35 0.43750000000000006 1.0000000180025095e-35 1.0000000180025095e-35 1.0000000180025095e-35 0.55000000000000016 0.27500000000000008 1.0000000180025095e-35 1.0000000180025095e-35 0.35000000000000009 1.0000000180025095e-35 1.0000000180025095e-35 1.0000000180025095e-35 1.0000000180025095e-35
decision_type=2 2 2 2 2 2 2 2 2 2 2 2 2 2 2
left_child=1 2 3 4 5 6 10 8 -7 -10 11 12 -1 -13 -9
right_child=-2 -3 -4 -5 -6 7 -8 14 9 -11 -12 13 -14 -15 -16
leaf_value=-1.936965474249938e-06 -0.0013105946696466871 -0.0011108944704756143 0.00023129486168424289 -0.00025351151513556641 -0.00026792965712957084 -1.2427182628016445e-05 -4.8517177735144896e-05 -4.19110816437751e-05 -5.5336389535417147e-05 -0.00019027556603153542 5.4862926481291653e-05 5.9136582422070171e-06 3.3659366890788073e-05 -5.3480768838198845e-05 -4.8939837142825112e-07
leaf_weight=13 8.9999999999999982 4.9999999999999991 5.9999999999999991 5.9999999999999991 4.9999999999999991 4.0000000000000018 5.9999999999999991 5 3 3 4.9999999999999991 4.0000000000000018 10 4 3
leaf_count=5 3 5 2 2 5 4 4 5 3 3 3 4 4 4 3
internal_value=-0.000216659 -9.65931e-05 -3.07294e-05 -5.28722e-05 -3.43517e-05 -1.48869e-05 2.48467e-06 -5.54205e-05 -7.86545e-05 -0.000122806 1.0985e-05 3.90789e-06 1.35397e-05 -2.37836e-05 -2.6378e-05
internal_weight=91 82 77 71 65 60 42 18 10 6 36 31 23 8 8
internal_count=59 56 51 49 47 42 24 18 10 6 20 17 9 8 8
is_linear=0
shrinkage=0.05


Tree=194
num_leaves=16
num_cat=0
split_feature=66 22 62 44 71 22 11 11 22 22 5 77 1 80 8
split_gain=0.00421219 0.00452433 0.00215921 0.000115752 3.08187e-05 6.75727e-05 2.41182e-05 6.17734e-06 1.03938e-05 2.72697e-06 6.96305e-06 5.77834e-06 4.65384e-06 9.6154e-07 1.22063e-08
threshold=1.0000000180025095e-35 0.72500000000000009 1.0000000180025095e-35 0.43750000000000006 1.0000000180025095e-35 0.45000000000000007 0.35000000000000009 0.35000000000000009 0.45000000000000007 0.22500000000000003 1.0000000180025095e-35 1.0000000180025095e-35 1.0000000180025095e-35 1.0000000180025095e-35 1.0000000180025095e-35
decision_type=2 2 2 2 2 2 2 2 2 2 2 2 2 2 2
left_child=1 2 3 4 7 6 14 9 -9 10 11 -1 -11 -12 -6
right_child=-2 -3 -4 -5 5 -7 -8 8 -10 12 13 -13 -14 -15 -16
leaf_value=-5.0500200207655638e-05 0.0013085367297753694 -0.0012450649506515928 -0.0010650448873639107 0.00021973013256986937 5.9633983376746396e-05 -0.00024918087001424283 -0.00010112395248143 -7.5768446549773231e-06 9.4372904859483237e-05 -4.7146288229019528e-05 2.0325514196883883e-05 1.2845971246456932e-05 7.2119796338180694e-06 5.1056116353720421e-05 5.512357456609605e-05
leaf_weight=5.9999999999999991 4.9999999999999991 8.9999999999999982 4.9999999999999991 5.9999999999999991 2.9999999999999982 3.9999999999999991 4 4.9999999999999982 5 6.9999999999999973 4 9 9 7 3
leaf_count=4 5 3 5 2 3 4 4 3 5 5 4 3 3 3 3
internal_value=-0.000102269 -0.000184293 -6.03067e-05 9.46675e-06 -9.64811e-06 -7.54962e-05 -6.02231e-06 8.08022e-06 4.3398e-05 -3.28781e-07 9.66567e-06 -1.24925e-05 -1.65698e-05 3.98814e-05 5.73788e-05
internal_weight=91 86 77 72 66 14 10 52 10 42 26 15 16 11 6
internal_count=59 54 51 46 44 14 10 30 8 22 14 7 8 7 6
is_linear=0
shrinkage=0.05


Tree=195
num_leaves=18
num_cat=0
split_feature=62 11 11 22 44 75 78 11 22 11 22 5 11 8 8 12 0
split_gain=0.00145447 0.00223376 0.000819246 0.0001351 0.000126821 0.000116008 4.01304e-05 4.40044e-05 1.19405e-05 1.04526e-05 5.57748e-06 3.19389e-06 5.7422e-06 6.26579e-06 4.56322e-06 2.77684e-06 1.61233e-07
threshold=1.0000000180025095e-35 0.22500000000000003 0.61250000000000016 0.55000000000000016 0.43750000000000006 1.0000000180025095e-35 1.0000000180025095e-35 0.27350000000000002 0.72500000000000009 0.55000000000000016 1.0000000180025095e-35 1.0000000180025095e-35 1.0000000180025095e-35 1.0000000180025095e-35 1.0000000180025095e-35 1.0000000180025095e-35 1.0000000180025095e-35
decision_type=2 2 2 2 2 2 2 2 2 2 2 2 2 2 2 2 2
left_child=2 -2 3 4 5 6 11 10 9 -5 -8 12 14 -14 -1 -13 -17
right_child=1 -3 -4 8 -6 -7 7 -9 -10 -11 -12 15 13 -15 -16 16 -18
leaf_value=2.5091479377200196e-07 -0.0018516066954665197 7.7883829362690435e-05 -0.0006477915099821985 -6.3916761428117717e-05 0.00020874361507594585 -0.00024093367780248323 -5.1730845007114127e-05 -0.00020436505525140087 -0.00020560787783728709 -0.00017235628329217433 4.4683905434794719e-05 4.9825294991023828e-05 -1.2773554772138597e-06 7.7169420546852041e-05 -5.9324026806280018e-05 1.7741334158927202e-05 5.5841616510103141e-06
leaf_weight=9.0000000000000018 2.9999999999999991 3 5.9999999999999991 4.0000000000000018 5.9999999999999991 5.9999999999999991 2.9999999999999982 5 8.9999999999999982 5 3 8 6.9999999999999982 4 4.9999999999999991 5 6
leaf_count=5 3 3 4 2 2 2 3 5 3 5 3 4 3 4 5 5 2
internal_value=-0.000132843 -0.000886861 -8.31273e-05 -4.32687e-05 -1.05958e-05 -3.21702e-05 -9.39596e-06 -9.48151e-05 -0.000164884 -0.000124161 -3.52347e-06 1.19588e-05 2.14972e-07 2.72487e-05 -2.10259e-05 2.74113e-05 1.11101e-05
internal_weight=97 6 91 85 67 61 55 11 18 9 6 44 25 11 14 19 11
internal_count=63 6 57 53 43 41 39 11 10 7 6 28 17 7 10 11 7
is_linear=0
shrinkage=0.05


Tree=196
num_leaves=15
num_cat=0
split_feature=22 22 22 60 11 78 22 75 11 64 70 77 7 11
split_gain=0.00203567 0.00321853 0.000155633 4.68653e-05 0.000112361 0.000118998 6.96161e-05 7.95898e-05 2.34972e-05 1.81666e-05 1.04238e-05 3.36062e-06 5.07668e-06 3.78251e-06
threshold=0.77500000000000013 0.72500000000000009 0.65000000000000002 1.0000000180025095e-35 0.35000000000000009 1.0000000180025095e-35 0.27500000000000008 1.0000000180025095e-35 0.55000000000000016 1.0000000180025095e-35 1.0000000180025095e-35 1.0000000180025095e-35 1.0000000180025095e-35 0.22500000000000003
decision_type=2 2 2 2 2 2 2 2 2 2 2 2 2 2
left_child=1 2 3 8 6 -6 7 -5 9 10 11 12 -1 -14
right_child=-2 -3 -4 4 5 -7 -8 -9 -10 -11 -12 -13 13 -15
leaf_value=-6.2134787440299989e-05 -0.0010963017120957375 0.00095228455546829448 -0.000316729205660522 1.201597078761551e-05 -4.2790481529664241e-05 -0.00042846923752222206 8.150132518494503e-05 -0.00022888700477778913 0.00012279693037271501 9.5518602756783372e-05 -8.3814845420420174e-05 1.4501656793678799e-05 -3.1180823571048675e-05 3.0321262311190364e-05
leaf_weight=4.9999999999999991 3.9999999999999991 8.9999999999999982 4.9999999999999991 8.0000000000000018 4 4 9.9999999999999982 5.9999999999999991 3.9999999999999991 3.9999999999999991 4.9999999999999991 12 5 5
leaf_count=5 2 3 3 6 4 4 6 2 4 4 5 4 5 5
internal_value=6.30805e-06 5.75922e-05 -4.69822e-05 -2.82498e-05 -7.33506e-05 -0.00023563 -1.92575e-05 -9.12282e-05 7.8309e-06 -4.9431e-06 -1.75008e-05 -5.22044e-06 -2.09981e-05 -4.29781e-07
internal_weight=90 86 77 72 32 8 24 14 40 36 32 27 15 10
internal_count=62 60 57 54 22 8 14 8 32 28 24 19 15 10
is_linear=0
shrinkage=0.05


Tree=197
num_leaves=16
num_cat=0
split_feature=62 11 22 44 75 22 80 7 11 11 28 78 8 11 5
split_gain=0.00860031 0.00179609 0.000134204 0.000121014 8.27423e-05 3.53126e-05 6.31032e-06 5.46863e-06 3.80085e-06 1.02194e-05 7.47406e-06 7.21464e-06 1.08232e-05 3.42348e-06 2.19636e-06
threshold=1.0000000180025095e-35 0.66250000000000009 0.55000000000000016 0.43750000000000006 1.0000000180025095e-35 0.45000000000000007 1.0000000180025095e-35 1.0000000180025095e-35 0.22500000000000003 0.35000000000000009 1.0000000180025095e-35 1.0000000180025095e-35 1.0000000180025095e-35 0.55000000000000016 1.0000000180025095e-35
decision_type=2 2 2 2 2 2 2 2 2 2 2 2 2 2 2
left_child=1 2 3 4 5 6 8 -7 10 -10 11 12 -1 -4 -8
right_child=-2 -3 13 -5 -6 7 14 -9 9 -11 -12 -13 -14 -15 -16
leaf_value=1.8918299610959354e-05 -0.0024759413063293323 -0.0011359478114172817 -0.00020879854758580529 0.00019423137418925763 -0.00021744264522567392 -0.00016443318454548717 -4.7143652045633638e-06 -7.5129823138316465e-05 6.0944981669308631e-05 -4.2230828936832648e-05 2.7255248520911365e-05 -0.00012760079456105206 -0.00010671536438167094 -0.00015719713177531958 2.6453985796811486e-05
leaf_weight=4.0000000000000018 3.9999999999999991 3.9999999999999991 8.9999999999999982 5.9999999999999991 5.9999999999999991 3.9999999999999991 10 3 3.9999999999999982 6 2.9999999999999991 3 3 4.9999999999999991 13
leaf_count=4 4 2 3 2 2 4 4 3 4 6 3 3 3 5 5
internal_value=-0.000211419 -0.000102286 -4.99483e-05 -1.97038e-05 -4.14599e-05 -2.15373e-05 -5.61644e-06 -0.00012616 -2.41354e-05 -9.60505e-07 -4.19623e-05 -6.27275e-05 -3.49247e-05 -0.000190369 1.29025e-05
internal_weight=87 83 79 65 59 53 46 7 23 10 13 10 7 14 23
internal_count=57 53 51 43 41 39 32 7 23 10 13 10 7 8 9
is_linear=0
shrinkage=0.05


Tree=198
num_leaves=15
num_cat=0
split_feature=22 62 66 70 22 12 71 16 38 80 22 12 8 77
split_gain=0.00429115 4.80944e-05 3.28509e-05 1.56132e-05 9.8386e-06 2.35386e-05 1.43746e-05 1.38572e-05 1.16145e-05 9.36296e-06 4.50335e-06 2.79361e-06 2.2143e-06 4.96866e-09
threshold=0.72500000000000009 1.0000000180025095e-35 1.0000000180025095e-35 1.0000000180025095e-35 0.27500000000000008 1.0000000180025095e-35 1.0000000180025095e-35 1.0000000180025095e-35 1.0000000180025095e-35 1.0000000180025095e-35 0.45000000000000007 1.0000000180025095e-35 1.0000000180025095e-35 1.0000000180025095e-35
decision_type=2 2 2 2 2 2 2 2 2 2 2 2 2 2
left_child=1 2 4 -3 8 -6 7 -7 11 -10 -9 12 13 -1
right_child=-2 3 -4 -5 5 6 -8 10 9 -11 -12 -13 -14 -15
leaf_value=4.3626192824116739e-06 -0.0011527402740385798 0.00019001917971763762 -0.00015121275500860066 3.9124240477879831e-05 0.00011754029663279644 8.7147956946864629e-05 -8.8379273074679082e-05 8.8206489130647656e-06 8.9109089458361251e-06 -7.1600247890903394e-05 -5.4940844711381923e-05 3.7774106021970515e-05 -3.7273760972311722e-05 6.3234338692078985e-06
leaf_weight=7.0000000000000053 8.9999999999999982 3.9999999999999991 3.9999999999999991 3 5.0000000000000027 5.0000000000000044 3.9999999999999991 8.9999999999999982 5.0000000000000009 13 4.0000000000000009 4.9999999999999991 3.9999999999999991 6
leaf_count=5 3 4 4 3 3 3 4 5 5 5 4 3 4 2
internal_value=-0.000118971 3.09626e-07 -1.20183e-05 0.00012535 -3.70817e-06 1.96128e-05 -2.6434e-06 1.6409e-05 -1.94499e-05 -4.9236e-05 -1.07983e-05 4.92066e-06 -4.74212e-06 5.26761e-06
internal_weight=87 78 71 7 67 27 22 18 40 18 13 22 17 13
internal_count=57 54 47 7 43 19 16 12 24 10 9 14 11 7
is_linear=0
shrinkage=0.05


Tree=199
num_leaves=18
num_cat=0
split_feature=66 11 62 11 11 75 11 22 8 22 65 71 80 5 22 78 40
split_gain=0.00276826 0.00428045 0.000667128 0.0012287 0.000690644 0.000148278 5.0223e-06 1.41724e-05 2.43362e-05 1.2729e-05 6.75682e-06 4.19389e-06 6.4289e-06 4.07687e-06 3.22246e-06 1.56787e-06 8.21802e-07
threshold=1.0000000180025095e-35 0.55000000000000016 1.0000000180025095e-35 0.22500000000000003 0.61250000000000016 1.0000000180025095e-35 0.35000000000000009 0.35000000000000009 1.0000000180025095e-35 0.45000000000000007 1.0000000180025095e-35 1.0000000180025095e-35 1.0000000180025095e-35 1.0000000180025095e-35 0.27500000000000008 1.0000000180025095e-35 1.0000000180025095e-35
decision_type=2 2 2 2 2 2 2 2 2 2 2 2 2 2 2 2 2
left_child=2 -2 4 -4 5 6 9 -8 10 11 -9 12 14 -14 15 -1 -13
right_child=1 -3 3 -5 -6 -7 7 8 -10 -11 -12 16 13 -15 -16 -17 -18
leaf_value=-7.56422872655094e-05 -0.00014365211536642166 0.0023548127152025694 -0.001147774694254622 0.00019082520545149839 -0.00058200455387122927 -0.00016562916028002898 -3.3766786800697445e-05 -4.7414974930385761e-05 0.00016486217209603634 -7.366860721958802e-05 5.8704618519792945e-05 2.6295138134931524e-05 1.5111984864163857e-07 4.2615599231794472e-05 7.9394128988496949e-06 -2.7825104916701089e-05 6.0913930064998559e-05
leaf_weight=2.9999999999999982 3.9999999999999991 3 3.9999999999999991 3 5.9999999999999991 14.999999999999998 4.9999999999999991 2.9999999999999982 4 4.9999999999999991 3 2.9999999999999991 13 10 4 4 4
leaf_count=3 4 3 4 3 4 5 3 3 4 3 3 3 5 4 4 4 4
internal_value=-3.02596e-05 0.000927119 -0.000105559 -0.000574089 -6.55626e-05 -2.47909e-05 9.84152e-06 3.49656e-05 6.93318e-05 1.64889e-06 5.64482e-06 1.0834e-05 3.57797e-06 1.86139e-05 -2.78609e-05 -4.83182e-05 4.60773e-05
internal_weight=96 7 89 7 82 76 61 15 10 46 6 41 34 23 11 7 7
internal_count=66 7 59 7 52 48 43 13 10 30 6 27 20 9 11 7 7
is_linear=0
shrinkage=0.05


end of trees

feature_importances:
Column_22=623
Column_11=527
Column_80=130
Column_5=124
Column_66=119
Column_75=111
Column_78=106
Column_44=101
Column_71=94
Column_62=91
Column_8=83
Column_7=81
Column_70=81
Column_0=67
Column_79=66
Column_65=52
Column_6=51
Column_17=49
Column_77=45
Column_16=39
Column_64=36
Column_69=35
Column_12=34
Column_38=33
Column_55=31
Column_40=26
Column_51=26
Column_19=24
Column_61=24
Column_18=20
Column_1=18
Column_76=18
Column_23=17
Column_50=16
Column_63=15
Column_29=13
Column_56=13
Column_60=12
Column_28=9
Column_33=5
Column_39=4
Column_9=1
Column_20=1
Column_27=1

parameters:
[boosting: gbdt]
[objective: regression]
[metric: l1]
[tree_learner: serial]
[device_type: cpu]
[data_sample_strategy: bagging]
[data: ]
[valid: ]
[num_iterations: 200]
[learning_rate: 0.05]
[num_leaves: 31]
[num_threads: 4]
[seed: 0]
[deterministic: 0]
[force_col_wise: 0]
[force_row_wise: 0]
[histogram_pool_size: -1]
[max_depth: -1]
[min_data_in_leaf: 3]
[min_sum_hessian_in_leaf: 0.001]
[bagging_fraction: 0.85]
[pos_bagging_fraction: 1]
[neg_bagging_fraction: 1]
[bagging_freq: 1]
[bagging_seed: 3]
[bagging_by_query: 0]
[feature_fraction: 0.85]
[feature_fraction_bynode: 1]
[feature_fraction_seed: 2]
[extra_trees: 0]
[extra_seed: 6]
[early_stopping_round: 0]
[early_stopping_min_delta: 0]
[first_metric_only: 0]
[max_delta_step: 0]
[lambda_l1: 0]
[lambda_l2: 0]
[linear_lambda: 0]
[min_gain_to_split: 0]
[drop_rate: 0.1]
[max_drop: 50]
[skip_drop: 0.5]
[xgboost_dart_mode: 0]
[uniform_drop: 0]
[drop_seed: 4]
[top_rate: 0.2]
[other_rate: 0.1]
[min_data_per_group: 100]
[max_cat_threshold: 32]
[cat_l2: 10]
[cat_smooth: 10]
[max_cat_to_onehot: 4]
[top_k: 20]
[monotone_constraints: ]
[monotone_constraints_method: basic]
[monotone_penalty: 0]
[feature_contri: ]
[forcedsplits_filename: ]
[refit_decay_rate: 0.9]
[cegb_tradeoff: 1]
[cegb_penalty_split: 0]
[cegb_penalty_feature_lazy: ]
[cegb_penalty_feature_coupled: ]
[path_smooth: 0]
[interaction_constraints: ]
[verbosity: -1]
[saved_feature_importance_type: 0]
[use_quantized_grad: 0]
[num_grad_quant_bins: 4]
[quant_train_renew_leaf: 0]
[stochastic_rounding: 1]
[linear_tree: 0]
[max_bin: 255]
[max_bin_by_feature: ]
[min_data_in_bin: 3]
[bin_construct_sample_cnt: 200000]
[data_random_seed: 1]
[is_enable_sparse: 1]
[enable_bundle: 1]
[use_missing: 1]
[zero_as_missing: 0]
[feature_pre_filter: 1]
[pre_partition: 0]
[two_round: 0]
[header: 0]
[label_column: ]
[weight_column: ]
[group_column: ]
[ignore_column: ]
[categorical_feature: ]
[forcedbins_filename: ]
[precise_float_parser: 0]
[parser_config_file: ]
[objective_seed: 5]
[num_class: 1]
[is_unbalance: 0]
[scale_pos_weight: 1]
[sigmoid: 1]
[boost_from_average: 1]
[reg_sqrt: 0]
[alpha: 0.9]
[fair_c: 1]
[poisson_max_delta_step: 0.7]
[tweedie_variance_power: 1.5]
[lambdarank_truncation_level: 30]
[lambdarank_norm: 1]
[label_gain: ]
[lambdarank_position_bias_regularization: 0]
[eval_at: ]
[multi_error_top_k: 1]
[auc_mu_weights: ]
[num_machines: 1]
[local_listen_port: 12400]
[time_out: 120]
[machine_list_filename: ]
[machines: ]
[gpu_platform_id: -1]
[gpu_device_id: -1]
[gpu_use_dp: 0]
[num_gpu: 1]

end of parameters

pandas_categorical:null
